[
  {
    "title": "Back to AbbVie.com",
    "link": "http://www.abbvie.com/index.html",
    "timestamp": "unknown"
  },
  {
    "title": "Back to AbbVie.com",
    "link": "http://www.abbvie.com/index.html",
    "timestamp": "unknown"
  },
  {
    "title": "|InvestorsMenu|InvestorsInvestor RelationsFinancialsFinancial ReleasesSEC FilingsAnnual Reports & ProxyResourcesShareholder InformationTax Information",
    "link": "https://investors.abbvie.com/",
    "timestamp": "unknown"
  },
  {
    "title": "|InvestorsMenu|InvestorsInvestor RelationsFinancialsFinancial ReleasesSEC FilingsAnnual Reports & ProxyResourcesShareholder InformationTax Information",
    "link": "https://investors.abbvie.com/",
    "timestamp": "unknown"
  },
  {
    "title": "|Investors",
    "link": "https://investors.abbvie.com/",
    "timestamp": "unknown"
  },
  {
    "title": "Menu|InvestorsInvestor RelationsFinancialsFinancial ReleasesSEC FilingsAnnual Reports & ProxyResourcesShareholder InformationTax InformationStock Info",
    "link": "https://investors.abbvie.com/financial-reports",
    "timestamp": "unknown"
  },
  {
    "title": "Investor RelationsFinancialsFinancial ReleasesSEC FilingsAnnual Reports & ProxyResourcesShareholder InformationTax InformationStock InformationEventsE",
    "link": "https://investors.abbvie.com/financial-reports",
    "timestamp": "unknown"
  },
  {
    "title": "Investor RelationsFinancialsFinancial ReleasesSEC FilingsAnnual Reports & ProxyResourcesShareholder InformationTax InformationStock InformationEventsE",
    "link": "https://investors.abbvie.com/financial-reports",
    "timestamp": "unknown"
  },
  {
    "title": "FinancialsFinancial ReleasesSEC FilingsAnnual Reports & Proxy",
    "link": "https://investors.abbvie.com/financial-reports",
    "timestamp": "unknown"
  },
  {
    "title": "Financial Releases",
    "link": "https://investors.abbvie.com/financial-releases",
    "timestamp": "unknown"
  },
  {
    "title": "SEC Filings",
    "link": "https://investors.abbvie.com/sec-filings",
    "timestamp": "unknown"
  },
  {
    "title": "Annual Reports & Proxy",
    "link": "https://investors.abbvie.com/annual-report-proxy",
    "timestamp": "unknown"
  },
  {
    "title": "ResourcesShareholder InformationTax InformationStock Information",
    "link": "https://investors.abbvie.com/investor-resources",
    "timestamp": "unknown"
  },
  {
    "title": "Shareholder Information",
    "link": "https://investors.abbvie.com/shareholder-information",
    "timestamp": "unknown"
  },
  {
    "title": "Tax Information",
    "link": "https://investors.abbvie.com/tax-information",
    "timestamp": "unknown"
  },
  {
    "title": "Stock Information",
    "link": "https://investors.abbvie.com/stock-information/stock-quote",
    "timestamp": "unknown"
  },
  {
    "title": "EventsEventsPresentationsEmail Alerts",
    "link": "https://investors.abbvie.com/events-and-presentations/upcoming-events",
    "timestamp": "unknown"
  },
  {
    "title": "Events",
    "link": "https://investors.abbvie.com/events-and-presentations/upcoming-events",
    "timestamp": "unknown"
  },
  {
    "title": "Presentations",
    "link": "https://investors.abbvie.com/presentations",
    "timestamp": "unknown"
  },
  {
    "title": "Email Alerts",
    "link": "https://investors.abbvie.com/shareholder-services/email-alerts",
    "timestamp": "unknown"
  },
  {
    "title": "GovernanceLeadership Team",
    "link": "https://investors.abbvie.com/governance",
    "timestamp": "unknown"
  },
  {
    "title": "Leadership Team",
    "link": "https://www.abbvie.com/who-we-are/our-leaders.html",
    "timestamp": "unknown"
  },
  {
    "title": "SEC filingsSEC Filing Keyword Search(View SEC Groupings descriptions)Group,,Annual FilingsCurrent ReportsMergers & AcquisitionsOtherProxy FilingsQuart",
    "link": "https://www.sec.gov/forms",
    "timestamp": "unknown"
  },
  {
    "title": "SEC filingsSEC Filing Keyword Search(View SEC Groupings descriptions)Group,,Annual FilingsCurrent ReportsMergers & AcquisitionsOtherProxy FilingsQuart",
    "link": "https://www.sec.gov/forms",
    "timestamp": "unknown"
  },
  {
    "title": "SEC filingsSEC Filing Keyword Search(View SEC Groupings descriptions)Group,,Annual FilingsCurrent ReportsMergers & AcquisitionsOtherProxy FilingsQuart",
    "link": "https://www.sec.gov/forms",
    "timestamp": "unknown"
  },
  {
    "title": "SEC filingsSEC Filing Keyword Search(View SEC Groupings descriptions)Group,,Annual FilingsCurrent ReportsMergers & AcquisitionsOtherProxy FilingsQuart",
    "link": "https://www.sec.gov/forms",
    "timestamp": "unknown"
  },
  {
    "title": "SEC filingsSEC Filing Keyword Search(View SEC Groupings descriptions)Group,,Annual FilingsCurrent ReportsMergers & AcquisitionsOtherProxy FilingsQuart",
    "link": "https://www.sec.gov/forms",
    "timestamp": "unknown"
  },
  {
    "title": "SEC Filing Keyword Search(View SEC Groupings descriptions)Group,,Annual FilingsCurrent ReportsMergers & AcquisitionsOtherProxy FilingsQuarterly Filing",
    "link": "https://www.sec.gov/forms",
    "timestamp": "unknown"
  },
  {
    "title": "SEC Filing Keyword Search(View SEC Groupings descriptions)Group,,Annual FilingsCurrent ReportsMergers & AcquisitionsOtherProxy FilingsQuarterly Filing",
    "link": "https://www.sec.gov/forms",
    "timestamp": "unknown"
  },
  {
    "title": "SEC Filing Keyword Search(View SEC Groupings descriptions)Group,,Annual FilingsCurrent ReportsMergers & AcquisitionsOtherProxy FilingsQuarterly Filing",
    "link": "https://www.sec.gov/forms",
    "timestamp": "unknown"
  },
  {
    "title": "SEC Filing Keyword Search(View SEC Groupings descriptions)Group,,Annual FilingsCurrent ReportsMergers & AcquisitionsOtherProxy FilingsQuarterly Filing",
    "link": "https://www.sec.gov/forms",
    "timestamp": "unknown"
  },
  {
    "title": "SEC Filing Keyword Search(View SEC Groupings descriptions)Group,,Annual FilingsCurrent ReportsMergers & AcquisitionsOtherProxy FilingsQuarterly Filing",
    "link": "https://www.sec.gov/forms",
    "timestamp": "unknown"
  },
  {
    "title": "SEC Filing Keyword Search(View SEC Groupings descriptions)Group,,Annual FilingsCurrent ReportsMergers & AcquisitionsOtherProxy FilingsQuarterly Filing",
    "link": "https://www.sec.gov/forms",
    "timestamp": "unknown"
  },
  {
    "title": "SEC Filing Keyword Search(View SEC Groupings descriptions)Group,,Annual FilingsCurrent ReportsMergers & AcquisitionsOtherProxy FilingsQuarterly Filing",
    "link": "https://www.sec.gov/forms",
    "timestamp": "unknown"
  },
  {
    "title": "(View SEC Groupings descriptions)",
    "link": "https://www.sec.gov/forms",
    "timestamp": "unknown"
  },
  {
    "title": "(View SEC Groupings descriptions)",
    "link": "https://www.sec.gov/forms",
    "timestamp": "unknown"
  },
  {
    "title": "(View SEC Groupings descriptions)",
    "link": "https://www.sec.gov/forms",
    "timestamp": "unknown"
  },
  {
    "title": "Group,,Annual FilingsCurrent ReportsMergers & AcquisitionsOtherProxy FilingsQuarterly FilingsRegistration StatementsFiling year- Any -Filing dateFormD",
    "link": "https://investors.abbvie.com/sec-filings?items_per_page=&order=field_nir_sec_date_filed&sort=asc",
    "timestamp": "unknown"
  },
  {
    "title": "Group,,Annual FilingsCurrent ReportsMergers & AcquisitionsOtherProxy FilingsQuarterly FilingsRegistration StatementsFiling year- Any -Filing dateFormD",
    "link": "https://investors.abbvie.com/sec-filings?items_per_page=&order=field_nir_sec_date_filed&sort=asc",
    "timestamp": "unknown"
  },
  {
    "title": "Group,,Annual FilingsCurrent ReportsMergers & AcquisitionsOtherProxy FilingsQuarterly FilingsRegistration StatementsFiling year- Any -Filing dateFormD",
    "link": "https://investors.abbvie.com/sec-filings?items_per_page=&order=field_nir_sec_date_filed&sort=asc",
    "timestamp": "unknown"
  },
  {
    "title": "Filing dateFormDescriptionFiling GroupView//-KReport of unscheduled material events or corporate eventCurrent Reports--.rtf--.xls--.pdfEX-.SCH - XBRL ",
    "link": "https://investors.abbvie.com/sec-filings?items_per_page=&order=field_nir_sec_date_filed&sort=asc",
    "timestamp": "unknown"
  },
  {
    "title": "Filing dateFormDescriptionFiling GroupView",
    "link": "https://investors.abbvie.com/sec-filings?items_per_page=&order=field_nir_sec_date_filed&sort=asc",
    "timestamp": "unknown"
  },
  {
    "title": "//-KReport of unscheduled material events or corporate eventCurrent Reports--.rtf--.xls--.pdfEX-.SCH - XBRL TAXONOMY EXTENSION SCHEMA",
    "link": "https://investors.abbvie.com/sec-filings/sec-filing/-k/--",
    "timestamp": "unknown"
  },
  {
    "title": "--.rtf",
    "link": "https://investors.abbvie.com/static-files/e2505524-c5e8--8e86-b3d107809c8c",
    "timestamp": "unknown"
  },
  {
    "title": "--.xls",
    "link": "https://investors.abbvie.com/static-files/5597fead-59f1-4dd8-808e-7bb027aa1e45",
    "timestamp": "unknown"
  },
  {
    "title": "--.pdf",
    "link": "https://investors.abbvie.com/static-files/744b87b4-b0b5-4a42-8fdb-fdc4b200d153",
    "timestamp": "unknown"
  },
  {
    "title": "///AAn amendment to a  filing. Non-EDGAR filing,,--.rtf--.xls--.pdf",
    "link": "https://investors.abbvie.com/sec-filings/sec-filing/3a/--",
    "timestamp": "unknown"
  },
  {
    "title": "--.rtf",
    "link": "https://investors.abbvie.com/static-files/b9bf0ec0---b8f1-22f5f3eba291",
    "timestamp": "unknown"
  },
  {
    "title": "--.xls",
    "link": "https://investors.abbvie.com/static-files/b023b491-3f65-44c6-8cd9-dd39980aa5d6",
    "timestamp": "unknown"
  },
  {
    "title": "--.pdf",
    "link": "https://investors.abbvie.com/static-files/72d60d84-d58a-4fcc-b5c8-80976af852e5",
    "timestamp": "unknown"
  },
  {
    "title": "//Initial filing by director officer or owner of more than ten percent,,--.rtf--.xls--.pdf",
    "link": "https://investors.abbvie.com/sec-filings/sec-filing//--",
    "timestamp": "unknown"
  },
  {
    "title": "--.rtf",
    "link": "https://investors.abbvie.com/static-files/ead3aec9-eae0-49eb-9e52-a5bc970ca5f4",
    "timestamp": "unknown"
  },
  {
    "title": "--.xls",
    "link": "https://investors.abbvie.com/static-files/49acde69--4ab2-8acf-119e47353cfe",
    "timestamp": "unknown"
  },
  {
    "title": "--.pdf",
    "link": "https://investors.abbvie.com/static-files/70804b23-ee02-4c7f-abe3-497a2349f2f0",
    "timestamp": "unknown"
  },
  {
    "title": "//SCHEDULE 13G/ASCHEDULE 13G/A - DescriptionOther--.rtf--.xls--.pdf",
    "link": "https://investors.abbvie.com/sec-filings/sec-filing/schedule-13ga/--",
    "timestamp": "unknown"
  },
  {
    "title": "--.rtf",
    "link": "https://investors.abbvie.com/static-files/8b587c44--4dd5-bc9c-c5942b5a657b",
    "timestamp": "unknown"
  },
  {
    "title": "--.xls",
    "link": "https://investors.abbvie.com/static-files/518ced25-b051--9a75-e5f0a8abf06c",
    "timestamp": "unknown"
  },
  {
    "title": "--.pdf",
    "link": "https://investors.abbvie.com/static-files/4c623ff5-22a8--b7e5-3555b6c90cd1",
    "timestamp": "unknown"
  },
  {
    "title": "//-KReport of unscheduled material events or corporate eventCurrent Reports--.rtf--.xls--.pdfEX-.SCH - XBRL TAXONOMY EXTENSION SCHEMA",
    "link": "https://investors.abbvie.com/sec-filings/sec-filing/-k/--",
    "timestamp": "unknown"
  },
  {
    "title": "--.rtf",
    "link": "https://investors.abbvie.com/static-files/c6b73176-23bb-4b99-a65f-33f189dd8b18",
    "timestamp": "unknown"
  },
  {
    "title": "--.xls",
    "link": "https://investors.abbvie.com/static-files/0c378b25-9e2e--993e-192da4eebc4e",
    "timestamp": "unknown"
  },
  {
    "title": "--.pdf",
    "link": "https://investors.abbvie.com/static-files/be9893c7-d9c2-4dac-873f-172229de9ab0",
    "timestamp": "unknown"
  },
  {
    "title": "//Statement of changes in beneficial ownership of securities,,--.rtf--.xls--.pdf",
    "link": "https://investors.abbvie.com/sec-filings/sec-filing//--",
    "timestamp": "unknown"
  },
  {
    "title": "--.rtf",
    "link": "https://investors.abbvie.com/static-files/2c79ebe5-feec--9c68-0b701845af32",
    "timestamp": "unknown"
  },
  {
    "title": "--.xls",
    "link": "https://investors.abbvie.com/static-files/da71f04b-9fad-4c17-838c-a646058965f8",
    "timestamp": "unknown"
  },
  {
    "title": "--.pdf",
    "link": "https://investors.abbvie.com/static-files/8e2bf1ff-fb68-429c-a356-4c1bd1b47e4a",
    "timestamp": "unknown"
  },
  {
    "title": "//Statement of changes in beneficial ownership of securities,,--.rtf--.xls--.pdf",
    "link": "https://investors.abbvie.com/sec-filings/sec-filing//--",
    "timestamp": "unknown"
  },
  {
    "title": "--.rtf",
    "link": "https://investors.abbvie.com/static-files/ad9ce16d-332c-4d95-902e-06f64b5588b2",
    "timestamp": "unknown"
  },
  {
    "title": "--.xls",
    "link": "https://investors.abbvie.com/static-files/838301f7-5bdf--a949-c639343d56fb",
    "timestamp": "unknown"
  },
  {
    "title": "--.pdf",
    "link": "https://investors.abbvie.com/static-files/0ea32864-bedb-4fa5-8e38-0a50d85cf57e",
    "timestamp": "unknown"
  },
  {
    "title": "//Statement of changes in beneficial ownership of securities,,--.rtf--.xls--.pdf",
    "link": "https://investors.abbvie.com/sec-filings/sec-filing//--",
    "timestamp": "unknown"
  },
  {
    "title": "--.rtf",
    "link": "https://investors.abbvie.com/static-files/2503db29-85a2-4b25-b94d-d5c47ddf1b61",
    "timestamp": "unknown"
  },
  {
    "title": "--.xls",
    "link": "https://investors.abbvie.com/static-files/68e90047-42ca-4f88-aea9-cc9195f3915a",
    "timestamp": "unknown"
  },
  {
    "title": "--.pdf",
    "link": "https://investors.abbvie.com/static-files/6ec91f44-e7dc-4bbe--45977d8ab970",
    "timestamp": "unknown"
  },
  {
    "title": "//-KAn annual report of employee stock purchase, savings and similar plansAnnual Filings--.rtf--.xls--.pdf",
    "link": "https://investors.abbvie.com/sec-filings/sec-filing/-k/--",
    "timestamp": "unknown"
  },
  {
    "title": "--.rtf",
    "link": "https://investors.abbvie.com/static-files/1c5f25fa--45d6-8fa6-2b72c0a354cf",
    "timestamp": "unknown"
  },
  {
    "title": "--.xls",
    "link": "https://investors.abbvie.com/static-files/0f5af79a-7e9c-46e7-b048-22d80d128d1f",
    "timestamp": "unknown"
  },
  {
    "title": "--.pdf",
    "link": "https://investors.abbvie.com/static-files/2469d702-e8b3-45a3--39c35e878d70",
    "timestamp": "unknown"
  },
  {
    "title": "//SDSpecialized Disclosure ReportOther--.rtf--.xls--.pdf",
    "link": "https://investors.abbvie.com/sec-filings/sec-filing/sd/--",
    "timestamp": "unknown"
  },
  {
    "title": "--.rtf",
    "link": "https://investors.abbvie.com/static-files/12355a13-7d10-46e6-b649-7b817eb093f8",
    "timestamp": "unknown"
  },
  {
    "title": "--.xls",
    "link": "https://investors.abbvie.com/static-files/cf2f0f07-f387-44fd-930e-ff1033d9d22e",
    "timestamp": "unknown"
  },
  {
    "title": "--.pdf",
    "link": "https://investors.abbvie.com/static-files/a62c1d7c-7b7a-4e99-9f08-b433f83761f8",
    "timestamp": "unknown"
  },
  {
    "title": "Current page",
    "link": "https://investors.abbvie.com/sec-filings?&&field_nir_sec_date_filed_value=&&&items_per_page_toggle=&page=",
    "timestamp": "unknown"
  },
  {
    "title": "Page",
    "link": "https://investors.abbvie.com/sec-filings?&&field_nir_sec_date_filed_value=&&&items_per_page_toggle=&page=",
    "timestamp": "unknown"
  },
  {
    "title": "Page",
    "link": "https://investors.abbvie.com/sec-filings?&&field_nir_sec_date_filed_value=&&&items_per_page_toggle=&page=",
    "timestamp": "unknown"
  },
  {
    "title": "Page",
    "link": "https://investors.abbvie.com/sec-filings?&&field_nir_sec_date_filed_value=&&&items_per_page_toggle=&page=",
    "timestamp": "unknown"
  },
  {
    "title": "Page",
    "link": "https://investors.abbvie.com/sec-filings?&&field_nir_sec_date_filed_value=&&&items_per_page_toggle=&page=",
    "timestamp": "unknown"
  },
  {
    "title": "Page",
    "link": "https://investors.abbvie.com/sec-filings?&&field_nir_sec_date_filed_value=&&&items_per_page_toggle=&page=",
    "timestamp": "unknown"
  },
  {
    "title": "Page",
    "link": "https://investors.abbvie.com/sec-filings?&&field_nir_sec_date_filed_value=&&&items_per_page_toggle=&page=",
    "timestamp": "unknown"
  },
  {
    "title": "Page",
    "link": "https://investors.abbvie.com/sec-filings?&&field_nir_sec_date_filed_value=&&&items_per_page_toggle=&page=",
    "timestamp": "unknown"
  },
  {
    "title": "Page",
    "link": "https://investors.abbvie.com/sec-filings?&&field_nir_sec_date_filed_value=&&&items_per_page_toggle=&page=",
    "timestamp": "unknown"
  },
  {
    "title": "Next pageNext \u203a",
    "link": "https://investors.abbvie.com/sec-filings?&&field_nir_sec_date_filed_value=&&&items_per_page_toggle=&page=",
    "timestamp": "unknown"
  },
  {
    "title": "Last pageLast \u00bb",
    "link": "https://investors.abbvie.com/sec-filings?&&field_nir_sec_date_filed_value=&&&items_per_page_toggle=&page=",
    "timestamp": "unknown"
  },
  {
    "title": "Data provided byKaleidoscope.",
    "link": "https://www.kscope.io",
    "timestamp": "unknown"
  },
  {
    "title": "Data provided byKaleidoscope.",
    "link": "https://www.kscope.io",
    "timestamp": "unknown"
  },
  {
    "title": "Print",
    "link": "https://investors.abbvie.com/sec-filings",
    "timestamp": "unknown"
  },
  {
    "title": "RSS",
    "link": "https://investors.abbvie.com/rss-feeds",
    "timestamp": "unknown"
  },
  {
    "title": "Email Alerts",
    "link": "https://investors.abbvie.com/shareholder-services/email-alerts",
    "timestamp": "unknown"
  },
  {
    "title": "Contact",
    "link": "https://investors.abbvie.com/shareholder-services/contact-ir",
    "timestamp": "unknown"
  },
  {
    "title": "Tear Sheet",
    "link": "https://investors.abbvie.com/company-tear-sheet",
    "timestamp": "unknown"
  },
  {
    "title": "Contact",
    "link": "https://www.abbvie.com/contactus.html",
    "timestamp": "unknown"
  },
  {
    "title": "Contact",
    "link": "https://www.abbvie.com/contactus.html",
    "timestamp": "unknown"
  },
  {
    "title": "Medical Information",
    "link": "https://www.abbviemedinfo.com/",
    "timestamp": "unknown"
  },
  {
    "title": "Site Map",
    "link": "https://www.abbvie.com/site-map.html",
    "timestamp": "unknown"
  },
  {
    "title": "Terms of Use",
    "link": "https://www.abbvie.com/termsofuse.html",
    "timestamp": "unknown"
  },
  {
    "title": "Privacy Notice",
    "link": "https://privacy.abbvie/privacy-policies/us-privacy-policy.html",
    "timestamp": "unknown"
  },
  {
    "title": "Consumer Health Data Privacy Notice",
    "link": "https://abbv.ie/PrivacyConsumerHealth",
    "timestamp": "unknown"
  },
  {
    "title": "Your Privacy Choices",
    "link": "https://abbviemetadata.my.site.com/AbbvieDSRM/s/?language=en_US",
    "timestamp": "unknown"
  }
]