[
  {
    "title": "AboutMissionHistoryLeadershipBoard of DirectorsScientific AdvisorsContactScienceOverviewPublicationsPipelineOverviewPatient AccessInvestors & MediaOve",
    "link": "https://annexonbio.com/",
    "timestamp": "unknown"
  },
  {
    "title": "AboutMissionHistoryLeadershipBoard of DirectorsScientific AdvisorsContactScienceOverviewPublicationsPipelineOverviewPatient AccessInvestors & MediaOve",
    "link": "https://annexonbio.com/",
    "timestamp": "unknown"
  },
  {
    "title": "AboutMissionHistoryLeadershipBoard of DirectorsScientific AdvisorsContactScienceOverviewPublicationsPipelineOverviewPatient AccessInvestors & MediaOve",
    "link": "https://annexonbio.com/",
    "timestamp": "unknown"
  },
  {
    "title": "AboutMissionHistoryLeadershipBoard of DirectorsScientific AdvisorsContactScienceOverviewPublicationsPipelineOverviewPatient AccessInvestors & MediaOve",
    "link": "https://annexonbio.com/about/",
    "timestamp": "unknown"
  },
  {
    "title": "AboutMissionHistoryLeadershipBoard of DirectorsScientific AdvisorsContact",
    "link": "https://annexonbio.com/about/",
    "timestamp": "unknown"
  },
  {
    "title": "MissionHistoryLeadershipBoard of DirectorsScientific AdvisorsContact",
    "link": "https://annexonbio.com/about/#mission",
    "timestamp": "unknown"
  },
  {
    "title": "ScienceOverviewPublications",
    "link": "https://annexonbio.com/science",
    "timestamp": "unknown"
  },
  {
    "title": "OverviewPublications",
    "link": "https://annexonbio.com/science",
    "timestamp": "unknown"
  },
  {
    "title": "PipelineOverviewPatient Access",
    "link": "https://annexonbio.com/pipeline",
    "timestamp": "unknown"
  },
  {
    "title": "OverviewPatient Access",
    "link": "https://annexonbio.com/pipeline/",
    "timestamp": "unknown"
  },
  {
    "title": "Investors & MediaOverviewNews ReleasesEvents and PresentationsAnnual Reports & Proxy StatementsCorporate GovernanceStock InformationAnalyst CoverageSE",
    "link": "https://ir.annexonbio.com/",
    "timestamp": "unknown"
  },
  {
    "title": "OverviewNews ReleasesEvents and PresentationsAnnual Reports & Proxy StatementsCorporate GovernanceStock InformationAnalyst CoverageSEC FilingsFAQsIR C",
    "link": "https://ir.annexonbio.com/",
    "timestamp": "unknown"
  },
  {
    "title": "CareersOverviewValuesOur CultureJob OpportunitiesOur Benefits",
    "link": "https://annexonbio.com/careers",
    "timestamp": "unknown"
  },
  {
    "title": "OverviewValuesOur CultureJob OpportunitiesOur Benefits",
    "link": "https://ir.annexonbio.com/events-and-presentations/events",
    "timestamp": "unknown"
  },
  {
    "title": "Governance OverviewBoard of DirectorsLeadershipCommittee CompositionEvents & PresentationsUpcoming EventsThere are no upcoming events scheduled at thi",
    "link": "https://ir.annexonbio.com/corporate-governance/governance-overview",
    "timestamp": "unknown"
  },
  {
    "title": "Governance OverviewBoard of DirectorsLeadershipCommittee Composition",
    "link": "https://ir.annexonbio.com/corporate-governance/governance-overview",
    "timestamp": "unknown"
  },
  {
    "title": "Governance OverviewBoard of DirectorsLeadershipCommittee Composition",
    "link": "https://ir.annexonbio.com/corporate-governance/governance-overview",
    "timestamp": "unknown"
  },
  {
    "title": "Governance OverviewBoard of DirectorsLeadershipCommittee Composition",
    "link": "https://ir.annexonbio.com/corporate-governance/governance-overview",
    "timestamp": "unknown"
  },
  {
    "title": "Governance OverviewBoard of DirectorsLeadershipCommittee Composition",
    "link": "https://ir.annexonbio.com/corporate-governance/governance-overview",
    "timestamp": "unknown"
  },
  {
    "title": "Governance OverviewBoard of DirectorsLeadershipCommittee Composition",
    "link": "https://ir.annexonbio.com/corporate-governance/governance-overview",
    "timestamp": "unknown"
  },
  {
    "title": "Governance OverviewBoard of DirectorsLeadershipCommittee Composition",
    "link": "https://ir.annexonbio.com/corporate-governance/governance-overview",
    "timestamp": "unknown"
  },
  {
    "title": "Governance Overview",
    "link": "https://ir.annexonbio.com/corporate-governance/governance-overview",
    "timestamp": "unknown"
  },
  {
    "title": "Board of Directors",
    "link": "https://annexonbio.com/about/#bod",
    "timestamp": "unknown"
  },
  {
    "title": "Leadership",
    "link": "https://annexonbio.com/about/#leadership",
    "timestamp": "unknown"
  },
  {
    "title": "Committee Composition",
    "link": "https://ir.annexonbio.com/corporate-governance/committee-composition",
    "timestamp": "unknown"
  },
  {
    "title": "Events & PresentationsUpcoming EventsThere are no upcoming events scheduled at this time.Past EventsJun ,  at  EDTJefferies Global Healthcare Conferen",
    "link": "https://ir.annexonbio.com/events/event-details/jefferies-global-healthcare-conference",
    "timestamp": "unknown"
  },
  {
    "title": "Events & PresentationsUpcoming EventsThere are no upcoming events scheduled at this time.Past EventsJun ,  at  EDTJefferies Global Healthcare Conferen",
    "link": "https://ir.annexonbio.com/events/event-details/jefferies-global-healthcare-conference",
    "timestamp": "unknown"
  },
  {
    "title": "Events & PresentationsUpcoming EventsThere are no upcoming events scheduled at this time.Past EventsJun ,  at  EDTJefferies Global Healthcare Conferen",
    "link": "https://ir.annexonbio.com/events/event-details/jefferies-global-healthcare-conference",
    "timestamp": "unknown"
  },
  {
    "title": "Events & PresentationsUpcoming EventsThere are no upcoming events scheduled at this time.Past EventsJun ,  at  EDTJefferies Global Healthcare Conferen",
    "link": "https://ir.annexonbio.com/events/event-details/jefferies-global-healthcare-conference",
    "timestamp": "unknown"
  },
  {
    "title": "Events & PresentationsUpcoming EventsThere are no upcoming events scheduled at this time.Past EventsJun ,  at  EDTJefferies Global Healthcare Conferen",
    "link": "https://ir.annexonbio.com/events/event-details/jefferies-global-healthcare-conference",
    "timestamp": "unknown"
  },
  {
    "title": "Upcoming EventsThere are no upcoming events scheduled at this time.Past EventsJun ,  at  EDTJefferies Global Healthcare ConferenceMar ,  at  ESTTD Cow",
    "link": "https://ir.annexonbio.com/events/event-details/jefferies-global-healthcare-conference",
    "timestamp": "unknown"
  },
  {
    "title": "Upcoming EventsThere are no upcoming events scheduled at this time.Past EventsJun ,  at  EDTJefferies Global Healthcare ConferenceMar ,  at  ESTTD Cow",
    "link": "https://ir.annexonbio.com/events/event-details/jefferies-global-healthcare-conference",
    "timestamp": "unknown"
  },
  {
    "title": "Upcoming EventsThere are no upcoming events scheduled at this time.Past EventsJun ,  at  EDTJefferies Global Healthcare ConferenceMar ,  at  ESTTD Cow",
    "link": "https://ir.annexonbio.com/events/event-details/jefferies-global-healthcare-conference",
    "timestamp": "unknown"
  },
  {
    "title": "Upcoming EventsThere are no upcoming events scheduled at this time.Past EventsJun ,  at  EDTJefferies Global Healthcare ConferenceMar ,  at  ESTTD Cow",
    "link": "https://ir.annexonbio.com/events/event-details/jefferies-global-healthcare-conference",
    "timestamp": "unknown"
  },
  {
    "title": "Upcoming EventsThere are no upcoming events scheduled at this time.Past EventsJun ,  at  EDTJefferies Global Healthcare ConferenceMar ,  at  ESTTD Cow",
    "link": "https://ir.annexonbio.com/events/event-details/jefferies-global-healthcare-conference",
    "timestamp": "unknown"
  },
  {
    "title": "Upcoming EventsThere are no upcoming events scheduled at this time.Past EventsJun ,  at  EDTJefferies Global Healthcare ConferenceMar ,  at  ESTTD Cow",
    "link": "https://ir.annexonbio.com/events/event-details/jefferies-global-healthcare-conference",
    "timestamp": "unknown"
  },
  {
    "title": "Upcoming EventsThere are no upcoming events scheduled at this time.Past EventsJun ,  at  EDTJefferies Global Healthcare ConferenceMar ,  at  ESTTD Cow",
    "link": "https://ir.annexonbio.com/events/event-details/jefferies-global-healthcare-conference",
    "timestamp": "unknown"
  },
  {
    "title": "Upcoming EventsThere are no upcoming events scheduled at this time.Past EventsJun ,  at  EDTJefferies Global Healthcare ConferenceMar ,  at  ESTTD Cow",
    "link": "https://ir.annexonbio.com/events/event-details/jefferies-global-healthcare-conference",
    "timestamp": "unknown"
  },
  {
    "title": "Upcoming EventsThere are no upcoming events scheduled at this time.Past EventsJun ,  at  EDTJefferies Global Healthcare ConferenceMar ,  at  ESTTD Cow",
    "link": "https://ir.annexonbio.com/events/event-details/jefferies-global-healthcare-conference",
    "timestamp": "unknown"
  },
  {
    "title": "Upcoming EventsThere are no upcoming events scheduled at this time.Past EventsJun ,  at  EDTJefferies Global Healthcare ConferenceMar ,  at  ESTTD Cow",
    "link": "https://ir.annexonbio.com/events/event-details/jefferies-global-healthcare-conference",
    "timestamp": "unknown"
  },
  {
    "title": "Upcoming EventsThere are no upcoming events scheduled at this time.Past EventsJun ,  at  EDTJefferies Global Healthcare ConferenceMar ,  at  ESTTD Cow",
    "link": "https://ir.annexonbio.com/events/event-details/jefferies-global-healthcare-conference",
    "timestamp": "unknown"
  },
  {
    "title": "Upcoming EventsThere are no upcoming events scheduled at this time.Past EventsJun ,  at  EDTJefferies Global Healthcare ConferenceMar ,  at  ESTTD Cow",
    "link": "https://ir.annexonbio.com/events/event-details/jefferies-global-healthcare-conference",
    "timestamp": "unknown"
  },
  {
    "title": "Past EventsJun ,  at  EDTJefferies Global Healthcare ConferenceMar ,  at  ESTTD Cowen 45th Annual Health Care ConferenceJan ,  at  EST43rd Annual J.P.",
    "link": "https://ir.annexonbio.com/events/event-details/jefferies-global-healthcare-conference",
    "timestamp": "unknown"
  },
  {
    "title": "Past EventsJun ,  at  EDTJefferies Global Healthcare ConferenceMar ,  at  ESTTD Cowen 45th Annual Health Care ConferenceJan ,  at  EST43rd Annual J.P.",
    "link": "https://ir.annexonbio.com/events/event-details/jefferies-global-healthcare-conference",
    "timestamp": "unknown"
  },
  {
    "title": "Jun ,  at  EDTJefferies Global Healthcare ConferenceMar ,  at  ESTTD Cowen 45th Annual Health Care ConferenceJan ,  at  EST43rd Annual J.P. Morgan Hea",
    "link": "https://ir.annexonbio.com/events/event-details/jefferies-global-healthcare-conference",
    "timestamp": "unknown"
  },
  {
    "title": "Jun ,  at  EDTJefferies Global Healthcare ConferenceMar ,  at  ESTTD Cowen 45th Annual Health Care ConferenceJan ,  at  EST43rd Annual J.P. Morgan Hea",
    "link": "https://ir.annexonbio.com/events/event-details/jefferies-global-healthcare-conference",
    "timestamp": "unknown"
  },
  {
    "title": "Jun ,  at  EDTJefferies Global Healthcare Conference",
    "link": "https://ir.annexonbio.com/events/event-details/jefferies-global-healthcare-conference",
    "timestamp": "unknown"
  },
  {
    "title": "Mar ,  at  ESTTD Cowen 45th Annual Health Care Conference",
    "link": "https://ir.annexonbio.com/events/event-details/td-cowen-45th-annual-health-care-conference",
    "timestamp": "unknown"
  },
  {
    "title": "Jan ,  at  EST43rd Annual J.P. Morgan Healthcare Conference",
    "link": "https://ir.annexonbio.com/events/event-details/43rd-annual-jp-morgan-healthcare-conference",
    "timestamp": "unknown"
  },
  {
    "title": "Dec ,  at  ESTGBS Real-World Evidence UpdateGBS Real-World Evidence Update Presentation. MB",
    "link": "https://ir.annexonbio.com/events/event-details/annexon-biosciences-call",
    "timestamp": "unknown"
  },
  {
    "title": "GBS Real-World Evidence Update Presentation. MB",
    "link": "https://ir.annexonbio.com/static-files/2aa98873-ac7d---2366c496eac7",
    "timestamp": "unknown"
  },
  {
    "title": "GBS Real-World Evidence Update Presentation. MB",
    "link": "https://ir.annexonbio.com/static-files/2aa98873-ac7d---2366c496eac7",
    "timestamp": "unknown"
  },
  {
    "title": "GBS Real-World Evidence Update Presentation. MB",
    "link": "https://ir.annexonbio.com/static-files/2aa98873-ac7d---2366c496eac7",
    "timestamp": "unknown"
  },
  {
    "title": "GBS Real-World Evidence Update Presentation. MB",
    "link": "https://ir.annexonbio.com/static-files/2aa98873-ac7d---2366c496eac7",
    "timestamp": "unknown"
  },
  {
    "title": "GBS Real-World Evidence Update Presentation. MB",
    "link": "https://ir.annexonbio.com/static-files/2aa98873-ac7d---2366c496eac7",
    "timestamp": "unknown"
  },
  {
    "title": "GBS Real-World Evidence Update Presentation. MB",
    "link": "https://ir.annexonbio.com/static-files/2aa98873-ac7d---2366c496eac7",
    "timestamp": "unknown"
  },
  {
    "title": "GBS Real-World Evidence Update Presentation. MB",
    "link": "https://ir.annexonbio.com/static-files/2aa98873-ac7d---2366c496eac7",
    "timestamp": "unknown"
  },
  {
    "title": "GBS Real-World Evidence Update Presentation. MB",
    "link": "https://ir.annexonbio.com/static-files/2aa98873-ac7d---2366c496eac7",
    "timestamp": "unknown"
  },
  {
    "title": "GBS Real-World Evidence Update Presentation. MB",
    "link": "https://ir.annexonbio.com/static-files/2aa98873-ac7d---2366c496eac7",
    "timestamp": "unknown"
  },
  {
    "title": "Nov ,  at  GMTJefferies London Healthcare Conference",
    "link": "https://ir.annexonbio.com/events/event-details/jefferies-london-healthcare-conference",
    "timestamp": "unknown"
  },
  {
    "title": "Sep ,  at  EDTCantor Global Healthcare Conference",
    "link": "https://ir.annexonbio.com/events/event-details/cantor-global-healthcare-conference",
    "timestamp": "unknown"
  },
  {
    "title": "Sep ,  at  EDTWells Fargo Healthcare Conference",
    "link": "https://ir.annexonbio.com/events/event-details/wells-fargo-healthcare-conference",
    "timestamp": "unknown"
  },
  {
    "title": "Jun ,  at  EDTGBS Program UpdateGBS Program Update Presentation. MB",
    "link": "https://ir.annexonbio.com/events/event-details/gbs-program-update",
    "timestamp": "unknown"
  },
  {
    "title": "GBS Program Update Presentation. MB",
    "link": "https://ir.annexonbio.com/static-files/5b43b03e-b8e4-43f2-a799-6d04e182f47e",
    "timestamp": "unknown"
  },
  {
    "title": "GBS Program Update Presentation. MB",
    "link": "https://ir.annexonbio.com/static-files/5b43b03e-b8e4-43f2-a799-6d04e182f47e",
    "timestamp": "unknown"
  },
  {
    "title": "GBS Program Update Presentation. MB",
    "link": "https://ir.annexonbio.com/static-files/5b43b03e-b8e4-43f2-a799-6d04e182f47e",
    "timestamp": "unknown"
  },
  {
    "title": "GBS Program Update Presentation. MB",
    "link": "https://ir.annexonbio.com/static-files/5b43b03e-b8e4-43f2-a799-6d04e182f47e",
    "timestamp": "unknown"
  },
  {
    "title": "GBS Program Update Presentation. MB",
    "link": "https://ir.annexonbio.com/static-files/5b43b03e-b8e4-43f2-a799-6d04e182f47e",
    "timestamp": "unknown"
  },
  {
    "title": "GBS Program Update Presentation. MB",
    "link": "https://ir.annexonbio.com/static-files/5b43b03e-b8e4-43f2-a799-6d04e182f47e",
    "timestamp": "unknown"
  },
  {
    "title": "GBS Program Update Presentation. MB",
    "link": "https://ir.annexonbio.com/static-files/5b43b03e-b8e4-43f2-a799-6d04e182f47e",
    "timestamp": "unknown"
  },
  {
    "title": "GBS Program Update Presentation. MB",
    "link": "https://ir.annexonbio.com/static-files/5b43b03e-b8e4-43f2-a799-6d04e182f47e",
    "timestamp": "unknown"
  },
  {
    "title": "GBS Program Update Presentation. MB",
    "link": "https://ir.annexonbio.com/static-files/5b43b03e-b8e4-43f2-a799-6d04e182f47e",
    "timestamp": "unknown"
  },
  {
    "title": "Corporate PresentationCorporate Presentation - June. MBPositive Topline Data from Real-World Evidence in Guillain-Barr\u00e9 Syndrome. MBTopline Results fr",
    "link": "https://ir.annexonbio.com/static-files/a3151dda-0c5e-4b4d-a8ec-174104993d6a",
    "timestamp": "unknown"
  },
  {
    "title": "Corporate PresentationCorporate Presentation - June. MBPositive Topline Data from Real-World Evidence in Guillain-Barr\u00e9 Syndrome. MBTopline Results fr",
    "link": "https://ir.annexonbio.com/static-files/a3151dda-0c5e-4b4d-a8ec-174104993d6a",
    "timestamp": "unknown"
  },
  {
    "title": "Corporate PresentationCorporate Presentation - June. MBPositive Topline Data from Real-World Evidence in Guillain-Barr\u00e9 Syndrome. MBTopline Results fr",
    "link": "https://ir.annexonbio.com/static-files/a3151dda-0c5e-4b4d-a8ec-174104993d6a",
    "timestamp": "unknown"
  },
  {
    "title": "Corporate PresentationCorporate Presentation - June. MBPositive Topline Data from Real-World Evidence in Guillain-Barr\u00e9 Syndrome. MBTopline Results fr",
    "link": "https://ir.annexonbio.com/static-files/a3151dda-0c5e-4b4d-a8ec-174104993d6a",
    "timestamp": "unknown"
  },
  {
    "title": "Corporate PresentationCorporate Presentation - June. MBPositive Topline Data from Real-World Evidence in Guillain-Barr\u00e9 Syndrome. MBTopline Results fr",
    "link": "https://ir.annexonbio.com/static-files/a3151dda-0c5e-4b4d-a8ec-174104993d6a",
    "timestamp": "unknown"
  },
  {
    "title": "Corporate Presentation - June. MBPositive Topline Data from Real-World Evidence in Guillain-Barr\u00e9 Syndrome. MBTopline Results from Phase  Study of ANX",
    "link": "https://ir.annexonbio.com/static-files/a3151dda-0c5e-4b4d-a8ec-174104993d6a",
    "timestamp": "unknown"
  },
  {
    "title": "Corporate Presentation - June. MBPositive Topline Data from Real-World Evidence in Guillain-Barr\u00e9 Syndrome. MBTopline Results from Phase  Study of ANX",
    "link": "https://ir.annexonbio.com/static-files/a3151dda-0c5e-4b4d-a8ec-174104993d6a",
    "timestamp": "unknown"
  },
  {
    "title": "Corporate Presentation - June. MB",
    "link": "https://ir.annexonbio.com/static-files/a3151dda-0c5e-4b4d-a8ec-174104993d6a",
    "timestamp": "unknown"
  },
  {
    "title": "Corporate Presentation - June. MB",
    "link": "https://ir.annexonbio.com/static-files/a3151dda-0c5e-4b4d-a8ec-174104993d6a",
    "timestamp": "unknown"
  },
  {
    "title": "Corporate Presentation - June. MB",
    "link": "https://ir.annexonbio.com/static-files/a3151dda-0c5e-4b4d-a8ec-174104993d6a",
    "timestamp": "unknown"
  },
  {
    "title": "Corporate Presentation - June. MB",
    "link": "https://ir.annexonbio.com/static-files/a3151dda-0c5e-4b4d-a8ec-174104993d6a",
    "timestamp": "unknown"
  },
  {
    "title": "Corporate Presentation - June. MB",
    "link": "https://ir.annexonbio.com/static-files/a3151dda-0c5e-4b4d-a8ec-174104993d6a",
    "timestamp": "unknown"
  },
  {
    "title": "Corporate Presentation - June. MB",
    "link": "https://ir.annexonbio.com/static-files/a3151dda-0c5e-4b4d-a8ec-174104993d6a",
    "timestamp": "unknown"
  },
  {
    "title": "Corporate Presentation - June. MB",
    "link": "https://ir.annexonbio.com/static-files/a3151dda-0c5e-4b4d-a8ec-174104993d6a",
    "timestamp": "unknown"
  },
  {
    "title": "Corporate Presentation - June. MB",
    "link": "https://ir.annexonbio.com/static-files/a3151dda-0c5e-4b4d-a8ec-174104993d6a",
    "timestamp": "unknown"
  },
  {
    "title": "Corporate Presentation - June. MB",
    "link": "https://ir.annexonbio.com/static-files/a3151dda-0c5e-4b4d-a8ec-174104993d6a",
    "timestamp": "unknown"
  },
  {
    "title": "Positive Topline Data from Real-World Evidence in Guillain-Barr\u00e9 Syndrome. MB",
    "link": "https://ir.annexonbio.com/static-files/3870e9bb-e581-457d-bf6a-84c13ae6ccae",
    "timestamp": "unknown"
  },
  {
    "title": "Positive Topline Data from Real-World Evidence in Guillain-Barr\u00e9 Syndrome. MB",
    "link": "https://ir.annexonbio.com/static-files/3870e9bb-e581-457d-bf6a-84c13ae6ccae",
    "timestamp": "unknown"
  },
  {
    "title": "Positive Topline Data from Real-World Evidence in Guillain-Barr\u00e9 Syndrome. MB",
    "link": "https://ir.annexonbio.com/static-files/3870e9bb-e581-457d-bf6a-84c13ae6ccae",
    "timestamp": "unknown"
  },
  {
    "title": "Positive Topline Data from Real-World Evidence in Guillain-Barr\u00e9 Syndrome. MB",
    "link": "https://ir.annexonbio.com/static-files/3870e9bb-e581-457d-bf6a-84c13ae6ccae",
    "timestamp": "unknown"
  },
  {
    "title": "Positive Topline Data from Real-World Evidence in Guillain-Barr\u00e9 Syndrome. MB",
    "link": "https://ir.annexonbio.com/static-files/3870e9bb-e581-457d-bf6a-84c13ae6ccae",
    "timestamp": "unknown"
  },
  {
    "title": "Positive Topline Data from Real-World Evidence in Guillain-Barr\u00e9 Syndrome. MB",
    "link": "https://ir.annexonbio.com/static-files/3870e9bb-e581-457d-bf6a-84c13ae6ccae",
    "timestamp": "unknown"
  },
  {
    "title": "Positive Topline Data from Real-World Evidence in Guillain-Barr\u00e9 Syndrome. MB",
    "link": "https://ir.annexonbio.com/static-files/3870e9bb-e581-457d-bf6a-84c13ae6ccae",
    "timestamp": "unknown"
  },
  {
    "title": "Positive Topline Data from Real-World Evidence in Guillain-Barr\u00e9 Syndrome. MB",
    "link": "https://ir.annexonbio.com/static-files/3870e9bb-e581-457d-bf6a-84c13ae6ccae",
    "timestamp": "unknown"
  },
  {
    "title": "Positive Topline Data from Real-World Evidence in Guillain-Barr\u00e9 Syndrome. MB",
    "link": "https://ir.annexonbio.com/static-files/3870e9bb-e581-457d-bf6a-84c13ae6ccae",
    "timestamp": "unknown"
  },
  {
    "title": "Topline Results from Phase  Study of ANX005 in Guillain-Barr\u00e9 Syndrome. MB",
    "link": "https://ir.annexonbio.com/static-files/47fa586f-e9e3-438e-b87c-f9688de7c5f0",
    "timestamp": "unknown"
  },
  {
    "title": "Topline Results from Phase  Study of ANX005 in Guillain-Barr\u00e9 Syndrome. MB",
    "link": "https://ir.annexonbio.com/static-files/47fa586f-e9e3-438e-b87c-f9688de7c5f0",
    "timestamp": "unknown"
  },
  {
    "title": "Topline Results from Phase  Study of ANX005 in Guillain-Barr\u00e9 Syndrome. MB",
    "link": "https://ir.annexonbio.com/static-files/47fa586f-e9e3-438e-b87c-f9688de7c5f0",
    "timestamp": "unknown"
  },
  {
    "title": "Topline Results from Phase  Study of ANX005 in Guillain-Barr\u00e9 Syndrome. MB",
    "link": "https://ir.annexonbio.com/static-files/47fa586f-e9e3-438e-b87c-f9688de7c5f0",
    "timestamp": "unknown"
  },
  {
    "title": "Topline Results from Phase  Study of ANX005 in Guillain-Barr\u00e9 Syndrome. MB",
    "link": "https://ir.annexonbio.com/static-files/47fa586f-e9e3-438e-b87c-f9688de7c5f0",
    "timestamp": "unknown"
  },
  {
    "title": "Topline Results from Phase  Study of ANX005 in Guillain-Barr\u00e9 Syndrome. MB",
    "link": "https://ir.annexonbio.com/static-files/47fa586f-e9e3-438e-b87c-f9688de7c5f0",
    "timestamp": "unknown"
  },
  {
    "title": "Topline Results from Phase  Study of ANX005 in Guillain-Barr\u00e9 Syndrome. MB",
    "link": "https://ir.annexonbio.com/static-files/47fa586f-e9e3-438e-b87c-f9688de7c5f0",
    "timestamp": "unknown"
  },
  {
    "title": "Topline Results from Phase  Study of ANX005 in Guillain-Barr\u00e9 Syndrome. MB",
    "link": "https://ir.annexonbio.com/static-files/47fa586f-e9e3-438e-b87c-f9688de7c5f0",
    "timestamp": "unknown"
  },
  {
    "title": "Topline Results from Phase  Study of ANX005 in Guillain-Barr\u00e9 Syndrome. MB",
    "link": "https://ir.annexonbio.com/static-files/47fa586f-e9e3-438e-b87c-f9688de7c5f0",
    "timestamp": "unknown"
  },
  {
    "title": "ARCHER Summary: ANX007 Structure Function Update. MB",
    "link": "https://ir.annexonbio.com/static-files/c46df9d2--402a-a819-98e1b23c7a79",
    "timestamp": "unknown"
  },
  {
    "title": "ARCHER Summary: ANX007 Structure Function Update. MB",
    "link": "https://ir.annexonbio.com/static-files/c46df9d2--402a-a819-98e1b23c7a79",
    "timestamp": "unknown"
  },
  {
    "title": "ARCHER Summary: ANX007 Structure Function Update. MB",
    "link": "https://ir.annexonbio.com/static-files/c46df9d2--402a-a819-98e1b23c7a79",
    "timestamp": "unknown"
  },
  {
    "title": "ARCHER Summary: ANX007 Structure Function Update. MB",
    "link": "https://ir.annexonbio.com/static-files/c46df9d2--402a-a819-98e1b23c7a79",
    "timestamp": "unknown"
  },
  {
    "title": "ARCHER Summary: ANX007 Structure Function Update. MB",
    "link": "https://ir.annexonbio.com/static-files/c46df9d2--402a-a819-98e1b23c7a79",
    "timestamp": "unknown"
  },
  {
    "title": "ARCHER Summary: ANX007 Structure Function Update. MB",
    "link": "https://ir.annexonbio.com/static-files/c46df9d2--402a-a819-98e1b23c7a79",
    "timestamp": "unknown"
  },
  {
    "title": "ARCHER Summary: ANX007 Structure Function Update. MB",
    "link": "https://ir.annexonbio.com/static-files/c46df9d2--402a-a819-98e1b23c7a79",
    "timestamp": "unknown"
  },
  {
    "title": "ARCHER Summary: ANX007 Structure Function Update. MB",
    "link": "https://ir.annexonbio.com/static-files/c46df9d2--402a-a819-98e1b23c7a79",
    "timestamp": "unknown"
  },
  {
    "title": "ARCHER Summary: ANX007 Structure Function Update. MB",
    "link": "https://ir.annexonbio.com/static-files/c46df9d2--402a-a819-98e1b23c7a79",
    "timestamp": "unknown"
  },
  {
    "title": "ASRS Compilation August. MB",
    "link": "https://ir.annexonbio.com/static-files/10c689c8-286d-4c65-a89e-ed0be7c15a06",
    "timestamp": "unknown"
  },
  {
    "title": "ASRS Compilation August. MB",
    "link": "https://ir.annexonbio.com/static-files/10c689c8-286d-4c65-a89e-ed0be7c15a06",
    "timestamp": "unknown"
  },
  {
    "title": "ASRS Compilation August. MB",
    "link": "https://ir.annexonbio.com/static-files/10c689c8-286d-4c65-a89e-ed0be7c15a06",
    "timestamp": "unknown"
  },
  {
    "title": "ASRS Compilation August. MB",
    "link": "https://ir.annexonbio.com/static-files/10c689c8-286d-4c65-a89e-ed0be7c15a06",
    "timestamp": "unknown"
  },
  {
    "title": "ASRS Compilation August. MB",
    "link": "https://ir.annexonbio.com/static-files/10c689c8-286d-4c65-a89e-ed0be7c15a06",
    "timestamp": "unknown"
  },
  {
    "title": "ASRS Compilation August. MB",
    "link": "https://ir.annexonbio.com/static-files/10c689c8-286d-4c65-a89e-ed0be7c15a06",
    "timestamp": "unknown"
  },
  {
    "title": "ASRS Compilation August. MB",
    "link": "https://ir.annexonbio.com/static-files/10c689c8-286d-4c65-a89e-ed0be7c15a06",
    "timestamp": "unknown"
  },
  {
    "title": "ASRS Compilation August. MB",
    "link": "https://ir.annexonbio.com/static-files/10c689c8-286d-4c65-a89e-ed0be7c15a06",
    "timestamp": "unknown"
  },
  {
    "title": "ASRS Compilation August. MB",
    "link": "https://ir.annexonbio.com/static-files/10c689c8-286d-4c65-a89e-ed0be7c15a06",
    "timestamp": "unknown"
  },
  {
    "title": "ANX1502 First in Human SAD / MAD Data OverviewMB",
    "link": "https://ir.annexonbio.com/static-files/6962afbb-18c8--ba5b-d6baa33703fd",
    "timestamp": "unknown"
  },
  {
    "title": "ANX1502 First in Human SAD / MAD Data OverviewMB",
    "link": "https://ir.annexonbio.com/static-files/6962afbb-18c8--ba5b-d6baa33703fd",
    "timestamp": "unknown"
  },
  {
    "title": "ANX1502 First in Human SAD / MAD Data OverviewMB",
    "link": "https://ir.annexonbio.com/static-files/6962afbb-18c8--ba5b-d6baa33703fd",
    "timestamp": "unknown"
  },
  {
    "title": "ANX1502 First in Human SAD / MAD Data OverviewMB",
    "link": "https://ir.annexonbio.com/static-files/6962afbb-18c8--ba5b-d6baa33703fd",
    "timestamp": "unknown"
  },
  {
    "title": "ANX1502 First in Human SAD / MAD Data OverviewMB",
    "link": "https://ir.annexonbio.com/static-files/6962afbb-18c8--ba5b-d6baa33703fd",
    "timestamp": "unknown"
  },
  {
    "title": "ANX1502 First in Human SAD / MAD Data OverviewMB",
    "link": "https://ir.annexonbio.com/static-files/6962afbb-18c8--ba5b-d6baa33703fd",
    "timestamp": "unknown"
  },
  {
    "title": "ANX1502 First in Human SAD / MAD Data OverviewMB",
    "link": "https://ir.annexonbio.com/static-files/6962afbb-18c8--ba5b-d6baa33703fd",
    "timestamp": "unknown"
  },
  {
    "title": "ANX1502 First in Human SAD / MAD Data OverviewMB",
    "link": "https://ir.annexonbio.com/static-files/6962afbb-18c8--ba5b-d6baa33703fd",
    "timestamp": "unknown"
  },
  {
    "title": "ANX1502 First in Human SAD / MAD Data OverviewMB",
    "link": "https://ir.annexonbio.com/static-files/6962afbb-18c8--ba5b-d6baa33703fd",
    "timestamp": "unknown"
  },
  {
    "title": "PrintIR ContactRSS FeedsEmail Alerts",
    "link": "javascript:window.print();",
    "timestamp": "unknown"
  },
  {
    "title": "PrintIR ContactRSS FeedsEmail Alerts",
    "link": "javascript:window.print();",
    "timestamp": "unknown"
  },
  {
    "title": "PrintIR ContactRSS FeedsEmail Alerts",
    "link": "javascript:window.print();",
    "timestamp": "unknown"
  },
  {
    "title": "Print",
    "link": "javascript:window.print();",
    "timestamp": "unknown"
  },
  {
    "title": "IR Contact",
    "link": "https://ir.annexonbio.com/contact-ir",
    "timestamp": "unknown"
  },
  {
    "title": "RSS Feeds",
    "link": "https://ir.annexonbio.com/shareholder-services/rss-feeds",
    "timestamp": "unknown"
  },
  {
    "title": "Email Alerts",
    "link": "https://ir.annexonbio.com/shareholder-services/email-alerts",
    "timestamp": "unknown"
  },
  {
    "title": "Contact Usinfo@annexonbio.com..Investors:investors@annexonbio.comMedia:Sheryl SeapyReal Chemistry--sseapy@realchemistry.comAnnexon BiosciencesSierra P",
    "link": "mailto:info@annexonbio.com",
    "timestamp": "unknown"
  },
  {
    "title": "Contact Usinfo@annexonbio.com..Investors:investors@annexonbio.comMedia:Sheryl SeapyReal Chemistry--sseapy@realchemistry.com",
    "link": "mailto:info@annexonbio.com",
    "timestamp": "unknown"
  },
  {
    "title": "Contact Usinfo@annexonbio.com..Investors:investors@annexonbio.comMedia:Sheryl SeapyReal Chemistry--sseapy@realchemistry.com",
    "link": "mailto:info@annexonbio.com",
    "timestamp": "unknown"
  },
  {
    "title": "Contact Usinfo@annexonbio.com..Investors:investors@annexonbio.comMedia:Sheryl SeapyReal Chemistry--sseapy@realchemistry.com",
    "link": "mailto:info@annexonbio.com",
    "timestamp": "unknown"
  },
  {
    "title": "Contact Usinfo@annexonbio.com..Investors:investors@annexonbio.comMedia:Sheryl SeapyReal Chemistry--sseapy@realchemistry.com",
    "link": "mailto:info@annexonbio.com",
    "timestamp": "unknown"
  },
  {
    "title": "info@annexonbio.com..",
    "link": "mailto:info@annexonbio.com",
    "timestamp": "unknown"
  },
  {
    "title": "Investors:investors@annexonbio.com",
    "link": "mailto:investors@annexonbio.com",
    "timestamp": "unknown"
  },
  {
    "title": "Media:Sheryl SeapyReal Chemistry--sseapy@realchemistry.com",
    "link": "mailto:sseapy@realchemistry.com",
    "timestamp": "unknown"
  },
  {
    "title": "Privacy PolicyTerms of Use\u00a9  Annexon Inc. All rights reserved.",
    "link": "https://annexonbio.com/privacy-policy/",
    "timestamp": "unknown"
  },
  {
    "title": "Privacy PolicyTerms of Use",
    "link": "https://annexonbio.com/privacy-policy/",
    "timestamp": "unknown"
  },
  {
    "title": "Privacy Policy",
    "link": "https://annexonbio.com/privacy-policy/",
    "timestamp": "unknown"
  },
  {
    "title": "Terms of Use",
    "link": "https://annexonbio.com/terms-of-use/",
    "timestamp": "unknown"
  }
]