[
  {
    "title": "AboutMissionHistoryLeadershipBoard of DirectorsScientific AdvisorsContactScienceOverviewPublicationsPipelineOverviewPatient AccessInvestors & MediaOve",
    "link": "https://annexonbio.com/",
    "timestamp": "unknown"
  },
  {
    "title": "AboutMissionHistoryLeadershipBoard of DirectorsScientific AdvisorsContactScienceOverviewPublicationsPipelineOverviewPatient AccessInvestors & MediaOve",
    "link": "https://annexonbio.com/",
    "timestamp": "unknown"
  },
  {
    "title": "AboutMissionHistoryLeadershipBoard of DirectorsScientific AdvisorsContactScienceOverviewPublicationsPipelineOverviewPatient AccessInvestors & MediaOve",
    "link": "https://annexonbio.com/",
    "timestamp": "unknown"
  },
  {
    "title": "AboutMissionHistoryLeadershipBoard of DirectorsScientific AdvisorsContactScienceOverviewPublicationsPipelineOverviewPatient AccessInvestors & MediaOve",
    "link": "https://annexonbio.com/about/",
    "timestamp": "unknown"
  },
  {
    "title": "AboutMissionHistoryLeadershipBoard of DirectorsScientific AdvisorsContact",
    "link": "https://annexonbio.com/about/",
    "timestamp": "unknown"
  },
  {
    "title": "MissionHistoryLeadershipBoard of DirectorsScientific AdvisorsContact",
    "link": "https://annexonbio.com/about/#mission",
    "timestamp": "unknown"
  },
  {
    "title": "ScienceOverviewPublications",
    "link": "https://annexonbio.com/science",
    "timestamp": "unknown"
  },
  {
    "title": "OverviewPublications",
    "link": "https://annexonbio.com/science",
    "timestamp": "unknown"
  },
  {
    "title": "PipelineOverviewPatient Access",
    "link": "https://annexonbio.com/pipeline",
    "timestamp": "unknown"
  },
  {
    "title": "OverviewPatient Access",
    "link": "https://annexonbio.com/pipeline/",
    "timestamp": "unknown"
  },
  {
    "title": "Investors & MediaOverviewNews ReleasesEvents and PresentationsAnnual Reports & Proxy StatementsCorporate GovernanceStock InformationAnalyst CoverageSE",
    "link": "https://ir.annexonbio.com/",
    "timestamp": "unknown"
  },
  {
    "title": "OverviewNews ReleasesEvents and PresentationsAnnual Reports & Proxy StatementsCorporate GovernanceStock InformationAnalyst CoverageSEC FilingsFAQsIR C",
    "link": "https://ir.annexonbio.com/",
    "timestamp": "unknown"
  },
  {
    "title": "CareersOverviewValuesOur CultureJob OpportunitiesOur Benefits",
    "link": "https://annexonbio.com/careers",
    "timestamp": "unknown"
  },
  {
    "title": "OverviewValuesOur CultureJob OpportunitiesOur Benefits",
    "link": "https://ir.annexonbio.com/news-releases",
    "timestamp": "unknown"
  },
  {
    "title": "Governance OverviewBoard of DirectorsLeadershipCommittee CompositionNews ReleasesYearNoneJul ,   |Annexon Announces Completion of Enrollment in Pivota",
    "link": "https://ir.annexonbio.com/corporate-governance/governance-overview",
    "timestamp": "unknown"
  },
  {
    "title": "Governance OverviewBoard of DirectorsLeadershipCommittee Composition",
    "link": "https://ir.annexonbio.com/corporate-governance/governance-overview",
    "timestamp": "unknown"
  },
  {
    "title": "Governance OverviewBoard of DirectorsLeadershipCommittee Composition",
    "link": "https://ir.annexonbio.com/corporate-governance/governance-overview",
    "timestamp": "unknown"
  },
  {
    "title": "Governance OverviewBoard of DirectorsLeadershipCommittee Composition",
    "link": "https://ir.annexonbio.com/corporate-governance/governance-overview",
    "timestamp": "unknown"
  },
  {
    "title": "Governance OverviewBoard of DirectorsLeadershipCommittee Composition",
    "link": "https://ir.annexonbio.com/corporate-governance/governance-overview",
    "timestamp": "unknown"
  },
  {
    "title": "Governance OverviewBoard of DirectorsLeadershipCommittee Composition",
    "link": "https://ir.annexonbio.com/corporate-governance/governance-overview",
    "timestamp": "unknown"
  },
  {
    "title": "Governance OverviewBoard of DirectorsLeadershipCommittee Composition",
    "link": "https://ir.annexonbio.com/corporate-governance/governance-overview",
    "timestamp": "unknown"
  },
  {
    "title": "Governance Overview",
    "link": "https://ir.annexonbio.com/corporate-governance/governance-overview",
    "timestamp": "unknown"
  },
  {
    "title": "Board of Directors",
    "link": "https://annexonbio.com/about/#bod",
    "timestamp": "unknown"
  },
  {
    "title": "Leadership",
    "link": "https://annexonbio.com/about/#leadership",
    "timestamp": "unknown"
  },
  {
    "title": "Committee Composition",
    "link": "https://ir.annexonbio.com/corporate-governance/committee-composition",
    "timestamp": "unknown"
  },
  {
    "title": "News ReleasesYearNoneJul ,   |Annexon Announces Completion of Enrollment in Pivotal Phase  ARCHER II Trial of Vonaprument (formerly ANX007) for Dry Ag",
    "link": "https://ir.annexonbio.com/node//pdf",
    "timestamp": "unknown"
  },
  {
    "title": "News ReleasesYearNoneJul ,   |Annexon Announces Completion of Enrollment in Pivotal Phase  ARCHER II Trial of Vonaprument (formerly ANX007) for Dry Ag",
    "link": "https://ir.annexonbio.com/node//pdf",
    "timestamp": "unknown"
  },
  {
    "title": "News ReleasesYearNoneJul ,   |Annexon Announces Completion of Enrollment in Pivotal Phase  ARCHER II Trial of Vonaprument (formerly ANX007) for Dry Ag",
    "link": "https://ir.annexonbio.com/node//pdf",
    "timestamp": "unknown"
  },
  {
    "title": "News ReleasesYearNoneJul ,   |Annexon Announces Completion of Enrollment in Pivotal Phase  ARCHER II Trial of Vonaprument (formerly ANX007) for Dry Ag",
    "link": "https://ir.annexonbio.com/node//pdf",
    "timestamp": "unknown"
  },
  {
    "title": "News ReleasesYearNoneJul ,   |Annexon Announces Completion of Enrollment in Pivotal Phase  ARCHER II Trial of Vonaprument (formerly ANX007) for Dry Ag",
    "link": "https://ir.annexonbio.com/node//pdf",
    "timestamp": "unknown"
  },
  {
    "title": "YearNoneJul ,   |Annexon Announces Completion of Enrollment in Pivotal Phase  ARCHER II Trial of Vonaprument (formerly ANX007) for Dry Age-Related Mac",
    "link": "https://ir.annexonbio.com/node//pdf",
    "timestamp": "unknown"
  },
  {
    "title": "YearNoneJul ,   |Annexon Announces Completion of Enrollment in Pivotal Phase  ARCHER II Trial of Vonaprument (formerly ANX007) for Dry Age-Related Mac",
    "link": "https://ir.annexonbio.com/node//pdf",
    "timestamp": "unknown"
  },
  {
    "title": "YearNoneJul ,   |Annexon Announces Completion of Enrollment in Pivotal Phase  ARCHER II Trial of Vonaprument (formerly ANX007) for Dry Age-Related Mac",
    "link": "https://ir.annexonbio.com/node//pdf",
    "timestamp": "unknown"
  },
  {
    "title": "YearNoneJul ,   |Annexon Announces Completion of Enrollment in Pivotal Phase  ARCHER II Trial of Vonaprument (formerly ANX007) for Dry Age-Related Mac",
    "link": "https://ir.annexonbio.com/node//pdf",
    "timestamp": "unknown"
  },
  {
    "title": "YearNoneJul ,   |Annexon Announces Completion of Enrollment in Pivotal Phase  ARCHER II Trial of Vonaprument (formerly ANX007) for Dry Age-Related Mac",
    "link": "https://ir.annexonbio.com/node//pdf",
    "timestamp": "unknown"
  },
  {
    "title": "YearNoneJul ,   |Annexon Announces Completion of Enrollment in Pivotal Phase  ARCHER II Trial of Vonaprument (formerly ANX007) for Dry Age-Related Mac",
    "link": "https://ir.annexonbio.com/node//pdf",
    "timestamp": "unknown"
  },
  {
    "title": "YearNoneJul ,   |Annexon Announces Completion of Enrollment in Pivotal Phase  ARCHER II Trial of Vonaprument (formerly ANX007) for Dry Age-Related Mac",
    "link": "https://ir.annexonbio.com/node//pdf",
    "timestamp": "unknown"
  },
  {
    "title": "YearNoneJul ,   |Annexon Announces Completion of Enrollment in Pivotal Phase  ARCHER II Trial of Vonaprument (formerly ANX007) for Dry Age-Related Mac",
    "link": "https://ir.annexonbio.com/node//pdf",
    "timestamp": "unknown"
  },
  {
    "title": "YearNoneJul ,   |Annexon Announces Completion of Enrollment in Pivotal Phase  ARCHER II Trial of Vonaprument (formerly ANX007) for Dry Age-Related Mac",
    "link": "https://ir.annexonbio.com/node//pdf",
    "timestamp": "unknown"
  },
  {
    "title": "YearNoneJul ,   |Annexon Announces Completion of Enrollment in Pivotal Phase  ARCHER II Trial of Vonaprument (formerly ANX007) for Dry Age-Related Mac",
    "link": "https://ir.annexonbio.com/node//pdf",
    "timestamp": "unknown"
  },
  {
    "title": "YearNoneJul ,   |Annexon Announces Completion of Enrollment in Pivotal Phase  ARCHER II Trial of Vonaprument (formerly ANX007) for Dry Age-Related Mac",
    "link": "https://ir.annexonbio.com/node//pdf",
    "timestamp": "unknown"
  },
  {
    "title": "YearNoneJul ,   |Annexon Announces Completion of Enrollment in Pivotal Phase  ARCHER II Trial of Vonaprument (formerly ANX007) for Dry Age-Related Mac",
    "link": "https://ir.annexonbio.com/node//pdf",
    "timestamp": "unknown"
  },
  {
    "title": "YearNoneJul ,   |Annexon Announces Completion of Enrollment in Pivotal Phase  ARCHER II Trial of Vonaprument (formerly ANX007) for Dry Age-Related Mac",
    "link": "https://ir.annexonbio.com/node//pdf",
    "timestamp": "unknown"
  },
  {
    "title": "YearNoneJul ,   |Annexon Announces Completion of Enrollment in Pivotal Phase  ARCHER II Trial of Vonaprument (formerly ANX007) for Dry Age-Related Mac",
    "link": "https://ir.annexonbio.com/node//pdf",
    "timestamp": "unknown"
  },
  {
    "title": "Jul ,   |Annexon Announces Completion of Enrollment in Pivotal Phase  ARCHER II Trial of Vonaprument (formerly ANX007) for Dry Age-Related Macular Deg",
    "link": "https://ir.annexonbio.com/node//pdf",
    "timestamp": "unknown"
  },
  {
    "title": "Jul ,   |",
    "link": "https://ir.annexonbio.com/node//pdf",
    "timestamp": "unknown"
  },
  {
    "title": "Jun ,   |Annexon Bolsters Ophthalmology Expertise with Appointment of Retina Specialist Lloyd Clark, M.D., as Pivotal ANX007 Program Advances in Dry A",
    "link": "https://ir.annexonbio.com/node//pdf",
    "timestamp": "unknown"
  },
  {
    "title": "Jun ,   |",
    "link": "https://ir.annexonbio.com/node//pdf",
    "timestamp": "unknown"
  },
  {
    "title": "May ,   |Annexon Biosciences to Present at the Jefferies Global Healthcare Conference",
    "link": "https://ir.annexonbio.com/node//pdf",
    "timestamp": "unknown"
  },
  {
    "title": "May ,   |",
    "link": "https://ir.annexonbio.com/node//pdf",
    "timestamp": "unknown"
  },
  {
    "title": "May ,   |Annexon Showcases Tanruprubart Data Demonstrating Improved Clinical Outcomes in Guillain-Barr\u00e9 Syndrome (GBS) at  Peripheral Nerve Society (P",
    "link": "https://ir.annexonbio.com/node//pdf",
    "timestamp": "unknown"
  },
  {
    "title": "May ,   |",
    "link": "https://ir.annexonbio.com/node//pdf",
    "timestamp": "unknown"
  },
  {
    "title": "May ,   |Annexon Reports Inducement Grants to New Employees Under Nasdaq Listing Rule (c)()",
    "link": "https://ir.annexonbio.com/node//pdf",
    "timestamp": "unknown"
  },
  {
    "title": "May ,   |",
    "link": "https://ir.annexonbio.com/node//pdf",
    "timestamp": "unknown"
  },
  {
    "title": "May ,   |Annexon Reports First Quarter  Financial Results, Portfolio Progress and Key Anticipated Milestones",
    "link": "https://ir.annexonbio.com/node//pdf",
    "timestamp": "unknown"
  },
  {
    "title": "May ,   |",
    "link": "https://ir.annexonbio.com/node//pdf",
    "timestamp": "unknown"
  },
  {
    "title": "May ,   |Annexon Announces Presentations on the Clinical Advancement of Tanruprubart as the First Potential Targeted Therapy for Guillain-Barr\u00e9 Syndro",
    "link": "https://ir.annexonbio.com/node//pdf",
    "timestamp": "unknown"
  },
  {
    "title": "May ,   |",
    "link": "https://ir.annexonbio.com/node//pdf",
    "timestamp": "unknown"
  },
  {
    "title": "May ,   |Annexon to Present on the Neuroprotective Effects of ANX007 at the  ARVO Annual Meeting and the Retina World Congress",
    "link": "https://ir.annexonbio.com/node//pdf",
    "timestamp": "unknown"
  },
  {
    "title": "May ,   |",
    "link": "https://ir.annexonbio.com/node//pdf",
    "timestamp": "unknown"
  },
  {
    "title": "Apr ,   |Annexon Reports Inducement Grant to New Employee Under Nasdaq Listing Rule (c)()",
    "link": "https://ir.annexonbio.com/node//pdf",
    "timestamp": "unknown"
  },
  {
    "title": "Apr ,   |",
    "link": "https://ir.annexonbio.com/node//pdf",
    "timestamp": "unknown"
  },
  {
    "title": "Apr ,   |Annexon Highlights Pivotal Data on First Potential Targeted Therapy for Guillain-Barr\u00e9 Syndrome (GBS) and Showcases New GBS Education Campaig",
    "link": "https://ir.annexonbio.com/node//pdf",
    "timestamp": "unknown"
  },
  {
    "title": "Apr ,   |",
    "link": "https://ir.annexonbio.com/node//pdf",
    "timestamp": "unknown"
  },
  {
    "title": "PaginationCurrent pagePageNext pagenext \u203aLast pagelast \u00bb",
    "link": "https://ir.annexonbio.com/news-releases?page=",
    "timestamp": "unknown"
  },
  {
    "title": "Current page",
    "link": "https://ir.annexonbio.com/news-releases?page=",
    "timestamp": "unknown"
  },
  {
    "title": "Page",
    "link": "https://ir.annexonbio.com/news-releases?page=",
    "timestamp": "unknown"
  },
  {
    "title": "Next pagenext \u203a",
    "link": "https://ir.annexonbio.com/news-releases?page=",
    "timestamp": "unknown"
  },
  {
    "title": "Last pagelast \u00bb",
    "link": "https://ir.annexonbio.com/news-releases?page=",
    "timestamp": "unknown"
  },
  {
    "title": "News ResourcesRSS FeedsEmail Alerts",
    "link": "https://ir.annexonbio.com/shareholder-services/rss-feeds",
    "timestamp": "unknown"
  },
  {
    "title": "News ResourcesRSS FeedsEmail Alerts",
    "link": "https://ir.annexonbio.com/shareholder-services/rss-feeds",
    "timestamp": "unknown"
  },
  {
    "title": "News ResourcesRSS FeedsEmail Alerts",
    "link": "https://ir.annexonbio.com/shareholder-services/rss-feeds",
    "timestamp": "unknown"
  },
  {
    "title": "News ResourcesRSS FeedsEmail Alerts",
    "link": "https://ir.annexonbio.com/shareholder-services/rss-feeds",
    "timestamp": "unknown"
  },
  {
    "title": "News ResourcesRSS FeedsEmail Alerts",
    "link": "https://ir.annexonbio.com/shareholder-services/rss-feeds",
    "timestamp": "unknown"
  },
  {
    "title": "News ResourcesRSS FeedsEmail Alerts",
    "link": "https://ir.annexonbio.com/shareholder-services/rss-feeds",
    "timestamp": "unknown"
  },
  {
    "title": "News ResourcesRSS FeedsEmail Alerts",
    "link": "https://ir.annexonbio.com/shareholder-services/rss-feeds",
    "timestamp": "unknown"
  },
  {
    "title": "RSS Feeds",
    "link": "https://ir.annexonbio.com/shareholder-services/rss-feeds",
    "timestamp": "unknown"
  },
  {
    "title": "Email Alerts",
    "link": "https://ir.annexonbio.com/shareholder-services/email-alerts",
    "timestamp": "unknown"
  },
  {
    "title": "PrintIR ContactRSS FeedsEmail Alerts",
    "link": "javascript:window.print();",
    "timestamp": "unknown"
  },
  {
    "title": "PrintIR ContactRSS FeedsEmail Alerts",
    "link": "javascript:window.print();",
    "timestamp": "unknown"
  },
  {
    "title": "PrintIR ContactRSS FeedsEmail Alerts",
    "link": "javascript:window.print();",
    "timestamp": "unknown"
  },
  {
    "title": "Print",
    "link": "javascript:window.print();",
    "timestamp": "unknown"
  },
  {
    "title": "IR Contact",
    "link": "https://ir.annexonbio.com/contact-ir",
    "timestamp": "unknown"
  },
  {
    "title": "RSS Feeds",
    "link": "https://ir.annexonbio.com/shareholder-services/rss-feeds",
    "timestamp": "unknown"
  },
  {
    "title": "Email Alerts",
    "link": "https://ir.annexonbio.com/shareholder-services/email-alerts",
    "timestamp": "unknown"
  },
  {
    "title": "Contact Usinfo@annexonbio.com..Investors:investors@annexonbio.comMedia:Sheryl SeapyReal Chemistry--sseapy@realchemistry.comAnnexon BiosciencesSierra P",
    "link": "mailto:info@annexonbio.com",
    "timestamp": "unknown"
  },
  {
    "title": "Contact Usinfo@annexonbio.com..Investors:investors@annexonbio.comMedia:Sheryl SeapyReal Chemistry--sseapy@realchemistry.com",
    "link": "mailto:info@annexonbio.com",
    "timestamp": "unknown"
  },
  {
    "title": "Contact Usinfo@annexonbio.com..Investors:investors@annexonbio.comMedia:Sheryl SeapyReal Chemistry--sseapy@realchemistry.com",
    "link": "mailto:info@annexonbio.com",
    "timestamp": "unknown"
  },
  {
    "title": "Contact Usinfo@annexonbio.com..Investors:investors@annexonbio.comMedia:Sheryl SeapyReal Chemistry--sseapy@realchemistry.com",
    "link": "mailto:info@annexonbio.com",
    "timestamp": "unknown"
  },
  {
    "title": "Contact Usinfo@annexonbio.com..Investors:investors@annexonbio.comMedia:Sheryl SeapyReal Chemistry--sseapy@realchemistry.com",
    "link": "mailto:info@annexonbio.com",
    "timestamp": "unknown"
  },
  {
    "title": "info@annexonbio.com..",
    "link": "mailto:info@annexonbio.com",
    "timestamp": "unknown"
  },
  {
    "title": "Investors:investors@annexonbio.com",
    "link": "mailto:investors@annexonbio.com",
    "timestamp": "unknown"
  },
  {
    "title": "Media:Sheryl SeapyReal Chemistry--sseapy@realchemistry.com",
    "link": "mailto:sseapy@realchemistry.com",
    "timestamp": "unknown"
  },
  {
    "title": "Privacy PolicyTerms of Use\u00a9  Annexon Inc. All rights reserved.",
    "link": "https://annexonbio.com/privacy-policy/",
    "timestamp": "unknown"
  },
  {
    "title": "Privacy PolicyTerms of Use",
    "link": "https://annexonbio.com/privacy-policy/",
    "timestamp": "unknown"
  },
  {
    "title": "Privacy Policy",
    "link": "https://annexonbio.com/privacy-policy/",
    "timestamp": "unknown"
  },
  {
    "title": "Terms of Use",
    "link": "https://annexonbio.com/terms-of-use/",
    "timestamp": "unknown"
  }
]