[
  {
    "title": "MENULanguage\u65e5\u672c\u8a9eEnglish\u4e2d\u6587Regional SiteEuropeCompanyCompanyMessage from the PresidentCorporate ProfileCorporate OfficersGroup PhilosophyMedium-term Mana",
    "link": "https://www.asahi-kasei.com/",
    "timestamp": "unknown"
  },
  {
    "title": "MENULanguage\u65e5\u672c\u8a9eEnglish\u4e2d\u6587Regional SiteEurope",
    "link": "https://www.asahi-kasei.com/contact_us/",
    "timestamp": "unknown"
  },
  {
    "title": "CompanyCompanyMessage from the PresidentCorporate ProfileCorporate OfficersGroup PhilosophyMedium-term Management PlanCorporate GovernanceGroup Compan",
    "link": "https://www.asahi-kasei.com/company/",
    "timestamp": "unknown"
  },
  {
    "title": "CompanyCompanyMessage from the PresidentCorporate ProfileCorporate OfficersGroup PhilosophyMedium-term Management PlanCorporate GovernanceGroup Compan",
    "link": "https://www.asahi-kasei.com/company/",
    "timestamp": "unknown"
  },
  {
    "title": "CompanyMessage from the PresidentCorporate ProfileCorporate OfficersGroup PhilosophyMedium-term Management PlanCorporate GovernanceGroup CompaniesAsah",
    "link": "https://www.asahi-kasei.com/company/message/",
    "timestamp": "unknown"
  },
  {
    "title": "Message from the PresidentCorporate ProfileCorporate OfficersGroup PhilosophyMedium-term Management PlanCorporate GovernanceGroup CompaniesAsahi Kasei",
    "link": "https://www.asahi-kasei.com/company/message/",
    "timestamp": "unknown"
  },
  {
    "title": "Message from the PresidentCorporate ProfileCorporate OfficersGroup PhilosophyMedium-term Management PlanCorporate GovernanceGroup CompaniesAsahi Kasei",
    "link": "https://www.asahi-kasei.com/company/message/",
    "timestamp": "unknown"
  },
  {
    "title": "Message from the President",
    "link": "https://www.asahi-kasei.com/company/message/",
    "timestamp": "unknown"
  },
  {
    "title": "Corporate Profile",
    "link": "https://www.asahi-kasei.com/company/profile/",
    "timestamp": "unknown"
  },
  {
    "title": "Corporate Officers",
    "link": "https://www.asahi-kasei.com/company/officer/",
    "timestamp": "unknown"
  },
  {
    "title": "Group Philosophy",
    "link": "https://www.asahi-kasei.com/company/vision/",
    "timestamp": "unknown"
  },
  {
    "title": "Medium-term Management Plan",
    "link": "https://www.asahi-kasei.com/company/strategy/",
    "timestamp": "unknown"
  },
  {
    "title": "Corporate Governance",
    "link": "https://www.asahi-kasei.com/sustainability/governance/cg/",
    "timestamp": "unknown"
  },
  {
    "title": "Group CompaniesAsahi Kasei MicrodevicesAsahi Kasei HomesAsahi Kasei Construction MaterialsAsahi Kasei PharmaAsahi Kasei Life ScienceZOLL MedicalVeloxi",
    "link": "https://www.asahi-kasei.com/company/subsidiaries/",
    "timestamp": "unknown"
  },
  {
    "title": "Asahi Kasei Microdevices",
    "link": "https://www.asahi-kasei.com/company/subsidiaries/microdevices/",
    "timestamp": "unknown"
  },
  {
    "title": "Asahi Kasei Homes",
    "link": "https://www.asahi-kasei.com/company/subsidiaries/homes/",
    "timestamp": "unknown"
  },
  {
    "title": "Asahi Kasei Construction Materials",
    "link": "https://www.asahi-kasei.com/company/subsidiaries/construction/",
    "timestamp": "unknown"
  },
  {
    "title": "Asahi Kasei Pharma",
    "link": "https://www.asahi-kasei.com/company/subsidiaries/pharma/",
    "timestamp": "unknown"
  },
  {
    "title": "Asahi Kasei Life Science",
    "link": "https://www.asahi-kasei.com/company/subsidiaries/lifescience/",
    "timestamp": "unknown"
  },
  {
    "title": "ZOLL Medical",
    "link": "https://www.asahi-kasei.com/company/subsidiaries/zoll/",
    "timestamp": "unknown"
  },
  {
    "title": "Veloxis Pharmaceuticals",
    "link": "https://www.asahi-kasei.com/company/subsidiaries/veloxis/",
    "timestamp": "unknown"
  },
  {
    "title": "Asahi Kasei Worldwide",
    "link": "https://www.asahi-kasei.com/company/facilities/",
    "timestamp": "unknown"
  },
  {
    "title": "History of Asahi Kasei",
    "link": "https://www.asahi-kasei.com/company/history/",
    "timestamp": "unknown"
  },
  {
    "title": "Supporting sports activities and events",
    "link": "https://www.asahi-kasei.com/sports_event/",
    "timestamp": "unknown"
  },
  {
    "title": "Corporate Brochure",
    "link": "https://www.asahi-kasei.com/company/pdf/brochure.pdf",
    "timestamp": "unknown"
  },
  {
    "title": "Asahi Kasei Report",
    "link": "https://www.asahi-kasei.com/ir/library/asahikasei_report/",
    "timestamp": "unknown"
  },
  {
    "title": "ProductsProductsMaterial sectorElectronicsCar InteriorEnergy & InfrastractureComfort LifeChemicalHomes sectorHealthcare sectorSearch for products",
    "link": "https://www.asahi-kasei.com/services_products/",
    "timestamp": "unknown"
  },
  {
    "title": "ProductsMaterial sectorElectronicsCar InteriorEnergy & InfrastractureComfort LifeChemicalHomes sectorHealthcare sectorSearch for products",
    "link": "https://www.asahi-kasei.com/services_products/material/",
    "timestamp": "unknown"
  },
  {
    "title": "Material sectorElectronicsCar InteriorEnergy & InfrastractureComfort LifeChemicalHomes sectorHealthcare sectorSearch for products",
    "link": "https://www.asahi-kasei.com/services_products/material/",
    "timestamp": "unknown"
  },
  {
    "title": "Material sectorElectronicsCar InteriorEnergy & InfrastractureComfort LifeChemicalHomes sectorHealthcare sectorSearch for products",
    "link": "https://www.asahi-kasei.com/services_products/material/",
    "timestamp": "unknown"
  },
  {
    "title": "Material sectorElectronicsCar InteriorEnergy & InfrastractureComfort LifeChemical",
    "link": "https://www.asahi-kasei.com/services_products/material/",
    "timestamp": "unknown"
  },
  {
    "title": "Electronics",
    "link": "https://www.asahi-kasei.com/services_products/material/electronics/",
    "timestamp": "unknown"
  },
  {
    "title": "Car Interior",
    "link": "https://www.asahi-kasei.com/services_products/material/carinterior/",
    "timestamp": "unknown"
  },
  {
    "title": "Energy & Infrastracture",
    "link": "https://www.asahi-kasei.com/services_products/material/energyinfrastructure/",
    "timestamp": "unknown"
  },
  {
    "title": "Comfort Life",
    "link": "https://www.asahi-kasei.com/services_products/material/comfortlife/",
    "timestamp": "unknown"
  },
  {
    "title": "Chemical",
    "link": "https://www.asahi-kasei.com/services_products/material/chemical/",
    "timestamp": "unknown"
  },
  {
    "title": "Homes sector",
    "link": "https://www.asahi-kasei.com/services_products/homes_construction/",
    "timestamp": "unknown"
  },
  {
    "title": "Healthcare sector",
    "link": "https://www.asahi-kasei.com/services_products/health_care/",
    "timestamp": "unknown"
  },
  {
    "title": "Search for products",
    "link": "https://www.asahi-kasei.com/services_products/search/",
    "timestamp": "unknown"
  },
  {
    "title": "R&DR&DR&D OrganizationPlatform Laboratory for Science & TechnologyAsahi Kasei VenturesR&D StrategyIP StrategyIntellectual Property ReportAwards and re",
    "link": "https://www.asahi-kasei.com/r_and_d/",
    "timestamp": "unknown"
  },
  {
    "title": "R&DR&D OrganizationPlatform Laboratory for Science & TechnologyAsahi Kasei VenturesR&D StrategyIP StrategyIntellectual Property ReportAwards and recog",
    "link": "https://www.asahi-kasei.com/r_and_d/organization/",
    "timestamp": "unknown"
  },
  {
    "title": "R&D OrganizationPlatform Laboratory for Science & TechnologyAsahi Kasei VenturesR&D StrategyIP StrategyIntellectual Property ReportAwards and recognit",
    "link": "https://www.asahi-kasei.com/r_and_d/organization/",
    "timestamp": "unknown"
  },
  {
    "title": "R&D OrganizationPlatform Laboratory for Science & TechnologyAsahi Kasei VenturesR&D StrategyIP StrategyIntellectual Property ReportAwards and recognit",
    "link": "https://www.asahi-kasei.com/r_and_d/organization/",
    "timestamp": "unknown"
  },
  {
    "title": "R&D OrganizationPlatform Laboratory for Science & TechnologyAsahi Kasei Ventures",
    "link": "https://www.asahi-kasei.com/r_and_d/organization/",
    "timestamp": "unknown"
  },
  {
    "title": "Platform Laboratory for Science & Technology",
    "link": "https://www.asahi-kasei.com/r_and_d/organization/basis/",
    "timestamp": "unknown"
  },
  {
    "title": "Asahi Kasei Ventures",
    "link": "http://www.asahikaseiventures.com/",
    "timestamp": "unknown"
  },
  {
    "title": "R&D Strategy",
    "link": "https://www.asahi-kasei.com/r_and_d/strategy/",
    "timestamp": "unknown"
  },
  {
    "title": "IP Strategy",
    "link": "https://www.asahi-kasei.com/r_and_d/intellectual_asset/",
    "timestamp": "unknown"
  },
  {
    "title": "Intellectual Property Report",
    "link": "https://www.asahi-kasei.com/r_and_d/intellectual_asset_report/",
    "timestamp": "unknown"
  },
  {
    "title": "Awards and recognitions",
    "link": "https://www.asahi-kasei.com/r_and_d/award/",
    "timestamp": "unknown"
  },
  {
    "title": "Open Innovation",
    "link": "https://www.asahi-kasei.com/r_and_d/oi/",
    "timestamp": "unknown"
  },
  {
    "title": "For InvestorsFor InvestorsIR LibraryFinancial ResultsManagement BriefingForums and ConferencesFinancial InformationAsahi Kasei ReportAt a GlanceAsahi ",
    "link": "https://www.asahi-kasei.com/ir/",
    "timestamp": "unknown"
  },
  {
    "title": "For InvestorsIR LibraryFinancial ResultsManagement BriefingForums and ConferencesFinancial InformationAsahi Kasei ReportAt a GlanceAsahi Kasei all aro",
    "link": "https://www.asahi-kasei.com/ir/library/",
    "timestamp": "unknown"
  },
  {
    "title": "IR LibraryFinancial ResultsManagement BriefingForums and ConferencesFinancial InformationAsahi Kasei ReportAt a GlanceAsahi Kasei all aroundIR Calenda",
    "link": "https://www.asahi-kasei.com/ir/library/",
    "timestamp": "unknown"
  },
  {
    "title": "IR LibraryFinancial ResultsManagement BriefingForums and ConferencesFinancial InformationAsahi Kasei ReportAt a GlanceAsahi Kasei all aroundIR Calenda",
    "link": "https://www.asahi-kasei.com/ir/library/",
    "timestamp": "unknown"
  },
  {
    "title": "IR LibraryFinancial ResultsManagement BriefingForums and ConferencesFinancial InformationAsahi Kasei Report",
    "link": "https://www.asahi-kasei.com/ir/library/",
    "timestamp": "unknown"
  },
  {
    "title": "Financial Results",
    "link": "https://www.asahi-kasei.com/ir/library/financial_briefing/",
    "timestamp": "unknown"
  },
  {
    "title": "Management Briefing",
    "link": "https://www.asahi-kasei.com/ir/library/initiative/",
    "timestamp": "unknown"
  },
  {
    "title": "Forums and Conferences",
    "link": "https://www.asahi-kasei.com/ir/library/presentation/",
    "timestamp": "unknown"
  },
  {
    "title": "Financial Information",
    "link": "https://www.asahi-kasei.com/ir/library/finance/",
    "timestamp": "unknown"
  },
  {
    "title": "Asahi Kasei Report",
    "link": "https://www.asahi-kasei.com/ir/library/asahikasei_report/",
    "timestamp": "unknown"
  },
  {
    "title": "At a Glance",
    "link": "https://www.asahi-kasei.com/ir/glance/",
    "timestamp": "unknown"
  },
  {
    "title": "Asahi Kasei all around",
    "link": "https://www.asahi-kasei.com/ir/life/home/",
    "timestamp": "unknown"
  },
  {
    "title": "IR Calendar",
    "link": "https://www.asahi-kasei.com/ir/calendar/",
    "timestamp": "unknown"
  },
  {
    "title": "Securities InformationDividendsBasic Stock InformationShareholders MeetingBond Information",
    "link": "https://www.asahi-kasei.com/ir/stock_information/",
    "timestamp": "unknown"
  },
  {
    "title": "Dividends",
    "link": "https://www.asahi-kasei.com/ir/stock_information/dividend/",
    "timestamp": "unknown"
  },
  {
    "title": "Basic Stock Information",
    "link": "https://www.asahi-kasei.com/ir/stock_information/basic_information/",
    "timestamp": "unknown"
  },
  {
    "title": "Shareholders Meeting",
    "link": "https://www.asahi-kasei.com/ir/stock_information/meeting/",
    "timestamp": "unknown"
  },
  {
    "title": "Bond Information",
    "link": "https://www.asahi-kasei.com/ir/stock_information/bond_ratings/",
    "timestamp": "unknown"
  },
  {
    "title": "SustainabilitySustainabilityManagement MessageSustainability VisionSustainability ManagementContribution through Business ActivitiesEnvironmentEnviron",
    "link": "https://www.asahi-kasei.com/sustainability/",
    "timestamp": "unknown"
  },
  {
    "title": "SustainabilityManagement MessageSustainability VisionSustainability ManagementContribution through Business ActivitiesEnvironmentEnvironmental Managem",
    "link": "https://www.asahi-kasei.com/sustainability/statement/",
    "timestamp": "unknown"
  },
  {
    "title": "Management MessageSustainability VisionSustainability ManagementContribution through Business ActivitiesEnvironmentEnvironmental ManagementClimate Cha",
    "link": "https://www.asahi-kasei.com/sustainability/statement/",
    "timestamp": "unknown"
  },
  {
    "title": "Management MessageSustainability VisionSustainability ManagementContribution through Business ActivitiesEnvironmentEnvironmental ManagementClimate Cha",
    "link": "https://www.asahi-kasei.com/sustainability/statement/",
    "timestamp": "unknown"
  },
  {
    "title": "Management Message",
    "link": "https://www.asahi-kasei.com/sustainability/statement/",
    "timestamp": "unknown"
  },
  {
    "title": "Sustainability Vision",
    "link": "https://www.asahi-kasei.com/sustainability/about_sustainability/",
    "timestamp": "unknown"
  },
  {
    "title": "Sustainability Management",
    "link": "https://www.asahi-kasei.com/sustainability/management/",
    "timestamp": "unknown"
  },
  {
    "title": "Contribution through Business Activities",
    "link": "https://www.asahi-kasei.com/sustainability/contribution/",
    "timestamp": "unknown"
  },
  {
    "title": "EnvironmentEnvironmental ManagementClimate ChangePollution Prevention and Resource CirculationWater Resource PreservationBiodiversityEnvironmental Con",
    "link": "https://www.asahi-kasei.com/sustainability/environment/",
    "timestamp": "unknown"
  },
  {
    "title": "Environmental Management",
    "link": "https://www.asahi-kasei.com/sustainability/environment/management/",
    "timestamp": "unknown"
  },
  {
    "title": "Climate Change",
    "link": "https://www.asahi-kasei.com/sustainability/environment/climate_change/",
    "timestamp": "unknown"
  },
  {
    "title": "Pollution Prevention and Resource Circulation",
    "link": "https://www.asahi-kasei.com/sustainability/environment/resources/",
    "timestamp": "unknown"
  },
  {
    "title": "Water Resource Preservation",
    "link": "https://www.asahi-kasei.com/sustainability/environment/water_use/",
    "timestamp": "unknown"
  },
  {
    "title": "Biodiversity",
    "link": "https://www.asahi-kasei.com/sustainability/environment/biodiversity/",
    "timestamp": "unknown"
  },
  {
    "title": "Environmental Contribution Products",
    "link": "https://www.asahi-kasei.com/sustainability/environment/eco_products/",
    "timestamp": "unknown"
  },
  {
    "title": "SocietyQuality AssuranceCSR ProcurementHuman ResourcesHuman RightsHealth & Productivity Management and Occupational Health & SafetyProcess SafetySocia",
    "link": "https://www.asahi-kasei.com/sustainability/social/",
    "timestamp": "unknown"
  },
  {
    "title": "Quality Assurance",
    "link": "https://www.asahi-kasei.com/sustainability/social/quality/",
    "timestamp": "unknown"
  },
  {
    "title": "CSR Procurement",
    "link": "https://www.asahi-kasei.com/sustainability/social/scm/",
    "timestamp": "unknown"
  },
  {
    "title": "Human Resources",
    "link": "https://www.asahi-kasei.com/sustainability/social/human_resources/",
    "timestamp": "unknown"
  },
  {
    "title": "Human Rights",
    "link": "https://www.asahi-kasei.com/sustainability/social/human_rights/",
    "timestamp": "unknown"
  },
  {
    "title": "Health & Productivity Management and Occupational Health & Safety",
    "link": "https://www.asahi-kasei.com/sustainability/social/workplace/",
    "timestamp": "unknown"
  },
  {
    "title": "Process Safety",
    "link": "https://www.asahi-kasei.com/sustainability/social/safety/",
    "timestamp": "unknown"
  },
  {
    "title": "Social Activities",
    "link": "https://www.asahi-kasei.com/sustainability/social/community/",
    "timestamp": "unknown"
  },
  {
    "title": "GovernanceCorporate GovernanceComplianceRisk ManagementTax Policy",
    "link": "https://www.asahi-kasei.com/sustainability/governance/",
    "timestamp": "unknown"
  },
  {
    "title": "Corporate Governance",
    "link": "https://www.asahi-kasei.com/sustainability/governance/cg/",
    "timestamp": "unknown"
  },
  {
    "title": "Compliance",
    "link": "https://www.asahi-kasei.com/sustainability/governance/compliance/",
    "timestamp": "unknown"
  },
  {
    "title": "Risk Management",
    "link": "https://www.asahi-kasei.com/sustainability/governance/risk_management/",
    "timestamp": "unknown"
  },
  {
    "title": "Tax Policy",
    "link": "https://www.asahi-kasei.com/sustainability/governance/tax/",
    "timestamp": "unknown"
  },
  {
    "title": "Asahi Kasei Group&#;s ESH & QA",
    "link": "https://www.asahi-kasei.com/sustainability/rc/",
    "timestamp": "unknown"
  },
  {
    "title": "ESG Data",
    "link": "https://www.asahi-kasei.com/sustainability/esg_data/",
    "timestamp": "unknown"
  },
  {
    "title": "External evaluation",
    "link": "https://www.asahi-kasei.com/sustainability/evaluation/",
    "timestamp": "unknown"
  },
  {
    "title": "Basic Information on Our Sustainability WebsiteEditorial PolicyPolicy StatementsESG Survey IndexGRI Standards Content IndexSASB Content IndexIndepende",
    "link": "https://www.asahi-kasei.com/sustainability/basic_information/",
    "timestamp": "unknown"
  },
  {
    "title": "Editorial Policy",
    "link": "https://www.asahi-kasei.com/sustainability/basic_information/editorial_policy/",
    "timestamp": "unknown"
  },
  {
    "title": "Policy Statements",
    "link": "https://www.asahi-kasei.com/sustainability/basic_information/policy_type/",
    "timestamp": "unknown"
  },
  {
    "title": "ESG Survey Index",
    "link": "https://www.asahi-kasei.com/sustainability/basic_information/esg/",
    "timestamp": "unknown"
  },
  {
    "title": "GRI Standards Content Index",
    "link": "https://www.asahi-kasei.com/sustainability/basic_information/guidelines/",
    "timestamp": "unknown"
  },
  {
    "title": "SASB Content Index",
    "link": "https://www.asahi-kasei.com/sustainability/basic_information/sasb/",
    "timestamp": "unknown"
  },
  {
    "title": "Independent Review and Independent Assurance Report",
    "link": "https://www.asahi-kasei.com/sustainability/basic_information/opinion/",
    "timestamp": "unknown"
  },
  {
    "title": "Sustainability Library",
    "link": "https://www.asahi-kasei.com/sustainability/basic_information/library/",
    "timestamp": "unknown"
  },
  {
    "title": "NewsNewsPress ReleasesIR",
    "link": "https://www.asahi-kasei.com/news/",
    "timestamp": "unknown"
  },
  {
    "title": "NewsPress ReleasesIR",
    "link": "https://www.asahi-kasei.com/news/?group=release",
    "timestamp": "unknown"
  },
  {
    "title": "Press ReleasesIR",
    "link": "https://www.asahi-kasei.com/news/?group=release",
    "timestamp": "unknown"
  },
  {
    "title": "Press ReleasesIR",
    "link": "https://www.asahi-kasei.com/news/?group=release",
    "timestamp": "unknown"
  },
  {
    "title": "Press Releases",
    "link": "https://www.asahi-kasei.com/news/?group=release",
    "timestamp": "unknown"
  },
  {
    "title": "IR",
    "link": "https://www.asahi-kasei.com/news/?group=ir",
    "timestamp": "unknown"
  },
  {
    "title": "Creating for TomorrowCreating for TomorrowTomorrow's StoriesThe Road to Solvent ZEROPioneering the future of mobility through semiconductorsInterviews",
    "link": "https://www.asahi-kasei.com/asahikasei-brands/",
    "timestamp": "unknown"
  },
  {
    "title": "Creating for TomorrowTomorrow's StoriesThe Road to Solvent ZEROPioneering the future of mobility through semiconductorsInterviewsAkira Yoshino Special",
    "link": "https://www.asahi-kasei.com/asahikasei-brands/#anc-",
    "timestamp": "unknown"
  },
  {
    "title": "Tomorrow's StoriesThe Road to Solvent ZEROPioneering the future of mobility through semiconductorsInterviewsAkira Yoshino Special siteVideo Archive",
    "link": "https://www.asahi-kasei.com/asahikasei-brands/#anc-",
    "timestamp": "unknown"
  },
  {
    "title": "Tomorrow's StoriesThe Road to Solvent ZEROPioneering the future of mobility through semiconductorsInterviewsAkira Yoshino Special siteVideo Archive",
    "link": "https://www.asahi-kasei.com/asahikasei-brands/#anc-",
    "timestamp": "unknown"
  },
  {
    "title": "Tomorrow's StoriesThe Road to Solvent ZEROPioneering the future of mobility through semiconductors",
    "link": "https://www.asahi-kasei.com/asahikasei-brands/#anc-",
    "timestamp": "unknown"
  },
  {
    "title": "The Road to Solvent ZERO",
    "link": "https://www.asahi-kasei.com/asahikasei-brands/stories/photoproducts_awp.html",
    "timestamp": "unknown"
  },
  {
    "title": "Pioneering the future of mobility through semiconductors",
    "link": "https://www.asahi-kasei.com/asahikasei-brands/stories/semiconductor_car.html",
    "timestamp": "unknown"
  },
  {
    "title": "Interviews",
    "link": "https://www.asahi-kasei.com/asahikasei-brands/interview/",
    "timestamp": "unknown"
  },
  {
    "title": "Akira Yoshino Special site",
    "link": "https://www.asahi-kasei.com/asahikasei-brands/yoshino/",
    "timestamp": "unknown"
  },
  {
    "title": "Video Archive",
    "link": "https://www.asahi-kasei.com/asahikasei-brands/special/",
    "timestamp": "unknown"
  },
  {
    "title": "TOPFor InvestorsIR LibraryFinancial ResultsFinancial Results",
    "link": "https://www.asahi-kasei.com/",
    "timestamp": "unknown"
  },
  {
    "title": "TOPFor InvestorsIR LibraryFinancial ResultsFinancial Results",
    "link": "https://www.asahi-kasei.com/",
    "timestamp": "unknown"
  },
  {
    "title": "TOPFor InvestorsIR LibraryFinancial ResultsFinancial Results",
    "link": "https://www.asahi-kasei.com/",
    "timestamp": "unknown"
  },
  {
    "title": "TOPFor InvestorsIR LibraryFinancial Results",
    "link": "https://www.asahi-kasei.com/",
    "timestamp": "unknown"
  },
  {
    "title": "Financial Results",
    "link": "https://www.asahi-kasei.com/ir/library/financial_briefing/",
    "timestamp": "unknown"
  },
  {
    "title": "Management Briefing",
    "link": "https://www.asahi-kasei.com/ir/library/initiative/",
    "timestamp": "unknown"
  },
  {
    "title": "Forums and Conferences",
    "link": "https://www.asahi-kasei.com/ir/library/presentation/",
    "timestamp": "unknown"
  },
  {
    "title": "Financial Information",
    "link": "https://www.asahi-kasei.com/ir/library/finance/",
    "timestamp": "unknown"
  },
  {
    "title": "Asahi Kasei Report",
    "link": "https://www.asahi-kasei.com/ir/library/asahikasei_report/",
    "timestamp": "unknown"
  },
  {
    "title": "Financial Summaries and presentation materials for full-year and quarterly financial results briefings, as well as the summaries.Fiscal  (ending March",
    "link": "https://www.asahi-kasei.com/ir/library/financial_briefing/pdf/june2025.pdf",
    "timestamp": "unknown"
  },
  {
    "title": "First quarterFinancial SummaryNotice of revision of consolidated performance forecast for the first half of fiscalPresentation MaterialFinancial Factb",
    "link": "https://www.asahi-kasei.com/ir/library/financial_briefing/pdf/june2025.pdf",
    "timestamp": "unknown"
  },
  {
    "title": "First quarterFinancial SummaryNotice of revision of consolidated performance forecast for the first half of fiscalPresentation MaterialFinancial Factb",
    "link": "https://www.asahi-kasei.com/ir/library/financial_briefing/pdf/june2025.pdf",
    "timestamp": "unknown"
  },
  {
    "title": "Financial Summary",
    "link": "https://www.asahi-kasei.com/ir/library/financial_briefing/pdf/june2025.pdf",
    "timestamp": "unknown"
  },
  {
    "title": "Notice of revision of consolidated performance forecast for the first half of fiscal",
    "link": "https://www.asahi-kasei.com/news//t0rue60000000493-att/e250731.pdf",
    "timestamp": "unknown"
  },
  {
    "title": "Presentation Material",
    "link": "https://www.asahi-kasei.com/ir/library/financial_briefing/pdf/2506supplement.pdf",
    "timestamp": "unknown"
  },
  {
    "title": "Financial Factbook",
    "link": "https://www.asahi-kasei.com/ir/library/finance/xlsx/-factbook.xlsx",
    "timestamp": "unknown"
  },
  {
    "title": "FiscalFinancial SummaryNotice of payment of dividends from surplus (increased dividend) and forecast of dividendsPresentation MaterialFinancial Factbo",
    "link": "https://www.asahi-kasei.com/ir/library/financial_briefing/pdf/mar2025.pdf",
    "timestamp": "unknown"
  },
  {
    "title": "FiscalFinancial SummaryNotice of payment of dividends from surplus (increased dividend) and forecast of dividendsPresentation MaterialFinancial Factbo",
    "link": "https://www.asahi-kasei.com/ir/library/financial_briefing/pdf/mar2025.pdf",
    "timestamp": "unknown"
  },
  {
    "title": "Financial Summary",
    "link": "https://www.asahi-kasei.com/ir/library/financial_briefing/pdf/mar2025.pdf",
    "timestamp": "unknown"
  },
  {
    "title": "Notice of payment of dividends from surplus (increased dividend) and forecast of dividends",
    "link": "https://www.asahi-kasei.com/news//ibja4e000000048y-att/e250509.pdf",
    "timestamp": "unknown"
  },
  {
    "title": "Presentation Material",
    "link": "https://www.asahi-kasei.com/ir/library/financial_briefing/pdf/2503supplement.pdf",
    "timestamp": "unknown"
  },
  {
    "title": "Financial Factbook",
    "link": "https://www.asahi-kasei.com/ir/library/finance/xlsx/-factbook.xlsx",
    "timestamp": "unknown"
  },
  {
    "title": "Q&A Session Summary",
    "link": "https://www.asahi-kasei.com/ir/library/financial_briefing/pdf/250509summary.pdf",
    "timestamp": "unknown"
  },
  {
    "title": "Detailed Consolidated Financial Statements",
    "link": "https://www.asahi-kasei.com/ir/library/financial_briefing/pdf/2503statements.pdf",
    "timestamp": "unknown"
  },
  {
    "title": "Third quarterFinancial SummaryPresentation MaterialQ&A Session Summary",
    "link": "https://www.asahi-kasei.com/ir/library/financial_briefing/pdf/dec2024.pdf",
    "timestamp": "unknown"
  },
  {
    "title": "Financial Summary",
    "link": "https://www.asahi-kasei.com/ir/library/financial_briefing/pdf/dec2024.pdf",
    "timestamp": "unknown"
  },
  {
    "title": "Presentation Material",
    "link": "https://www.asahi-kasei.com/ir/library/financial_briefing/pdf/2412supplement.pdf",
    "timestamp": "unknown"
  },
  {
    "title": "Q&A Session Summary",
    "link": "https://www.asahi-kasei.com/ir/library/financial_briefing/pdf/250205summary.pdf",
    "timestamp": "unknown"
  },
  {
    "title": "Second quarterFinancial SummaryNotification of repurchase of shares and cancellation of treasury stockPresentation MaterialQ&A Session Summary",
    "link": "https://www.asahi-kasei.com/ir/library/financial_briefing/pdf/september2024.pdf",
    "timestamp": "unknown"
  },
  {
    "title": "Financial Summary",
    "link": "https://www.asahi-kasei.com/ir/library/financial_briefing/pdf/september2024.pdf",
    "timestamp": "unknown"
  },
  {
    "title": "Notification of repurchase of shares and cancellation of treasury stock",
    "link": "https://www.asahi-kasei.com/news//sf4t1800000005pm-att/e241101.pdf",
    "timestamp": "unknown"
  },
  {
    "title": "Presentation Material",
    "link": "https://www.asahi-kasei.com/ir/library/financial_briefing/pdf/2409supplement.pdf",
    "timestamp": "unknown"
  },
  {
    "title": "Q&A Session Summary",
    "link": "https://www.asahi-kasei.com/ir/library/financial_briefing/pdf/2409summary.pdf",
    "timestamp": "unknown"
  },
  {
    "title": "First quarterFinancial SummaryNotice of revision of consolidated performance forecast for the first half of fiscalPresentation MaterialBriefing Summar",
    "link": "https://www.asahi-kasei.com/ir/library/financial_briefing/pdf/june2024.pdf",
    "timestamp": "unknown"
  },
  {
    "title": "Financial Summary",
    "link": "https://www.asahi-kasei.com/ir/library/financial_briefing/pdf/june2024.pdf",
    "timestamp": "unknown"
  },
  {
    "title": "Notice of revision of consolidated performance forecast for the first half of fiscal",
    "link": "https://www.asahi-kasei.com/news//e9eg7a0000000567-att/e240731.pdf",
    "timestamp": "unknown"
  },
  {
    "title": "Presentation Material",
    "link": "https://www.asahi-kasei.com/ir/library/financial_briefing/pdf/2406supplement.pdf",
    "timestamp": "unknown"
  },
  {
    "title": "Briefing Summary",
    "link": "https://www.asahi-kasei.com/ir/library/financial_briefing/pdf/2406summary.pdf",
    "timestamp": "unknown"
  },
  {
    "title": "FiscalFinancial SummaryNotice of Loss on Sales of Shares and Gain from Income Taxes by Transfer of Shares between Consolidated SubsidiariesNotice of e",
    "link": "https://www.asahi-kasei.com/ir/library/financial_briefing/pdf/mar2024.pdf",
    "timestamp": "unknown"
  },
  {
    "title": "FiscalFinancial SummaryNotice of Loss on Sales of Shares and Gain from Income Taxes by Transfer of Shares between Consolidated SubsidiariesNotice of e",
    "link": "https://www.asahi-kasei.com/ir/library/financial_briefing/pdf/mar2024.pdf",
    "timestamp": "unknown"
  },
  {
    "title": "Financial Summary",
    "link": "https://www.asahi-kasei.com/ir/library/financial_briefing/pdf/mar2024.pdf",
    "timestamp": "unknown"
  },
  {
    "title": "Notice of Loss on Sales of Shares and Gain from Income Taxes by Transfer of Shares between Consolidated Subsidiaries",
    "link": "https://www.asahi-kasei.com/news//cprkbm00000004hu-att/e240509_1.pdf",
    "timestamp": "unknown"
  },
  {
    "title": "Notice of equity in losses of affiliates, impairment loss, loss on valuation of shares, and differential between performance forecast and results",
    "link": "https://www.asahi-kasei.com/news//cprkbm00000004i8-att/e240509_2.pdf",
    "timestamp": "unknown"
  },
  {
    "title": "Presentation Material",
    "link": "https://www.asahi-kasei.com/ir/library/financial_briefing/pdf/2403supplement.pdf",
    "timestamp": "unknown"
  },
  {
    "title": "Briefing Summary",
    "link": "https://www.asahi-kasei.com/ir/library/financial_briefing/pdf/240509summary.pdf",
    "timestamp": "unknown"
  },
  {
    "title": "Detailed Consolidated Financial Statements",
    "link": "https://www.asahi-kasei.com/ir/library/financial_briefing/pdf/2403statements.pdf",
    "timestamp": "unknown"
  },
  {
    "title": "Third quarterFinancial SummaryPresentation MaterialBriefing Summary",
    "link": "https://www.asahi-kasei.com/ir/library/financial_briefing/pdf/dec2023.pdf",
    "timestamp": "unknown"
  },
  {
    "title": "Financial Summary",
    "link": "https://www.asahi-kasei.com/ir/library/financial_briefing/pdf/dec2023.pdf",
    "timestamp": "unknown"
  },
  {
    "title": "Presentation Material",
    "link": "https://www.asahi-kasei.com/ir/library/financial_briefing/pdf/2312supplement.pdf",
    "timestamp": "unknown"
  },
  {
    "title": "Briefing Summary",
    "link": "https://www.asahi-kasei.com/ir/library/financial_briefing/pdf/240207summary.pdf",
    "timestamp": "unknown"
  },
  {
    "title": "Second quarterFinancial SummaryNotice of differential between consolidated performance forecast and actual results for the first half of fiscalPresent",
    "link": "https://www.asahi-kasei.com/ir/library/financial_briefing/pdf/september2023.pdf",
    "timestamp": "unknown"
  },
  {
    "title": "Financial Summary",
    "link": "https://www.asahi-kasei.com/ir/library/financial_briefing/pdf/september2023.pdf",
    "timestamp": "unknown"
  },
  {
    "title": "Notice of differential between consolidated performance forecast and actual results for the first half of fiscal",
    "link": "https://www.asahi-kasei.com/news//p33q4i00000006rz-att/e231107.pdf",
    "timestamp": "unknown"
  },
  {
    "title": "Presentation Material",
    "link": "https://www.asahi-kasei.com/ir/library/financial_briefing/pdf/2309supplement.pdf",
    "timestamp": "unknown"
  },
  {
    "title": "Briefing Summary",
    "link": "https://www.asahi-kasei.com/ir/library/financial_briefing/pdf/2309summary.pdf",
    "timestamp": "unknown"
  },
  {
    "title": "First quarterFinancial SummaryPresentation MaterialBriefing Summary",
    "link": "https://www.asahi-kasei.com/ir/library/financial_briefing/pdf/june2023.pdf",
    "timestamp": "unknown"
  },
  {
    "title": "Financial Summary",
    "link": "https://www.asahi-kasei.com/ir/library/financial_briefing/pdf/june2023.pdf",
    "timestamp": "unknown"
  },
  {
    "title": "Presentation Material",
    "link": "https://www.asahi-kasei.com/ir/library/financial_briefing/pdf/2306supplement.pdf",
    "timestamp": "unknown"
  },
  {
    "title": "Briefing Summary",
    "link": "https://www.asahi-kasei.com/ir/library/financial_briefing/pdf/2306summary.pdf",
    "timestamp": "unknown"
  },
  {
    "title": "FiscalFinancial SummaryPresentation MaterialBriefing SummaryDetailed Consolidated Financial StatementsThird quarterFinancial SummaryNotice of revision",
    "link": "https://www.asahi-kasei.com/ir/library/financial_briefing/pdf/mar2023.pdf",
    "timestamp": "unknown"
  },
  {
    "title": "FiscalFinancial SummaryPresentation MaterialBriefing SummaryDetailed Consolidated Financial Statements",
    "link": "https://www.asahi-kasei.com/ir/library/financial_briefing/pdf/mar2023.pdf",
    "timestamp": "unknown"
  },
  {
    "title": "Financial Summary",
    "link": "https://www.asahi-kasei.com/ir/library/financial_briefing/pdf/mar2023.pdf",
    "timestamp": "unknown"
  },
  {
    "title": "Presentation Material",
    "link": "https://www.asahi-kasei.com/ir/library/financial_briefing/pdf/2303supplement.pdf",
    "timestamp": "unknown"
  },
  {
    "title": "Briefing Summary",
    "link": "https://www.asahi-kasei.com/ir/library/financial_briefing/pdf/230510summary.pdf",
    "timestamp": "unknown"
  },
  {
    "title": "Detailed Consolidated Financial Statements",
    "link": "https://www.asahi-kasei.com/ir/library/financial_briefing/pdf/2303statements.pdf",
    "timestamp": "unknown"
  },
  {
    "title": "Third quarterFinancial SummaryNotice of revision of consolidated performance forecastPresentation MaterialPresentation Material with TextQ&A Session S",
    "link": "https://www.asahi-kasei.com/ir/library/financial_briefing/pdf/dec2022.pdf",
    "timestamp": "unknown"
  },
  {
    "title": "Financial Summary",
    "link": "https://www.asahi-kasei.com/ir/library/financial_briefing/pdf/dec2022.pdf",
    "timestamp": "unknown"
  },
  {
    "title": "Notice of revision of consolidated performance forecast",
    "link": "https://www.asahi-kasei.com/news//kvqji400000000k6-att/e230208.pdf",
    "timestamp": "unknown"
  },
  {
    "title": "Presentation Material",
    "link": "https://www.asahi-kasei.com/ir/library/financial_briefing/pdf/2212supplement.pdf",
    "timestamp": "unknown"
  },
  {
    "title": "Presentation Material with Text",
    "link": "https://www.asahi-kasei.com/ir/library/financial_briefing/pdf/230208_01summary.pdf",
    "timestamp": "unknown"
  },
  {
    "title": "Q&A Session Summary",
    "link": "https://www.asahi-kasei.com/ir/library/financial_briefing/pdf/230208_02summary.pdf",
    "timestamp": "unknown"
  },
  {
    "title": "Second quarterFinancial SummaryPresentation MaterialPresentation Material with TextQ&A Session Summary",
    "link": "https://www.asahi-kasei.com/ir/library/financial_briefing/pdf/september2022.pdf",
    "timestamp": "unknown"
  },
  {
    "title": "Financial Summary",
    "link": "https://www.asahi-kasei.com/ir/library/financial_briefing/pdf/september2022.pdf",
    "timestamp": "unknown"
  },
  {
    "title": "Presentation Material",
    "link": "https://www.asahi-kasei.com/ir/library/financial_briefing/pdf/2209supplement.pdf",
    "timestamp": "unknown"
  },
  {
    "title": "Presentation Material with Text",
    "link": "https://www.asahi-kasei.com/ir/library/financial_briefing/pdf/221109_01summary.pdf",
    "timestamp": "unknown"
  },
  {
    "title": "Q&A Session Summary",
    "link": "https://www.asahi-kasei.com/ir/library/financial_briefing/pdf/221109_02summary.pdf",
    "timestamp": "unknown"
  },
  {
    "title": "First quarterFinancial SummaryPresentation MaterialBriefing Summary",
    "link": "https://www.asahi-kasei.com/ir/library/financial_briefing/pdf/june2022.pdf",
    "timestamp": "unknown"
  },
  {
    "title": "Financial Summary",
    "link": "https://www.asahi-kasei.com/ir/library/financial_briefing/pdf/june2022.pdf",
    "timestamp": "unknown"
  },
  {
    "title": "Presentation Material",
    "link": "https://www.asahi-kasei.com/ir/library/financial_briefing/pdf/2206supplement.pdf",
    "timestamp": "unknown"
  },
  {
    "title": "Briefing Summary",
    "link": "https://www.asahi-kasei.com/ir/library/financial_briefing/pdf/2206Summary.pdf",
    "timestamp": "unknown"
  },
  {
    "title": "FiscalFinancial SummaryPresentation MaterialBriefing SummaryDetailed Consolidated Financial StatementsThird quarterFinancial SummaryPresentation Mater",
    "link": "https://www.asahi-kasei.com/ir/library/financial_briefing/pdf/mar2022.pdf",
    "timestamp": "unknown"
  },
  {
    "title": "FiscalFinancial SummaryPresentation MaterialBriefing SummaryDetailed Consolidated Financial Statements",
    "link": "https://www.asahi-kasei.com/ir/library/financial_briefing/pdf/mar2022.pdf",
    "timestamp": "unknown"
  },
  {
    "title": "Financial Summary",
    "link": "https://www.asahi-kasei.com/ir/library/financial_briefing/pdf/mar2022.pdf",
    "timestamp": "unknown"
  },
  {
    "title": "Presentation Material",
    "link": "https://www.asahi-kasei.com/ir/library/financial_briefing/pdf/2203supplement.pdf",
    "timestamp": "unknown"
  },
  {
    "title": "Briefing Summary",
    "link": "https://www.asahi-kasei.com/ir/library/financial_briefing/pdf/2203summary.pdf",
    "timestamp": "unknown"
  },
  {
    "title": "Detailed Consolidated Financial Statements",
    "link": "https://www.asahi-kasei.com/ir/library/financial_briefing/pdf/2203statements.pdf",
    "timestamp": "unknown"
  },
  {
    "title": "Third quarterFinancial SummaryPresentation MaterialTranscript",
    "link": "https://www.asahi-kasei.com/ir/library/financial_briefing/pdf/dec2021.pdf",
    "timestamp": "unknown"
  },
  {
    "title": "Financial Summary",
    "link": "https://www.asahi-kasei.com/ir/library/financial_briefing/pdf/dec2021.pdf",
    "timestamp": "unknown"
  },
  {
    "title": "Presentation Material",
    "link": "https://www.asahi-kasei.com/ir/library/financial_briefing/pdf/2112supplement.pdf",
    "timestamp": "unknown"
  },
  {
    "title": "Transcript",
    "link": "https://www.asahi-kasei.com/ir/library/financial_briefing/pdf/2112transcript.pdf",
    "timestamp": "unknown"
  },
  {
    "title": "Second quarterFinancial SummaryNotice of revision of consolidated performance forecastPresentation MaterialTranscript",
    "link": "https://www.asahi-kasei.com/ir/library/financial_briefing/pdf/september2021.pdf",
    "timestamp": "unknown"
  },
  {
    "title": "Financial Summary",
    "link": "https://www.asahi-kasei.com/ir/library/financial_briefing/pdf/september2021.pdf",
    "timestamp": "unknown"
  },
  {
    "title": "Notice of revision of consolidated performance forecast",
    "link": "https://www.asahi-kasei.com/news//kfrkcr00000014aa-att/e211105_2.pdf",
    "timestamp": "unknown"
  },
  {
    "title": "Presentation Material",
    "link": "https://www.asahi-kasei.com/ir/library/financial_briefing/pdf/2109supplement.pdf",
    "timestamp": "unknown"
  },
  {
    "title": "Transcript",
    "link": "https://www.asahi-kasei.com/ir/library/financial_briefing/pdf/2109transcript.pdf",
    "timestamp": "unknown"
  },
  {
    "title": "First quarterFinancial SummaryNotice of revision of consolidated performance forecast and dividend forecastPresentation MaterialTranscript",
    "link": "https://www.asahi-kasei.com/ir/library/financial_briefing/pdf/june2021.pdf",
    "timestamp": "unknown"
  },
  {
    "title": "Financial Summary",
    "link": "https://www.asahi-kasei.com/ir/library/financial_briefing/pdf/june2021.pdf",
    "timestamp": "unknown"
  },
  {
    "title": "Notice of revision of consolidated performance forecast and dividend forecast",
    "link": "https://www.asahi-kasei.com/news//e210806.html",
    "timestamp": "unknown"
  },
  {
    "title": "Presentation Material",
    "link": "https://www.asahi-kasei.com/ir/library/financial_briefing/pdf/2106supplement.pdf",
    "timestamp": "unknown"
  },
  {
    "title": "Transcript",
    "link": "https://www.asahi-kasei.com/ir/library/financial_briefing/pdf/2106transcript.pdf",
    "timestamp": "unknown"
  },
  {
    "title": "FiscalFinancial SummaryPresentation MaterialTranscriptDetailed Consolidated Financial StatementsThird quarterFinancial SummaryNotice of revision of co",
    "link": "https://www.asahi-kasei.com/ir/library/financial_briefing/pdf/mar2021.pdf",
    "timestamp": "unknown"
  },
  {
    "title": "FiscalFinancial SummaryPresentation MaterialTranscriptDetailed Consolidated Financial Statements",
    "link": "https://www.asahi-kasei.com/ir/library/financial_briefing/pdf/mar2021.pdf",
    "timestamp": "unknown"
  },
  {
    "title": "Financial Summary",
    "link": "https://www.asahi-kasei.com/ir/library/financial_briefing/pdf/mar2021.pdf",
    "timestamp": "unknown"
  },
  {
    "title": "Presentation Material",
    "link": "https://www.asahi-kasei.com/ir/library/financial_briefing/pdf/2103supplement.pdf",
    "timestamp": "unknown"
  },
  {
    "title": "Transcript",
    "link": "https://www.asahi-kasei.com/ir/library/financial_briefing/pdf/2103transcript.pdf",
    "timestamp": "unknown"
  },
  {
    "title": "Detailed Consolidated Financial Statements",
    "link": "https://www.asahi-kasei.com/ir/library/financial_briefing/pdf/2103statements.pdf",
    "timestamp": "unknown"
  },
  {
    "title": "Third quarterFinancial SummaryNotice of revision of consolidated performance forecastPresentation MaterialTranscript",
    "link": "https://www.asahi-kasei.com/ir/library/financial_briefing/pdf/dec2020.pdf",
    "timestamp": "unknown"
  },
  {
    "title": "Financial Summary",
    "link": "https://www.asahi-kasei.com/ir/library/financial_briefing/pdf/dec2020.pdf",
    "timestamp": "unknown"
  },
  {
    "title": "Notice of revision of consolidated performance forecast",
    "link": "https://www.asahi-kasei.com/news//e210209.html",
    "timestamp": "unknown"
  },
  {
    "title": "Presentation Material",
    "link": "https://www.asahi-kasei.com/ir/library/financial_briefing/pdf/2012supplement.pdf",
    "timestamp": "unknown"
  },
  {
    "title": "Transcript",
    "link": "https://www.asahi-kasei.com/ir/library/financial_briefing/pdf/2012transcript.pdf",
    "timestamp": "unknown"
  },
  {
    "title": "Second quarterFinancial SummaryNotice of revision of consolidated performance forecastNotice of determination of dividends from surplus (interim divid",
    "link": "https://www.asahi-kasei.com/ir/library/financial_briefing/pdf/september2020.pdf",
    "timestamp": "unknown"
  },
  {
    "title": "Financial Summary",
    "link": "https://www.asahi-kasei.com/ir/library/financial_briefing/pdf/september2020.pdf",
    "timestamp": "unknown"
  },
  {
    "title": "Notice of revision of consolidated performance forecast",
    "link": "https://www.asahi-kasei.com/news//e201106_1.html",
    "timestamp": "unknown"
  },
  {
    "title": "Notice of determination of dividends from surplus (interim dividend) and forecast for year-end dividend",
    "link": "https://www.asahi-kasei.com/news//e201106_2.html",
    "timestamp": "unknown"
  },
  {
    "title": "Presentation Material",
    "link": "https://www.asahi-kasei.com/ir/library/financial_briefing/pdf/2009supplement.pdf",
    "timestamp": "unknown"
  },
  {
    "title": "Transcript",
    "link": "https://www.asahi-kasei.com/ir/library/financial_briefing/pdf/2009transcript.pdf",
    "timestamp": "unknown"
  },
  {
    "title": "First quarterFinancial SummaryPresentation MaterialTranscript",
    "link": "https://www.asahi-kasei.com/ir/library/financial_briefing/pdf/june2020.pdf",
    "timestamp": "unknown"
  },
  {
    "title": "Financial Summary",
    "link": "https://www.asahi-kasei.com/ir/library/financial_briefing/pdf/june2020.pdf",
    "timestamp": "unknown"
  },
  {
    "title": "Presentation Material",
    "link": "https://www.asahi-kasei.com/ir/library/financial_briefing/pdf/2006supplement.pdf",
    "timestamp": "unknown"
  },
  {
    "title": "Transcript",
    "link": "https://www.asahi-kasei.com/ir/library/financial_briefing/pdf/2006transcript.pdf",
    "timestamp": "unknown"
  },
  {
    "title": "FiscalFinancial SummaryPresentation MaterialTranscriptDetailed Consolidated Financial StatementsThird quarterFinancial SummaryNotice of revision of co",
    "link": "https://www.asahi-kasei.com/ir/library/financial_briefing/pdf/mar2020.pdf",
    "timestamp": "unknown"
  },
  {
    "title": "FiscalFinancial SummaryPresentation MaterialTranscriptDetailed Consolidated Financial Statements",
    "link": "https://www.asahi-kasei.com/ir/library/financial_briefing/pdf/mar2020.pdf",
    "timestamp": "unknown"
  },
  {
    "title": "Financial Summary",
    "link": "https://www.asahi-kasei.com/ir/library/financial_briefing/pdf/mar2020.pdf",
    "timestamp": "unknown"
  },
  {
    "title": "Presentation Material",
    "link": "https://www.asahi-kasei.com/ir/library/financial_briefing/pdf/2003supplement.pdf",
    "timestamp": "unknown"
  },
  {
    "title": "Transcript",
    "link": "https://www.asahi-kasei.com/ir/library/financial_briefing/pdf/2003transcript.pdf",
    "timestamp": "unknown"
  },
  {
    "title": "Detailed Consolidated Financial Statements",
    "link": "https://www.asahi-kasei.com/ir/library/financial_briefing/pdf/2003statements.pdf",
    "timestamp": "unknown"
  },
  {
    "title": "Third quarterFinancial SummaryNotice of revision of consolidated performance forecast and dividend forecastPresentation MaterialTranscript",
    "link": "https://www.asahi-kasei.com/ir/library/financial_briefing/pdf/dec2019.pdf",
    "timestamp": "unknown"
  },
  {
    "title": "Financial Summary",
    "link": "https://www.asahi-kasei.com/ir/library/financial_briefing/pdf/dec2019.pdf",
    "timestamp": "unknown"
  },
  {
    "title": "Notice of revision of consolidated performance forecast and dividend forecast",
    "link": "https://www.asahi-kasei.com/news//e200207_3.html",
    "timestamp": "unknown"
  },
  {
    "title": "Presentation Material",
    "link": "https://www.asahi-kasei.com/ir/library/financial_briefing/pdf/1912supplement.pdf",
    "timestamp": "unknown"
  },
  {
    "title": "Transcript",
    "link": "https://www.asahi-kasei.com/ir/library/financial_briefing/pdf/1912transcript.pdf",
    "timestamp": "unknown"
  },
  {
    "title": "Second quarterFinancial SummaryNotice of revision of consolidated performance forecastPresentation MaterialTranscript",
    "link": "https://www.asahi-kasei.com/ir/library/financial_briefing/pdf/september2019.pdf",
    "timestamp": "unknown"
  },
  {
    "title": "Financial Summary",
    "link": "https://www.asahi-kasei.com/ir/library/financial_briefing/pdf/september2019.pdf",
    "timestamp": "unknown"
  },
  {
    "title": "Notice of revision of consolidated performance forecast",
    "link": "https://www.asahi-kasei.com/news//e191106_4.html",
    "timestamp": "unknown"
  },
  {
    "title": "Presentation Material",
    "link": "https://www.asahi-kasei.com/ir/library/financial_briefing/pdf/1909supplement.pdf",
    "timestamp": "unknown"
  },
  {
    "title": "Transcript",
    "link": "https://www.asahi-kasei.com/ir/library/financial_briefing/pdf/1909transcript.pdf",
    "timestamp": "unknown"
  },
  {
    "title": "First quarterFinancial SummaryNotice of revision of dividend forecast for fiscalPresentation Material",
    "link": "https://www.asahi-kasei.com/ir/library/financial_briefing/pdf/june2019.pdf",
    "timestamp": "unknown"
  },
  {
    "title": "Financial Summary",
    "link": "https://www.asahi-kasei.com/ir/library/financial_briefing/pdf/june2019.pdf",
    "timestamp": "unknown"
  },
  {
    "title": "Notice of revision of dividend forecast for fiscal",
    "link": "https://www.asahi-kasei.com/news//e190802_2.html",
    "timestamp": "unknown"
  },
  {
    "title": "Presentation Material",
    "link": "https://www.asahi-kasei.com/ir/library/financial_briefing/pdf/1906supplement.pdf",
    "timestamp": "unknown"
  },
  {
    "title": "FiscalFinancial SummaryNotification of repurchase of shares and cancellation of treasury stockPresentation MaterialThird quarterFinancial SummaryNotic",
    "link": "https://www.asahi-kasei.com/ir/library/financial_briefing/pdf/mar2019.pdf",
    "timestamp": "unknown"
  },
  {
    "title": "FiscalFinancial SummaryNotification of repurchase of shares and cancellation of treasury stockPresentation Material",
    "link": "https://www.asahi-kasei.com/ir/library/financial_briefing/pdf/mar2019.pdf",
    "timestamp": "unknown"
  },
  {
    "title": "Financial Summary",
    "link": "https://www.asahi-kasei.com/ir/library/financial_briefing/pdf/mar2019.pdf",
    "timestamp": "unknown"
  },
  {
    "title": "Notification of repurchase of shares and cancellation of treasury stock",
    "link": "https://www.asahi-kasei.com/news//e190510_3.html",
    "timestamp": "unknown"
  },
  {
    "title": "Presentation Material",
    "link": "https://www.asahi-kasei.com/ir/library/financial_briefing/pdf/1903supplement.pdf",
    "timestamp": "unknown"
  },
  {
    "title": "Third quarterFinancial SummaryNotice of revision of consolidated performance forecastPresentation Material",
    "link": "https://www.asahi-kasei.com/ir/library/financial_briefing/pdf/dec2018.pdf",
    "timestamp": "unknown"
  },
  {
    "title": "Financial Summary",
    "link": "https://www.asahi-kasei.com/ir/library/financial_briefing/pdf/dec2018.pdf",
    "timestamp": "unknown"
  },
  {
    "title": "Notice of revision of consolidated performance forecast",
    "link": "https://www.asahi-kasei.com/news//e190207_2.html",
    "timestamp": "unknown"
  },
  {
    "title": "Presentation Material",
    "link": "https://www.asahi-kasei.com/ir/library/financial_briefing/pdf/1812supplement.pdf",
    "timestamp": "unknown"
  },
  {
    "title": "Second quarterFinancial SummaryNotice of revision of consolidated performance forecastPresentation Material",
    "link": "https://www.asahi-kasei.com/ir/library/financial_briefing/pdf/september2018.pdf",
    "timestamp": "unknown"
  },
  {
    "title": "Financial Summary",
    "link": "https://www.asahi-kasei.com/ir/library/financial_briefing/pdf/september2018.pdf",
    "timestamp": "unknown"
  },
  {
    "title": "Notice of revision of consolidated performance forecast",
    "link": "https://www.asahi-kasei.com/news//e181102.html",
    "timestamp": "unknown"
  },
  {
    "title": "Presentation Material",
    "link": "https://www.asahi-kasei.com/ir/library/financial_briefing/pdf/1809supplement.pdf",
    "timestamp": "unknown"
  },
  {
    "title": "First quarterFinancial SummaryNotice of revision of dividend forecast for fiscalPresentation Material",
    "link": "https://www.asahi-kasei.com/ir/library/financial_briefing/pdf/june2018.pdf",
    "timestamp": "unknown"
  },
  {
    "title": "Financial Summary",
    "link": "https://www.asahi-kasei.com/ir/library/financial_briefing/pdf/june2018.pdf",
    "timestamp": "unknown"
  },
  {
    "title": "Notice of revision of dividend forecast for fiscal",
    "link": "https://www.asahi-kasei.com/news//e180802_2.html",
    "timestamp": "unknown"
  },
  {
    "title": "Presentation Material",
    "link": "https://www.asahi-kasei.com/ir/library/financial_briefing/pdf/1806supplement.pdf",
    "timestamp": "unknown"
  },
  {
    "title": "FiscalFinancial SummaryNotice of payment of dividends from surplusPresentation MaterialThird quarterFinancial SummaryPresentation MaterialSecond quart",
    "link": "https://www.asahi-kasei.com/ir/library/financial_briefing/pdf/mar2018.pdf",
    "timestamp": "unknown"
  },
  {
    "title": "FiscalFinancial SummaryNotice of payment of dividends from surplusPresentation Material",
    "link": "https://www.asahi-kasei.com/ir/library/financial_briefing/pdf/mar2018.pdf",
    "timestamp": "unknown"
  },
  {
    "title": "Financial Summary",
    "link": "https://www.asahi-kasei.com/ir/library/financial_briefing/pdf/mar2018.pdf",
    "timestamp": "unknown"
  },
  {
    "title": "Notice of payment of dividends from surplus",
    "link": "https://www.asahi-kasei.com/news//e180511.html",
    "timestamp": "unknown"
  },
  {
    "title": "Presentation Material",
    "link": "https://www.asahi-kasei.com/ir/library/financial_briefing/pdf/1803supplement.pdf",
    "timestamp": "unknown"
  },
  {
    "title": "Third quarterFinancial SummaryPresentation Material",
    "link": "https://www.asahi-kasei.com/ir/library/financial_briefing/pdf/dec2017.pdf",
    "timestamp": "unknown"
  },
  {
    "title": "Financial Summary",
    "link": "https://www.asahi-kasei.com/ir/library/financial_briefing/pdf/dec2017.pdf",
    "timestamp": "unknown"
  },
  {
    "title": "Presentation Material",
    "link": "https://www.asahi-kasei.com/ir/library/financial_briefing/pdf/1712supplement.pdf",
    "timestamp": "unknown"
  },
  {
    "title": "Second quarterFinancial SummaryNotice of payment of dividends from surplus (interim dividend) and revision of year-end dividend forecast for fiscalPre",
    "link": "https://www.asahi-kasei.com/ir/library/financial_briefing/pdf/september2017.pdf",
    "timestamp": "unknown"
  },
  {
    "title": "Financial Summary",
    "link": "https://www.asahi-kasei.com/ir/library/financial_briefing/pdf/september2017.pdf",
    "timestamp": "unknown"
  },
  {
    "title": "Notice of payment of dividends from surplus (interim dividend) and revision of year-end dividend forecast for fiscal",
    "link": "https://www.asahi-kasei.com/news//e171107.html",
    "timestamp": "unknown"
  },
  {
    "title": "Presentation Material",
    "link": "https://www.asahi-kasei.com/ir/library/financial_briefing/pdf/1709supplement.pdf",
    "timestamp": "unknown"
  },
  {
    "title": "First quarterFinancial SummaryNotice of revision of dividend forecast for fiscalPresentation Material",
    "link": "https://www.asahi-kasei.com/ir/library/financial_briefing/pdf/june2017.pdf",
    "timestamp": "unknown"
  },
  {
    "title": "Financial Summary",
    "link": "https://www.asahi-kasei.com/ir/library/financial_briefing/pdf/june2017.pdf",
    "timestamp": "unknown"
  },
  {
    "title": "Notice of revision of dividend forecast for fiscal",
    "link": "https://www.asahi-kasei.com/news//e170803.html",
    "timestamp": "unknown"
  },
  {
    "title": "Presentation Material",
    "link": "https://www.asahi-kasei.com/ir/library/financial_briefing/pdf/1706supplement.pdf",
    "timestamp": "unknown"
  },
  {
    "title": "FiscalFinancial SummaryNotice of payment of dividends from surplusPresentation MaterialThird quarterFinancial SummaryPresentation MaterialSecond quart",
    "link": "https://www.asahi-kasei.com/ir/library/financial_briefing/pdf/mar2017.pdf",
    "timestamp": "unknown"
  },
  {
    "title": "FiscalFinancial SummaryNotice of payment of dividends from surplusPresentation Material",
    "link": "https://www.asahi-kasei.com/ir/library/financial_briefing/pdf/mar2017.pdf",
    "timestamp": "unknown"
  },
  {
    "title": "Financial Summary",
    "link": "https://www.asahi-kasei.com/ir/library/financial_briefing/pdf/mar2017.pdf",
    "timestamp": "unknown"
  },
  {
    "title": "Notice of payment of dividends from surplus",
    "link": "https://www.asahi-kasei.com/news//e170511_3.html",
    "timestamp": "unknown"
  },
  {
    "title": "Presentation Material",
    "link": "https://www.asahi-kasei.com/ir/library/financial_briefing/pdf/1703supplement.pdf",
    "timestamp": "unknown"
  },
  {
    "title": "Third quarterFinancial SummaryPresentation Material",
    "link": "https://www.asahi-kasei.com/ir/library/financial_briefing/pdf/dec2016.pdf",
    "timestamp": "unknown"
  },
  {
    "title": "Financial Summary",
    "link": "https://www.asahi-kasei.com/ir/library/financial_briefing/pdf/dec2016.pdf",
    "timestamp": "unknown"
  },
  {
    "title": "Presentation Material",
    "link": "https://www.asahi-kasei.com/ir/library/financial_briefing/pdf/1612supplement.pdf",
    "timestamp": "unknown"
  },
  {
    "title": "Second quarterFinancial SummaryPresentation Material",
    "link": "https://www.asahi-kasei.com/ir/library/financial_briefing/pdf/september2016.pdf",
    "timestamp": "unknown"
  },
  {
    "title": "Financial Summary",
    "link": "https://www.asahi-kasei.com/ir/library/financial_briefing/pdf/september2016.pdf",
    "timestamp": "unknown"
  },
  {
    "title": "Presentation Material",
    "link": "https://www.asahi-kasei.com/ir/library/financial_briefing/pdf/1609supplement.pdf",
    "timestamp": "unknown"
  },
  {
    "title": "First quarterFinancial SummaryPresentation Material",
    "link": "https://www.asahi-kasei.com/ir/library/financial_briefing/pdf/june2016.pdf",
    "timestamp": "unknown"
  },
  {
    "title": "Financial Summary",
    "link": "https://www.asahi-kasei.com/ir/library/financial_briefing/pdf/june2016.pdf",
    "timestamp": "unknown"
  },
  {
    "title": "Presentation Material",
    "link": "https://www.asahi-kasei.com/ir/library/financial_briefing/pdf/1606supplement.pdf",
    "timestamp": "unknown"
  },
  {
    "title": "FiscalFinancial SummaryPresentation MaterialThird quarterFinancial SummaryPresentation MaterialSecond quarterFinancial SummaryPresentation MaterialFir",
    "link": "https://www.asahi-kasei.com/ir/library/financial_briefing/pdf/mar2016.pdf",
    "timestamp": "unknown"
  },
  {
    "title": "FiscalFinancial SummaryPresentation Material",
    "link": "https://www.asahi-kasei.com/ir/library/financial_briefing/pdf/mar2016.pdf",
    "timestamp": "unknown"
  },
  {
    "title": "Financial Summary",
    "link": "https://www.asahi-kasei.com/ir/library/financial_briefing/pdf/mar2016.pdf",
    "timestamp": "unknown"
  },
  {
    "title": "Presentation Material",
    "link": "https://www.asahi-kasei.com/ir/library/financial_briefing/pdf/1603supplement.pdf",
    "timestamp": "unknown"
  },
  {
    "title": "Third quarterFinancial SummaryPresentation Material",
    "link": "https://www.asahi-kasei.com/ir/library/financial_briefing/pdf/dec2015.pdf",
    "timestamp": "unknown"
  },
  {
    "title": "Financial Summary",
    "link": "https://www.asahi-kasei.com/ir/library/financial_briefing/pdf/dec2015.pdf",
    "timestamp": "unknown"
  },
  {
    "title": "Presentation Material",
    "link": "https://www.asahi-kasei.com/ir/library/financial_briefing/pdf/1512supplement.pdf",
    "timestamp": "unknown"
  },
  {
    "title": "Second quarterFinancial SummaryPresentation Material",
    "link": "https://www.asahi-kasei.com/ir/library/financial_briefing/pdf/september2015.pdf",
    "timestamp": "unknown"
  },
  {
    "title": "Financial Summary",
    "link": "https://www.asahi-kasei.com/ir/library/financial_briefing/pdf/september2015.pdf",
    "timestamp": "unknown"
  },
  {
    "title": "Presentation Material",
    "link": "https://www.asahi-kasei.com/ir/library/financial_briefing/pdf/1509supplement.pdf",
    "timestamp": "unknown"
  },
  {
    "title": "First quarterFinancial SummaryPresentation Material",
    "link": "https://www.asahi-kasei.com/ir/library/financial_briefing/pdf/june2015.pdf",
    "timestamp": "unknown"
  },
  {
    "title": "Financial Summary",
    "link": "https://www.asahi-kasei.com/ir/library/financial_briefing/pdf/june2015.pdf",
    "timestamp": "unknown"
  },
  {
    "title": "Presentation Material",
    "link": "https://www.asahi-kasei.com/ir/library/financial_briefing/pdf/1506supplement.pdf",
    "timestamp": "unknown"
  },
  {
    "title": "FiscalFinancial SummaryNotice of payment of dividends from surplusPresentation MaterialThird quarterFinancial SummaryPresentation MaterialSecond quart",
    "link": "https://www.asahi-kasei.com/ir/library/financial_briefing/pdf/mar2015.pdf",
    "timestamp": "unknown"
  },
  {
    "title": "FiscalFinancial SummaryNotice of payment of dividends from surplusPresentation Material",
    "link": "https://www.asahi-kasei.com/ir/library/financial_briefing/pdf/mar2015.pdf",
    "timestamp": "unknown"
  },
  {
    "title": "Financial Summary",
    "link": "https://www.asahi-kasei.com/ir/library/financial_briefing/pdf/mar2015.pdf",
    "timestamp": "unknown"
  },
  {
    "title": "Notice of payment of dividends from surplus",
    "link": "https://www.asahi-kasei.com/ir/library/financial_briefing/pdf/revision1504e.pdf",
    "timestamp": "unknown"
  },
  {
    "title": "Presentation Material",
    "link": "https://www.asahi-kasei.com/ir/library/financial_briefing/pdf/1503supplement.pdf",
    "timestamp": "unknown"
  },
  {
    "title": "Third quarterFinancial SummaryPresentation Material",
    "link": "https://www.asahi-kasei.com/ir/library/financial_briefing/pdf/dec2014.pdf",
    "timestamp": "unknown"
  },
  {
    "title": "Financial Summary",
    "link": "https://www.asahi-kasei.com/ir/library/financial_briefing/pdf/dec2014.pdf",
    "timestamp": "unknown"
  },
  {
    "title": "Presentation Material",
    "link": "https://www.asahi-kasei.com/ir/library/financial_briefing/pdf/1412supplement.pdf",
    "timestamp": "unknown"
  },
  {
    "title": "Second quarterFinancial SummaryNotice of payment of dividends from surplus (interim dividend)Presentation Material",
    "link": "https://www.asahi-kasei.com/ir/library/financial_briefing/pdf/september2014.pdf",
    "timestamp": "unknown"
  },
  {
    "title": "Financial Summary",
    "link": "https://www.asahi-kasei.com/ir/library/financial_briefing/pdf/september2014.pdf",
    "timestamp": "unknown"
  },
  {
    "title": "Notice of payment of dividends from surplus (interim dividend)",
    "link": "https://www.asahi-kasei.com/ir/library/financial_briefing/pdf/revision1411e.pdf",
    "timestamp": "unknown"
  },
  {
    "title": "Presentation Material",
    "link": "https://www.asahi-kasei.com/ir/library/financial_briefing/pdf/1409supplement.pdf",
    "timestamp": "unknown"
  },
  {
    "title": "First quarterFinancial SummaryPresentation Material",
    "link": "https://www.asahi-kasei.com/ir/library/financial_briefing/pdf/june2014.pdf",
    "timestamp": "unknown"
  },
  {
    "title": "Financial Summary",
    "link": "https://www.asahi-kasei.com/ir/library/financial_briefing/pdf/june2014.pdf",
    "timestamp": "unknown"
  },
  {
    "title": "Presentation Material",
    "link": "https://www.asahi-kasei.com/ir/library/financial_briefing/pdf/1406supplement.pdf",
    "timestamp": "unknown"
  },
  {
    "title": "FiscalFinancial SummaryNotice of payment of dividends from surplusNotice of recording of extraordinary income and revision of consolidated performance",
    "link": "https://www.asahi-kasei.com/ir/library/financial_briefing/pdf/mar2014.pdf",
    "timestamp": "unknown"
  },
  {
    "title": "FiscalFinancial SummaryNotice of payment of dividends from surplusNotice of recording of extraordinary income and revision of consolidated performance",
    "link": "https://www.asahi-kasei.com/ir/library/financial_briefing/pdf/mar2014.pdf",
    "timestamp": "unknown"
  },
  {
    "title": "Financial Summary",
    "link": "https://www.asahi-kasei.com/ir/library/financial_briefing/pdf/mar2014.pdf",
    "timestamp": "unknown"
  },
  {
    "title": "Notice of payment of dividends from surplus",
    "link": "https://www.asahi-kasei.com/ir/library/financial_briefing/pdf/revision1404e.pdf",
    "timestamp": "unknown"
  },
  {
    "title": "Notice of recording of extraordinary income and revision of consolidated performance forecast",
    "link": "https://www.asahi-kasei.com/ir/library/financial_briefing/pdf/revision1403e.pdf",
    "timestamp": "unknown"
  },
  {
    "title": "Presentation Material",
    "link": "https://www.asahi-kasei.com/ir/library/financial_briefing/pdf/1403supplement.pdf",
    "timestamp": "unknown"
  },
  {
    "title": "Third quarterFinancial SummaryNotice of revision of dividend forecast for fiscalPresentation Material",
    "link": "https://www.asahi-kasei.com/ir/library/financial_briefing/pdf/dec2013.pdf",
    "timestamp": "unknown"
  },
  {
    "title": "Financial Summary",
    "link": "https://www.asahi-kasei.com/ir/library/financial_briefing/pdf/dec2013.pdf",
    "timestamp": "unknown"
  },
  {
    "title": "Notice of revision of dividend forecast for fiscal",
    "link": "https://www.asahi-kasei.com/ir/library/financial_briefing/pdf/revision1402e.pdf",
    "timestamp": "unknown"
  },
  {
    "title": "Presentation Material",
    "link": "https://www.asahi-kasei.com/ir/library/financial_briefing/pdf/1312supplement.pdf",
    "timestamp": "unknown"
  },
  {
    "title": "Second quarterFinancial SummaryPresentation Material",
    "link": "https://www.asahi-kasei.com/ir/library/financial_briefing/pdf/september2013.pdf",
    "timestamp": "unknown"
  },
  {
    "title": "Financial Summary",
    "link": "https://www.asahi-kasei.com/ir/library/financial_briefing/pdf/september2013.pdf",
    "timestamp": "unknown"
  },
  {
    "title": "Presentation Material",
    "link": "https://www.asahi-kasei.com/ir/library/financial_briefing/pdf/1309supplement.pdf",
    "timestamp": "unknown"
  },
  {
    "title": "First quarterFinancial SummaryPresentation Material",
    "link": "https://www.asahi-kasei.com/ir/library/financial_briefing/pdf/june2013.pdf",
    "timestamp": "unknown"
  },
  {
    "title": "Financial Summary",
    "link": "https://www.asahi-kasei.com/ir/library/financial_briefing/pdf/june2013.pdf",
    "timestamp": "unknown"
  },
  {
    "title": "Presentation Material",
    "link": "https://www.asahi-kasei.com/ir/library/financial_briefing/pdf/1306supplement.pdf",
    "timestamp": "unknown"
  },
  {
    "title": "FiscalFinancial SummaryPresentation MaterialThird quarterFinancial SummaryPresentation MaterialSecond quarterFinancial SummaryPresentation MaterialFir",
    "link": "https://www.asahi-kasei.com/ir/library/financial_briefing/pdf/mar2013.pdf",
    "timestamp": "unknown"
  },
  {
    "title": "FiscalFinancial SummaryPresentation Material",
    "link": "https://www.asahi-kasei.com/ir/library/financial_briefing/pdf/mar2013.pdf",
    "timestamp": "unknown"
  },
  {
    "title": "Financial Summary",
    "link": "https://www.asahi-kasei.com/ir/library/financial_briefing/pdf/mar2013.pdf",
    "timestamp": "unknown"
  },
  {
    "title": "Presentation Material",
    "link": "https://www.asahi-kasei.com/ir/library/financial_briefing/pdf/1303supplement.pdf",
    "timestamp": "unknown"
  },
  {
    "title": "Third quarterFinancial SummaryPresentation Material",
    "link": "https://www.asahi-kasei.com/ir/library/financial_briefing/pdf/dec2012.pdf",
    "timestamp": "unknown"
  },
  {
    "title": "Financial Summary",
    "link": "https://www.asahi-kasei.com/ir/library/financial_briefing/pdf/dec2012.pdf",
    "timestamp": "unknown"
  },
  {
    "title": "Presentation Material",
    "link": "https://www.asahi-kasei.com/ir/library/financial_briefing/pdf/1212supplement.pdf",
    "timestamp": "unknown"
  },
  {
    "title": "Second quarterFinancial SummaryPresentation Material",
    "link": "https://www.asahi-kasei.com/ir/library/financial_briefing/pdf/september2012.pdf",
    "timestamp": "unknown"
  },
  {
    "title": "Financial Summary",
    "link": "https://www.asahi-kasei.com/ir/library/financial_briefing/pdf/september2012.pdf",
    "timestamp": "unknown"
  },
  {
    "title": "Presentation Material",
    "link": "https://www.asahi-kasei.com/ir/library/financial_briefing/pdf/1209supplement.pdf",
    "timestamp": "unknown"
  },
  {
    "title": "First quarterFinancial SummaryPresentation Material",
    "link": "https://www.asahi-kasei.com/ir/library/financial_briefing/pdf/june2012.pdf",
    "timestamp": "unknown"
  },
  {
    "title": "Financial Summary",
    "link": "https://www.asahi-kasei.com/ir/library/financial_briefing/pdf/june2012.pdf",
    "timestamp": "unknown"
  },
  {
    "title": "Presentation Material",
    "link": "https://www.asahi-kasei.com/ir/library/financial_briefing/pdf/1206supplement.pdf",
    "timestamp": "unknown"
  },
  {
    "title": "FiscalFinancial SummaryPresentation MaterialThird quarterFinancial SummaryNotice of revision of non-consolidated performance forecastPresentation Mate",
    "link": "https://www.asahi-kasei.com/ir/library/financial_briefing/pdf/mar2012.pdf",
    "timestamp": "unknown"
  },
  {
    "title": "FiscalFinancial SummaryPresentation Material",
    "link": "https://www.asahi-kasei.com/ir/library/financial_briefing/pdf/mar2012.pdf",
    "timestamp": "unknown"
  },
  {
    "title": "Financial Summary",
    "link": "https://www.asahi-kasei.com/ir/library/financial_briefing/pdf/mar2012.pdf",
    "timestamp": "unknown"
  },
  {
    "title": "Presentation Material",
    "link": "https://www.asahi-kasei.com/ir/library/financial_briefing/pdf/1203supplement.pdf",
    "timestamp": "unknown"
  },
  {
    "title": "Third quarterFinancial SummaryNotice of revision of non-consolidated performance forecastPresentation Material",
    "link": "https://www.asahi-kasei.com/ir/library/financial_briefing/pdf/december2011.pdf",
    "timestamp": "unknown"
  },
  {
    "title": "Financial Summary",
    "link": "https://www.asahi-kasei.com/ir/library/financial_briefing/pdf/december2011.pdf",
    "timestamp": "unknown"
  },
  {
    "title": "Notice of revision of non-consolidated performance forecast",
    "link": "https://www.asahi-kasei.com/ir/library/financial_briefing/pdf/revision1202e.pdf",
    "timestamp": "unknown"
  },
  {
    "title": "Presentation Material",
    "link": "https://www.asahi-kasei.com/ir/library/financial_briefing/pdf/1112supplement.pdf",
    "timestamp": "unknown"
  },
  {
    "title": "Second quarterFinancial SummaryNotice of payment of dividends from surplusPresentation Material",
    "link": "https://www.asahi-kasei.com/ir/library/financial_briefing/pdf/september2011.pdf",
    "timestamp": "unknown"
  },
  {
    "title": "Financial Summary",
    "link": "https://www.asahi-kasei.com/ir/library/financial_briefing/pdf/september2011.pdf",
    "timestamp": "unknown"
  },
  {
    "title": "Notice of payment of dividends from surplus",
    "link": "https://www.asahi-kasei.com/ir/library/financial_briefing/pdf/revision1111e.pdf",
    "timestamp": "unknown"
  },
  {
    "title": "Presentation Material",
    "link": "https://www.asahi-kasei.com/ir/library/financial_briefing/pdf/1109supplement.pdf",
    "timestamp": "unknown"
  },
  {
    "title": "First quarterFinancial SummaryPresentation Material",
    "link": "https://www.asahi-kasei.com/ir/library/financial_briefing/pdf/june2011.pdf",
    "timestamp": "unknown"
  },
  {
    "title": "Financial Summary",
    "link": "https://www.asahi-kasei.com/ir/library/financial_briefing/pdf/june2011.pdf",
    "timestamp": "unknown"
  },
  {
    "title": "Presentation Material",
    "link": "https://www.asahi-kasei.com/ir/library/financial_briefing/pdf/1106supplement.pdf",
    "timestamp": "unknown"
  },
  {
    "title": "FiscalFinancial SummaryPresentation MaterialThird quarterFinancial SummaryNotice of revision of dividend forecast for Financial SummaryPresentation Ma",
    "link": "https://www.asahi-kasei.com/ir/library/financial_briefing/pdf/mar2011.pdf",
    "timestamp": "unknown"
  },
  {
    "title": "FiscalFinancial SummaryPresentation Material",
    "link": "https://www.asahi-kasei.com/ir/library/financial_briefing/pdf/mar2011.pdf",
    "timestamp": "unknown"
  },
  {
    "title": "Financial Summary",
    "link": "https://www.asahi-kasei.com/ir/library/financial_briefing/pdf/mar2011.pdf",
    "timestamp": "unknown"
  },
  {
    "title": "Presentation Material",
    "link": "https://www.asahi-kasei.com/ir/library/financial_briefing/pdf/1103supplement.pdf",
    "timestamp": "unknown"
  },
  {
    "title": "Third quarterFinancial SummaryNotice of revision of dividend forecast for Financial SummaryPresentation Material",
    "link": "https://www.asahi-kasei.com/ir/library/financial_briefing/pdf/dec2010.pdf",
    "timestamp": "unknown"
  },
  {
    "title": "Financial Summary",
    "link": "https://www.asahi-kasei.com/ir/library/financial_briefing/pdf/dec2010.pdf",
    "timestamp": "unknown"
  },
  {
    "title": "Notice of revision of dividend forecast for Financial Summary",
    "link": "https://www.asahi-kasei.com/ir/library/financial_briefing/pdf/revision1102e.pdf",
    "timestamp": "unknown"
  },
  {
    "title": "Presentation Material",
    "link": "https://www.asahi-kasei.com/ir/library/financial_briefing/pdf/1012supplement.pdf",
    "timestamp": "unknown"
  },
  {
    "title": "Second quarterFinancial SummaryNotice of revision of performance forecastsNotice of difference in performance forecast (non-consolidated) for H1 Finan",
    "link": "https://www.asahi-kasei.com/ir/library/financial_briefing/pdf/september2010.pdf",
    "timestamp": "unknown"
  },
  {
    "title": "Financial Summary",
    "link": "https://www.asahi-kasei.com/ir/library/financial_briefing/pdf/september2010.pdf",
    "timestamp": "unknown"
  },
  {
    "title": "Notice of revision of performance forecasts",
    "link": "https://www.asahi-kasei.com/ir/library/financial_briefing/pdf/revision1011e.pdf",
    "timestamp": "unknown"
  },
  {
    "title": "Notice of difference in performance forecast (non-consolidated) for H1 Financial Summary",
    "link": "https://www.asahi-kasei.com/ir/library/financial_briefing/pdf/revision1010e.pdf",
    "timestamp": "unknown"
  },
  {
    "title": "Presentation Material",
    "link": "https://www.asahi-kasei.com/ir/library/financial_briefing/pdf/1009supplement.pdf",
    "timestamp": "unknown"
  },
  {
    "title": "First quarterFinancial SummaryNotice of revision of consolidated performance forecast for H1 Financial SummaryPresentation Material",
    "link": "https://www.asahi-kasei.com/ir/library/financial_briefing/pdf/june2010.pdf",
    "timestamp": "unknown"
  },
  {
    "title": "Financial Summary",
    "link": "https://www.asahi-kasei.com/ir/library/financial_briefing/pdf/june2010.pdf",
    "timestamp": "unknown"
  },
  {
    "title": "Notice of revision of consolidated performance forecast for H1 Financial Summary",
    "link": "https://www.asahi-kasei.com/ir/library/financial_briefing/pdf/revision1008e.pdf",
    "timestamp": "unknown"
  },
  {
    "title": "Presentation Material",
    "link": "https://www.asahi-kasei.com/ir/library/financial_briefing/pdf/1006supplement.pdf",
    "timestamp": "unknown"
  },
  {
    "title": "FiscalFinancial SummaryNotice of revision of non-consolidated performance forecastPresentation MaterialThird quarterFinancial SummaryNotice of revisio",
    "link": "https://www.asahi-kasei.com/ir/library/financial_briefing/pdf/mar2010.pdf",
    "timestamp": "unknown"
  },
  {
    "title": "FiscalFinancial SummaryNotice of revision of non-consolidated performance forecastPresentation Material",
    "link": "https://www.asahi-kasei.com/ir/library/financial_briefing/pdf/mar2010.pdf",
    "timestamp": "unknown"
  },
  {
    "title": "Financial Summary",
    "link": "https://www.asahi-kasei.com/ir/library/financial_briefing/pdf/mar2010.pdf",
    "timestamp": "unknown"
  },
  {
    "title": "Notice of revision of non-consolidated performance forecast",
    "link": "https://www.asahi-kasei.com/ir/library/financial_briefing/pdf/revision1004e.pdf",
    "timestamp": "unknown"
  },
  {
    "title": "Presentation Material",
    "link": "https://www.asahi-kasei.com/ir/library/financial_briefing/pdf/1003supplement.pdf",
    "timestamp": "unknown"
  },
  {
    "title": "Third quarterFinancial SummaryNotice of revision of consolidated performance forecastPresentation Material",
    "link": "https://www.asahi-kasei.com/ir/library/financial_briefing/pdf/dec2009.pdf",
    "timestamp": "unknown"
  },
  {
    "title": "Financial Summary",
    "link": "https://www.asahi-kasei.com/ir/library/financial_briefing/pdf/dec2009.pdf",
    "timestamp": "unknown"
  },
  {
    "title": "Notice of revision of consolidated performance forecast",
    "link": "https://www.asahi-kasei.com/ir/library/financial_briefing/pdf/revision1002e.pdf",
    "timestamp": "unknown"
  },
  {
    "title": "Presentation Material",
    "link": "https://www.asahi-kasei.com/ir/library/financial_briefing/pdf/0912supplement.pdf",
    "timestamp": "unknown"
  },
  {
    "title": "Second quarterFinancial SummaryNotice of revision of performance forecastsNotice of differences with performance forecasts (consolidated and non-conso",
    "link": "https://www.asahi-kasei.com/ir/library/financial_briefing/pdf/September2009.pdf",
    "timestamp": "unknown"
  },
  {
    "title": "Financial Summary",
    "link": "https://www.asahi-kasei.com/ir/library/financial_briefing/pdf/September2009.pdf",
    "timestamp": "unknown"
  },
  {
    "title": "Notice of revision of performance forecasts",
    "link": "https://www.asahi-kasei.com/ir/library/financial_briefing/pdf/revision0911e.pdf",
    "timestamp": "unknown"
  },
  {
    "title": "Notice of differences with performance forecasts (consolidated and non-consolidated) for the first half of Financial Summary",
    "link": "https://www.asahi-kasei.com/ir/library/financial_briefing/pdf/revision0910e.pdf",
    "timestamp": "unknown"
  },
  {
    "title": "Presentation Material",
    "link": "https://www.asahi-kasei.com/ir/library/financial_briefing/pdf/0909supplement.pdf",
    "timestamp": "unknown"
  },
  {
    "title": "First quarterFinancial SummaryPresentation Material",
    "link": "https://www.asahi-kasei.com/ir/library/financial_briefing/pdf/june2009.pdf",
    "timestamp": "unknown"
  },
  {
    "title": "Financial Summary",
    "link": "https://www.asahi-kasei.com/ir/library/financial_briefing/pdf/june2009.pdf",
    "timestamp": "unknown"
  },
  {
    "title": "Presentation Material",
    "link": "https://www.asahi-kasei.com/ir/library/financial_briefing/pdf/0906supplement.pdf",
    "timestamp": "unknown"
  },
  {
    "title": "FiscalFinancial SummaryCorrection of \"Notice of revision of performance forecasts\"Notice of revision of performance forecastsPresentation MaterialThir",
    "link": "https://www.asahi-kasei.com/ir/library/financial_briefing/pdf/mar2009.pdf",
    "timestamp": "unknown"
  },
  {
    "title": "FiscalFinancial SummaryCorrection of \"Notice of revision of performance forecasts\"Notice of revision of performance forecastsPresentation Material",
    "link": "https://www.asahi-kasei.com/ir/library/financial_briefing/pdf/mar2009.pdf",
    "timestamp": "unknown"
  },
  {
    "title": "Financial Summary",
    "link": "https://www.asahi-kasei.com/ir/library/financial_briefing/pdf/mar2009.pdf",
    "timestamp": "unknown"
  },
  {
    "title": "Correction of \"Notice of revision of performance forecasts\"",
    "link": "https://www.asahi-kasei.com/ir/library/financial_briefing/pdf/revision0904e_2.pdf",
    "timestamp": "unknown"
  },
  {
    "title": "Notice of revision of performance forecasts",
    "link": "https://www.asahi-kasei.com/ir/library/financial_briefing/pdf/revision0904e.pdf",
    "timestamp": "unknown"
  },
  {
    "title": "Presentation Material",
    "link": "https://www.asahi-kasei.com/ir/library/financial_briefing/pdf/0903supplement.pdf",
    "timestamp": "unknown"
  },
  {
    "title": "Third quarterFinancial SummaryPresentation Material",
    "link": "https://www.asahi-kasei.com/ir/library/financial_briefing/pdf/dec2008.pdf",
    "timestamp": "unknown"
  },
  {
    "title": "Financial Summary",
    "link": "https://www.asahi-kasei.com/ir/library/financial_briefing/pdf/dec2008.pdf",
    "timestamp": "unknown"
  },
  {
    "title": "Presentation Material",
    "link": "https://www.asahi-kasei.com/ir/library/financial_briefing/pdf/0812supplement.pdf",
    "timestamp": "unknown"
  },
  {
    "title": "Second quarterFinancial SummaryPresentation Material",
    "link": "https://www.asahi-kasei.com/ir/library/financial_briefing/pdf/September2008.pdf",
    "timestamp": "unknown"
  },
  {
    "title": "Financial Summary",
    "link": "https://www.asahi-kasei.com/ir/library/financial_briefing/pdf/September2008.pdf",
    "timestamp": "unknown"
  },
  {
    "title": "Presentation Material",
    "link": "https://www.asahi-kasei.com/ir/library/financial_briefing/pdf/0809supplement.pdf",
    "timestamp": "unknown"
  },
  {
    "title": "First quarterFinancial SummaryPresentation Material",
    "link": "https://www.asahi-kasei.com/ir/library/financial_briefing/pdf/june2008.pdf",
    "timestamp": "unknown"
  },
  {
    "title": "Financial Summary",
    "link": "https://www.asahi-kasei.com/ir/library/financial_briefing/pdf/june2008.pdf",
    "timestamp": "unknown"
  },
  {
    "title": "Presentation Material",
    "link": "https://www.asahi-kasei.com/ir/library/financial_briefing/pdf/0806supplement.pdf",
    "timestamp": "unknown"
  },
  {
    "title": "FiscalFinancial SummaryPresentation MaterialThird quarterFinancial SummaryNotice of revision of forecast resultsPresentation MaterialFirst halfFinanci",
    "link": "https://www.asahi-kasei.com/ir/library/financial_briefing/pdf/march2008.pdf",
    "timestamp": "unknown"
  },
  {
    "title": "FiscalFinancial SummaryPresentation Material",
    "link": "https://www.asahi-kasei.com/ir/library/financial_briefing/pdf/march2008.pdf",
    "timestamp": "unknown"
  },
  {
    "title": "Financial Summary",
    "link": "https://www.asahi-kasei.com/ir/library/financial_briefing/pdf/march2008.pdf",
    "timestamp": "unknown"
  },
  {
    "title": "Presentation Material",
    "link": "https://www.asahi-kasei.com/ir/library/financial_briefing/pdf/0803supplement.pdf",
    "timestamp": "unknown"
  },
  {
    "title": "Third quarterFinancial SummaryNotice of revision of forecast resultsPresentation Material",
    "link": "https://www.asahi-kasei.com/ir/library/financial_briefing/pdf/dec2007.pdf",
    "timestamp": "unknown"
  },
  {
    "title": "Financial Summary",
    "link": "https://www.asahi-kasei.com/ir/library/financial_briefing/pdf/dec2007.pdf",
    "timestamp": "unknown"
  },
  {
    "title": "Notice of revision of forecast results",
    "link": "https://www.asahi-kasei.co.jp/asahi/en/news//e071212.html",
    "timestamp": "unknown"
  },
  {
    "title": "Presentation Material",
    "link": "https://www.asahi-kasei.com/ir/library/financial_briefing/pdf/0712supplement.pdf",
    "timestamp": "unknown"
  },
  {
    "title": "First halfFinancial Summary, revisedFinancial SummaryPresentation Material",
    "link": "https://www.asahi-kasei.com/ir/library/financial_briefing/pdf/revised_30_september2007.pdf",
    "timestamp": "unknown"
  },
  {
    "title": "Financial Summary, revised",
    "link": "https://www.asahi-kasei.com/ir/library/financial_briefing/pdf/revised_30_september2007.pdf",
    "timestamp": "unknown"
  },
  {
    "title": "Financial Summary",
    "link": "https://www.asahi-kasei.com/ir/library/financial_briefing/pdf/September2007.pdf",
    "timestamp": "unknown"
  },
  {
    "title": "Presentation Material",
    "link": "https://www.asahi-kasei.com/ir/library/financial_briefing/pdf/0710supplement.pdf",
    "timestamp": "unknown"
  },
  {
    "title": "First quarterFinancial SummaryPresentation Material",
    "link": "https://www.asahi-kasei.com/ir/library/financial_briefing/pdf/June2007.pdf",
    "timestamp": "unknown"
  },
  {
    "title": "Financial Summary",
    "link": "https://www.asahi-kasei.com/ir/library/financial_briefing/pdf/June2007.pdf",
    "timestamp": "unknown"
  },
  {
    "title": "Presentation Material",
    "link": "https://www.asahi-kasei.com/ir/library/financial_briefing/pdf/0706supplement.pdf",
    "timestamp": "unknown"
  },
  {
    "title": "FiscalFinancial SummaryPresentation MaterialThird quarterFinancial SummaryPresentation MaterialFirst halfFinancial SummaryPresentation MaterialFirst q",
    "link": "https://www.asahi-kasei.com/ir/library/financial_briefing/pdf/March2007.pdf",
    "timestamp": "unknown"
  },
  {
    "title": "FiscalFinancial SummaryPresentation Material",
    "link": "https://www.asahi-kasei.com/ir/library/financial_briefing/pdf/March2007.pdf",
    "timestamp": "unknown"
  },
  {
    "title": "Financial Summary",
    "link": "https://www.asahi-kasei.com/ir/library/financial_briefing/pdf/March2007.pdf",
    "timestamp": "unknown"
  },
  {
    "title": "Presentation Material",
    "link": "https://www.asahi-kasei.com/ir/library/financial_briefing/pdf/0703supplement.pdf",
    "timestamp": "unknown"
  },
  {
    "title": "Third quarterFinancial SummaryPresentation Material",
    "link": "https://www.asahi-kasei.com/ir/library/financial_briefing/pdf/December2006.pdf",
    "timestamp": "unknown"
  },
  {
    "title": "Financial Summary",
    "link": "https://www.asahi-kasei.com/ir/library/financial_briefing/pdf/December2006.pdf",
    "timestamp": "unknown"
  },
  {
    "title": "Presentation Material",
    "link": "https://www.asahi-kasei.com/ir/library/financial_briefing/pdf/0612supplement.pdf",
    "timestamp": "unknown"
  },
  {
    "title": "First halfFinancial SummaryPresentation Material",
    "link": "https://www.asahi-kasei.com/ir/library/financial_briefing/pdf/September2006.pdf",
    "timestamp": "unknown"
  },
  {
    "title": "Financial Summary",
    "link": "https://www.asahi-kasei.com/ir/library/financial_briefing/pdf/September2006.pdf",
    "timestamp": "unknown"
  },
  {
    "title": "Presentation Material",
    "link": "https://www.asahi-kasei.com/ir/library/financial_briefing/pdf/0609supplement.pdf",
    "timestamp": "unknown"
  },
  {
    "title": "First quarterFinancial SummaryPresentation Material",
    "link": "https://www.asahi-kasei.com/ir/library/financial_briefing/pdf/June2006.pdf",
    "timestamp": "unknown"
  },
  {
    "title": "Financial Summary",
    "link": "https://www.asahi-kasei.com/ir/library/financial_briefing/pdf/June2006.pdf",
    "timestamp": "unknown"
  },
  {
    "title": "Presentation Material",
    "link": "https://www.asahi-kasei.com/ir/library/financial_briefing/pdf/0606supplement.pdf",
    "timestamp": "unknown"
  },
  {
    "title": "Adobe Reader is required to view these PDF files.Click here to download.",
    "link": "https://get.adobe.com/reader/?loc=en",
    "timestamp": "unknown"
  },
  {
    "title": "IR Library",
    "link": "https://www.asahi-kasei.com/ir/library/",
    "timestamp": "unknown"
  },
  {
    "title": "At a Glance",
    "link": "https://www.asahi-kasei.com/ir/glance/",
    "timestamp": "unknown"
  },
  {
    "title": "Asahi Kasei all around",
    "link": "https://www.asahi-kasei.com/ir/life/home/",
    "timestamp": "unknown"
  },
  {
    "title": "IR Calendar",
    "link": "https://www.asahi-kasei.com/ir/calendar/",
    "timestamp": "unknown"
  },
  {
    "title": "Securities Information",
    "link": "https://www.asahi-kasei.com/ir/stock_information/",
    "timestamp": "unknown"
  },
  {
    "title": "Page top",
    "link": "https://www.asahi-kasei.com/ir/library/financial_briefing/#page",
    "timestamp": "unknown"
  },
  {
    "title": "CompanyMessage from the PresidentCorporate ProfileCorporate OfficersGroup PhilosophyMedium-term Management PlanCorporate GovernanceGroup CompaniesAsah",
    "link": "https://www.asahi-kasei.com/company/",
    "timestamp": "unknown"
  },
  {
    "title": "Message from the President",
    "link": "https://www.asahi-kasei.com/company/message/",
    "timestamp": "unknown"
  },
  {
    "title": "Corporate Profile",
    "link": "https://www.asahi-kasei.com/company/profile/",
    "timestamp": "unknown"
  },
  {
    "title": "Corporate Officers",
    "link": "https://www.asahi-kasei.com/company/officer/",
    "timestamp": "unknown"
  },
  {
    "title": "Group Philosophy",
    "link": "https://www.asahi-kasei.com/company/vision/",
    "timestamp": "unknown"
  },
  {
    "title": "Medium-term Management Plan",
    "link": "https://www.asahi-kasei.com/company/strategy/",
    "timestamp": "unknown"
  },
  {
    "title": "Corporate Governance",
    "link": "https://www.asahi-kasei.com/sustainability/governance/cg/",
    "timestamp": "unknown"
  },
  {
    "title": "Group Companies",
    "link": "https://www.asahi-kasei.com/company/subsidiaries/",
    "timestamp": "unknown"
  },
  {
    "title": "Asahi Kasei Worldwide",
    "link": "https://www.asahi-kasei.com/company/facilities/",
    "timestamp": "unknown"
  },
  {
    "title": "History of Asahi Kasei",
    "link": "https://www.asahi-kasei.com/company/history/",
    "timestamp": "unknown"
  },
  {
    "title": "ProductsMaterial sectorHomes sectorHealthcare sectorSearch for products",
    "link": "https://www.asahi-kasei.com/services_products/",
    "timestamp": "unknown"
  },
  {
    "title": "Material sector",
    "link": "https://www.asahi-kasei.com/services_products/material/",
    "timestamp": "unknown"
  },
  {
    "title": "Homes sector",
    "link": "https://www.asahi-kasei.com/services_products/homes_construction/",
    "timestamp": "unknown"
  },
  {
    "title": "Healthcare sector",
    "link": "https://www.asahi-kasei.com/services_products/health_care/",
    "timestamp": "unknown"
  },
  {
    "title": "Search for products",
    "link": "https://www.asahi-kasei.com/services_products/search/",
    "timestamp": "unknown"
  },
  {
    "title": "R&DR&D OrganizationR&D StrategyIP StrategyIntellectual Property ReportAwards and recognitionsOpen Innovation",
    "link": "https://www.asahi-kasei.com/r_and_d/",
    "timestamp": "unknown"
  },
  {
    "title": "R&D Organization",
    "link": "https://www.asahi-kasei.com/r_and_d/organization/",
    "timestamp": "unknown"
  },
  {
    "title": "R&D Strategy",
    "link": "https://www.asahi-kasei.com/r_and_d/strategy/",
    "timestamp": "unknown"
  },
  {
    "title": "IP Strategy",
    "link": "https://www.asahi-kasei.com/r_and_d/intellectual_asset/",
    "timestamp": "unknown"
  },
  {
    "title": "Intellectual Property Report",
    "link": "https://www.asahi-kasei.com/r_and_d/intellectual_asset_report/",
    "timestamp": "unknown"
  },
  {
    "title": "Awards and recognitions",
    "link": "https://www.asahi-kasei.com/r_and_d/award/",
    "timestamp": "unknown"
  },
  {
    "title": "Open Innovation",
    "link": "https://www.asahi-kasei.com/r_and_d/oi/",
    "timestamp": "unknown"
  },
  {
    "title": "For InvestorsIR LibraryAt a GlanceAsahi Kasei all aroundIR CalendarSecurities Information",
    "link": "https://www.asahi-kasei.com/ir/",
    "timestamp": "unknown"
  },
  {
    "title": "IR Library",
    "link": "https://www.asahi-kasei.com/ir/library/",
    "timestamp": "unknown"
  },
  {
    "title": "At a Glance",
    "link": "https://www.asahi-kasei.com/ir/glance/",
    "timestamp": "unknown"
  },
  {
    "title": "Asahi Kasei all around",
    "link": "https://www.asahi-kasei.com/ir/life/home/",
    "timestamp": "unknown"
  },
  {
    "title": "IR Calendar",
    "link": "https://www.asahi-kasei.com/ir/library/",
    "timestamp": "unknown"
  },
  {
    "title": "Securities Information",
    "link": "https://www.asahi-kasei.com/ir/stock_information/",
    "timestamp": "unknown"
  },
  {
    "title": "Management Message",
    "link": "https://www.asahi-kasei.com/sustainability/statement/",
    "timestamp": "unknown"
  },
  {
    "title": "Sustainability Vision",
    "link": "https://www.asahi-kasei.com/sustainability/about_sustainability/",
    "timestamp": "unknown"
  },
  {
    "title": "Sustainability Management",
    "link": "https://www.asahi-kasei.com/sustainability/management/",
    "timestamp": "unknown"
  },
  {
    "title": "Contribution through Business Activities",
    "link": "https://www.asahi-kasei.com/sustainability/contribution/",
    "timestamp": "unknown"
  },
  {
    "title": "Environment",
    "link": "https://www.asahi-kasei.com/sustainability/environment/",
    "timestamp": "unknown"
  },
  {
    "title": "Society",
    "link": "https://www.asahi-kasei.com/sustainability/social/",
    "timestamp": "unknown"
  },
  {
    "title": "Governance",
    "link": "https://www.asahi-kasei.com/sustainability/governance/",
    "timestamp": "unknown"
  }
]