[
  {
    "title": "SearchSearchTop MenuAboutCorporate Strategic PlanCorporate Strategic Plan  (CSP2021) maps the next five years of our journey.Read MoreFrom the CEOPhil",
    "link": "https://www.astellas.com/en/investors/ir-library/business-results",
    "timestamp": "unknown"
  },
  {
    "title": "SearchSearch",
    "link": "https://www.astellas.com/en/investors/ir-library/business-results",
    "timestamp": "unknown"
  },
  {
    "title": "Search",
    "link": "https://www.astellas.com/en/investors/ir-library/business-results",
    "timestamp": "unknown"
  },
  {
    "title": "Search",
    "link": "https://www.astellas.com/en/investors/ir-library/business-results",
    "timestamp": "unknown"
  },
  {
    "title": "Top MenuAboutCorporate Strategic PlanCorporate Strategic Plan  (CSP2021) maps the next five years of our journey.Read MoreFrom the CEOPhilosophyAstell",
    "link": "javascript:;",
    "timestamp": "unknown"
  },
  {
    "title": "Top MenuAboutCorporate Strategic PlanCorporate Strategic Plan  (CSP2021) maps the next five years of our journey.Read MoreFrom the CEOPhilosophyAstell",
    "link": "javascript:;",
    "timestamp": "unknown"
  },
  {
    "title": "Top MenuAboutCorporate Strategic PlanCorporate Strategic Plan  (CSP2021) maps the next five years of our journey.Read MoreFrom the CEOPhilosophyAstell",
    "link": "javascript:;",
    "timestamp": "unknown"
  },
  {
    "title": "Corporate Strategic PlanCorporate Strategic Plan  (CSP2021) maps the next five years of our journey.Read MoreFrom the CEOPhilosophyAstellas Charter of",
    "link": "https://www.astellas.com/en/investors/strategic-plan",
    "timestamp": "unknown"
  },
  {
    "title": "Corporate Strategic PlanCorporate Strategic Plan  (CSP2021) maps the next five years of our journey.Read MoreFrom the CEOPhilosophyAstellas Charter of",
    "link": "https://www.astellas.com/en/investors/strategic-plan",
    "timestamp": "unknown"
  },
  {
    "title": "Corporate Strategic PlanCorporate Strategic Plan  (CSP2021) maps the next five years of our journey.Read More",
    "link": "https://www.astellas.com/en/investors/strategic-plan",
    "timestamp": "unknown"
  },
  {
    "title": "Corporate Strategic PlanCorporate Strategic Plan  (CSP2021) maps the next five years of our journey.Read More",
    "link": "https://www.astellas.com/en/investors/strategic-plan",
    "timestamp": "unknown"
  },
  {
    "title": "From the CEOPhilosophyAstellas Charter of Corporate Conduct, Group Code of ConductVISIONAt a GlanceSubsidiaries & LocationsOur BusinessMain ProductsHi",
    "link": "https://www.astellas.com/en/about/message",
    "timestamp": "unknown"
  },
  {
    "title": "From the CEO",
    "link": "https://www.astellas.com/en/about/message",
    "timestamp": "unknown"
  },
  {
    "title": "PhilosophyAstellas Charter of Corporate Conduct, Group Code of Conduct",
    "link": "https://www.astellas.com/en/about/philosophy",
    "timestamp": "unknown"
  },
  {
    "title": "Astellas Charter of Corporate Conduct, Group Code of Conduct",
    "link": "https://www.astellas.com/en/about/charter-of-corporate-conduct-group-code-of-conduct",
    "timestamp": "unknown"
  },
  {
    "title": "VISION",
    "link": "https://www.astellas.com/en/about/vision",
    "timestamp": "unknown"
  },
  {
    "title": "At a GlanceSubsidiaries & LocationsOur BusinessMain ProductsHistoryManagement",
    "link": "https://www.astellas.com/en/about/corporate-information",
    "timestamp": "unknown"
  },
  {
    "title": "Subsidiaries & Locations",
    "link": "https://www.astellas.com/en/about/subsidiaries-and-locations",
    "timestamp": "unknown"
  },
  {
    "title": "Our Business",
    "link": "https://www.astellas.com/en/about/our-business",
    "timestamp": "unknown"
  },
  {
    "title": "Main Products",
    "link": "https://www.astellas.com/en/about/main-products",
    "timestamp": "unknown"
  },
  {
    "title": "History",
    "link": "https://www.astellas.com/en/about/history",
    "timestamp": "unknown"
  },
  {
    "title": "Management",
    "link": "https://www.astellas.com/en/about/management",
    "timestamp": "unknown"
  },
  {
    "title": "Board of Directors",
    "link": "https://www.astellas.com/en/about/board-of-directors",
    "timestamp": "unknown"
  },
  {
    "title": "Global Management Structure",
    "link": "https://www.astellas.com/en/about/top-management",
    "timestamp": "unknown"
  },
  {
    "title": "Corporate Governance MaterialsRisk Management",
    "link": "https://www.astellas.com/en/about/governance",
    "timestamp": "unknown"
  },
  {
    "title": "Risk Management",
    "link": "https://www.astellas.com/en/about/risk-management",
    "timestamp": "unknown"
  },
  {
    "title": "Policies & Position Statements",
    "link": "https://www.astellas.com/en/about/policies-and-position-statements",
    "timestamp": "unknown"
  },
  {
    "title": "Ethics & ComplianceStructure to Promote Ethics and CompliancePrimary Areas of FocusElements of Astellas\u2019 Global Ethics & Compliance ProgramEnhancing a",
    "link": "https://www.astellas.com/en/about/ethics-compliance",
    "timestamp": "unknown"
  },
  {
    "title": "Structure to Promote Ethics and Compliance",
    "link": "https://www.astellas.com/en/about/structure-to-promote",
    "timestamp": "unknown"
  },
  {
    "title": "Primary Areas of Focus",
    "link": "https://www.astellas.com/en/about/primary-areas-of-focus",
    "timestamp": "unknown"
  },
  {
    "title": "Elements of Astellas\u2019 Global Ethics & Compliance Program",
    "link": "https://www.astellas.com/en/about/elements-of-astellas-global-ethics-compliance-program",
    "timestamp": "unknown"
  },
  {
    "title": "Enhancing and Sustaining an Ethical and Compliant Culture at Astellas",
    "link": "https://www.astellas.com/en/about/enhancing-and-sustaining-an-ethical-and-compliant-culture-at-astellas",
    "timestamp": "unknown"
  },
  {
    "title": "Top MenuInnovationInnovationWe pursue cutting-edge science to continuously provide innovative treatment options.Read MoreR\uff06D StrategyDrug ResearchAste",
    "link": "javascript:;",
    "timestamp": "unknown"
  },
  {
    "title": "InnovationWe pursue cutting-edge science to continuously provide innovative treatment options.Read MoreR\uff06D StrategyDrug ResearchAstellas Institute for",
    "link": "https://www.astellas.com/en/innovation",
    "timestamp": "unknown"
  },
  {
    "title": "InnovationWe pursue cutting-edge science to continuously provide innovative treatment options.Read MoreR\uff06D StrategyDrug ResearchAstellas Institute for",
    "link": "https://www.astellas.com/en/innovation",
    "timestamp": "unknown"
  },
  {
    "title": "InnovationWe pursue cutting-edge science to continuously provide innovative treatment options.Read More",
    "link": "https://www.astellas.com/en/innovation",
    "timestamp": "unknown"
  },
  {
    "title": "InnovationWe pursue cutting-edge science to continuously provide innovative treatment options.Read More",
    "link": "https://www.astellas.com/en/innovation",
    "timestamp": "unknown"
  },
  {
    "title": "R\uff06D StrategyDrug ResearchAstellas Institute for Regenerative MedicineUniversal CellsXyphos BiosciencesImmuno-OncologyAstellas Gene TherapiesEngineered",
    "link": "https://www.astellas.com/en/innovation/rd-strategy",
    "timestamp": "unknown"
  },
  {
    "title": "R\uff06D StrategyDrug ResearchAstellas Institute for Regenerative MedicineUniversal CellsXyphos BiosciencesImmuno-OncologyAstellas Gene TherapiesEngineered",
    "link": "https://www.astellas.com/en/innovation/rd-strategy",
    "timestamp": "unknown"
  },
  {
    "title": "Drug ResearchAstellas Institute for Regenerative MedicineUniversal CellsXyphos BiosciencesImmuno-OncologyAstellas Gene TherapiesEngineered Small Molec",
    "link": "https://www.astellas.com/en/innovation/astellas-institute-for-regenerative-medicine",
    "timestamp": "unknown"
  },
  {
    "title": "Astellas Institute for Regenerative Medicine",
    "link": "https://www.astellas.com/en/innovation/astellas-institute-for-regenerative-medicine",
    "timestamp": "unknown"
  },
  {
    "title": "Universal Cells",
    "link": "https://universalcells.com/",
    "timestamp": "unknown"
  },
  {
    "title": "Xyphos Biosciences",
    "link": "https://xyphosinc.com/",
    "timestamp": "unknown"
  },
  {
    "title": "Immuno-Oncology",
    "link": "https://www.astellas.com/en/innovation/immuno-oncology",
    "timestamp": "unknown"
  },
  {
    "title": "Astellas Gene Therapies",
    "link": "https://www.astellasgenetherapies.com/",
    "timestamp": "unknown"
  },
  {
    "title": "Engineered Small Molecules",
    "link": "https://www.astellas.com/en/innovation/engineered-small-molecules",
    "timestamp": "unknown"
  },
  {
    "title": "Drug Discovery Platform",
    "link": "https://www.astellas.com/en/innovation/drug-discovery-platform-research",
    "timestamp": "unknown"
  },
  {
    "title": "Translational Research",
    "link": "https://www.astellas.com/en/innovation/translational-research",
    "timestamp": "unknown"
  },
  {
    "title": "Regulatory Science",
    "link": "https://www.astellas.com/en/innovation/regulatory-science",
    "timestamp": "unknown"
  },
  {
    "title": "Major Pipeline",
    "link": "https://www.astellas.com/en/innovation/pipeline",
    "timestamp": "unknown"
  },
  {
    "title": "Clinical Trials",
    "link": "https://www.astellas.com/en/innovation/clinical-trials",
    "timestamp": "unknown"
  },
  {
    "title": "Investigator Sponsored Research",
    "link": "https://www.astellas.com/en/innovation/investigator-sponsored-research",
    "timestamp": "unknown"
  },
  {
    "title": "Grants for Education and General ResearchGrants to HCOs to Support HCP Attendance at Congresses",
    "link": "https://www.astellas.com/en/innovation/grants-for-education-and-general-research",
    "timestamp": "unknown"
  },
  {
    "title": "Grants to HCOs to Support HCP Attendance at Congresses",
    "link": "https://www.astellas.com/en/innovation/grants-for-education-and-general-research/grants-to-hcos-to-support-hcp-attendance-at-congresses",
    "timestamp": "unknown"
  },
  {
    "title": "Areas of InterestPrimary FocusGenetic RegulationImmuno-OncologyBlindness & RegenerationTargeted Protein DegradationCell Therapy",
    "link": "https://www.astellas.com/en/innovation/areas-of-interest",
    "timestamp": "unknown"
  },
  {
    "title": "Primary FocusGenetic RegulationImmuno-OncologyBlindness & RegenerationTargeted Protein Degradation",
    "link": "https://www.astellas.com/en/innovation/primary-focus-genetic-regulation",
    "timestamp": "unknown"
  },
  {
    "title": "Genetic Regulation",
    "link": "https://www.astellas.com/en/innovation/primary-focus-genetic-regulation",
    "timestamp": "unknown"
  },
  {
    "title": "Immuno-Oncology",
    "link": "https://www.astellas.com/en/innovation/primary-focus-immuno-oncology",
    "timestamp": "unknown"
  },
  {
    "title": "Blindness & Regeneration",
    "link": "https://www.astellas.com/en/innovation/primary-focus-blindness-regeneration",
    "timestamp": "unknown"
  },
  {
    "title": "Targeted Protein Degradation",
    "link": "https://www.astellas.com/en/innovation/primary-focus-targeted-protein-degradation",
    "timestamp": "unknown"
  },
  {
    "title": "Cell Therapy",
    "link": "https://www.astellas.com/en/innovation/cell-therapy",
    "timestamp": "unknown"
  },
  {
    "title": "Digital TransformationDX Initiatives Throughout the Value ChainData, Information and Advanced Analytics",
    "link": "https://www.astellas.com/en/innovation/digital-transformation",
    "timestamp": "unknown"
  },
  {
    "title": "DX Initiatives Throughout the Value Chain",
    "link": "https://www.astellas.com/en/innovation/dx-initiatives-throughout-the-value-chain",
    "timestamp": "unknown"
  },
  {
    "title": "Data, Information and Advanced Analytics",
    "link": "https://www.astellas.com/en/innovation/data-information-and-advanced-analytics",
    "timestamp": "unknown"
  },
  {
    "title": "New Healthcare Solutions Beyond Medicine (Rx+\u00ae)Leading ProgramsInvestigational Near-Infrared Fluorescence Imaging AgentClinically Relevant Holistic So",
    "link": "https://www.astellas.com/en/innovation/rx-plus",
    "timestamp": "unknown"
  },
  {
    "title": "Leading ProgramsInvestigational Near-Infrared Fluorescence Imaging AgentClinically Relevant Holistic Solutions Mobile Healthcare ApplicationNew Digita",
    "link": "https://www.astellas.com/en/innovation/leading-programs",
    "timestamp": "unknown"
  },
  {
    "title": "Investigational Near-Infrared Fluorescence Imaging Agent",
    "link": "https://www.astellas.com/en/innovation/investigational-near-infrared-fluorescence-imaging-agent",
    "timestamp": "unknown"
  },
  {
    "title": "Clinically Relevant Holistic Solutions Mobile Healthcare Application",
    "link": "https://www.astellas.com/en/innovation/clinically-relevant-holistic-solutions-mobile-healthcare-application",
    "timestamp": "unknown"
  },
  {
    "title": "New Digital Solution for Heart Failure Patients on the Horizon",
    "link": "https://www.astellas.com/en/innovation/new_digital_therapeutic_for_heart_failure_patients_on_the_horizon",
    "timestamp": "unknown"
  },
  {
    "title": "Open Innovation in Drug Discovery ResearchOur Philosophy of Open InnovationOur LabsSakuLab-TsukubaTME iLabSakuLab-Cambridge MA",
    "link": "https://www.astellas.com/en/innovation/open-innovation",
    "timestamp": "unknown"
  },
  {
    "title": "Our Philosophy of Open Innovation",
    "link": "https://www.astellas.com/en/innovation/open-innovation/philosophy-open-innovation",
    "timestamp": "unknown"
  },
  {
    "title": "Our LabsSakuLab-TsukubaTME iLabSakuLab-Cambridge MA",
    "link": "https://www.astellas.com/en/innovation/open-innovation/labs/tsukuba",
    "timestamp": "unknown"
  },
  {
    "title": "SakuLab-Tsukuba",
    "link": "https://www.astellas.com/en/innovation/open-innovation/labs/tsukuba",
    "timestamp": "unknown"
  },
  {
    "title": "TME iLab",
    "link": "https://www.astellas.com/en/innovation/open-innovation/labs/tme-ilab",
    "timestamp": "unknown"
  },
  {
    "title": "SakuLab-Cambridge MA",
    "link": "https://www.astellas.com/en/innovation/open-innovation/labs/cambridge",
    "timestamp": "unknown"
  },
  {
    "title": "Partnering",
    "link": "https://www.astellas.com/en/partnering",
    "timestamp": "unknown"
  },
  {
    "title": "Top MenuInvestorsInvestor RelationsYou can access to IR related information including IR Library, Financial Information, Corporate Strategic Plan.Read",
    "link": "javascript:;",
    "timestamp": "unknown"
  },
  {
    "title": "Investor RelationsYou can access to IR related information including IR Library, Financial Information, Corporate Strategic Plan.Read MoreTopicsCorpor",
    "link": "https://www.astellas.com/en/investors",
    "timestamp": "unknown"
  },
  {
    "title": "Investor RelationsYou can access to IR related information including IR Library, Financial Information, Corporate Strategic Plan.Read MoreTopicsCorpor",
    "link": "https://www.astellas.com/en/investors",
    "timestamp": "unknown"
  },
  {
    "title": "Investor RelationsYou can access to IR related information including IR Library, Financial Information, Corporate Strategic Plan.Read More",
    "link": "https://www.astellas.com/en/investors",
    "timestamp": "unknown"
  },
  {
    "title": "Investor RelationsYou can access to IR related information including IR Library, Financial Information, Corporate Strategic Plan.Read More",
    "link": "https://www.astellas.com/en/investors",
    "timestamp": "unknown"
  },
  {
    "title": "TopicsCorporate Strategic PlanIntegrated ReportArchivesAstellas\u2019 ESG InitiativesAction to Implement Management that is Conscious of Cost of Capital an",
    "link": "https://www.astellas.com/en/investors/strategic-plan",
    "timestamp": "unknown"
  },
  {
    "title": "TopicsCorporate Strategic PlanIntegrated ReportArchivesAstellas\u2019 ESG InitiativesAction to Implement Management that is Conscious of Cost of Capital an",
    "link": "https://www.astellas.com/en/investors/strategic-plan",
    "timestamp": "unknown"
  },
  {
    "title": "Corporate Strategic Plan",
    "link": "https://www.astellas.com/en/investors/strategic-plan",
    "timestamp": "unknown"
  },
  {
    "title": "Integrated ReportArchives",
    "link": "https://www.astellas.com/en/investors/integrated-report",
    "timestamp": "unknown"
  },
  {
    "title": "Archives",
    "link": "https://www.astellas.com/en/investors/integrated-report/archives",
    "timestamp": "unknown"
  },
  {
    "title": "Astellas\u2019 ESG Initiatives",
    "link": "https://www.astellas.com/en/investors/astellas-esg-initiatives",
    "timestamp": "unknown"
  },
  {
    "title": "Action to Implement Management that is Conscious of Cost of Capital and Stock Price",
    "link": "https://www.astellas.com/en/investors/enhancement",
    "timestamp": "unknown"
  },
  {
    "title": "Financial Information",
    "link": "https://www.astellas.com/en/investors/financial-information",
    "timestamp": "unknown"
  },
  {
    "title": "IR LibraryBusiness ResultsOverview of R&D PipelineIR MeetingsConsolidated Financial Statements and FootnotesCorporate Governance Materials",
    "link": "https://www.astellas.com/en/investors/ir-library",
    "timestamp": "unknown"
  },
  {
    "title": "Business Results",
    "link": "https://www.astellas.com/en/investors/ir-library/business-results",
    "timestamp": "unknown"
  },
  {
    "title": "Overview of R&D Pipeline",
    "link": "https://www.astellas.com/en/investors/ir-library/pipeline",
    "timestamp": "unknown"
  },
  {
    "title": "IR Meetings",
    "link": "https://www.astellas.com/en/investors/ir-library/ir-meetings",
    "timestamp": "unknown"
  },
  {
    "title": "Consolidated Financial Statements and Footnotes",
    "link": "https://www.astellas.com/en/investors/consolidated-financial-statements-and-footnotes",
    "timestamp": "unknown"
  },
  {
    "title": "Corporate Governance Materials",
    "link": "https://www.astellas.com/en/about/governance",
    "timestamp": "unknown"
  },
  {
    "title": "IR Calendar",
    "link": "https://www.astellas.com/en/investors/ir-calendar",
    "timestamp": "unknown"
  },
  {
    "title": "Stock & Rating InformationShareholders MeetingShareholder ReturnCurrent Share StatusChartIssuer RatingAnalyst Coverage",
    "link": "https://www.astellas.com/en/investors/stock-rating-information",
    "timestamp": "unknown"
  },
  {
    "title": "Shareholders Meeting",
    "link": "https://www.astellas.com/en/investors/shareholders-meeting",
    "timestamp": "unknown"
  },
  {
    "title": "Shareholder Return",
    "link": "https://www.astellas.com/en/investors/shareholder-return",
    "timestamp": "unknown"
  },
  {
    "title": "Current Share Status",
    "link": "https://www.astellas.com/en/investors/current-share-status",
    "timestamp": "unknown"
  },
  {
    "title": "Chart",
    "link": "https://www.astellas.com/en/investors/chart",
    "timestamp": "unknown"
  },
  {
    "title": "Issuer Rating",
    "link": "https://www.astellas.com/en/investors/ratings",
    "timestamp": "unknown"
  },
  {
    "title": "Analyst Coverage",
    "link": "https://www.astellas.com/en/investors/analyst-coverage",
    "timestamp": "unknown"
  },
  {
    "title": "Cautionary Statement",
    "link": "https://www.astellas.com/en/investors/cautionary-statement",
    "timestamp": "unknown"
  },
  {
    "title": "Introducing Astellas to Individual Investors",
    "link": "https://www.astellas.com/en/investors/individual-investors",
    "timestamp": "unknown"
  },
  {
    "title": "Top MenuSustainabilitySustainability DirectionWe have set Med-term Priorities, Initiatives, and Our Commitments by FY2025 as for Two pillars and Envir",
    "link": "javascript:;",
    "timestamp": "unknown"
  },
  {
    "title": "Sustainability DirectionWe have set Med-term Priorities, Initiatives, and Our Commitments by FY2025 as for Two pillars and Environmental Sustainabilit",
    "link": "https://www.astellas.com/en/sustainability/sustainability-direction",
    "timestamp": "unknown"
  },
  {
    "title": "Sustainability DirectionWe have set Med-term Priorities, Initiatives, and Our Commitments by FY2025 as for Two pillars and Environmental Sustainabilit",
    "link": "https://www.astellas.com/en/sustainability/sustainability-direction",
    "timestamp": "unknown"
  },
  {
    "title": "Sustainability DirectionWe have set Med-term Priorities, Initiatives, and Our Commitments by FY2025 as for Two pillars and Environmental Sustainabilit",
    "link": "https://www.astellas.com/en/sustainability/sustainability-direction",
    "timestamp": "unknown"
  },
  {
    "title": "Sustainability DirectionWe have set Med-term Priorities, Initiatives, and Our Commitments by FY2025 as for Two pillars and Environmental Sustainabilit",
    "link": "https://www.astellas.com/en/sustainability/sustainability-direction",
    "timestamp": "unknown"
  },
  {
    "title": "Message from CEOSustainability ApproachSustainability GovernanceKey Issues and MaterialitySustainability DirectionSustainability Direction Performance",
    "link": "https://www.astellas.com/en/sustainability/our-approach",
    "timestamp": "unknown"
  },
  {
    "title": "Message from CEO",
    "link": "https://www.astellas.com/en/sustainability/our-approach",
    "timestamp": "unknown"
  },
  {
    "title": "Sustainability ApproachSustainability GovernanceKey Issues and MaterialitySustainability DirectionSustainability Direction Performance Indicators (SDP",
    "link": "https://www.astellas.com/en/sustainability/sustainability-approach",
    "timestamp": "unknown"
  },
  {
    "title": "Sustainability Governance",
    "link": "https://www.astellas.com/en/sustainability/astellas-sustainability-governance",
    "timestamp": "unknown"
  },
  {
    "title": "Key Issues and Materiality",
    "link": "https://www.astellas.com/en/sustainability/materiality",
    "timestamp": "unknown"
  },
  {
    "title": "Sustainability Direction",
    "link": "https://www.astellas.com/en/sustainability/sustainability-direction",
    "timestamp": "unknown"
  },
  {
    "title": "Sustainability Direction Performance Indicators (SDPIs)",
    "link": "https://www.astellas.com/en/sustainability/sdpis",
    "timestamp": "unknown"
  },
  {
    "title": "ISO26000",
    "link": "https://www.astellas.com/en/sustainability/iso26000",
    "timestamp": "unknown"
  },
  {
    "title": "Astellas\u2019 SDG Initiatives",
    "link": "https://www.astellas.com/en/sustainability/un-development-goal",
    "timestamp": "unknown"
  },
  {
    "title": "United Nations Global Compact",
    "link": "https://www.astellas.com/en/sustainability/united-nations-global-compact",
    "timestamp": "unknown"
  },
  {
    "title": "Stakeholder Communications",
    "link": "https://www.astellas.com/en/sustainability/stakeholder-communications",
    "timestamp": "unknown"
  },
  {
    "title": "Awards & Recognition",
    "link": "https://www.astellas.com/en/sustainability/awards-and-recognition",
    "timestamp": "unknown"
  },
  {
    "title": "Access to HealthAccess to Health of AstellasAccess to MedicinesInitiatives in TanzaniaHealthcare Systems StrengtheningProgram in MexicoProgram in Domi",
    "link": "https://www.astellas.com/en/sustainability/access-to-health",
    "timestamp": "unknown"
  },
  {
    "title": "Access to Health of Astellas",
    "link": "https://www.astellas.com/en/sustainability/access-to-health-of-astellas",
    "timestamp": "unknown"
  },
  {
    "title": "Access to MedicinesInitiatives in Tanzania",
    "link": "https://www.astellas.com/en/sustainability/access-to-medicines",
    "timestamp": "unknown"
  },
  {
    "title": "Initiatives in Tanzania",
    "link": "https://www.astellas.com/en/sustainability/initiatives-in-tanzania",
    "timestamp": "unknown"
  },
  {
    "title": "Healthcare Systems StrengtheningProgram in MexicoProgram in Dominican RepublicProgram in PeruProgram in Malaysia",
    "link": "https://www.astellas.com/en/sustainability/strengthening-healthcare-system",
    "timestamp": "unknown"
  },
  {
    "title": "Program in Mexico",
    "link": "https://www.astellas.com/en/sustainability/program-in-mexico",
    "timestamp": "unknown"
  },
  {
    "title": "Program in Dominican Republic",
    "link": "https://www.astellas.com/en/sustainability/program-in-dominican-republic",
    "timestamp": "unknown"
  },
  {
    "title": "Program in Peru",
    "link": "https://www.astellas.com/en/sustainability/program-in-peru",
    "timestamp": "unknown"
  },
  {
    "title": "Program in Malaysia",
    "link": "https://www.astellas.com/en/sustainability/program-in-malaysia",
    "timestamp": "unknown"
  },
  {
    "title": "Development for Schistosomiasis",
    "link": "https://www.astellas.com/en/sustainability/development-of-pediatric-formulation-for-schistosomiasis",
    "timestamp": "unknown"
  },
  {
    "title": "Research Activity on Malaria",
    "link": "https://www.astellas.com/en/sustainability/research-activities-on-tuberculosis-and-malaria",
    "timestamp": "unknown"
  },
  {
    "title": "Research Activities on NTDs",
    "link": "https://www.astellas.com/en/sustainability/research-activities-on-ntds",
    "timestamp": "unknown"
  },
  {
    "title": "Astellas Healthcare E-city",
    "link": "https://www.astellas.com/en/sustainability/astellas-healthcare-e-city",
    "timestamp": "unknown"
  },
  {
    "title": "GHIT Fund",
    "link": "https://www.astellas.com/en/sustainability/ghit-fund",
    "timestamp": "unknown"
  },
  {
    "title": "Patient Support Activity",
    "link": "https://www.astellas.com/en/sustainability/enrich-the-lives-of-patients",
    "timestamp": "unknown"
  },
  {
    "title": "Working together to bring \u201cmedical-eco\u201d activities to drug discovery in Japan",
    "link": "https://www.astellas.com/en/sustainability/sustainable-medical-and-drug-discovery-environment",
    "timestamp": "unknown"
  },
  {
    "title": "Commitment to healthcare for local communitiesActivities of \"Project Commune\" in FYActivities of \"Project Commune\" in FY",
    "link": "https://www.astellas.com/en/sustainability/cnc",
    "timestamp": "unknown"
  },
  {
    "title": "Activities of \"Project Commune\" in FY",
    "link": "https://www.astellas.com/en/sustainability/project-commune",
    "timestamp": "unknown"
  },
  {
    "title": "Activities of \"Project Commune\" in FY",
    "link": "https://www.astellas.com/en/sustainability/project-commune-",
    "timestamp": "unknown"
  },
  {
    "title": "Medical Science Advancement",
    "link": "https://www.astellas.com/en/sustainability/advancement-of-medical-sciences",
    "timestamp": "unknown"
  },
  {
    "title": "Astellas Global Health Foundation",
    "link": "https://www.astellas.com/en/sustainability/astellas-global-health-foundation",
    "timestamp": "unknown"
  },
  {
    "title": "Access to Medicine Index Report",
    "link": "https://www.astellas.com/en/sustainability/access-to-medicine-index-report",
    "timestamp": "unknown"
  },
  {
    "title": "EnvironmentEnvironment InitiativesEHS ManagementISO certification status of Astellas production sitesEnvironmental Action Plan and ComplianceClimate C",
    "link": "https://www.astellas.com/en/sustainability/environment",
    "timestamp": "unknown"
  },
  {
    "title": "Environment Initiatives",
    "link": "https://www.astellas.com/en/sustainability/initiatives-for-environment",
    "timestamp": "unknown"
  },
  {
    "title": "EHS ManagementISO certification status of Astellas production sites",
    "link": "https://www.astellas.com/en/sustainability/environment-management",
    "timestamp": "unknown"
  },
  {
    "title": "ISO certification status of Astellas production sites",
    "link": "https://www.astellas.com/en/sustainability/status-of-obtaining-iso-certification",
    "timestamp": "unknown"
  },
  {
    "title": "Environmental Action Plan and Compliance",
    "link": "https://www.astellas.com/en/sustainability/environmental-action-plan",
    "timestamp": "unknown"
  },
  {
    "title": "Climate Change Measures",
    "link": "https://www.astellas.com/en/sustainability/measures-to-address-climate-change",
    "timestamp": "unknown"
  },
  {
    "title": "Disclosure based on TCFD",
    "link": "https://www.astellas.com/en/sustainability/TCFD-disclosure",
    "timestamp": "unknown"
  },
  {
    "title": "Energy Consumption",
    "link": "https://www.astellas.com/en/sustainability/breakdown-of-energy-consumption",
    "timestamp": "unknown"
  },
  {
    "title": "Sustainable BiodiversityBiodiversity and Astellas An Enlarged Version",
    "link": "https://www.astellas.com/en/sustainability/preserving-biodiversity",
    "timestamp": "unknown"
  },
  {
    "title": "Biodiversity and Astellas An Enlarged Version",
    "link": "https://www.astellas.com/en/sustainability/preserving-biodiversity-large-size",
    "timestamp": "unknown"
  },
  {
    "title": "Resource Recycling",
    "link": "https://www.astellas.com/en/sustainability/initiatives-for-resource-recycling",
    "timestamp": "unknown"
  },
  {
    "title": "Preventing Pollution",
    "link": "https://www.astellas.com/en/sustainability/initiatives-for-preventing-pollution",
    "timestamp": "unknown"
  },
  {
    "title": "Environmental Impact of Products and Countermeasures",
    "link": "https://www.astellas.com/en/sustainability/environmental-impact-of-products-and-countermeasures",
    "timestamp": "unknown"
  },
  {
    "title": "Archive (EHS Report)",
    "link": "https://www.astellas.com/en/sustainability/environmental-report",
    "timestamp": "unknown"
  },
  {
    "title": "Environmental AccountingEnvironment-related Investments and Expenses",
    "link": "https://www.astellas.com/en/sustainability/environmental-accounting",
    "timestamp": "unknown"
  },
  {
    "title": "Environment-related Investments and Expenses",
    "link": "https://www.astellas.com/en/sustainability/environment-related-investments-and-expenses",
    "timestamp": "unknown"
  },
  {
    "title": "Reporting coverage, methods",
    "link": "https://www.astellas.com/en/system/files/16ad890495/reporting_coverage_methods_etc.pdf",
    "timestamp": "unknown"
  },
  {
    "title": "Astellas and SocietyOur PeopleHR Vision, Talent and Organization ManagementEngagement and Diversity, Equity & InclusionA living wageOccupational Healt",
    "link": "https://www.astellas.com/en/sustainability/social",
    "timestamp": "unknown"
  },
  {
    "title": "Our PeopleHR Vision, Talent and Organization ManagementEngagement and Diversity, Equity & InclusionA living wageOccupational Health & SafetyPromoting ",
    "link": "https://www.astellas.com/en/sustainability/our-people",
    "timestamp": "unknown"
  },
  {
    "title": "HR Vision, Talent and Organization Management",
    "link": "https://www.astellas.com/en/sustainability/hr-vision",
    "timestamp": "unknown"
  },
  {
    "title": "Engagement and Diversity, Equity & Inclusion",
    "link": "https://www.astellas.com/en/sustainability/diversity-management",
    "timestamp": "unknown"
  },
  {
    "title": "A living wage",
    "link": "https://www.astellas.com/en/sustainability/a-living-wage",
    "timestamp": "unknown"
  },
  {
    "title": "Occupational Health & Safety",
    "link": "https://www.astellas.com/en/sustainability/occupational-health-and-safety",
    "timestamp": "unknown"
  },
  {
    "title": "Promoting Health Management",
    "link": "https://www.astellas.com/en/sustainability/promoting-health-management",
    "timestamp": "unknown"
  },
  {
    "title": "Major Activities and Programs (Japan)",
    "link": "https://www.astellas.com/en/sustainability/major-programs-japan",
    "timestamp": "unknown"
  },
  {
    "title": "Sustainability in Business PracticeSustainable Procurement InitiativesResearch InitiativesClinical Development InitiativesTechnological Development an",
    "link": "https://www.astellas.com/en/sustainability/sustainability-in-business",
    "timestamp": "unknown"
  },
  {
    "title": "Sustainable Procurement Initiatives",
    "link": "https://www.astellas.com/en/sustainability/sustainable-procurement-initiatives",
    "timestamp": "unknown"
  },
  {
    "title": "Research Initiatives",
    "link": "https://www.astellas.com/en/sustainability/research-initiatives",
    "timestamp": "unknown"
  },
  {
    "title": "Clinical Development Initiatives",
    "link": "https://www.astellas.com/en/sustainability/clinical-development-initiatives",
    "timestamp": "unknown"
  },
  {
    "title": "Technological Development and Production Initiatives",
    "link": "https://www.astellas.com/en/sustainability/technological-development-and-production-initiatives",
    "timestamp": "unknown"
  },
  {
    "title": "Distribution and Sales Initiatives",
    "link": "https://www.astellas.com/en/sustainability/distribution-and-sales-initiatives",
    "timestamp": "unknown"
  },
  {
    "title": "Respect for Human Rights",
    "link": "https://www.astellas.com/en/sustainability/respect-for-human-rights",
    "timestamp": "unknown"
  },
  {
    "title": "Community EngagementFlying Star FundEmployee Contributions to the Local Community",
    "link": "https://www.astellas.com/en/sustainability/community-engagement",
    "timestamp": "unknown"
  },
  {
    "title": "Flying Star Fund",
    "link": "https://www.astellas.com/en/sustainability/flyingstar",
    "timestamp": "unknown"
  },
  {
    "title": "Employee Contributions to the Local Community",
    "link": "https://www.astellas.com/en/sustainability/changing-tomorrow-day",
    "timestamp": "unknown"
  },
  {
    "title": "Governance",
    "link": "https://www.astellas.com/en/sustainability/governance",
    "timestamp": "unknown"
  },
  {
    "title": "ESG DataESG Data EnvironmentESG Data SocialESG Data Governance",
    "link": "https://www.astellas.com/en/sustainability/esg",
    "timestamp": "unknown"
  },
  {
    "title": "ESG Data Environment",
    "link": "https://www.astellas.com/en/sustainability/esg-environment",
    "timestamp": "unknown"
  },
  {
    "title": "ESG Data Social",
    "link": "https://www.astellas.com/en/sustainability/esg-social",
    "timestamp": "unknown"
  },
  {
    "title": "ESG Data Governance",
    "link": "https://www.astellas.com/en/sustainability/esg-governance",
    "timestamp": "unknown"
  },
  {
    "title": "Top MenuNewsNews RoomCheck the latest news and our people's stories.Read MoreALL NewsOUR STORIESMedia Library",
    "link": "javascript:;",
    "timestamp": "unknown"
  },
  {
    "title": "News RoomCheck the latest news and our people's stories.Read MoreALL NewsOUR STORIESMedia Library",
    "link": "https://www.astellas.com/en/newsroom",
    "timestamp": "unknown"
  },
  {
    "title": "News RoomCheck the latest news and our people's stories.Read MoreALL NewsOUR STORIESMedia Library",
    "link": "https://www.astellas.com/en/newsroom",
    "timestamp": "unknown"
  },
  {
    "title": "News RoomCheck the latest news and our people's stories.Read More",
    "link": "https://www.astellas.com/en/newsroom",
    "timestamp": "unknown"
  },
  {
    "title": "News RoomCheck the latest news and our people's stories.Read More",
    "link": "https://www.astellas.com/en/newsroom",
    "timestamp": "unknown"
  },
  {
    "title": "ALL NewsOUR STORIESMedia Library",
    "link": "https://www.astellas.com/en/news",
    "timestamp": "unknown"
  },
  {
    "title": "ALL News",
    "link": "https://www.astellas.com/en/news",
    "timestamp": "unknown"
  },
  {
    "title": "OUR STORIES",
    "link": "https://www.astellas.com/en/stories",
    "timestamp": "unknown"
  },
  {
    "title": "Media Library",
    "link": "https://www.astellas.com/en/newsroom/media-library",
    "timestamp": "unknown"
  },
  {
    "title": "PartneringWhy Partner with AstellasPartnering TeamsTestimonies from our PartnersRegistration Form",
    "link": "https://www.astellas.com/en/partnering",
    "timestamp": "unknown"
  },
  {
    "title": "Why Partner with Astellas",
    "link": "https://www.astellas.com/en/partnering/partnership",
    "timestamp": "unknown"
  },
  {
    "title": "Partnering Teams",
    "link": "https://www.astellas.com/en/partnering/partnering-teams",
    "timestamp": "unknown"
  },
  {
    "title": "Testimonies from our Partners",
    "link": "https://www.astellas.com/en/partnering/testimonies-from-our-partners",
    "timestamp": "unknown"
  },
  {
    "title": "Registration Form",
    "link": "https://www.astellas.com/en/partnering/register-form",
    "timestamp": "unknown"
  },
  {
    "title": "Careers",
    "link": "https://www.astellas.com/en/careers-at-astellas",
    "timestamp": "unknown"
  },
  {
    "title": "Suppliers",
    "link": "https://www.astellas.com/en/suppliers",
    "timestamp": "unknown"
  },
  {
    "title": "Contact Us",
    "link": "https://www.astellas.com/en/contact-us",
    "timestamp": "unknown"
  },
  {
    "title": "IMPORTANT NOTICE",
    "link": "https://www.astellas.com/en",
    "timestamp": "unknown"
  },
  {
    "title": "WORLDWIDE",
    "link": "https://www.astellas.com/en/worldwide",
    "timestamp": "unknown"
  },
  {
    "title": "GLOBAL\u65e5\u672c",
    "link": "https://www.astellas.com/en/investors/ir-library/business-results",
    "timestamp": "unknown"
  },
  {
    "title": "GLOBAL",
    "link": "https://www.astellas.com/en/investors/ir-library/business-results",
    "timestamp": "unknown"
  },
  {
    "title": "\u65e5\u672c",
    "link": "https://www.astellas.com/jp/investors/ir-library/business-results",
    "timestamp": "unknown"
  },
  {
    "title": "HomeInvestorsIR LibraryBusiness Results",
    "link": "https://www.astellas.com/en",
    "timestamp": "unknown"
  },
  {
    "title": "HomeInvestorsIR LibraryBusiness Results",
    "link": "https://www.astellas.com/en",
    "timestamp": "unknown"
  },
  {
    "title": "Home",
    "link": "https://www.astellas.com/en",
    "timestamp": "unknown"
  },
  {
    "title": "Investors",
    "link": "https://www.astellas.com/en/investors",
    "timestamp": "unknown"
  },
  {
    "title": "IR Library",
    "link": "https://www.astellas.com/en/investors/ir-library",
    "timestamp": "unknown"
  },
  {
    "title": "Important NoticeThis website contains information about products that may not be available in all countries, or may be available under different trade",
    "link": "https://www.astellas.com/",
    "timestamp": "unknown"
  },
  {
    "title": "Important NoticeThis website contains information about products that may not be available in all countries, or may be available under different trade",
    "link": "https://www.astellas.com/",
    "timestamp": "unknown"
  },
  {
    "title": "Thank you for visiting the Astellas Pharma Inc. Website.You will enter external sites beyond here.(This link opens in a new window)CancelClick here to",
    "link": "https://www.astellas.com/",
    "timestamp": "unknown"
  },
  {
    "title": "Thank you for visiting the Astellas Pharma Inc. Website.You will enter external sites beyond here.(This link opens in a new window)CancelClick here to",
    "link": "https://www.astellas.com/",
    "timestamp": "unknown"
  },
  {
    "title": "CancelClick here to leave this site.",
    "link": "https://www.astellas.com/",
    "timestamp": "unknown"
  },
  {
    "title": "\u200b\u200bFY2023\u200b\u200bFY2025Business Results for Q1 (July , )Financial Results (Q1 YTD/FY2025) (389KB)Supplementary Documents (Q1 YTD/FY2025) (234KB)Presentation ",
    "link": "https://www.astellas.com/system/files/1e4e8b1a57/1q2025_en.pdf",
    "timestamp": "unknown"
  },
  {
    "title": "\u200b\u200bFY2023\u200b\u200bFY2025Business Results for Q1 (July , )Financial Results (Q1 YTD/FY2025) (389KB)Supplementary Documents (Q1 YTD/FY2025) (234KB)Presentation ",
    "link": "https://www.astellas.com/system/files/1e4e8b1a57/1q2025_en.pdf",
    "timestamp": "unknown"
  },
  {
    "title": "\u200b\u200bFY2023\u200b\u200bFY2025Business Results for Q1 (July , )Financial Results (Q1 YTD/FY2025) (389KB)Supplementary Documents (Q1 YTD/FY2025) (234KB)Presentation ",
    "link": "https://www.astellas.com/system/files/1e4e8b1a57/1q2025_en.pdf",
    "timestamp": "unknown"
  },
  {
    "title": "\u200b\u200bFY2023\u200b\u200bFY2025Business Results for Q1 (July , )Financial Results (Q1 YTD/FY2025) (389KB)Supplementary Documents (Q1 YTD/FY2025) (234KB)Presentation ",
    "link": "https://www.astellas.com/system/files/1e4e8b1a57/1q2025_en.pdf",
    "timestamp": "unknown"
  },
  {
    "title": "\u200b\u200bFY2023\u200b\u200bFY2025Business Results for Q1 (July , )Financial Results (Q1 YTD/FY2025) (389KB)Supplementary Documents (Q1 YTD/FY2025) (234KB)Presentation ",
    "link": "https://www.astellas.com/system/files/1e4e8b1a57/1q2025_en.pdf",
    "timestamp": "unknown"
  },
  {
    "title": "\u200b\u200bFY2023\u200b\u200bFY2025Business Results for Q1 (July , )Financial Results (Q1 YTD/FY2025) (389KB)Supplementary Documents (Q1 YTD/FY2025) (234KB)Presentation ",
    "link": "https://www.astellas.com/system/files/1e4e8b1a57/1q2025_en.pdf",
    "timestamp": "unknown"
  },
  {
    "title": "\u200b\u200bFY2023\u200b\u200bFY2025Business Results for Q1 (July , )Financial Results (Q1 YTD/FY2025) (389KB)Supplementary Documents (Q1 YTD/FY2025) (234KB)Presentation ",
    "link": "https://www.astellas.com/system/files/1e4e8b1a57/1q2025_en.pdf",
    "timestamp": "unknown"
  },
  {
    "title": "\u200b\u200bFY2023\u200b\u200bFY2025Business Results for Q1 (July , )Financial Results (Q1 YTD/FY2025) (389KB)Supplementary Documents (Q1 YTD/FY2025) (234KB)Presentation ",
    "link": "https://www.astellas.com/system/files/1e4e8b1a57/1q2025_en.pdf",
    "timestamp": "unknown"
  },
  {
    "title": "\u200b\u200bFY2023\u200b\u200bFY2025Business Results for Q1 (July , )Financial Results (Q1 YTD/FY2025) (389KB)Supplementary Documents (Q1 YTD/FY2025) (234KB)Presentation ",
    "link": "https://www.astellas.com/system/files/1e4e8b1a57/1q2025_en.pdf",
    "timestamp": "unknown"
  },
  {
    "title": "Financial Results (Q1 YTD/FY2025) (389KB)",
    "link": "https://www.astellas.com/system/files/1e4e8b1a57/1q2025_en.pdf",
    "timestamp": "unknown"
  },
  {
    "title": "Supplementary Documents (Q1 YTD/FY2025) (234KB)",
    "link": "https://www.astellas.com/system/files/a8ca07cfa3/1q2025_sup_en.pdf",
    "timestamp": "unknown"
  },
  {
    "title": "Presentation Material for Information Meeting (Q1 YTD/FY2025) (.4MB)",
    "link": "https://www.astellas.com/system/files/3a6a1a2221/1q2025_pre_en.pdf",
    "timestamp": "unknown"
  },
  {
    "title": "On-demand Replay of Information Meeting",
    "link": "https://www.irwebcasting.com///index.html",
    "timestamp": "unknown"
  },
  {
    "title": "Earnings Call script (.6MB)",
    "link": "https://www.astellas.com/system/files/8fb5095e3e/1q2025_script_en.pdf",
    "timestamp": "unknown"
  },
  {
    "title": "Financial Results (FY2024) (539KB)",
    "link": "https://www.astellas.com/system/files/728cc94563/4q2024_en.pdf",
    "timestamp": "unknown"
  },
  {
    "title": "Supplementary Documents (FY2024) (303KB)",
    "link": "https://www.astellas.com/system/files/bac4cb5e4b/4q2024_sup_en.pdf",
    "timestamp": "unknown"
  },
  {
    "title": "Presentation Material for Information Meeting (FY2024) (.2MB)",
    "link": "https://www.astellas.com/system/files/534ea626b9/4q2024_pre_en.pdf",
    "timestamp": "unknown"
  },
  {
    "title": "On-demand Replay of Information Meeting",
    "link": "https://www.irwebcasting.com///index.html",
    "timestamp": "unknown"
  },
  {
    "title": "Earnings Call script (.1MB)",
    "link": "https://www.astellas.com/system/files/f0292eac3f/4q2024_script_eg.pdf",
    "timestamp": "unknown"
  },
  {
    "title": "Financial Results (Q3 YTD/FY2024) (478KB)",
    "link": "https://www.astellas.com/system/files/f4fb4347a5/3q2024_en.pdf",
    "timestamp": "unknown"
  },
  {
    "title": "Supplementary Documents (Q3 YTD/FY2024) (273KB)",
    "link": "https://www.astellas.com/system/files/235dfe0339/3q2024_sup_en.pdf",
    "timestamp": "unknown"
  },
  {
    "title": "Presentation Material for Information Meeting (Q3 YTD/FY2024) (.5MB)",
    "link": "https://www.astellas.com/system/files/e35c014a94/3q2024_pre_en.pdf",
    "timestamp": "unknown"
  },
  {
    "title": "On-demand Replay of Information Meeting",
    "link": "https://www.irwebcasting.com///index.html",
    "timestamp": "unknown"
  },
  {
    "title": "Earnings Call script (.2MB)",
    "link": "https://www.astellas.com/system/files/01cad57319/3q2024_script_en.pdf",
    "timestamp": "unknown"
  },
  {
    "title": "Financial Results (Q2 YTD/FY2024) (330KB)",
    "link": "https://www.astellas.com/system/files/67fd117508/2q2024_en.pdf",
    "timestamp": "unknown"
  },
  {
    "title": "Supplementary Documents (Q2 YTD/FY2024) (233KB)",
    "link": "https://www.astellas.com/system/files/4def56896b/2q2024_sup_en.pdf",
    "timestamp": "unknown"
  },
  {
    "title": "Presentation Material for Information Meeting (Q2 YTD/FY2024) (.4MB)",
    "link": "https://www.astellas.com/system/files/deb0e18b24/2q2024_pre_en.pdf",
    "timestamp": "unknown"
  },
  {
    "title": "On-demand Replay of Information Meeting",
    "link": "https://www.irwebcasting.com///index.html",
    "timestamp": "unknown"
  },
  {
    "title": "Earnings Call script (.8MB)",
    "link": "https://www.astellas.com/system/files/168893631b/2q2024_script_en.pdf",
    "timestamp": "unknown"
  },
  {
    "title": "Financial Results (Q1/FY2024) (372KB)",
    "link": "https://www.astellas.com/system/files/e1d4bb13f2/1q2024_en.pdf",
    "timestamp": "unknown"
  },
  {
    "title": "Supplementary Documents (Q1/FY2024) (256KB)",
    "link": "https://www.astellas.com/system/files/54ad42ee3d/1q2024_sup_en.pdf",
    "timestamp": "unknown"
  },
  {
    "title": "Presentation Material for Information Meeting (Q1/FY2024) (964KB)",
    "link": "https://www.astellas.com/system/files/6414b5616e/1q2024_pre_en.pdf",
    "timestamp": "unknown"
  },
  {
    "title": "On-demand Replay of Information Meeting",
    "link": "https://www.irwebcasting.com///index.html",
    "timestamp": "unknown"
  },
  {
    "title": "Earnings Call script (.9MB)",
    "link": "https://www.astellas.com/system/files/8a78b427db/1q2024_script_en.pdf",
    "timestamp": "unknown"
  },
  {
    "title": "Financial Results (FY2023) (770KB)",
    "link": "https://www.astellas.com/system/files/0e87eb8225/4q2023_en.pdf",
    "timestamp": "unknown"
  },
  {
    "title": "Supplementary Documents (FY2023) (.0MB)",
    "link": "https://www.astellas.com/system/files/d355ac9869/4q2023_sup_en.pdf",
    "timestamp": "unknown"
  },
  {
    "title": "Presentation Material for Information Meeting (FY2023) (.4MB)",
    "link": "https://www.astellas.com/system/files/9265add5c2/4q2023_pre_en.pdf",
    "timestamp": "unknown"
  },
  {
    "title": "On-demand Replay of Information Meeting",
    "link": "https://www.irwebcasting.com///index.html",
    "timestamp": "unknown"
  },
  {
    "title": "Earnings Call script (.2MB)",
    "link": "https://www.astellas.com/system/files/2b0e802d2e/4q2023_script_en.pdf",
    "timestamp": "unknown"
  },
  {
    "title": "Financial Results (Q3/FY2023) (.0MB)",
    "link": "https://www.astellas.com/system/files/b1cd08afdc/3q2023_en.pdf",
    "timestamp": "unknown"
  },
  {
    "title": "Supplementary Documents (Q3/FY2023) (665KB)",
    "link": "https://www.astellas.com/system/files/4eb0dee85b/3q2023_sup_en.pdf",
    "timestamp": "unknown"
  },
  {
    "title": "Presentation Material for Information Meeting (Q3/FY2023) (.1MB)",
    "link": "https://www.astellas.com/system/files/a6c16badac/3q2023_pre_en.pdf",
    "timestamp": "unknown"
  },
  {
    "title": "On-demand Replay of Information Meeting",
    "link": "https://www.irwebcasting.com///index.html",
    "timestamp": "unknown"
  },
  {
    "title": "Earnings Call script (.1MB)",
    "link": "https://www.astellas.com/system/files/c06366fbc6/3q2023_script_en.pdf",
    "timestamp": "unknown"
  },
  {
    "title": "Financial Results (Q2/FY2023) (860KB)",
    "link": "https://www.astellas.com/system/files/34d876280a/2q2023_en.pdf",
    "timestamp": "unknown"
  },
  {
    "title": "Supplementary Documents (Q2/FY2023) (,644KB)",
    "link": "https://www.astellas.com/system/files/903dd7b45f/2q2023_sup_en.pdf",
    "timestamp": "unknown"
  },
  {
    "title": "Presentation Material for Information Meeting (Q2/FY2023) (,189KB)",
    "link": "https://www.astellas.com/system/files/d1a0ec52cc/2q2023_pre_en.pdf",
    "timestamp": "unknown"
  },
  {
    "title": "On-demand Replay of Information Meeting",
    "link": "https://www.irwebcasting.com///index.html",
    "timestamp": "unknown"
  },
  {
    "title": "Earnings Call script (,940KB)",
    "link": "https://www.astellas.com/system/files/4d8f1ec0bb/2q2023_script_en.pdf",
    "timestamp": "unknown"
  },
  {
    "title": "Financial Results (Q1/FY2023) (850KB)",
    "link": "https://www.astellas.com/system/files/c43bbe4afa/1q2023_en.pdf",
    "timestamp": "unknown"
  },
  {
    "title": "Supplementary Documents (Q1/FY2023) (,435KB)",
    "link": "https://www.astellas.com/system/files/cb4f4523c9/1q2023_sup_en.pdf",
    "timestamp": "unknown"
  },
  {
    "title": "Presentation Material for Information Meeting (Q1/FY2023) (983KB)",
    "link": "https://www.astellas.com/system/files/0e50ea9645/1q2023_pre_en.pdf",
    "timestamp": "unknown"
  },
  {
    "title": "On-demand Replay of Information Meeting",
    "link": "https://www.irwebcasting.com///index.html",
    "timestamp": "unknown"
  },
  {
    "title": "Earnings call script (,815KB)",
    "link": "https://www.astellas.com/system/files/34ddd9c714/1q2023_script_en.pdf",
    "timestamp": "unknown"
  },
  {
    "title": "Financial Results (FY2022) (988KB)",
    "link": "https://www.astellas.com/system/files/4q2022_en_isoy1krd92.pdf",
    "timestamp": "unknown"
  },
  {
    "title": "Supplementary Documents (FY2022) (,797KB)",
    "link": "https://www.astellas.com/system/files/4q2022_sup_en_isoy1krd92.pdf",
    "timestamp": "unknown"
  },
  {
    "title": "Presentation Material for Information Meeting (FY2022) (999KB)",
    "link": "https://www.astellas.com/system/files/670f1b957d/4q2022_pre_en_0.pdf",
    "timestamp": "unknown"
  },
  {
    "title": "On-demand Replay of Information Meeting",
    "link": "https://www.irwebcasting.com///index.html",
    "timestamp": "unknown"
  },
  {
    "title": "Earnings call script (,235KB)",
    "link": "https://www.astellas.com/system/files/4q2022_script_en_14darq13ar.pdf",
    "timestamp": "unknown"
  },
  {
    "title": "Financial Results (Q3/FY2022) (634KB)",
    "link": "https://www.astellas.com/system/files/3q2022_en.pdf",
    "timestamp": "unknown"
  },
  {
    "title": "Supplementary Documents (Q3/FY2022) (,573KB)",
    "link": "https://www.astellas.com/system/files/3q2022_sup_en_1.pdf",
    "timestamp": "unknown"
  },
  {
    "title": "Presentation Material for Information Meeting (Q3/FY2022) (642KB)",
    "link": "https://www.astellas.com/system/files/3q2022_pre_en.pdf",
    "timestamp": "unknown"
  },
  {
    "title": "On-demand Replay of Information Meeting",
    "link": "https://www.irwebcasting.com///index.html",
    "timestamp": "unknown"
  },
  {
    "title": "Earnings call script (,647KB)",
    "link": "https://www.astellas.com/system/files/3q2022_script_en.pdf",
    "timestamp": "unknown"
  },
  {
    "title": "Financial Results (Q2/FY2022) (299KB)",
    "link": "https://www.astellas.com/system/files/2q2022_en_0.pdf",
    "timestamp": "unknown"
  },
  {
    "title": "Supplementary Documents (Q2/FY2022) (,555KB)",
    "link": "https://www.astellas.com/system/files/2q2022_sup_en_1.pdf",
    "timestamp": "unknown"
  },
  {
    "title": "Presentation Material for Information Meeting (Q2/FY2022) (879KB)",
    "link": "https://www.astellas.com/system/files/2q2022_pre_en_2.pdf",
    "timestamp": "unknown"
  },
  {
    "title": "On-demand Replay of Information Meeting",
    "link": "https://www.irwebcasting.com///index.html",
    "timestamp": "unknown"
  },
  {
    "title": "Earnings call script (,114KB)",
    "link": "https://www.astellas.com/system/files/2q2022_script_en_1.pdf",
    "timestamp": "unknown"
  },
  {
    "title": "Financial Results (Q1/FY2022) (469KB)",
    "link": "https://www.astellas.com/system/files/1q2022_en-.pdf",
    "timestamp": "unknown"
  },
  {
    "title": "Supplementary Documents (Q1/FY2022) (,017KB)",
    "link": "https://www.astellas.com/system/files/1q2022_sup_en-.pdf",
    "timestamp": "unknown"
  },
  {
    "title": "Presentation Material for Information Meeting (Q1/FY2022) (779KB)",
    "link": "https://www.astellas.com/system/files/1q2022_pre_en-.pdf",
    "timestamp": "unknown"
  },
  {
    "title": "Earnings call script (,567KB)",
    "link": "https://www.astellas.com/system/files/1q2022_script_en-.pdf",
    "timestamp": "unknown"
  },
  {
    "title": "Financial Results (FY2021) (863KB)",
    "link": "https://www.astellas.com/system/files/4q2021_en--.pdf",
    "timestamp": "unknown"
  },
  {
    "title": "Supplementary Documents (FY2021) (192KB)",
    "link": "https://www.astellas.com/system/files/4q2021_sup_en_1.pdf",
    "timestamp": "unknown"
  },
  {
    "title": "Presentation Material for Information Meeting (FY2021) (952KB)",
    "link": "https://www.astellas.com/system/files/4q2021_pre_en--.pdf",
    "timestamp": "unknown"
  },
  {
    "title": "Earnings call script (,578KB)",
    "link": "https://www.astellas.com/system/files/4q2021_script_en--.pdf",
    "timestamp": "unknown"
  },
  {
    "title": "Financial Results (Q3/FY2021) (850KB)",
    "link": "https://www.astellas.com/system/files/3q2021_en--.pdf",
    "timestamp": "unknown"
  },
  {
    "title": "Supplementary Documents (Q3/FY2021) (204KB)",
    "link": "https://www.astellas.com/system/files/3q2021_sup_en_1.pdf",
    "timestamp": "unknown"
  },
  {
    "title": "Presentation Material for Information Meeting (Q3/FY2021) (687KB)",
    "link": "https://www.astellas.com/system/files/3q2021_pre_en--.pdf",
    "timestamp": "unknown"
  },
  {
    "title": "Earnings call script (,227KB)",
    "link": "https://www.astellas.com/system/files/3q2021_script_en--.pdf",
    "timestamp": "unknown"
  },
  {
    "title": "Financial Results (Q2/FY2021) (829KB)",
    "link": "https://www.astellas.com/system/files/2q2021_en--.pdf",
    "timestamp": "unknown"
  },
  {
    "title": "Supplementary Documents (Q2/FY2021) (212KB)",
    "link": "https://www.astellas.com/system/files/2q2021_sup_en_0.pdf",
    "timestamp": "unknown"
  },
  {
    "title": "Presentation Material for Information Meeting (Q2/FY2021) (928KB)",
    "link": "https://www.astellas.com/system/files/2q2021_pre_en--.pdf",
    "timestamp": "unknown"
  },
  {
    "title": "Earnings call script (,468KB)",
    "link": "https://www.astellas.com/system/files/2q2021_script_en--.pdf",
    "timestamp": "unknown"
  },
  {
    "title": "Financial Results (Q1/FY2021) (780KB)",
    "link": "https://www.astellas.com/system/files/1q2021_en--.pdf",
    "timestamp": "unknown"
  },
  {
    "title": "Supplementary Documents (Q1/FY2021) (173KB)",
    "link": "https://www.astellas.com/system/files/1q2021_sup_en_0.pdf",
    "timestamp": "unknown"
  },
  {
    "title": "Presentation Material for Information Meeting (Q1/FY2021) (877KB)",
    "link": "https://www.astellas.com/system/files/1q2021_pre_en--.pdf",
    "timestamp": "unknown"
  },
  {
    "title": "Financial Results (FY2020) (989KB)",
    "link": "https://www.astellas.com/system/files/4q2020_en--.pdf",
    "timestamp": "unknown"
  },
  {
    "title": "Supplementary Documents (FY2020) (733KB)",
    "link": "https://www.astellas.com/system/files/4q2020_sup_en_2_1.pdf",
    "timestamp": "unknown"
  },
  {
    "title": "Presentation Material for Information Meeting (FY2020) (,048KB)",
    "link": "https://www.astellas.com/system/files/4q2020_pre_en--.pdf",
    "timestamp": "unknown"
  },
  {
    "title": "Financial Results (Q3/FY2020) (888KB)",
    "link": "https://www.astellas.com/system/files/3q2020_en--.pdf",
    "timestamp": "unknown"
  },
  {
    "title": "Supplementary Documents (Q3/FY2020) (,036KB)",
    "link": "https://www.astellas.com/system/files/3q2020_sup_en_1.pdf",
    "timestamp": "unknown"
  },
  {
    "title": "Presentation Material for Information Meeting (Q3/FY2020) (831KB)",
    "link": "https://www.astellas.com/system/files/3q2020_pre_en--.pdf",
    "timestamp": "unknown"
  },
  {
    "title": "Financial Results (Q2/FY2020) (836KB)",
    "link": "https://www.astellas.com/system/files/2q2020_en--.pdf",
    "timestamp": "unknown"
  },
  {
    "title": "Supplementary Documents (Q2/FY2020) (853KB)",
    "link": "https://www.astellas.com/system/files/2q2020_sup_en_0.pdf",
    "timestamp": "unknown"
  },
  {
    "title": "Presentation Material for Information Meeting (Q2/FY2020) (,014KB)",
    "link": "https://www.astellas.com/system/files/2q2020_pre_en--.pdf",
    "timestamp": "unknown"
  },
  {
    "title": "Financial Results (Q1/FY2020) (795KB)",
    "link": "https://www.astellas.com/system/files/1q2020_en--.pdf",
    "timestamp": "unknown"
  },
  {
    "title": "Supplementary Documents (Q1/FY2020) (770KB)",
    "link": "https://www.astellas.com/system/files/1q2020_sup_en_2.pdf",
    "timestamp": "unknown"
  },
  {
    "title": "Presentation Material for Information Meeting (Q1/FY2020) (759KB)",
    "link": "https://www.astellas.com/system/files/1q2020_pre_en--.pdf",
    "timestamp": "unknown"
  },
  {
    "title": "Financial Results (FY2019) (,291KB)",
    "link": "https://www.astellas.com/system/files/4q2019_en--.pdf",
    "timestamp": "unknown"
  },
  {
    "title": "Supplementary Documents (FY2019) (,157KB)",
    "link": "https://www.astellas.com/system/files/4q2019_sup_en_2.pdf",
    "timestamp": "unknown"
  },
  {
    "title": "Presentation Material for Information Meeting (FY2019) (756KB)",
    "link": "https://www.astellas.com/system/files/4q2019_pre_en--.pdf",
    "timestamp": "unknown"
  },
  {
    "title": "Financial Results (Q3/FY2019) (334KB)",
    "link": "https://www.astellas.com/system/files/3q2019_en--.pdf",
    "timestamp": "unknown"
  },
  {
    "title": "Supplementary Documents (Q3/FY2019) (820KB)",
    "link": "https://www.astellas.com/system/files/3q2019_sup_en_3.pdf",
    "timestamp": "unknown"
  },
  {
    "title": "Presentation Material for Information Meeting (Q3/FY2019) (941KB)",
    "link": "https://www.astellas.com/system/files/3q2019_pre_en--.pdf",
    "timestamp": "unknown"
  },
  {
    "title": "Financial Results (Q2/FY2019) (328KB)",
    "link": "https://www.astellas.com/system/files/2q2019_en--.pdf",
    "timestamp": "unknown"
  },
  {
    "title": "Supplementary Documents (Q2/FY2019) (423KB)",
    "link": "https://www.astellas.com/system/files/2q2019_sup_en--.pdf",
    "timestamp": "unknown"
  },
  {
    "title": "Presentation Material for Information Meeting (Q2/FY2019) (964KB)",
    "link": "https://www.astellas.com/system/files/2q2019_pre_en--.pdf",
    "timestamp": "unknown"
  },
  {
    "title": "Financial Results (Q1/FY2019) (253KB)",
    "link": "https://www.astellas.com/system/files/1q2019_en--.pdf",
    "timestamp": "unknown"
  },
  {
    "title": "Supplementary Documents (Q1/FY2019) (,292KB)",
    "link": "https://www.astellas.com/system/files/1q2019_sup_en--.pdf",
    "timestamp": "unknown"
  },
  {
    "title": "Presentation Material for Information Meeting (Q1/FY2019) (862KB)",
    "link": "https://www.astellas.com/system/files/1q2019_pre_en--.pdf",
    "timestamp": "unknown"
  },
  {
    "title": "Financial Results (FY2018) (347KB)",
    "link": "https://www.astellas.com/system/files/4q2018_en--.pdf",
    "timestamp": "unknown"
  },
  {
    "title": "Supplementary Documents (FY2018) (294KB)",
    "link": "https://www.astellas.com/system/files/4q2018_sup_en--.pdf",
    "timestamp": "unknown"
  },
  {
    "title": "Presentation Material for Information Meeting (FY2018) (,492KB)",
    "link": "https://www.astellas.com/system/files/4q2018_pre_en--.pdf",
    "timestamp": "unknown"
  },
  {
    "title": "Financial Results (Q3/FY2018) (347KB)",
    "link": "https://www.astellas.com/system/files/3q2018_en--.pdf",
    "timestamp": "unknown"
  },
  {
    "title": "Supplementary Documents (Q3/FY2018) (508KB)",
    "link": "https://www.astellas.com/system/files/3q2018_sup_en--.pdf",
    "timestamp": "unknown"
  },
  {
    "title": "Presentation Material for Information Meeting (Q3/FY2018) (871KB)",
    "link": "https://www.astellas.com/system/files/3q2018_pre_en--.pdf",
    "timestamp": "unknown"
  },
  {
    "title": "Financial Results (312KB)",
    "link": "https://www.astellas.com/system/files/2q2018_en--.pdf",
    "timestamp": "unknown"
  },
  {
    "title": "Supplementary Documents (500KB)",
    "link": "https://www.astellas.com/system/files/2q2018_sup_en--.pdf",
    "timestamp": "unknown"
  },
  {
    "title": "Overview of R&D Pipeline (97KB)",
    "link": "https://www.astellas.com/system/files/2q2018_rd_en--.pdf",
    "timestamp": "unknown"
  },
  {
    "title": "Presentation Material for Information Meeting (634KB)",
    "link": "https://www.astellas.com/system/files/2q2018_pre_en--.pdf",
    "timestamp": "unknown"
  },
  {
    "title": "Financial Results (305KB)",
    "link": "https://www.astellas.com/system/files/1q2018_en--.pdf",
    "timestamp": "unknown"
  },
  {
    "title": "Supplementary Documents (326KB)",
    "link": "https://www.astellas.com/system/files/1q2018_sup_en--.pdf",
    "timestamp": "unknown"
  },
  {
    "title": "Overview of R&D Pipeline (95KB)",
    "link": "https://www.astellas.com/system/files/1q2018_rd_en--.pdf",
    "timestamp": "unknown"
  },
  {
    "title": "Presentation Material for Information Meeting (507KB)",
    "link": "https://www.astellas.com/system/files/1q2018_pre_en--.pdf",
    "timestamp": "unknown"
  },
  {
    "title": "Financial Results (429KB)",
    "link": "https://www.astellas.com/system/files/4q2017_en--.pdf",
    "timestamp": "unknown"
  },
  {
    "title": "Supplementary Documents (417KB)",
    "link": "https://www.astellas.com/system/files/4q2017_sup_en--.pdf",
    "timestamp": "unknown"
  },
  {
    "title": "Overview of R&D Pipeline (94KB)",
    "link": "https://www.astellas.com/system/files/4q2017_rd_en--.pdf",
    "timestamp": "unknown"
  },
  {
    "title": "Presentation Material for Information Meeting (April , ) (695KB)",
    "link": "https://www.astellas.com/system/files/4q2017_pre_en--.pdf",
    "timestamp": "unknown"
  },
  {
    "title": "Financial Results (263KB)",
    "link": "https://www.astellas.com/system/files/3q2017_en--.pdf",
    "timestamp": "unknown"
  },
  {
    "title": "Supplementary Documents (507KB)",
    "link": "https://www.astellas.com/system/files/3q2017_sup_en--.pdf",
    "timestamp": "unknown"
  },
  {
    "title": "Overview of R&D Pipeline (93KB)",
    "link": "https://www.astellas.com/system/files/3q2017_rd_en--.pdf",
    "timestamp": "unknown"
  },
  {
    "title": "Presentation Material for Information Meeting (January , ) (585KB)",
    "link": "https://www.astellas.com/system/files/3q2017_pre_en--.pdf",
    "timestamp": "unknown"
  },
  {
    "title": "Financial Results (259KB)",
    "link": "https://www.astellas.com/system/files/2q2017_en--.pdf",
    "timestamp": "unknown"
  },
  {
    "title": "Supplementary Documents (512KB)",
    "link": "https://www.astellas.com/system/files/2q2017_sup_en--.pdf",
    "timestamp": "unknown"
  },
  {
    "title": "Overview of R&D Pipeline (94KB)",
    "link": "https://www.astellas.com/system/files/2q2017_rd_en--.pdf",
    "timestamp": "unknown"
  },
  {
    "title": "Presentation Material for Information Meeting (October , ) (557KB)",
    "link": "https://www.astellas.com/system/files/2q2017_pre_en--.pdf",
    "timestamp": "unknown"
  },
  {
    "title": "Financial Results (366KB)",
    "link": "https://www.astellas.com/system/files/1q2017_en--.pdf",
    "timestamp": "unknown"
  },
  {
    "title": "Supplementary Documents (315KB)",
    "link": "https://www.astellas.com/system/files/1q2017_sup_en--.pdf",
    "timestamp": "unknown"
  },
  {
    "title": "Overview of R&D Pipeline (95KB)",
    "link": "https://www.astellas.com/system/files/1q2017_rd_en--.pdf",
    "timestamp": "unknown"
  },
  {
    "title": "Presentation Material for Information Meeting (July , ) (793KB)",
    "link": "https://www.astellas.com/system/files/1q2017_pre_en--.pdf",
    "timestamp": "unknown"
  },
  {
    "title": "Follow us on social mediaGlobal LinkedIn Community Guidelines",
    "link": "https://www.linkedin.com/company/astellaspharmainc",
    "timestamp": "unknown"
  },
  {
    "title": "Follow us on social mediaGlobal LinkedIn Community Guidelines",
    "link": "https://www.linkedin.com/company/astellaspharmainc",
    "timestamp": "unknown"
  },
  {
    "title": "Follow us on social mediaGlobal LinkedIn Community Guidelines",
    "link": "https://www.linkedin.com/company/astellaspharmainc",
    "timestamp": "unknown"
  },
  {
    "title": "Follow us on social media",
    "link": "https://www.linkedin.com/company/astellaspharmainc",
    "timestamp": "unknown"
  },
  {
    "title": "Global LinkedIn Community Guidelines",
    "link": "https://www.astellas.com/en/global-linkedin-community-guidelines",
    "timestamp": "unknown"
  },
  {
    "title": "Global LinkedIn Community Guidelines",
    "link": "https://www.astellas.com/en/global-linkedin-community-guidelines",
    "timestamp": "unknown"
  },
  {
    "title": "SITE MAP",
    "link": "https://www.astellas.com/en/sitemap",
    "timestamp": "unknown"
  },
  {
    "title": "PRIVACY NOTICE",
    "link": "https://www.astellas.com/en/privacy-notice",
    "timestamp": "unknown"
  },
  {
    "title": "ACCESSIBILITY",
    "link": "https://www.astellas.com/en/accessibility",
    "timestamp": "unknown"
  },
  {
    "title": "TERMS OF USE",
    "link": "https://www.astellas.com/en/terms-of-use",
    "timestamp": "unknown"
  },
  {
    "title": "CONTACT US",
    "link": "https://www.astellas.com/en/contact-us",
    "timestamp": "unknown"
  },
  {
    "title": "DISASTER INFORMATION FOR EMPLOYEES",
    "link": "https://www4.bcportal.jp/astellas/news",
    "timestamp": "unknown"
  }
]