[
  {
    "title": "Medical ProfessionalsInformation for\r\n                                            Healthcare ProvidersClinical StudiesExpanded AccessEducational Grant",
    "link": "https://www.atarabio.com/medical-professionals/",
    "timestamp": "unknown"
  },
  {
    "title": "Medical ProfessionalsInformation for\r\n                                            Healthcare ProvidersClinical StudiesExpanded AccessEducational Grant",
    "link": "https://www.atarabio.com/medical-professionals/",
    "timestamp": "unknown"
  },
  {
    "title": "Medical ProfessionalsInformation for\r\n                                            Healthcare ProvidersClinical StudiesExpanded AccessEducational Grant",
    "link": "https://www.atarabio.com/medical-professionals/",
    "timestamp": "unknown"
  },
  {
    "title": "Medical ProfessionalsInformation for\r\n                                            Healthcare ProvidersClinical StudiesExpanded AccessEducational Grant",
    "link": "https://www.atarabio.com/medical-professionals/",
    "timestamp": "unknown"
  },
  {
    "title": "Medical ProfessionalsInformation for\r\n                                            Healthcare ProvidersClinical StudiesExpanded AccessEducational Grant",
    "link": "https://www.atarabio.com/medical-professionals/",
    "timestamp": "unknown"
  },
  {
    "title": "Medical ProfessionalsInformation for\r\n                                            Healthcare ProvidersClinical StudiesExpanded AccessEducational Grant",
    "link": "https://www.atarabio.com/medical-professionals/",
    "timestamp": "unknown"
  },
  {
    "title": "Medical ProfessionalsInformation for\r\n                                            Healthcare ProvidersClinical StudiesExpanded AccessEducational Grant",
    "link": "https://www.atarabio.com/medical-professionals/",
    "timestamp": "unknown"
  },
  {
    "title": "Information for\r\n                                            Healthcare Providers",
    "link": "https://www.atarabio.com/medical-professionals/",
    "timestamp": "unknown"
  },
  {
    "title": "Clinical Studies",
    "link": "https://www.atarabio.com/clinical-studies/?back_to=medical-professionals",
    "timestamp": "unknown"
  },
  {
    "title": "Expanded Access",
    "link": "https://www.atarabio.com/expanded-access/?back_to=medical-professionals",
    "timestamp": "unknown"
  },
  {
    "title": "Educational Grants",
    "link": "https://www.atarabio.com/independent-medical-education/",
    "timestamp": "unknown"
  },
  {
    "title": "Request Information",
    "link": "https://www.atarabio.com/medical-professionals/request-information/?back_to=medical-professionals",
    "timestamp": "unknown"
  },
  {
    "title": "Press Releases",
    "link": "https://investors.atarabio.com/news-events/press-releases",
    "timestamp": "unknown"
  },
  {
    "title": "Suppliers",
    "link": "https://www.atarabio.com/suppliers/",
    "timestamp": "unknown"
  },
  {
    "title": "Atara BiotherapeuticsOur CompanyAbout UsResponsibilityTechnologyTechnologyManufacturingCAR TPipelineAtara\r\n                                           ",
    "link": "https://www.atarabio.com",
    "timestamp": "unknown"
  },
  {
    "title": "Atara Biotherapeutics",
    "link": "https://www.atarabio.com",
    "timestamp": "unknown"
  },
  {
    "title": "Atara Biotherapeutics",
    "link": "https://www.atarabio.com",
    "timestamp": "unknown"
  },
  {
    "title": "Our CompanyAbout UsResponsibilityTechnologyTechnologyManufacturingCAR TPipelineAtara\r\n                                                PipelineATA3219A",
    "link": "https://www.atarabio.com/company/",
    "timestamp": "unknown"
  },
  {
    "title": "Our CompanyAbout UsResponsibilityTechnologyTechnologyManufacturingCAR TPipelineAtara\r\n                                                PipelineATA3219A",
    "link": "https://www.atarabio.com/company/",
    "timestamp": "unknown"
  },
  {
    "title": "Our CompanyAbout UsResponsibilityTechnologyTechnologyManufacturingCAR TPipelineAtara\r\n                                                PipelineATA3219A",
    "link": "https://www.atarabio.com/company/",
    "timestamp": "unknown"
  },
  {
    "title": "Our CompanyAbout UsResponsibility",
    "link": "https://www.atarabio.com/company/",
    "timestamp": "unknown"
  },
  {
    "title": "About Us",
    "link": "https://www.atarabio.com/company/",
    "timestamp": "unknown"
  },
  {
    "title": "Responsibility",
    "link": "https://www.atarabio.com/company/responsibility/",
    "timestamp": "unknown"
  },
  {
    "title": "TechnologyTechnologyManufacturingCAR T",
    "link": "https://www.atarabio.com/science-and-technology/",
    "timestamp": "unknown"
  },
  {
    "title": "Technology",
    "link": "https://www.atarabio.com/science-and-technology/",
    "timestamp": "unknown"
  },
  {
    "title": "Manufacturing",
    "link": "https://www.atarabio.com/science-and-technology/manufacturing/",
    "timestamp": "unknown"
  },
  {
    "title": "CAR T",
    "link": "https://www.atarabio.com/science-and-technology/next-generation-car-t/",
    "timestamp": "unknown"
  },
  {
    "title": "PipelineAtara\r\n                                                PipelineATA3219ATA3431",
    "link": "https://www.atarabio.com/pipeline/",
    "timestamp": "unknown"
  },
  {
    "title": "Atara\r\n                                                Pipeline",
    "link": "https://www.atarabio.com/pipeline/",
    "timestamp": "unknown"
  },
  {
    "title": "ATA3219",
    "link": "https://www.atarabio.com/pipeline/ata3219/",
    "timestamp": "unknown"
  },
  {
    "title": "ATA3431",
    "link": "https://www.atarabio.com/pipeline/ata3431/",
    "timestamp": "unknown"
  },
  {
    "title": "Patients & FamiliesOur MissionATA3219 Trial (NHL)ATA3219 Trial (SLE/LN)Stories of\r\n                                                StrengthAbout EBVPT",
    "link": "https://www.atarabio.com/patients-families/",
    "timestamp": "unknown"
  },
  {
    "title": "Our Mission",
    "link": "https://www.atarabio.com/patients-families/",
    "timestamp": "unknown"
  },
  {
    "title": "ATA3219 Trial (NHL)",
    "link": "https://www.atarabio.com/patients-families/nhl-ata3219-trial/",
    "timestamp": "unknown"
  },
  {
    "title": "ATA3219 Trial (SLE/LN)",
    "link": "https://www.atarabio.com/patients-families/ata3219-trial-sle-ln/",
    "timestamp": "unknown"
  },
  {
    "title": "Stories of\r\n                                                Strength",
    "link": "https://www.atarabio.com/stories-of-strength/",
    "timestamp": "unknown"
  },
  {
    "title": "About EBV",
    "link": "https://www.atarabio.com/about-ebv/",
    "timestamp": "unknown"
  },
  {
    "title": "PTLD",
    "link": "https://www.atarabio.com/ptld/",
    "timestamp": "unknown"
  },
  {
    "title": "Clinical\r\n                                                Studies",
    "link": "https://www.atarabio.com/clinical-studies-/",
    "timestamp": "unknown"
  },
  {
    "title": "Investors & MediaInvestors & MediaNews & EventsFinancial ResultsATRA StockAnalyst CoverageSEC FilingsGovernance",
    "link": "https://investors.atarabio.com",
    "timestamp": "unknown"
  },
  {
    "title": "Investors & Media",
    "link": "https://investors.atarabio.com/",
    "timestamp": "unknown"
  },
  {
    "title": "News & Events",
    "link": "https://investors.atarabio.com/news-events",
    "timestamp": "unknown"
  },
  {
    "title": "Financial Results",
    "link": "https://investors.atarabio.com/financial-results",
    "timestamp": "unknown"
  },
  {
    "title": "ATRA Stock",
    "link": "https://investors.atarabio.com/atra-stock",
    "timestamp": "unknown"
  },
  {
    "title": "Analyst Coverage",
    "link": "https://investors.atarabio.com/analyst-coverage",
    "timestamp": "unknown"
  },
  {
    "title": "SEC Filings",
    "link": "https://investors.atarabio.com/sec-filings",
    "timestamp": "unknown"
  },
  {
    "title": "Governance",
    "link": "https://investors.atarabio.com/governance",
    "timestamp": "unknown"
  },
  {
    "title": "CareersCareers HomeCareer AreasJob Search",
    "link": "https://www.atarabio.com/careers/",
    "timestamp": "unknown"
  },
  {
    "title": "Careers Home",
    "link": "https://www.atarabio.com/careers/",
    "timestamp": "unknown"
  },
  {
    "title": "Career Areas",
    "link": "https://www.atarabio.com/careers/career-areas/",
    "timestamp": "unknown"
  },
  {
    "title": "Job Search",
    "link": "https://www.atarabio.com/job-search/",
    "timestamp": "unknown"
  },
  {
    "title": "Contact",
    "link": "https://www.atarabio.com/contact/",
    "timestamp": "unknown"
  },
  {
    "title": "Medical Professionals",
    "link": "https://www.atarabio.com/medical-professionals/",
    "timestamp": "unknown"
  },
  {
    "title": "Press Releases",
    "link": "https://investors.atarabio.com/news-events/press-releases",
    "timestamp": "unknown"
  },
  {
    "title": "Suppliers",
    "link": "https://www.atarabio.com/suppliers/",
    "timestamp": "unknown"
  },
  {
    "title": "LinkedIn",
    "link": "https://www.linkedin.com/company/atarabio",
    "timestamp": "unknown"
  },
  {
    "title": "Twitter",
    "link": "https://twitter.com/Atarabio",
    "timestamp": "unknown"
  },
  {
    "title": "NewsCareers",
    "link": "https://investors.atarabio.com/news-events",
    "timestamp": "unknown"
  },
  {
    "title": "NewsCareers",
    "link": "https://investors.atarabio.com/news-events",
    "timestamp": "unknown"
  },
  {
    "title": "NewsCareers",
    "link": "https://investors.atarabio.com/news-events",
    "timestamp": "unknown"
  },
  {
    "title": "NewsCareers",
    "link": "https://investors.atarabio.com/news-events",
    "timestamp": "unknown"
  },
  {
    "title": "News",
    "link": "https://investors.atarabio.com/news-events",
    "timestamp": "unknown"
  },
  {
    "title": "Careers",
    "link": "https://www.atarabio.com/careers/",
    "timestamp": "unknown"
  },
  {
    "title": "Investors & MediaInvestors & MediaInvestors & MediaNews & EventsOverviewPress ReleasesEventsPresentationsEmail AlertsInvestor & Media ContactsFinancia",
    "link": "https://investors.atarabio.com/news-events?_gl=1*4e2k4b*_ga*MjA1NzczMzEwNi4xNzQ2MTk1OTgz*_ga_REN0RQFKVX*czE3NDcxODYxNDIkbzIkZzAkdDE3NDcxODYxNDIkajAkbDAkaDA.",
    "timestamp": "unknown"
  },
  {
    "title": "Investors & MediaInvestors & MediaInvestors & MediaNews & EventsOverviewPress ReleasesEventsPresentationsEmail AlertsInvestor & Media ContactsFinancia",
    "link": "https://investors.atarabio.com/news-events?_gl=1*4e2k4b*_ga*MjA1NzczMzEwNi4xNzQ2MTk1OTgz*_ga_REN0RQFKVX*czE3NDcxODYxNDIkbzIkZzAkdDE3NDcxODYxNDIkajAkbDAkaDA.",
    "timestamp": "unknown"
  },
  {
    "title": "Investors & MediaInvestors & MediaInvestors & MediaNews & EventsOverviewPress ReleasesEventsPresentationsEmail AlertsInvestor & Media ContactsFinancia",
    "link": "https://investors.atarabio.com/news-events?_gl=1*4e2k4b*_ga*MjA1NzczMzEwNi4xNzQ2MTk1OTgz*_ga_REN0RQFKVX*czE3NDcxODYxNDIkbzIkZzAkdDE3NDcxODYxNDIkajAkbDAkaDA.",
    "timestamp": "unknown"
  },
  {
    "title": "Investors & MediaInvestors & MediaInvestors & MediaNews & EventsOverviewPress ReleasesEventsPresentationsEmail AlertsInvestor & Media ContactsFinancia",
    "link": "https://investors.atarabio.com/news-events?_gl=1*4e2k4b*_ga*MjA1NzczMzEwNi4xNzQ2MTk1OTgz*_ga_REN0RQFKVX*czE3NDcxODYxNDIkbzIkZzAkdDE3NDcxODYxNDIkajAkbDAkaDA.",
    "timestamp": "unknown"
  },
  {
    "title": "Investors & MediaInvestors & MediaNews & EventsOverviewPress ReleasesEventsPresentationsEmail AlertsInvestor & Media ContactsFinancial ResultsOverview",
    "link": "https://investors.atarabio.com/",
    "timestamp": "unknown"
  },
  {
    "title": "Investors & Media",
    "link": "https://investors.atarabio.com/",
    "timestamp": "unknown"
  },
  {
    "title": "News & EventsOverviewPress ReleasesEventsPresentationsEmail AlertsInvestor & Media Contacts",
    "link": "https://investors.atarabio.com/news-events",
    "timestamp": "unknown"
  },
  {
    "title": "Overview",
    "link": "https://investors.atarabio.com/news-events",
    "timestamp": "unknown"
  },
  {
    "title": "Press Releases",
    "link": "https://investors.atarabio.com/news-events/press-releases",
    "timestamp": "unknown"
  },
  {
    "title": "Events",
    "link": "https://investors.atarabio.com/news-events/events",
    "timestamp": "unknown"
  },
  {
    "title": "Presentations",
    "link": "https://investors.atarabio.com/news-events/presentations",
    "timestamp": "unknown"
  },
  {
    "title": "Email Alerts",
    "link": "https://investors.atarabio.com/news-events/email-alerts",
    "timestamp": "unknown"
  },
  {
    "title": "Investor & Media Contacts",
    "link": "https://investors.atarabio.com/news-events/investor-media-contacts",
    "timestamp": "unknown"
  },
  {
    "title": "Financial ResultsOverviewFinancial ResultsIncome StatementBalance SheetCash Flow",
    "link": "https://investors.atarabio.com/financial-results",
    "timestamp": "unknown"
  },
  {
    "title": "Overview",
    "link": "https://investors.atarabio.com/financial-results",
    "timestamp": "unknown"
  },
  {
    "title": "Financial Results",
    "link": "https://investors.atarabio.com/financial-results/financial-results",
    "timestamp": "unknown"
  },
  {
    "title": "Income Statement",
    "link": "https://investors.atarabio.com/financial-results/income-statement",
    "timestamp": "unknown"
  },
  {
    "title": "Balance Sheet",
    "link": "https://investors.atarabio.com/financial-results/balance-sheet",
    "timestamp": "unknown"
  },
  {
    "title": "Cash Flow",
    "link": "https://investors.atarabio.com/financial-results/cash-flow",
    "timestamp": "unknown"
  },
  {
    "title": "ATRA StockOverviewChartsHistorical DataFAQClassification Info",
    "link": "https://investors.atarabio.com/atra-stock",
    "timestamp": "unknown"
  },
  {
    "title": "Overview",
    "link": "https://investors.atarabio.com/atra-stock",
    "timestamp": "unknown"
  },
  {
    "title": "Charts",
    "link": "https://investors.atarabio.com/atra-stock/charts",
    "timestamp": "unknown"
  },
  {
    "title": "Historical Data",
    "link": "https://investors.atarabio.com/atra-stock/historical-data",
    "timestamp": "unknown"
  },
  {
    "title": "FAQ",
    "link": "https://investors.atarabio.com/atra-stock/faq",
    "timestamp": "unknown"
  },
  {
    "title": "Classification Info",
    "link": "https://investors.atarabio.com/atra-stock/classification-info",
    "timestamp": "unknown"
  },
  {
    "title": "Analyst Coverage",
    "link": "https://investors.atarabio.com/analyst-coverage",
    "timestamp": "unknown"
  },
  {
    "title": "SEC FilingsOverviewAll SEC FilingsAnnual ReportsQuarterly ReportsSection  Filings",
    "link": "https://investors.atarabio.com/sec-filings",
    "timestamp": "unknown"
  },
  {
    "title": "Overview",
    "link": "https://investors.atarabio.com/sec-filings",
    "timestamp": "unknown"
  },
  {
    "title": "All SEC Filings",
    "link": "https://investors.atarabio.com/sec-filings/all-sec-filings",
    "timestamp": "unknown"
  },
  {
    "title": "Annual Reports",
    "link": "https://investors.atarabio.com/sec-filings/annual-reports",
    "timestamp": "unknown"
  },
  {
    "title": "Quarterly Reports",
    "link": "https://investors.atarabio.com/sec-filings/quarterly-reports",
    "timestamp": "unknown"
  },
  {
    "title": "Section  Filings",
    "link": "https://investors.atarabio.com/sec-filings/section--filings",
    "timestamp": "unknown"
  },
  {
    "title": "GovernanceOverviewBoard of DirectorsBoard CommitteesGovernance DocumentsContact the Board",
    "link": "https://investors.atarabio.com/governance",
    "timestamp": "unknown"
  },
  {
    "title": "Overview",
    "link": "https://investors.atarabio.com/governance",
    "timestamp": "unknown"
  },
  {
    "title": "Board of Directors",
    "link": "https://www.atarabio.com/company/board-of-directors/",
    "timestamp": "unknown"
  },
  {
    "title": "Board Committees",
    "link": "https://investors.atarabio.com/governance/board-committees",
    "timestamp": "unknown"
  },
  {
    "title": "Governance Documents",
    "link": "https://investors.atarabio.com/governance/governance-documents",
    "timestamp": "unknown"
  },
  {
    "title": "Contact the Board",
    "link": "https://investors.atarabio.com/governance/contact-the-board",
    "timestamp": "unknown"
  },
  {
    "title": "News & EventsOverviewPress ReleasesEventsPresentationsEmail AlertsInvestor & Media ContactsRecent NewsView All NewsJul ,   EDTAtara Biotherapeutics An",
    "link": "https://investors.atarabio.com/news-events",
    "timestamp": "unknown"
  },
  {
    "title": "News & EventsOverviewPress ReleasesEventsPresentationsEmail AlertsInvestor & Media ContactsRecent NewsView All NewsJul ,   EDTAtara Biotherapeutics An",
    "link": "https://investors.atarabio.com/news-events",
    "timestamp": "unknown"
  },
  {
    "title": "News & EventsOverviewPress ReleasesEventsPresentationsEmail AlertsInvestor & Media ContactsRecent NewsView All NewsJul ,   EDTAtara Biotherapeutics An",
    "link": "https://investors.atarabio.com/news-events",
    "timestamp": "unknown"
  },
  {
    "title": "News & EventsOverviewPress ReleasesEventsPresentationsEmail AlertsInvestor & Media ContactsRecent NewsView All NewsJul ,   EDTAtara Biotherapeutics An",
    "link": "https://investors.atarabio.com/news-events",
    "timestamp": "unknown"
  },
  {
    "title": "News & EventsOverviewPress ReleasesEventsPresentationsEmail AlertsInvestor & Media ContactsRecent NewsView All NewsJul ,   EDTAtara Biotherapeutics An",
    "link": "https://investors.atarabio.com/news-events",
    "timestamp": "unknown"
  },
  {
    "title": "News & EventsOverviewPress ReleasesEventsPresentationsEmail AlertsInvestor & Media ContactsRecent NewsView All NewsJul ,   EDTAtara Biotherapeutics An",
    "link": "https://investors.atarabio.com/news-events",
    "timestamp": "unknown"
  },
  {
    "title": "News & EventsOverviewPress ReleasesEventsPresentationsEmail AlertsInvestor & Media ContactsRecent NewsView All NewsJul ,   EDTAtara Biotherapeutics An",
    "link": "https://investors.atarabio.com/news-events",
    "timestamp": "unknown"
  },
  {
    "title": "Overview",
    "link": "https://investors.atarabio.com/news-events",
    "timestamp": "unknown"
  },
  {
    "title": "Press Releases",
    "link": "https://investors.atarabio.com/news-events/press-releases",
    "timestamp": "unknown"
  },
  {
    "title": "Events",
    "link": "https://investors.atarabio.com/news-events/events",
    "timestamp": "unknown"
  },
  {
    "title": "Presentations",
    "link": "https://investors.atarabio.com/news-events/presentations",
    "timestamp": "unknown"
  },
  {
    "title": "Email Alerts",
    "link": "https://investors.atarabio.com/news-events/email-alerts",
    "timestamp": "unknown"
  },
  {
    "title": "Investor & Media Contacts",
    "link": "https://investors.atarabio.com/news-events/investor-media-contacts",
    "timestamp": "unknown"
  },
  {
    "title": "Jul ,   EDTAtara Biotherapeutics Announces U.S. FDA Acceptance and Priority Review of the Biologics License Application for Tabelecleucel (Tab-cel\u00ae) f",
    "link": "https://investors.atarabio.com/news-events/press-releases/detail//atara-biotherapeutics-announces-u-s-fda-acceptance-and",
    "timestamp": "unknown"
  },
  {
    "title": "Jul ,   EDTAtara Biotherapeutics Announces U.S. FDA Acceptance and Priority Review of the Biologics License Application for Tabelecleucel (Tab-cel\u00ae) f",
    "link": "https://investors.atarabio.com/news-events/press-releases/detail//atara-biotherapeutics-announces-u-s-fda-acceptance-and",
    "timestamp": "unknown"
  },
  {
    "title": "Jul ,   EDTAtara Biotherapeutics Provides Regulatory and Business Updates on Tabelecleucel (Tab-cel\u00ae)",
    "link": "https://investors.atarabio.com/news-events/press-releases/detail//atara-biotherapeutics-provides-regulatory-and-business",
    "timestamp": "unknown"
  },
  {
    "title": "Jul ,   EDTAtara Biotherapeutics Provides Regulatory and Business Updates on Tabelecleucel (Tab-cel\u00ae)",
    "link": "https://investors.atarabio.com/news-events/press-releases/detail//atara-biotherapeutics-provides-regulatory-and-business",
    "timestamp": "unknown"
  },
  {
    "title": "View All News",
    "link": "https://investors.atarabio.com/news-events/press-releases",
    "timestamp": "unknown"
  },
  {
    "title": "Jun ,   PDTAnnual Meeting of StockholdersWebcastAudio",
    "link": "https://investors.atarabio.com/news-events/events/detail/-annual-meeting-of-stockholders",
    "timestamp": "unknown"
  },
  {
    "title": "Jun ,   PDTAnnual Meeting of StockholdersWebcastAudio",
    "link": "https://investors.atarabio.com/news-events/events/detail/-annual-meeting-of-stockholders",
    "timestamp": "unknown"
  },
  {
    "title": "WebcastAudio",
    "link": "http://www.virtualshareholdermeeting.com/ATRA2025",
    "timestamp": "unknown"
  },
  {
    "title": "WebcastAudio",
    "link": "http://www.virtualshareholdermeeting.com/ATRA2025",
    "timestamp": "unknown"
  },
  {
    "title": "WebcastAudio",
    "link": "http://www.virtualshareholdermeeting.com/ATRA2025",
    "timestamp": "unknown"
  },
  {
    "title": "WebcastAudio",
    "link": "http://www.virtualshareholdermeeting.com/ATRA2025",
    "timestamp": "unknown"
  },
  {
    "title": "WebcastAudio",
    "link": "http://www.virtualshareholdermeeting.com/ATRA2025",
    "timestamp": "unknown"
  },
  {
    "title": "Webcast",
    "link": "http://www.virtualshareholdermeeting.com/ATRA2025",
    "timestamp": "unknown"
  },
  {
    "title": "Audio",
    "link": "http://www.virtualshareholdermeeting.com/ATRA2025",
    "timestamp": "unknown"
  },
  {
    "title": "View All Events",
    "link": "https://investors.atarabio.com/news-events/events",
    "timestamp": "unknown"
  },
  {
    "title": "Nov ,Investor Presentation",
    "link": "https://d1io3yog0oux5.cloudfront.net/_d6369008350d22e5d4ebde6188d98504/atarabio/db///pdf/ATRA+Investor+Pres_Q3+.pdf",
    "timestamp": "unknown"
  },
  {
    "title": "Nov ,Investor Presentation",
    "link": "https://d1io3yog0oux5.cloudfront.net/_d6369008350d22e5d4ebde6188d98504/atarabio/db///pdf/ATRA+Investor+Pres_Q3+.pdf",
    "timestamp": "unknown"
  },
  {
    "title": "Sep ,H.C. Wainwright 26th Annual Global Investment Conference",
    "link": "https://d1io3yog0oux5.cloudfront.net/_d6369008350d22e5d4ebde6188d98504/atarabio/db///pdf/ATRA+Investor+Pres_HC+Wainwright.pdf",
    "timestamp": "unknown"
  },
  {
    "title": "Sep ,H.C. Wainwright 26th Annual Global Investment Conference",
    "link": "https://d1io3yog0oux5.cloudfront.net/_d6369008350d22e5d4ebde6188d98504/atarabio/db///pdf/ATRA+Investor+Pres_HC+Wainwright.pdf",
    "timestamp": "unknown"
  },
  {
    "title": "View All Presentations",
    "link": "https://investors.atarabio.com/news-events/presentations",
    "timestamp": "unknown"
  },
  {
    "title": "Sign Up",
    "link": "https://investors.atarabio.com/news-events/email-alerts",
    "timestamp": "unknown"
  },
  {
    "title": "Email AlertsContactsRSS News Feed",
    "link": "https://investors.atarabio.com/news-events/email-alerts",
    "timestamp": "unknown"
  },
  {
    "title": "Email AlertsContactsRSS News Feed",
    "link": "https://investors.atarabio.com/news-events/email-alerts",
    "timestamp": "unknown"
  },
  {
    "title": "Email Alerts",
    "link": "https://investors.atarabio.com/news-events/email-alerts",
    "timestamp": "unknown"
  },
  {
    "title": "Contacts",
    "link": "https://investors.atarabio.com/news-events/investor-media-contacts",
    "timestamp": "unknown"
  },
  {
    "title": "RSS News Feed",
    "link": "https://investors.atarabio.com/news-events/press-releases/rss",
    "timestamp": "unknown"
  },
  {
    "title": "HomeSite MapTerms of UsePrivacy PolicyMedical ProfessionalsPress ReleasesSuppliersOur CompanyTechnologyPipelineInvestors and MediaPatients and Familie",
    "link": "https://www.atarabio.com/",
    "timestamp": "unknown"
  },
  {
    "title": "HomeSite MapTerms of UsePrivacy PolicyMedical ProfessionalsPress ReleasesSuppliersOur CompanyTechnologyPipelineInvestors and MediaPatients and Familie",
    "link": "https://www.atarabio.com/",
    "timestamp": "unknown"
  },
  {
    "title": "HomeSite MapTerms of UsePrivacy PolicyMedical ProfessionalsPress ReleasesSuppliers",
    "link": "https://www.atarabio.com/",
    "timestamp": "unknown"
  },
  {
    "title": "Home",
    "link": "https://www.atarabio.com/",
    "timestamp": "unknown"
  },
  {
    "title": "Site Map",
    "link": "https://www.atarabio.com/sitemap/",
    "timestamp": "unknown"
  },
  {
    "title": "Terms of Use",
    "link": "https://www.atarabio.com/terms-of-use/",
    "timestamp": "unknown"
  },
  {
    "title": "Privacy Policy",
    "link": "https://www.atarabio.com/privacy-policy/",
    "timestamp": "unknown"
  },
  {
    "title": "Medical Professionals",
    "link": "https://www.atarabio.com/medical-professionals/",
    "timestamp": "unknown"
  },
  {
    "title": "Press Releases",
    "link": "https://investors.atarabio.com/news-events/press-releases",
    "timestamp": "unknown"
  },
  {
    "title": "Suppliers",
    "link": "https://www.atarabio.com/suppliers/",
    "timestamp": "unknown"
  },
  {
    "title": "Our CompanyTechnologyPipelineInvestors and MediaPatients and FamiliesCareersContact",
    "link": "https://www.atarabio.com/company/",
    "timestamp": "unknown"
  },
  {
    "title": "Our Company",
    "link": "https://www.atarabio.com/company/",
    "timestamp": "unknown"
  },
  {
    "title": "Technology",
    "link": "https://www.atarabio.com/science-and-technology/",
    "timestamp": "unknown"
  },
  {
    "title": "Pipeline",
    "link": "https://www.atarabio.com/pipeline/",
    "timestamp": "unknown"
  },
  {
    "title": "Investors and Media",
    "link": "https://investors.atarabio.com",
    "timestamp": "unknown"
  },
  {
    "title": "Patients and Families",
    "link": "https://www.atarabio.com/patients-families/",
    "timestamp": "unknown"
  },
  {
    "title": "Careers",
    "link": "https://www.atarabio.com/careers/",
    "timestamp": "unknown"
  },
  {
    "title": "Contact",
    "link": "https://www.atarabio.com/contact/",
    "timestamp": "unknown"
  },
  {
    "title": "Our CompanyAbout UsResponsibilityTechnologyTechnologyManufacturingCAR TInvestors and MediaInvestors & MediaNews & EventsFinancial ResultsATRA StockAna",
    "link": "https://www.atarabio.com/company/",
    "timestamp": "unknown"
  },
  {
    "title": "About Us",
    "link": "https://www.atarabio.com/company/",
    "timestamp": "unknown"
  },
  {
    "title": "Responsibility",
    "link": "https://www.atarabio.com/company/responsibility/",
    "timestamp": "unknown"
  },
  {
    "title": "Technology",
    "link": "https://www.atarabio.com/science-and-technology/",
    "timestamp": "unknown"
  },
  {
    "title": "Manufacturing",
    "link": "https://www.atarabio.com/science-and-technology/manufacturing/",
    "timestamp": "unknown"
  },
  {
    "title": "CAR T",
    "link": "https://www.atarabio.com/science-and-technology/next-generation-car-t/",
    "timestamp": "unknown"
  },
  {
    "title": "Investors & Media",
    "link": "https://investors.atarabio.com/",
    "timestamp": "unknown"
  },
  {
    "title": "News & Events",
    "link": "https://investors.atarabio.com/news-events",
    "timestamp": "unknown"
  },
  {
    "title": "Financial Results",
    "link": "https://investors.atarabio.com/financial-results",
    "timestamp": "unknown"
  },
  {
    "title": "ATRA Stock",
    "link": "https://investors.atarabio.com/atra-stock",
    "timestamp": "unknown"
  },
  {
    "title": "Analyst Coverage",
    "link": "https://investors.atarabio.com/analyst-coverage",
    "timestamp": "unknown"
  },
  {
    "title": "SEC Filings",
    "link": "https://investors.atarabio.com/sec-filings",
    "timestamp": "unknown"
  },
  {
    "title": "Governance",
    "link": "https://investors.atarabio.com/governance",
    "timestamp": "unknown"
  },
  {
    "title": "PipelineAtara PipelineATA3219ATA3431CareersCareers HomeCareer AreasJob SearchContact",
    "link": "https://www.atarabio.com/pipeline/",
    "timestamp": "unknown"
  },
  {
    "title": "Atara Pipeline",
    "link": "https://www.atarabio.com/pipeline/",
    "timestamp": "unknown"
  },
  {
    "title": "ATA3219",
    "link": "https://www.atarabio.com/pipeline/ata3219/",
    "timestamp": "unknown"
  },
  {
    "title": "ATA3431",
    "link": "https://www.atarabio.com/pipeline/ata3431/",
    "timestamp": "unknown"
  },
  {
    "title": "Careers Home",
    "link": "https://www.atarabio.com/careers/",
    "timestamp": "unknown"
  },
  {
    "title": "Career Areas",
    "link": "https://www.atarabio.com/careers/career-areas/",
    "timestamp": "unknown"
  },
  {
    "title": "Job Search",
    "link": "https://www.atarabio.com/job-search/",
    "timestamp": "unknown"
  },
  {
    "title": "Contact",
    "link": "https://www.atarabio.com/contact/",
    "timestamp": "unknown"
  },
  {
    "title": "Patients and FamiliesOur MissionStories of StrengthAbout EBVPTLDClinical Studies",
    "link": "https://www.atarabio.com/patients-families/",
    "timestamp": "unknown"
  },
  {
    "title": "Our Mission",
    "link": "https://www.atarabio.com/patients-families/",
    "timestamp": "unknown"
  },
  {
    "title": "Stories of Strength",
    "link": "https://www.atarabio.com/stories-of-strength/",
    "timestamp": "unknown"
  },
  {
    "title": "About EBV",
    "link": "https://www.atarabio.com/about-ebv/",
    "timestamp": "unknown"
  },
  {
    "title": "PTLD",
    "link": "https://www.atarabio.com/ptld/",
    "timestamp": "unknown"
  },
  {
    "title": "Clinical Studies",
    "link": "https://www.atarabio.com/clinical-studies-/",
    "timestamp": "unknown"
  },
  {
    "title": "\u00a9  Atara Biotherapeutics, Inc. All rights\r\n                reserved.Notice of Data Breach",
    "link": "https://www.atarabio.com/wp-content/uploads///Atara-Biotherapeutics-Website-Notice.pdf",
    "timestamp": "unknown"
  }
]