[
  {
    "title": "Toggle NavigationHomeNews & EventsPress ReleasesEvents & PresentationsMedia MaterialsStockStock Quote & ChartHistoric Stock LookupAnalyst CoverageCorp",
    "link": "https://www.biocryst.com/",
    "timestamp": "unknown"
  },
  {
    "title": "Toggle NavigationHomeNews & EventsPress ReleasesEvents & PresentationsMedia MaterialsStockStock Quote & ChartHistoric Stock LookupAnalyst CoverageCorp",
    "link": "https://www.biocryst.com/",
    "timestamp": "unknown"
  },
  {
    "title": "Toggle NavigationHomeNews & EventsPress ReleasesEvents & PresentationsMedia MaterialsStockStock Quote & ChartHistoric Stock LookupAnalyst CoverageCorp",
    "link": "https://www.biocryst.com/",
    "timestamp": "unknown"
  },
  {
    "title": "Toggle NavigationHomeNews & EventsPress ReleasesEvents & PresentationsMedia MaterialsStockStock Quote & ChartHistoric Stock LookupAnalyst CoverageCorp",
    "link": "https://www.biocryst.com/",
    "timestamp": "unknown"
  },
  {
    "title": "Toggle NavigationHomeNews & EventsPress ReleasesEvents & PresentationsMedia MaterialsStockStock Quote & ChartHistoric Stock LookupAnalyst CoverageCorp",
    "link": "https://www.biocryst.com/",
    "timestamp": "unknown"
  },
  {
    "title": "HomeNews & EventsPress ReleasesEvents & PresentationsMedia MaterialsStockStock Quote & ChartHistoric Stock LookupAnalyst CoverageCorporate GovernanceB",
    "link": "https://ir.biocryst.com/",
    "timestamp": "unknown"
  },
  {
    "title": "Home",
    "link": "https://ir.biocryst.com/",
    "timestamp": "unknown"
  },
  {
    "title": "News & EventsPress ReleasesEvents & PresentationsMedia Materials",
    "link": "https://ir.biocryst.com/news-events/press-releases",
    "timestamp": "unknown"
  },
  {
    "title": "Press ReleasesEvents & PresentationsMedia Materials",
    "link": "https://ir.biocryst.com/news-events/press-releases",
    "timestamp": "unknown"
  },
  {
    "title": "StockStock Quote & ChartHistoric Stock LookupAnalyst Coverage",
    "link": "https://ir.biocryst.com/stock-information/overview",
    "timestamp": "unknown"
  },
  {
    "title": "Stock Quote & ChartHistoric Stock LookupAnalyst Coverage",
    "link": "https://ir.biocryst.com/stock-information/overview",
    "timestamp": "unknown"
  },
  {
    "title": "Corporate GovernanceBoard of DirectorsCommittee CompositionCode of Conduct and EthicsCommittee ChartersCorporate Responsibility",
    "link": "https://ir.biocryst.com/corporate-responsibility",
    "timestamp": "unknown"
  },
  {
    "title": "Board of DirectorsCommittee CompositionCode of Conduct and EthicsCommittee ChartersCorporate Responsibility",
    "link": "https://www.biocryst.com/company/about-us/",
    "timestamp": "unknown"
  },
  {
    "title": "Finance & FilingsFinancial ProfileSEC DocumentsProxy OnlineQuarterly Results",
    "link": "https://ir.biocryst.com/financial-information/key-ratios",
    "timestamp": "unknown"
  },
  {
    "title": "Financial ProfileSEC DocumentsProxy OnlineQuarterly Results",
    "link": "https://ir.biocryst.com/financial-information/key-ratios",
    "timestamp": "unknown"
  },
  {
    "title": "Investor ResourcesInvestor FAQEmail AlertsRSS News Feeds",
    "link": "https://ir.biocryst.com/ir-resources/investor-faqs",
    "timestamp": "unknown"
  },
  {
    "title": "Investor FAQEmail AlertsRSS News Feeds",
    "link": "https://ir.biocryst.com/ir-resources/investor-faqs",
    "timestamp": "unknown"
  },
  {
    "title": "Group,,Annual FilingsCurrent ReportsMergers & AcquisitionsOtherProxy FilingsQuarterly FilingsRegistration StatementsFiling yearAllFiling dateDescripti",
    "link": "https://ir.biocryst.com/financial-information/sec-filings?items_per_page=&order=field_nir_sec_date_filed&sort=asc",
    "timestamp": "unknown"
  },
  {
    "title": "Group,,Annual FilingsCurrent ReportsMergers & AcquisitionsOtherProxy FilingsQuarterly FilingsRegistration StatementsFiling yearAllFiling dateDescripti",
    "link": "https://ir.biocryst.com/financial-information/sec-filings?items_per_page=&order=field_nir_sec_date_filed&sort=asc",
    "timestamp": "unknown"
  },
  {
    "title": "Group,,Annual FilingsCurrent ReportsMergers & AcquisitionsOtherProxy FilingsQuarterly FilingsRegistration StatementsFiling yearAllFiling dateDescripti",
    "link": "https://ir.biocryst.com/financial-information/sec-filings?items_per_page=&order=field_nir_sec_date_filed&sort=asc",
    "timestamp": "unknown"
  },
  {
    "title": "Group,,Annual FilingsCurrent ReportsMergers & AcquisitionsOtherProxy FilingsQuarterly FilingsRegistration StatementsFiling yearAllFiling dateDescripti",
    "link": "https://ir.biocryst.com/financial-information/sec-filings?items_per_page=&order=field_nir_sec_date_filed&sort=asc",
    "timestamp": "unknown"
  },
  {
    "title": "Group,,Annual FilingsCurrent ReportsMergers & AcquisitionsOtherProxy FilingsQuarterly FilingsRegistration StatementsFiling yearAllFiling dateDescripti",
    "link": "https://ir.biocryst.com/financial-information/sec-filings?items_per_page=&order=field_nir_sec_date_filed&sort=asc",
    "timestamp": "unknown"
  },
  {
    "title": "Group,,Annual FilingsCurrent ReportsMergers & AcquisitionsOtherProxy FilingsQuarterly FilingsRegistration StatementsFiling yearAllFiling dateDescripti",
    "link": "https://ir.biocryst.com/financial-information/sec-filings?items_per_page=&order=field_nir_sec_date_filed&sort=asc",
    "timestamp": "unknown"
  },
  {
    "title": "Group,,Annual FilingsCurrent ReportsMergers & AcquisitionsOtherProxy FilingsQuarterly FilingsRegistration StatementsFiling yearAllFiling dateDescripti",
    "link": "https://ir.biocryst.com/financial-information/sec-filings?items_per_page=&order=field_nir_sec_date_filed&sort=asc",
    "timestamp": "unknown"
  },
  {
    "title": "Group,,Annual FilingsCurrent ReportsMergers & AcquisitionsOtherProxy FilingsQuarterly FilingsRegistration StatementsFiling yearAllFiling dateDescripti",
    "link": "https://ir.biocryst.com/financial-information/sec-filings?items_per_page=&order=field_nir_sec_date_filed&sort=asc",
    "timestamp": "unknown"
  },
  {
    "title": "Group,,Annual FilingsCurrent ReportsMergers & AcquisitionsOtherProxy FilingsQuarterly FilingsRegistration StatementsFiling yearAllFiling dateDescripti",
    "link": "https://ir.biocryst.com/financial-information/sec-filings?items_per_page=&order=field_nir_sec_date_filed&sort=asc",
    "timestamp": "unknown"
  },
  {
    "title": "Group,,Annual FilingsCurrent ReportsMergers & AcquisitionsOtherProxy FilingsQuarterly FilingsRegistration StatementsFiling yearAllFiling dateDescripti",
    "link": "https://ir.biocryst.com/financial-information/sec-filings?items_per_page=&order=field_nir_sec_date_filed&sort=asc",
    "timestamp": "unknown"
  },
  {
    "title": "Group,,Annual FilingsCurrent ReportsMergers & AcquisitionsOtherProxy FilingsQuarterly FilingsRegistration StatementsFiling yearAllFiling dateDescripti",
    "link": "https://ir.biocryst.com/financial-information/sec-filings?items_per_page=&order=field_nir_sec_date_filed&sort=asc",
    "timestamp": "unknown"
  },
  {
    "title": "Group,,Annual FilingsCurrent ReportsMergers & AcquisitionsOtherProxy FilingsQuarterly FilingsRegistration StatementsFiling yearAllFiling dateDescripti",
    "link": "https://ir.biocryst.com/financial-information/sec-filings?items_per_page=&order=field_nir_sec_date_filed&sort=asc",
    "timestamp": "unknown"
  },
  {
    "title": "Group,,Annual FilingsCurrent ReportsMergers & AcquisitionsOtherProxy FilingsQuarterly FilingsRegistration StatementsFiling yearAllFiling dateDescripti",
    "link": "https://ir.biocryst.com/financial-information/sec-filings?items_per_page=&order=field_nir_sec_date_filed&sort=asc",
    "timestamp": "unknown"
  },
  {
    "title": "Group,,Annual FilingsCurrent ReportsMergers & AcquisitionsOtherProxy FilingsQuarterly FilingsRegistration StatementsFiling yearAllFiling dateDescripti",
    "link": "https://ir.biocryst.com/financial-information/sec-filings?items_per_page=&order=field_nir_sec_date_filed&sort=asc",
    "timestamp": "unknown"
  },
  {
    "title": "Group,,Annual FilingsCurrent ReportsMergers & AcquisitionsOtherProxy FilingsQuarterly FilingsRegistration StatementsFiling yearAllFiling dateDescripti",
    "link": "https://ir.biocryst.com/financial-information/sec-filings?items_per_page=&order=field_nir_sec_date_filed&sort=asc",
    "timestamp": "unknown"
  },
  {
    "title": "Group,,Annual FilingsCurrent ReportsMergers & AcquisitionsOtherProxy FilingsQuarterly FilingsRegistration StatementsFiling yearAllFiling dateDescripti",
    "link": "https://ir.biocryst.com/financial-information/sec-filings?items_per_page=&order=field_nir_sec_date_filed&sort=asc",
    "timestamp": "unknown"
  },
  {
    "title": "Group,,Annual FilingsCurrent ReportsMergers & AcquisitionsOtherProxy FilingsQuarterly FilingsRegistration StatementsFiling yearAllFiling dateDescripti",
    "link": "https://ir.biocryst.com/financial-information/sec-filings?items_per_page=&order=field_nir_sec_date_filed&sort=asc",
    "timestamp": "unknown"
  },
  {
    "title": "Group,,Annual FilingsCurrent ReportsMergers & AcquisitionsOtherProxy FilingsQuarterly FilingsRegistration StatementsFiling yearAllFiling dateDescripti",
    "link": "https://ir.biocryst.com/financial-information/sec-filings?items_per_page=&order=field_nir_sec_date_filed&sort=asc",
    "timestamp": "unknown"
  },
  {
    "title": "Filing dateDescriptionFormViewJul ,Report of unscheduled material events or corporate event-K--.pdf--.rtf--.xlsEX-.SCH - XBRL TAXONOMY EXTENSION SCHEM",
    "link": "https://ir.biocryst.com/financial-information/sec-filings?items_per_page=&order=field_nir_sec_date_filed&sort=asc",
    "timestamp": "unknown"
  },
  {
    "title": "Filing dateDescriptionFormView",
    "link": "https://ir.biocryst.com/financial-information/sec-filings?items_per_page=&order=field_nir_sec_date_filed&sort=asc",
    "timestamp": "unknown"
  },
  {
    "title": "Jul ,Report of unscheduled material events or corporate event-K--.pdf--.rtf--.xlsEX-.SCH - XBRL TAXONOMY EXTENSION SCHEMA",
    "link": "https://ir.biocryst.com/sec-filings/sec-filing/-k/--",
    "timestamp": "unknown"
  },
  {
    "title": "--.pdf--.rtf--.xlsEX-.SCH - XBRL TAXONOMY EXTENSION SCHEMA",
    "link": "https://ir.biocryst.com/static-files/be620d88--4b87-b717-f245ac6e386a",
    "timestamp": "unknown"
  },
  {
    "title": "--.pdf",
    "link": "https://ir.biocryst.com/static-files/be620d88--4b87-b717-f245ac6e386a",
    "timestamp": "unknown"
  },
  {
    "title": "--.rtf",
    "link": "https://ir.biocryst.com/static-files/80d7cf2f-ca7f--82ba-78bce5dcc559",
    "timestamp": "unknown"
  },
  {
    "title": "--.xls",
    "link": "https://ir.biocryst.com/static-files/3173b532-d5fb-4faf-95c6-51d6e4902dea",
    "timestamp": "unknown"
  },
  {
    "title": "Jul ,Statement of changes in beneficial ownership of securities--.pdf--.rtf--.xls",
    "link": "https://ir.biocryst.com/sec-filings/sec-filing//--",
    "timestamp": "unknown"
  },
  {
    "title": "--.pdf--.rtf--.xls",
    "link": "https://ir.biocryst.com/static-files/e67bc954-50aa-4dcb-b89a-1cfa2b12b7de",
    "timestamp": "unknown"
  },
  {
    "title": "--.pdf",
    "link": "https://ir.biocryst.com/static-files/e67bc954-50aa-4dcb-b89a-1cfa2b12b7de",
    "timestamp": "unknown"
  },
  {
    "title": "--.rtf",
    "link": "https://ir.biocryst.com/static-files/14c3691a-d83d-49cc-a42d-85478872d7df",
    "timestamp": "unknown"
  },
  {
    "title": "--.xls",
    "link": "https://ir.biocryst.com/static-files/4e27ec12-621f--94e1-0d528bea2ad8",
    "timestamp": "unknown"
  },
  {
    "title": "Jul ,Initial filing by director officer or owner of more than ten percent--.pdf--.rtf--.xls",
    "link": "https://ir.biocryst.com/sec-filings/sec-filing//--",
    "timestamp": "unknown"
  },
  {
    "title": "--.pdf--.rtf--.xls",
    "link": "https://ir.biocryst.com/static-files/ab99ae1d-22b0---d5d33a6b26cf",
    "timestamp": "unknown"
  },
  {
    "title": "--.pdf",
    "link": "https://ir.biocryst.com/static-files/ab99ae1d-22b0---d5d33a6b26cf",
    "timestamp": "unknown"
  },
  {
    "title": "--.rtf",
    "link": "https://ir.biocryst.com/static-files/edc274d2-7c26-4a74--86a2035bbd8d",
    "timestamp": "unknown"
  },
  {
    "title": "--.xls",
    "link": "https://ir.biocryst.com/static-files/f2f4b1e9-6b0c-42f2--fa2d0aeaa09a",
    "timestamp": "unknown"
  },
  {
    "title": "Jul ,Report of unscheduled material events or corporate event-K--.pdf--.rtf--.xlsEX-.SCH - XBRL TAXONOMY EXTENSION SCHEMA",
    "link": "https://ir.biocryst.com/sec-filings/sec-filing/-k/--",
    "timestamp": "unknown"
  },
  {
    "title": "--.pdf--.rtf--.xlsEX-.SCH - XBRL TAXONOMY EXTENSION SCHEMA",
    "link": "https://ir.biocryst.com/static-files/543f9192-732f--baf6-a2b64c174796",
    "timestamp": "unknown"
  },
  {
    "title": "--.pdf",
    "link": "https://ir.biocryst.com/static-files/543f9192-732f--baf6-a2b64c174796",
    "timestamp": "unknown"
  },
  {
    "title": "--.rtf",
    "link": "https://ir.biocryst.com/static-files/f31ad190--46a5-91b1-82031e8ed8b9",
    "timestamp": "unknown"
  },
  {
    "title": "--.xls",
    "link": "https://ir.biocryst.com/static-files/d4163b8c--4b79-a2a5-f085c2346381",
    "timestamp": "unknown"
  },
  {
    "title": "Jun ,Report of unscheduled material events or corporate event-K--.pdf--.rtf--.xlsEX-.SCH - XBRL TAXONOMY EXTENSION SCHEMA",
    "link": "https://ir.biocryst.com/sec-filings/sec-filing/-k/--",
    "timestamp": "unknown"
  },
  {
    "title": "--.pdf--.rtf--.xlsEX-.SCH - XBRL TAXONOMY EXTENSION SCHEMA",
    "link": "https://ir.biocryst.com/static-files/24bd29cd-3eda--a6d0-2a0bbb6324eb",
    "timestamp": "unknown"
  },
  {
    "title": "--.pdf",
    "link": "https://ir.biocryst.com/static-files/24bd29cd-3eda--a6d0-2a0bbb6324eb",
    "timestamp": "unknown"
  },
  {
    "title": "--.rtf",
    "link": "https://ir.biocryst.com/static-files/df48aba0-ae23-41a1-a2b5-9cfd15e59dfd",
    "timestamp": "unknown"
  },
  {
    "title": "--.xls",
    "link": "https://ir.biocryst.com/static-files/4b161f76-7ee9-4ee8-aaa7-f681731c28f0",
    "timestamp": "unknown"
  },
  {
    "title": "Jun ,Report of unscheduled material events or corporate event-K--.pdf--.rtf--.xlsEX-.SCH - XBRL TAXONOMY EXTENSION SCHEMA",
    "link": "https://ir.biocryst.com/sec-filings/sec-filing/-k/--",
    "timestamp": "unknown"
  },
  {
    "title": "--.pdf--.rtf--.xlsEX-.SCH - XBRL TAXONOMY EXTENSION SCHEMA",
    "link": "https://ir.biocryst.com/static-files/d340be90--4d59-bf96-6f45b62c54e3",
    "timestamp": "unknown"
  },
  {
    "title": "--.pdf",
    "link": "https://ir.biocryst.com/static-files/d340be90--4d59-bf96-6f45b62c54e3",
    "timestamp": "unknown"
  },
  {
    "title": "--.rtf",
    "link": "https://ir.biocryst.com/static-files/ce0bf4a0--4f8b--3a66aeab5023",
    "timestamp": "unknown"
  },
  {
    "title": "--.xls",
    "link": "https://ir.biocryst.com/static-files/d994f3dd-44da-4a54-aa8b-f77c02229ba5",
    "timestamp": "unknown"
  },
  {
    "title": "Jun ,Report of unscheduled material events or corporate event-K--.pdf--.rtf--.xlsEX-.LAB - XBRL LABEL FILE",
    "link": "https://ir.biocryst.com/sec-filings/sec-filing/-k/--",
    "timestamp": "unknown"
  },
  {
    "title": "--.pdf--.rtf--.xlsEX-.LAB - XBRL LABEL FILE",
    "link": "https://ir.biocryst.com/static-files/26be36c6-507e-4e80-a15e-d5459d1bd9d0",
    "timestamp": "unknown"
  },
  {
    "title": "--.pdf",
    "link": "https://ir.biocryst.com/static-files/26be36c6-507e-4e80-a15e-d5459d1bd9d0",
    "timestamp": "unknown"
  },
  {
    "title": "--.rtf",
    "link": "https://ir.biocryst.com/static-files/b606bd23-6ccd--ab14-92b8c1424602",
    "timestamp": "unknown"
  },
  {
    "title": "--.xls",
    "link": "https://ir.biocryst.com/static-files/655d3147-da33-49e1-b359-46e17dbb2f9a",
    "timestamp": "unknown"
  },
  {
    "title": "Jun ,Report of unscheduled material events or corporate event-K--.pdf--.rtf--.xlsEX-.SCH - XBRL TAXONOMY EXTENSION SCHEMA",
    "link": "https://ir.biocryst.com/sec-filings/sec-filing/-k/--",
    "timestamp": "unknown"
  },
  {
    "title": "--.pdf--.rtf--.xlsEX-.SCH - XBRL TAXONOMY EXTENSION SCHEMA",
    "link": "https://ir.biocryst.com/static-files/3bb9547f-b2e6--84e6-ef7aca4d3687",
    "timestamp": "unknown"
  },
  {
    "title": "--.pdf",
    "link": "https://ir.biocryst.com/static-files/3bb9547f-b2e6--84e6-ef7aca4d3687",
    "timestamp": "unknown"
  },
  {
    "title": "--.rtf",
    "link": "https://ir.biocryst.com/static-files/5efa72a7-647b-468b-95b1-830095f1adfc",
    "timestamp": "unknown"
  },
  {
    "title": "--.xls",
    "link": "https://ir.biocryst.com/static-files/fa5bb18a-dd9c-4a56-9d72-e0273834593e",
    "timestamp": "unknown"
  },
  {
    "title": "Jun ,Statement of changes in beneficial ownership of securities--.pdf--.rtf--.xls",
    "link": "https://ir.biocryst.com/sec-filings/sec-filing//--",
    "timestamp": "unknown"
  },
  {
    "title": "--.pdf--.rtf--.xls",
    "link": "https://ir.biocryst.com/static-files/422180ea-233d--b6b4-71310ee5f967",
    "timestamp": "unknown"
  },
  {
    "title": "--.pdf",
    "link": "https://ir.biocryst.com/static-files/422180ea-233d--b6b4-71310ee5f967",
    "timestamp": "unknown"
  },
  {
    "title": "--.rtf",
    "link": "https://ir.biocryst.com/static-files/985da452---88e5-2f99d32f9c11",
    "timestamp": "unknown"
  },
  {
    "title": "--.xls",
    "link": "https://ir.biocryst.com/static-files/1d25fe7a-cf68-42f1-8c0b-882a1cbff127",
    "timestamp": "unknown"
  },
  {
    "title": "Jun ,Statement of changes in beneficial ownership of securities--.pdf--.rtf--.xls",
    "link": "https://ir.biocryst.com/sec-filings/sec-filing//--",
    "timestamp": "unknown"
  },
  {
    "title": "--.pdf--.rtf--.xls",
    "link": "https://ir.biocryst.com/static-files/e3034a3a-f7b2-45cf-96c3-e122a7552a9f",
    "timestamp": "unknown"
  },
  {
    "title": "--.pdf",
    "link": "https://ir.biocryst.com/static-files/e3034a3a-f7b2-45cf-96c3-e122a7552a9f",
    "timestamp": "unknown"
  },
  {
    "title": "--.rtf",
    "link": "https://ir.biocryst.com/static-files/b8e038ed-c7d1-42bf-b67b-f366738a0d52",
    "timestamp": "unknown"
  },
  {
    "title": "--.xls",
    "link": "https://ir.biocryst.com/static-files/53d67e73-68a1-4ba2-a1ca-418f637e7917",
    "timestamp": "unknown"
  },
  {
    "title": "PaginationCurrent pagePagePage\u2026Next page\u203aLast page\u00bb",
    "link": "https://ir.biocryst.com/financial-information/sec-filings?&field_nir_sec_cik_target_id=&field_nir_sec_date_filed_value=&&&items_per_page_toggle=&page=",
    "timestamp": "unknown"
  },
  {
    "title": "PaginationCurrent pagePagePage\u2026Next page\u203aLast page\u00bb",
    "link": "https://ir.biocryst.com/financial-information/sec-filings?&field_nir_sec_cik_target_id=&field_nir_sec_date_filed_value=&&&items_per_page_toggle=&page=",
    "timestamp": "unknown"
  },
  {
    "title": "Current page",
    "link": "https://ir.biocryst.com/financial-information/sec-filings?&field_nir_sec_cik_target_id=&field_nir_sec_date_filed_value=&&&items_per_page_toggle=&page=",
    "timestamp": "unknown"
  },
  {
    "title": "Page",
    "link": "https://ir.biocryst.com/financial-information/sec-filings?&field_nir_sec_cik_target_id=&field_nir_sec_date_filed_value=&&&items_per_page_toggle=&page=",
    "timestamp": "unknown"
  },
  {
    "title": "Page",
    "link": "https://ir.biocryst.com/financial-information/sec-filings?&field_nir_sec_cik_target_id=&field_nir_sec_date_filed_value=&&&items_per_page_toggle=&page=",
    "timestamp": "unknown"
  },
  {
    "title": "Next page\u203a",
    "link": "https://ir.biocryst.com/financial-information/sec-filings?&field_nir_sec_cik_target_id=&field_nir_sec_date_filed_value=&&&items_per_page_toggle=&page=",
    "timestamp": "unknown"
  },
  {
    "title": "Last page\u00bb",
    "link": "https://ir.biocryst.com/financial-information/sec-filings?&field_nir_sec_cik_target_id=&field_nir_sec_date_filed_value=&&&items_per_page_toggle=&page=",
    "timestamp": "unknown"
  },
  {
    "title": "Data provided byKaleidoscope.",
    "link": "https://www.kscope.io",
    "timestamp": "unknown"
  },
  {
    "title": "Data provided byKaleidoscope.",
    "link": "https://www.kscope.io",
    "timestamp": "unknown"
  },
  {
    "title": "Contact Investor Relationsinvestorrelations@biocryst.com+ ..Investor ToolsPrint PagePrinted MaterialsEmail AlertsRSS News FeedsShare Page",
    "link": "mailto:investorrelations@biocryst.com",
    "timestamp": "unknown"
  },
  {
    "title": "Contact Investor Relationsinvestorrelations@biocryst.com+ ..Investor ToolsPrint PagePrinted MaterialsEmail AlertsRSS News FeedsShare Page",
    "link": "mailto:investorrelations@biocryst.com",
    "timestamp": "unknown"
  },
  {
    "title": "Contact Investor Relationsinvestorrelations@biocryst.com+ ..Investor ToolsPrint PagePrinted MaterialsEmail AlertsRSS News FeedsShare Page",
    "link": "mailto:investorrelations@biocryst.com",
    "timestamp": "unknown"
  },
  {
    "title": "Contact Investor Relationsinvestorrelations@biocryst.com+ ..",
    "link": "mailto:investorrelations@biocryst.com",
    "timestamp": "unknown"
  },
  {
    "title": "Contact Investor Relationsinvestorrelations@biocryst.com+ ..",
    "link": "mailto:investorrelations@biocryst.com",
    "timestamp": "unknown"
  },
  {
    "title": "Contact Investor Relationsinvestorrelations@biocryst.com+ ..",
    "link": "mailto:investorrelations@biocryst.com",
    "timestamp": "unknown"
  },
  {
    "title": "Contact Investor Relationsinvestorrelations@biocryst.com+ ..",
    "link": "mailto:investorrelations@biocryst.com",
    "timestamp": "unknown"
  },
  {
    "title": "Contact Investor Relationsinvestorrelations@biocryst.com+ ..",
    "link": "mailto:investorrelations@biocryst.com",
    "timestamp": "unknown"
  },
  {
    "title": "Contact Investor Relationsinvestorrelations@biocryst.com+ ..",
    "link": "mailto:investorrelations@biocryst.com",
    "timestamp": "unknown"
  },
  {
    "title": "investorrelations@biocryst.com+ ..",
    "link": "mailto:investorrelations@biocryst.com",
    "timestamp": "unknown"
  },
  {
    "title": "Investor ToolsPrint PagePrinted MaterialsEmail AlertsRSS News FeedsShare Page",
    "link": "https://ir.biocryst.com/financial-information/sec-filings#print-page",
    "timestamp": "unknown"
  },
  {
    "title": "Investor ToolsPrint PagePrinted MaterialsEmail AlertsRSS News FeedsShare Page",
    "link": "https://ir.biocryst.com/financial-information/sec-filings#print-page",
    "timestamp": "unknown"
  },
  {
    "title": "Investor ToolsPrint PagePrinted MaterialsEmail AlertsRSS News FeedsShare Page",
    "link": "https://ir.biocryst.com/financial-information/sec-filings#print-page",
    "timestamp": "unknown"
  },
  {
    "title": "Print Page",
    "link": "https://ir.biocryst.com/financial-information/sec-filings#print-page",
    "timestamp": "unknown"
  },
  {
    "title": "Printed Materials",
    "link": "https://ir.biocryst.com/information-request",
    "timestamp": "unknown"
  },
  {
    "title": "Email Alerts",
    "link": "https://ir.biocryst.com/ir-resources/email-alerts",
    "timestamp": "unknown"
  },
  {
    "title": "RSS News Feeds",
    "link": "https://ir.biocryst.com/ir-resources/rss-news-feeds",
    "timestamp": "unknown"
  },
  {
    "title": "Share Page",
    "link": "https://ir.biocryst.com/financial-information/sec-filings#idm-share",
    "timestamp": "unknown"
  },
  {
    "title": "FacebookTwitterLinkedInRSS",
    "link": "https://www.facebook.com/sharer/sharer.php?u=https%3A%2F%2Fir.biocryst.com%2Ffinancial-information%2Fsec-filings",
    "timestamp": "unknown"
  },
  {
    "title": "Facebook",
    "link": "https://www.facebook.com/sharer/sharer.php?u=https%3A%2F%2Fir.biocryst.com%2Ffinancial-information%2Fsec-filings",
    "timestamp": "unknown"
  },
  {
    "title": "Twitter",
    "link": "https://twitter.com/intent/tweet?url=https%3A%2F%2Fir.biocryst.com%2Ffinancial-information%2Fsec-filings",
    "timestamp": "unknown"
  },
  {
    "title": "LinkedIn",
    "link": "https://www.linkedin.com/sharing/share-offsite/?url=https%3A%2F%2Fir.biocryst.com%2Ffinancial-information%2Fsec-filings",
    "timestamp": "unknown"
  },
  {
    "title": "RSS",
    "link": "https://ir.biocryst.com/ir-resources/rss-news-feeds",
    "timestamp": "unknown"
  }
]