[
  {
    "title": "OverviewNewsEvents & PresentationsEventsPresentationsEvents & PresentationsFinancialsSEC FilingsAnnual ReportsStock InformationStock Quote & ChartInve",
    "link": "https://www.biogen.com/",
    "timestamp": "unknown"
  },
  {
    "title": "OverviewNewsEvents & PresentationsEventsPresentationsEvents & PresentationsFinancialsSEC FilingsAnnual ReportsStock InformationStock Quote & ChartInve",
    "link": "https://www.biogen.com/",
    "timestamp": "unknown"
  },
  {
    "title": "Overview",
    "link": "https://investors.biogen.com/",
    "timestamp": "unknown"
  },
  {
    "title": "News",
    "link": "https://investors.biogen.com/news/news-releases",
    "timestamp": "unknown"
  },
  {
    "title": "Events & PresentationsEventsPresentationsEvents & Presentations",
    "link": "https://investors.biogen.com/events-presentations/events",
    "timestamp": "unknown"
  },
  {
    "title": "EventsPresentationsEvents & Presentations",
    "link": "https://investors.biogen.com/events-presentations/events",
    "timestamp": "unknown"
  },
  {
    "title": "EventsPresentationsEvents & Presentations",
    "link": "https://investors.biogen.com/events-presentations/events",
    "timestamp": "unknown"
  },
  {
    "title": "EventsPresentationsEvents & Presentations",
    "link": "https://investors.biogen.com/events-presentations/events",
    "timestamp": "unknown"
  },
  {
    "title": "EventsPresentationsEvents & Presentations",
    "link": "https://investors.biogen.com/events-presentations/events",
    "timestamp": "unknown"
  },
  {
    "title": "Events",
    "link": "https://investors.biogen.com/events-presentations/events",
    "timestamp": "unknown"
  },
  {
    "title": "Presentations",
    "link": "https://investors.biogen.com/events-presentations/presentations",
    "timestamp": "unknown"
  },
  {
    "title": "FinancialsSEC FilingsAnnual Reports",
    "link": "https://investors.biogen.com/financials/sec-filings",
    "timestamp": "unknown"
  },
  {
    "title": "SEC FilingsAnnual Reports",
    "link": "https://investors.biogen.com/financials/sec-filings",
    "timestamp": "unknown"
  },
  {
    "title": "SEC FilingsAnnual Reports",
    "link": "https://investors.biogen.com/financials/sec-filings",
    "timestamp": "unknown"
  },
  {
    "title": "SEC FilingsAnnual Reports",
    "link": "https://investors.biogen.com/financials/sec-filings",
    "timestamp": "unknown"
  },
  {
    "title": "SEC FilingsAnnual Reports",
    "link": "https://investors.biogen.com/financials/sec-filings",
    "timestamp": "unknown"
  },
  {
    "title": "SEC Filings",
    "link": "https://investors.biogen.com/financials/sec-filings",
    "timestamp": "unknown"
  },
  {
    "title": "Annual Reports",
    "link": "https://investors.biogen.com/financials/annual-reports",
    "timestamp": "unknown"
  },
  {
    "title": "Stock InformationStock Quote & ChartInvestor FAQs",
    "link": "https://investors.biogen.com/stock-information/stock-chart",
    "timestamp": "unknown"
  },
  {
    "title": "Stock Quote & ChartInvestor FAQs",
    "link": "https://investors.biogen.com/stock-information/stock-chart",
    "timestamp": "unknown"
  },
  {
    "title": "Stock Quote & ChartInvestor FAQs",
    "link": "https://investors.biogen.com/stock-information/stock-chart",
    "timestamp": "unknown"
  },
  {
    "title": "Stock Quote & ChartInvestor FAQs",
    "link": "https://investors.biogen.com/stock-information/stock-chart",
    "timestamp": "unknown"
  },
  {
    "title": "Stock Quote & ChartInvestor FAQs",
    "link": "https://investors.biogen.com/stock-information/stock-chart",
    "timestamp": "unknown"
  },
  {
    "title": "Stock Quote & Chart",
    "link": "https://investors.biogen.com/stock-information/stock-chart",
    "timestamp": "unknown"
  },
  {
    "title": "Investor FAQs",
    "link": "https://investors.biogen.com/stock-information/investor-faqs",
    "timestamp": "unknown"
  },
  {
    "title": "Corporate GovernanceGovernance DocumentsCommittee CompositionLeadershipCode of Business ConductESG ReportCorporate ResponsibilityContact the Board",
    "link": "https://investors.biogen.com/governance/governance-documents",
    "timestamp": "unknown"
  },
  {
    "title": "Governance DocumentsCommittee CompositionLeadershipCode of Business ConductESG ReportCorporate ResponsibilityContact the Board",
    "link": "https://investors.biogen.com/governance/governance-documents",
    "timestamp": "unknown"
  },
  {
    "title": "Governance DocumentsCommittee CompositionLeadershipCode of Business ConductESG ReportCorporate ResponsibilityContact the Board",
    "link": "https://investors.biogen.com/governance/governance-documents",
    "timestamp": "unknown"
  },
  {
    "title": "Governance DocumentsCommittee CompositionLeadershipCode of Business ConductESG ReportCorporate ResponsibilityContact the Board",
    "link": "https://investors.biogen.com/governance/governance-documents",
    "timestamp": "unknown"
  },
  {
    "title": "Governance DocumentsCommittee CompositionLeadershipCode of Business ConductESG ReportCorporate ResponsibilityContact the Board",
    "link": "https://investors.biogen.com/governance/governance-documents",
    "timestamp": "unknown"
  },
  {
    "title": "Governance Documents",
    "link": "https://investors.biogen.com/governance/governance-documents",
    "timestamp": "unknown"
  },
  {
    "title": "Committee Composition",
    "link": "https://investors.biogen.com/governance/committee-composition",
    "timestamp": "unknown"
  },
  {
    "title": "Leadership",
    "link": "https://www.biogen.com/company/leadership.html?tag=leadership-team",
    "timestamp": "unknown"
  },
  {
    "title": "Code of Business Conduct",
    "link": "https://www.biogen.com/responsibility/reporting-and-principles/code-of-business-conduct.html",
    "timestamp": "unknown"
  },
  {
    "title": "ESG Report",
    "link": "https://www.biogen.com/responsibility/reporting-and-principles/esg-report.html",
    "timestamp": "unknown"
  },
  {
    "title": "Corporate Responsibility",
    "link": "https://www.biogen.com/responsibility.html",
    "timestamp": "unknown"
  },
  {
    "title": "Contact the Board",
    "link": "https://investors.biogen.com/governance/contact-the-board",
    "timestamp": "unknown"
  },
  {
    "title": "Sign UpInvestorsAmericasArgentinaBrazilCanada EN | FRColombiaMexicoUnited StatesUruguayAsia PacificAustraliaChinaJapanNew ZealandSouth KoreaTaiwanEuro",
    "link": "https://investors.biogen.com/sign-up-for-alerts",
    "timestamp": "unknown"
  },
  {
    "title": "Sign Up",
    "link": "https://investors.biogen.com/sign-up-for-alerts",
    "timestamp": "unknown"
  },
  {
    "title": "InvestorsAmericasArgentinaBrazilCanada EN | FRColombiaMexicoUnited StatesUruguayAsia PacificAustraliaChinaJapanNew ZealandSouth KoreaTaiwanEuropeAustr",
    "link": "https://investors.biogen.com/financials/sec-filings",
    "timestamp": "unknown"
  },
  {
    "title": "InvestorsAmericasArgentinaBrazilCanada EN | FRColombiaMexicoUnited StatesUruguayAsia PacificAustraliaChinaJapanNew ZealandSouth KoreaTaiwanEuropeAustr",
    "link": "https://investors.biogen.com/financials/sec-filings",
    "timestamp": "unknown"
  },
  {
    "title": "AmericasArgentinaBrazilCanada EN | FRColombiaMexicoUnited StatesUruguayAsia PacificAustraliaChinaJapanNew ZealandSouth KoreaTaiwanEuropeAustriaBelgium",
    "link": "https://ar.biogen.com/",
    "timestamp": "unknown"
  },
  {
    "title": "AmericasArgentinaBrazilCanada EN | FRColombiaMexicoUnited StatesUruguayAsia PacificAustraliaChinaJapanNew ZealandSouth KoreaTaiwanEuropeAustriaBelgium",
    "link": "https://ar.biogen.com/",
    "timestamp": "unknown"
  },
  {
    "title": "AmericasArgentinaBrazilCanada EN | FRColombiaMexicoUnited StatesUruguayAsia PacificAustraliaChinaJapanNew ZealandSouth KoreaTaiwanEuropeAustriaBelgium",
    "link": "https://ar.biogen.com/",
    "timestamp": "unknown"
  },
  {
    "title": "AmericasArgentinaBrazilCanada EN | FRColombiaMexicoUnited StatesUruguayAsia PacificAustraliaChinaJapanNew ZealandSouth KoreaTaiwanEuropeAustriaBelgium",
    "link": "https://ar.biogen.com/",
    "timestamp": "unknown"
  },
  {
    "title": "OverviewNewsEvents & PresentationsEventsPresentationsEvents & PresentationsFinancialsSEC FilingsAnnual ReportsStock InformationStock Quote & ChartInve",
    "link": "https://investors.biogen.com/financials/sec-filings",
    "timestamp": "unknown"
  },
  {
    "title": "Overview",
    "link": "https://investors.biogen.com/financials/sec-filings",
    "timestamp": "unknown"
  },
  {
    "title": "News",
    "link": "https://investors.biogen.com/financials/sec-filings",
    "timestamp": "unknown"
  },
  {
    "title": "Events & PresentationsEventsPresentationsEvents & Presentations",
    "link": "https://investors.biogen.com/financials/sec-filings",
    "timestamp": "unknown"
  },
  {
    "title": "EventsPresentationsEvents & Presentations",
    "link": "https://investors.biogen.com/events-presentations/events",
    "timestamp": "unknown"
  },
  {
    "title": "FinancialsSEC FilingsAnnual Reports",
    "link": "https://investors.biogen.com/financials/sec-filings",
    "timestamp": "unknown"
  },
  {
    "title": "SEC FilingsAnnual Reports",
    "link": "https://investors.biogen.com/financials/sec-filings",
    "timestamp": "unknown"
  },
  {
    "title": "Stock InformationStock Quote & ChartInvestor FAQs",
    "link": "https://investors.biogen.com/financials/sec-filings",
    "timestamp": "unknown"
  },
  {
    "title": "Stock Quote & ChartInvestor FAQs",
    "link": "https://investors.biogen.com/stock-information/stock-chart",
    "timestamp": "unknown"
  },
  {
    "title": "Corporate GovernanceGovernance DocumentsCommittee CompositionLeadershipCode of Business ConductESG ReportCorporate ResponsibilityContact the Board",
    "link": "https://investors.biogen.com/financials/sec-filings",
    "timestamp": "unknown"
  },
  {
    "title": "Governance DocumentsCommittee CompositionLeadershipCode of Business ConductESG ReportCorporate ResponsibilityContact the Board",
    "link": "https://investors.biogen.com/governance/governance-documents",
    "timestamp": "unknown"
  },
  {
    "title": "InvestorsAmericasArgentinaBrazilCanada EN | FRColombiaMexicoUnited StatesUruguayAsia PacificAustraliaChinaJapanNew ZealandSouth KoreaTaiwanEuropeAustr",
    "link": "https://investors.biogen.com/",
    "timestamp": "unknown"
  },
  {
    "title": "InvestorsAmericasArgentinaBrazilCanada EN | FRColombiaMexicoUnited StatesUruguayAsia PacificAustraliaChinaJapanNew ZealandSouth KoreaTaiwanEuropeAustr",
    "link": "https://investors.biogen.com/",
    "timestamp": "unknown"
  },
  {
    "title": "AmericasArgentinaBrazilCanada EN | FRColombiaMexicoUnited StatesUruguay",
    "link": "https://investors.biogen.com/financials/sec-filings",
    "timestamp": "unknown"
  },
  {
    "title": "Argentina",
    "link": "https://ar.biogen.com/",
    "timestamp": "unknown"
  },
  {
    "title": "Brazil",
    "link": "https://br.biogen.com/",
    "timestamp": "unknown"
  },
  {
    "title": "Canada EN | FR",
    "link": "https://www.biogen.ca/",
    "timestamp": "unknown"
  },
  {
    "title": "Colombia",
    "link": "https://www.biibcolombia.co/",
    "timestamp": "unknown"
  },
  {
    "title": "Mexico",
    "link": "https://www.biogen.com.mx/",
    "timestamp": "unknown"
  },
  {
    "title": "United States",
    "link": "https://www.biogen.com/",
    "timestamp": "unknown"
  },
  {
    "title": "Uruguay",
    "link": "https://www.biogen.uy/",
    "timestamp": "unknown"
  },
  {
    "title": "Asia PacificAustraliaChinaJapanNew ZealandSouth KoreaTaiwan",
    "link": "https://investors.biogen.com/financials/sec-filings",
    "timestamp": "unknown"
  },
  {
    "title": "Australia",
    "link": "https://www.biogen.com.au/",
    "timestamp": "unknown"
  },
  {
    "title": "China",
    "link": "https://www.biogen.cn/",
    "timestamp": "unknown"
  },
  {
    "title": "Japan",
    "link": "https://www.biogen.co.jp/",
    "timestamp": "unknown"
  },
  {
    "title": "New Zealand",
    "link": "https://www.biogen.co.nz/",
    "timestamp": "unknown"
  },
  {
    "title": "South Korea",
    "link": "https://kr.biogen.com/",
    "timestamp": "unknown"
  },
  {
    "title": "Taiwan",
    "link": "https://www.biogen.tw/",
    "timestamp": "unknown"
  },
  {
    "title": "EuropeAustriaBelgium NL | FRCroatiaCzech RepublicDenmarkEstoniaFinlandFranceGermanyHungaryIrelandItalyLatviaLithuaniaNetherlandsNorwayPolandPortugalSl",
    "link": "https://investors.biogen.com/financials/sec-filings",
    "timestamp": "unknown"
  },
  {
    "title": "Austria",
    "link": "https://www.biogen.at/",
    "timestamp": "unknown"
  },
  {
    "title": "Belgium NL | FR",
    "link": "https://www.biogen.be/",
    "timestamp": "unknown"
  },
  {
    "title": "Croatia",
    "link": "https://www.biogen.hr/",
    "timestamp": "unknown"
  },
  {
    "title": "Czech Republic",
    "link": "https://www.biogen.com.cz/",
    "timestamp": "unknown"
  },
  {
    "title": "Denmark",
    "link": "https://www.biogen.dk/",
    "timestamp": "unknown"
  },
  {
    "title": "Estonia",
    "link": "https://www.biogen.ee/",
    "timestamp": "unknown"
  },
  {
    "title": "Finland",
    "link": "https://www.biogen.fi/",
    "timestamp": "unknown"
  },
  {
    "title": "France",
    "link": "https://www.biogen.fr/",
    "timestamp": "unknown"
  },
  {
    "title": "Germany",
    "link": "https://www.biogen.de/",
    "timestamp": "unknown"
  },
  {
    "title": "Hungary",
    "link": "https://www.biogen.hu/",
    "timestamp": "unknown"
  },
  {
    "title": "Ireland",
    "link": "https://www.biogen.ie/",
    "timestamp": "unknown"
  },
  {
    "title": "Italy",
    "link": "https://www.biogenitalia.it/",
    "timestamp": "unknown"
  },
  {
    "title": "Latvia",
    "link": "https://www.biogen.lv/",
    "timestamp": "unknown"
  },
  {
    "title": "Lithuania",
    "link": "https://www.biogen.lt/",
    "timestamp": "unknown"
  },
  {
    "title": "Netherlands",
    "link": "https://www.biogen.nl/",
    "timestamp": "unknown"
  },
  {
    "title": "Norway",
    "link": "https://www.biogen.no/",
    "timestamp": "unknown"
  },
  {
    "title": "Poland",
    "link": "https://www.biogen-poland.pl/",
    "timestamp": "unknown"
  },
  {
    "title": "Portugal",
    "link": "https://www.biogen.pt/",
    "timestamp": "unknown"
  },
  {
    "title": "Slovakia",
    "link": "https://www.biogen.sk/",
    "timestamp": "unknown"
  },
  {
    "title": "Slovenia",
    "link": "https://www.biogen-pharma.si/",
    "timestamp": "unknown"
  },
  {
    "title": "Spain",
    "link": "https://www.biogen.com.es/",
    "timestamp": "unknown"
  },
  {
    "title": "Sweden",
    "link": "https://www.biogen.se/",
    "timestamp": "unknown"
  },
  {
    "title": "Switzerland DE | FR",
    "link": "https://www.biogen.ch/",
    "timestamp": "unknown"
  },
  {
    "title": "United Kingdom",
    "link": "https://www.biogen.uk.com/",
    "timestamp": "unknown"
  },
  {
    "title": "Middle EastSaudi ArabiaUnited Arab Emirates",
    "link": "https://investors.biogen.com/financials/sec-filings",
    "timestamp": "unknown"
  },
  {
    "title": "Saudi Arabia",
    "link": "https://www.biogen-sa.com/",
    "timestamp": "unknown"
  },
  {
    "title": "United Arab Emirates",
    "link": "https://www.biogen-gulf.com/",
    "timestamp": "unknown"
  },
  {
    "title": "InternationalGlobal websiteInternational HQ",
    "link": "https://investors.biogen.com/financials/sec-filings",
    "timestamp": "unknown"
  },
  {
    "title": "Global website",
    "link": "https://www.biogen.com/",
    "timestamp": "unknown"
  },
  {
    "title": "International HQ",
    "link": "https://www.biogen.com/biogen-international.html",
    "timestamp": "unknown"
  },
  {
    "title": "BreadcrumbHomeFinancials",
    "link": "https://investors.biogen.com/",
    "timestamp": "unknown"
  },
  {
    "title": "BreadcrumbHomeFinancials",
    "link": "https://investors.biogen.com/",
    "timestamp": "unknown"
  },
  {
    "title": "BreadcrumbHomeFinancials",
    "link": "https://investors.biogen.com/",
    "timestamp": "unknown"
  },
  {
    "title": "BreadcrumbHomeFinancials",
    "link": "https://investors.biogen.com/",
    "timestamp": "unknown"
  },
  {
    "title": "BreadcrumbHomeFinancials",
    "link": "https://investors.biogen.com/",
    "timestamp": "unknown"
  },
  {
    "title": "BreadcrumbHomeFinancials",
    "link": "https://investors.biogen.com/",
    "timestamp": "unknown"
  },
  {
    "title": "BreadcrumbHomeFinancials",
    "link": "https://investors.biogen.com/",
    "timestamp": "unknown"
  },
  {
    "title": "BreadcrumbHomeFinancials",
    "link": "https://investors.biogen.com/",
    "timestamp": "unknown"
  },
  {
    "title": "BreadcrumbHomeFinancials",
    "link": "https://investors.biogen.com/",
    "timestamp": "unknown"
  },
  {
    "title": "Home",
    "link": "https://investors.biogen.com/",
    "timestamp": "unknown"
  },
  {
    "title": "GroupAll,,Annual FilingsCurrent ReportsMergers & AcquisitionsOtherProxy FilingsQuarterly FilingsRegistration StatementsFiling yearAllFiling DateDescri",
    "link": "https://investors.biogen.com/financials/sec-filings?items_per_page=&order=field_nir_sec_date_filed&sort=asc",
    "timestamp": "unknown"
  },
  {
    "title": "GroupAll,,Annual FilingsCurrent ReportsMergers & AcquisitionsOtherProxy FilingsQuarterly FilingsRegistration StatementsFiling yearAllFiling DateDescri",
    "link": "https://investors.biogen.com/financials/sec-filings?items_per_page=&order=field_nir_sec_date_filed&sort=asc",
    "timestamp": "unknown"
  },
  {
    "title": "GroupAll,,Annual FilingsCurrent ReportsMergers & AcquisitionsOtherProxy FilingsQuarterly FilingsRegistration StatementsFiling yearAllFiling DateDescri",
    "link": "https://investors.biogen.com/financials/sec-filings?items_per_page=&order=field_nir_sec_date_filed&sort=asc",
    "timestamp": "unknown"
  },
  {
    "title": "GroupAll,,Annual FilingsCurrent ReportsMergers & AcquisitionsOtherProxy FilingsQuarterly FilingsRegistration StatementsFiling yearAllFiling DateDescri",
    "link": "https://investors.biogen.com/financials/sec-filings?items_per_page=&order=field_nir_sec_date_filed&sort=asc",
    "timestamp": "unknown"
  },
  {
    "title": "GroupAll,,Annual FilingsCurrent ReportsMergers & AcquisitionsOtherProxy FilingsQuarterly FilingsRegistration StatementsFiling yearAllFiling DateDescri",
    "link": "https://investors.biogen.com/financials/sec-filings?items_per_page=&order=field_nir_sec_date_filed&sort=asc",
    "timestamp": "unknown"
  },
  {
    "title": "GroupAll,,Annual FilingsCurrent ReportsMergers & AcquisitionsOtherProxy FilingsQuarterly FilingsRegistration StatementsFiling yearAllFiling DateDescri",
    "link": "https://investors.biogen.com/financials/sec-filings?items_per_page=&order=field_nir_sec_date_filed&sort=asc",
    "timestamp": "unknown"
  },
  {
    "title": "GroupAll,,Annual FilingsCurrent ReportsMergers & AcquisitionsOtherProxy FilingsQuarterly FilingsRegistration StatementsFiling yearAllFiling DateDescri",
    "link": "https://investors.biogen.com/financials/sec-filings?items_per_page=&order=field_nir_sec_date_filed&sort=asc",
    "timestamp": "unknown"
  },
  {
    "title": "GroupAll,,Annual FilingsCurrent ReportsMergers & AcquisitionsOtherProxy FilingsQuarterly FilingsRegistration StatementsFiling yearAllFiling DateDescri",
    "link": "https://investors.biogen.com/financials/sec-filings?items_per_page=&order=field_nir_sec_date_filed&sort=asc",
    "timestamp": "unknown"
  },
  {
    "title": "GroupAll,,Annual FilingsCurrent ReportsMergers & AcquisitionsOtherProxy FilingsQuarterly FilingsRegistration StatementsFiling yearAllFiling DateDescri",
    "link": "https://investors.biogen.com/financials/sec-filings?items_per_page=&order=field_nir_sec_date_filed&sort=asc",
    "timestamp": "unknown"
  },
  {
    "title": "GroupAll,,Annual FilingsCurrent ReportsMergers & AcquisitionsOtherProxy FilingsQuarterly FilingsRegistration StatementsFiling yearAllFiling DateDescri",
    "link": "https://investors.biogen.com/financials/sec-filings?items_per_page=&order=field_nir_sec_date_filed&sort=asc",
    "timestamp": "unknown"
  },
  {
    "title": "GroupAll,,Annual FilingsCurrent ReportsMergers & AcquisitionsOtherProxy FilingsQuarterly FilingsRegistration StatementsFiling yearAllFiling DateDescri",
    "link": "https://investors.biogen.com/financials/sec-filings?items_per_page=&order=field_nir_sec_date_filed&sort=asc",
    "timestamp": "unknown"
  },
  {
    "title": "GroupAll,,Annual FilingsCurrent ReportsMergers & AcquisitionsOtherProxy FilingsQuarterly FilingsRegistration StatementsFiling yearAllFiling DateDescri",
    "link": "https://investors.biogen.com/financials/sec-filings?items_per_page=&order=field_nir_sec_date_filed&sort=asc",
    "timestamp": "unknown"
  },
  {
    "title": "GroupAll,,Annual FilingsCurrent ReportsMergers & AcquisitionsOtherProxy FilingsQuarterly FilingsRegistration StatementsFiling yearAllFiling DateDescri",
    "link": "https://investors.biogen.com/financials/sec-filings?items_per_page=&order=field_nir_sec_date_filed&sort=asc",
    "timestamp": "unknown"
  },
  {
    "title": "GroupAll,,Annual FilingsCurrent ReportsMergers & AcquisitionsOtherProxy FilingsQuarterly FilingsRegistration StatementsFiling yearAllFiling DateDescri",
    "link": "https://investors.biogen.com/financials/sec-filings?items_per_page=&order=field_nir_sec_date_filed&sort=asc",
    "timestamp": "unknown"
  },
  {
    "title": "GroupAll,,Annual FilingsCurrent ReportsMergers & AcquisitionsOtherProxy FilingsQuarterly FilingsRegistration StatementsFiling yearAllFiling DateDescri",
    "link": "https://investors.biogen.com/financials/sec-filings?items_per_page=&order=field_nir_sec_date_filed&sort=asc",
    "timestamp": "unknown"
  },
  {
    "title": "GroupAll,,Annual FilingsCurrent ReportsMergers & AcquisitionsOtherProxy FilingsQuarterly FilingsRegistration StatementsFiling yearAllFiling DateDescri",
    "link": "https://investors.biogen.com/financials/sec-filings?items_per_page=&order=field_nir_sec_date_filed&sort=asc",
    "timestamp": "unknown"
  },
  {
    "title": "GroupAll,,Annual FilingsCurrent ReportsMergers & AcquisitionsOtherProxy FilingsQuarterly FilingsRegistration StatementsFiling yearAllFiling DateDescri",
    "link": "https://investors.biogen.com/financials/sec-filings?items_per_page=&order=field_nir_sec_date_filed&sort=asc",
    "timestamp": "unknown"
  },
  {
    "title": "GroupAll,,Annual FilingsCurrent ReportsMergers & AcquisitionsOtherProxy FilingsQuarterly FilingsRegistration StatementsFiling yearAllFiling DateDescri",
    "link": "https://investors.biogen.com/financials/sec-filings?items_per_page=&order=field_nir_sec_date_filed&sort=asc",
    "timestamp": "unknown"
  },
  {
    "title": "Filing DateDescriptionFormViewJul ,SCHEDULE 13D/A - DescriptionSCHEDULE 13D/A--.pdf--.rtf--.xlsView HTMLJul ,Statement of changes in beneficial owners",
    "link": "https://investors.biogen.com/financials/sec-filings?items_per_page=&order=field_nir_sec_date_filed&sort=asc",
    "timestamp": "unknown"
  },
  {
    "title": "Filing DateDescriptionFormView",
    "link": "https://investors.biogen.com/financials/sec-filings?items_per_page=&order=field_nir_sec_date_filed&sort=asc",
    "timestamp": "unknown"
  },
  {
    "title": "Jul ,SCHEDULE 13D/A - DescriptionSCHEDULE 13D/A--.pdf--.rtf--.xlsView HTML",
    "link": "https://investors.biogen.com/sec-filings/sec-filing/schedule-13da/--",
    "timestamp": "unknown"
  },
  {
    "title": "--.pdf--.rtf--.xlsView HTML",
    "link": "https://investors.biogen.com/static-files/1fb27c57-0a01-40a1-91d9-ba9742fca45e",
    "timestamp": "unknown"
  },
  {
    "title": "--.pdf",
    "link": "https://investors.biogen.com/static-files/1fb27c57-0a01-40a1-91d9-ba9742fca45e",
    "timestamp": "unknown"
  },
  {
    "title": "--.rtf",
    "link": "https://investors.biogen.com/static-files/8e0e54c7-0bda---a73ef85a70cb",
    "timestamp": "unknown"
  },
  {
    "title": "--.xls",
    "link": "https://investors.biogen.com/static-files/5b26e05c-8ceb-4f31-ae01-a90fa41547a1",
    "timestamp": "unknown"
  },
  {
    "title": "Jul ,Statement of changes in beneficial ownership of securities--.pdf--.rtf--.xlsView HTML",
    "link": "https://investors.biogen.com/sec-filings/sec-filing//--",
    "timestamp": "unknown"
  },
  {
    "title": "--.pdf--.rtf--.xlsView HTML",
    "link": "https://investors.biogen.com/static-files/f397881c--47fa-b2f3-d058e3e7b619",
    "timestamp": "unknown"
  },
  {
    "title": "--.pdf",
    "link": "https://investors.biogen.com/static-files/f397881c--47fa-b2f3-d058e3e7b619",
    "timestamp": "unknown"
  },
  {
    "title": "--.rtf",
    "link": "https://investors.biogen.com/static-files/b90c8eac-9f6d-405d--2015cd0821de",
    "timestamp": "unknown"
  },
  {
    "title": "--.xls",
    "link": "https://investors.biogen.com/static-files/43fb6f61-fcbc-4ca7--65eb32da40e7",
    "timestamp": "unknown"
  },
  {
    "title": "Jul ,Filed by \"insiders\" prior intended sale of restricted stock. Non-EDGAR filing--.pdf--.rtf--.xlsView HTML",
    "link": "https://investors.biogen.com/sec-filings/sec-filing//--",
    "timestamp": "unknown"
  },
  {
    "title": "--.pdf--.rtf--.xlsView HTML",
    "link": "https://investors.biogen.com/static-files/d519547e-f062-440a-809d-f8dc86d65040",
    "timestamp": "unknown"
  },
  {
    "title": "--.pdf",
    "link": "https://investors.biogen.com/static-files/d519547e-f062-440a-809d-f8dc86d65040",
    "timestamp": "unknown"
  },
  {
    "title": "--.rtf",
    "link": "https://investors.biogen.com/static-files/97f72641-8ac9-41a8-90e5-af369b9d2ed5",
    "timestamp": "unknown"
  },
  {
    "title": "--.xls",
    "link": "https://investors.biogen.com/static-files/81b56cc3-51d2-482b-9ecd-90a31ce7fbbf",
    "timestamp": "unknown"
  },
  {
    "title": "Jul ,Report of unscheduled material events or corporate event-K--.pdf--.rtf--.xlsEX-.SCH - XBRL TAXONOMY EXTENSION SCHEMAView HTML",
    "link": "https://investors.biogen.com/sec-filings/sec-filing/-k/--",
    "timestamp": "unknown"
  },
  {
    "title": "--.pdf--.rtf--.xlsEX-.SCH - XBRL TAXONOMY EXTENSION SCHEMAView HTML",
    "link": "https://investors.biogen.com/static-files/f450e493-eba5--98f4-a31a0d4c711a",
    "timestamp": "unknown"
  },
  {
    "title": "--.pdf",
    "link": "https://investors.biogen.com/static-files/f450e493-eba5--98f4-a31a0d4c711a",
    "timestamp": "unknown"
  },
  {
    "title": "--.rtf",
    "link": "https://investors.biogen.com/static-files/a1190033-273e-46e5-872f-3e26cd05fa08",
    "timestamp": "unknown"
  },
  {
    "title": "--.xls",
    "link": "https://investors.biogen.com/static-files/809871da-6a96-482a-a84e-d264d1076c14",
    "timestamp": "unknown"
  },
  {
    "title": "Jun ,Report of unscheduled material events or corporate event-K--.pdf--.rtf--.xlsEX-.SCH - XBRL TAXONOMY EXTENSION SCHEMAView HTML",
    "link": "https://investors.biogen.com/sec-filings/sec-filing/-k/--",
    "timestamp": "unknown"
  },
  {
    "title": "--.pdf--.rtf--.xlsEX-.SCH - XBRL TAXONOMY EXTENSION SCHEMAView HTML",
    "link": "https://investors.biogen.com/static-files/d36f4640-fd72--af86-ad4479d4101a",
    "timestamp": "unknown"
  },
  {
    "title": "--.pdf",
    "link": "https://investors.biogen.com/static-files/d36f4640-fd72--af86-ad4479d4101a",
    "timestamp": "unknown"
  },
  {
    "title": "--.rtf",
    "link": "https://investors.biogen.com/static-files/de0315fe-821f-4f01--6f3e6c2ab7ab",
    "timestamp": "unknown"
  },
  {
    "title": "--.xls",
    "link": "https://investors.biogen.com/static-files/b37718eb-3e97-46de-bd27-e25839411cb0",
    "timestamp": "unknown"
  },
  {
    "title": "Jun ,Statement of changes in beneficial ownership of securities--.pdf--.rtf--.xlsView HTML",
    "link": "https://investors.biogen.com/sec-filings/sec-filing//--",
    "timestamp": "unknown"
  },
  {
    "title": "--.pdf--.rtf--.xlsView HTML",
    "link": "https://investors.biogen.com/static-files/23975ded-a88d-456b-b346-1c9dd2eaeff6",
    "timestamp": "unknown"
  },
  {
    "title": "--.pdf",
    "link": "https://investors.biogen.com/static-files/23975ded-a88d-456b-b346-1c9dd2eaeff6",
    "timestamp": "unknown"
  },
  {
    "title": "--.rtf",
    "link": "https://investors.biogen.com/static-files/67094a14-0d88-42d0-bc7a-3959ee0540c7",
    "timestamp": "unknown"
  },
  {
    "title": "--.xls",
    "link": "https://investors.biogen.com/static-files/f5185a2a-ffc0-4d00-b605-997d09ee9f8c",
    "timestamp": "unknown"
  },
  {
    "title": "Jun ,Statement of changes in beneficial ownership of securities--.pdf--.rtf--.xlsView HTML",
    "link": "https://investors.biogen.com/sec-filings/sec-filing//--",
    "timestamp": "unknown"
  },
  {
    "title": "--.pdf--.rtf--.xlsView HTML",
    "link": "https://investors.biogen.com/static-files/ee1dee7b-ace1--a6fb-1c275d145d3d",
    "timestamp": "unknown"
  },
  {
    "title": "--.pdf",
    "link": "https://investors.biogen.com/static-files/ee1dee7b-ace1--a6fb-1c275d145d3d",
    "timestamp": "unknown"
  },
  {
    "title": "--.rtf",
    "link": "https://investors.biogen.com/static-files/4afe3279-1dc5-48c1-b8e5-28eeeca8ddc4",
    "timestamp": "unknown"
  },
  {
    "title": "--.xls",
    "link": "https://investors.biogen.com/static-files/114f5bba-72c2-46af-97e4-ba874da6d206",
    "timestamp": "unknown"
  },
  {
    "title": "Jun ,Statement of changes in beneficial ownership of securities--.pdf--.rtf--.xlsView HTML",
    "link": "https://investors.biogen.com/sec-filings/sec-filing//--",
    "timestamp": "unknown"
  },
  {
    "title": "--.pdf--.rtf--.xlsView HTML",
    "link": "https://investors.biogen.com/static-files/21cf0fd8-02aa-48da-b0bb-56eb657d5ce8",
    "timestamp": "unknown"
  },
  {
    "title": "--.pdf",
    "link": "https://investors.biogen.com/static-files/21cf0fd8-02aa-48da-b0bb-56eb657d5ce8",
    "timestamp": "unknown"
  },
  {
    "title": "--.rtf",
    "link": "https://investors.biogen.com/static-files/86a70cfd-25fe--a673-79814ed8d1d2",
    "timestamp": "unknown"
  },
  {
    "title": "--.xls",
    "link": "https://investors.biogen.com/static-files/8e3d23b5-ec2a-443b-b45b-6f764ab361a3",
    "timestamp": "unknown"
  },
  {
    "title": "Jun ,Statement of changes in beneficial ownership of securities--.pdf--.rtf--.xlsView HTML",
    "link": "https://investors.biogen.com/sec-filings/sec-filing//--",
    "timestamp": "unknown"
  },
  {
    "title": "--.pdf--.rtf--.xlsView HTML",
    "link": "https://investors.biogen.com/static-files/ed46e531---8c8c-275c33635b1d",
    "timestamp": "unknown"
  },
  {
    "title": "--.pdf",
    "link": "https://investors.biogen.com/static-files/ed46e531---8c8c-275c33635b1d",
    "timestamp": "unknown"
  },
  {
    "title": "--.rtf",
    "link": "https://investors.biogen.com/static-files/ced9018a-3c53-4cb9-addf-f05371aa904a",
    "timestamp": "unknown"
  },
  {
    "title": "--.xls",
    "link": "https://investors.biogen.com/static-files/696051da-6ea6--be10-fb3a56d11bd6",
    "timestamp": "unknown"
  },
  {
    "title": "Jun ,Statement of changes in beneficial ownership of securities--.pdf--.rtf--.xlsView HTML",
    "link": "https://investors.biogen.com/sec-filings/sec-filing//--",
    "timestamp": "unknown"
  },
  {
    "title": "--.pdf--.rtf--.xlsView HTML",
    "link": "https://investors.biogen.com/static-files/b7bc0339-f6f7-496f-b1c3-83836499229c",
    "timestamp": "unknown"
  },
  {
    "title": "--.pdf",
    "link": "https://investors.biogen.com/static-files/b7bc0339-f6f7-496f-b1c3-83836499229c",
    "timestamp": "unknown"
  },
  {
    "title": "--.rtf",
    "link": "https://investors.biogen.com/static-files/f3ed7383-d0d8-4a2b--29f266fd2e12",
    "timestamp": "unknown"
  },
  {
    "title": "--.xls",
    "link": "https://investors.biogen.com/static-files/781ddd4c-a504--9de3-4e09f0a1977a",
    "timestamp": "unknown"
  },
  {
    "title": "PaginationCurrent pagePagePage\u2026Next page\u203aLast page\u00bb",
    "link": "https://investors.biogen.com/financials/sec-filings?&field_nir_sec_cik_target_id=&field_nir_sec_date_filed_value=&&&items_per_page_toggle=&page=",
    "timestamp": "unknown"
  },
  {
    "title": "PaginationCurrent pagePagePage\u2026Next page\u203aLast page\u00bb",
    "link": "https://investors.biogen.com/financials/sec-filings?&field_nir_sec_cik_target_id=&field_nir_sec_date_filed_value=&&&items_per_page_toggle=&page=",
    "timestamp": "unknown"
  },
  {
    "title": "Current page",
    "link": "https://investors.biogen.com/financials/sec-filings?&field_nir_sec_cik_target_id=&field_nir_sec_date_filed_value=&&&items_per_page_toggle=&page=",
    "timestamp": "unknown"
  },
  {
    "title": "Page",
    "link": "https://investors.biogen.com/financials/sec-filings?&field_nir_sec_cik_target_id=&field_nir_sec_date_filed_value=&&&items_per_page_toggle=&page=",
    "timestamp": "unknown"
  },
  {
    "title": "Page",
    "link": "https://investors.biogen.com/financials/sec-filings?&field_nir_sec_cik_target_id=&field_nir_sec_date_filed_value=&&&items_per_page_toggle=&page=",
    "timestamp": "unknown"
  },
  {
    "title": "Next page\u203a",
    "link": "https://investors.biogen.com/financials/sec-filings?&field_nir_sec_cik_target_id=&field_nir_sec_date_filed_value=&&&items_per_page_toggle=&page=",
    "timestamp": "unknown"
  },
  {
    "title": "Last page\u00bb",
    "link": "https://investors.biogen.com/financials/sec-filings?&field_nir_sec_cik_target_id=&field_nir_sec_date_filed_value=&&&items_per_page_toggle=&page=",
    "timestamp": "unknown"
  },
  {
    "title": "Data provided byKaleidoscope.",
    "link": "https://www.kscope.io",
    "timestamp": "unknown"
  },
  {
    "title": "Data provided byKaleidoscope.",
    "link": "https://www.kscope.io",
    "timestamp": "unknown"
  },
  {
    "title": "Stockholder CommunicationsE-mail AlertsFAQs",
    "link": "https://investors.biogen.com/governance/contact-the-board",
    "timestamp": "unknown"
  },
  {
    "title": "Stockholder CommunicationsE-mail AlertsFAQs",
    "link": "https://investors.biogen.com/governance/contact-the-board",
    "timestamp": "unknown"
  },
  {
    "title": "Stockholder CommunicationsE-mail AlertsFAQs",
    "link": "https://investors.biogen.com/governance/contact-the-board",
    "timestamp": "unknown"
  },
  {
    "title": "Stockholder CommunicationsE-mail AlertsFAQs",
    "link": "https://investors.biogen.com/governance/contact-the-board",
    "timestamp": "unknown"
  },
  {
    "title": "Stockholder CommunicationsE-mail AlertsFAQs",
    "link": "https://investors.biogen.com/governance/contact-the-board",
    "timestamp": "unknown"
  },
  {
    "title": "Stockholder CommunicationsE-mail AlertsFAQs",
    "link": "https://investors.biogen.com/governance/contact-the-board",
    "timestamp": "unknown"
  },
  {
    "title": "Stockholder CommunicationsE-mail AlertsFAQs",
    "link": "https://investors.biogen.com/governance/contact-the-board",
    "timestamp": "unknown"
  },
  {
    "title": "Stockholder Communications",
    "link": "https://investors.biogen.com/governance/contact-the-board",
    "timestamp": "unknown"
  },
  {
    "title": "Stockholder Communications",
    "link": "https://investors.biogen.com/governance/contact-the-board",
    "timestamp": "unknown"
  },
  {
    "title": "E-mail Alerts",
    "link": "https://investors.biogen.com/sign-up-for-alerts",
    "timestamp": "unknown"
  },
  {
    "title": "E-mail Alerts",
    "link": "https://investors.biogen.com/sign-up-for-alerts",
    "timestamp": "unknown"
  },
  {
    "title": "FAQs",
    "link": "https://investors.biogen.com/stock-information/investor-faqs",
    "timestamp": "unknown"
  },
  {
    "title": "FAQs",
    "link": "https://investors.biogen.com/stock-information/investor-faqs",
    "timestamp": "unknown"
  },
  {
    "title": "Learn more about our Events & Presentations",
    "link": "https://investors.biogen.com/events-presentations/events",
    "timestamp": "unknown"
  },
  {
    "title": "Learn more about our Events & Presentations",
    "link": "https://investors.biogen.com/events-presentations/events",
    "timestamp": "unknown"
  },
  {
    "title": "Learn more about our Events & Presentations",
    "link": "https://investors.biogen.com/events-presentations/events",
    "timestamp": "unknown"
  },
  {
    "title": "Learn more about our Events & Presentations",
    "link": "https://investors.biogen.com/events-presentations/events",
    "timestamp": "unknown"
  },
  {
    "title": "Learn more about our Events & Presentations",
    "link": "https://investors.biogen.com/events-presentations/events",
    "timestamp": "unknown"
  },
  {
    "title": "Learn more about our Events & Presentations",
    "link": "https://investors.biogen.com/events-presentations/events",
    "timestamp": "unknown"
  },
  {
    "title": "Learn more about our Events & Presentations",
    "link": "https://investors.biogen.com/events-presentations/events",
    "timestamp": "unknown"
  },
  {
    "title": "Learn more about our Events & Presentations",
    "link": "https://investors.biogen.com/events-presentations/events",
    "timestamp": "unknown"
  },
  {
    "title": "Learn more about our Events & Presentations",
    "link": "https://investors.biogen.com/events-presentations/events",
    "timestamp": "unknown"
  },
  {
    "title": "Learn more about our Events & Presentations",
    "link": "https://investors.biogen.com/events-presentations/events",
    "timestamp": "unknown"
  },
  {
    "title": "Learn more about our Events & Presentations",
    "link": "https://investors.biogen.com/events-presentations/events",
    "timestamp": "unknown"
  },
  {
    "title": "Learn more about our Events & Presentations",
    "link": "https://investors.biogen.com/events-presentations/events",
    "timestamp": "unknown"
  },
  {
    "title": "Information forMedical ProfessionalsInvestorsMediaJob SeekersGet in touchContact usBiogen InternationalExploreStoriesDisease AreasPipelineWe recommend",
    "link": "https://www.biogen.com/",
    "timestamp": "unknown"
  },
  {
    "title": "Information forMedical ProfessionalsInvestorsMediaJob SeekersGet in touchContact usBiogen InternationalExploreStoriesDisease AreasPipelineWe recommend",
    "link": "https://www.biogen.com/",
    "timestamp": "unknown"
  },
  {
    "title": "Information forMedical ProfessionalsInvestorsMediaJob SeekersGet in touchContact usBiogen InternationalExploreStoriesDisease AreasPipelineWe recommend",
    "link": "https://www.biogen.com/",
    "timestamp": "unknown"
  },
  {
    "title": "Information forMedical ProfessionalsInvestorsMediaJob SeekersGet in touchContact usBiogen InternationalExploreStoriesDisease AreasPipelineWe recommend",
    "link": "https://www.biogen.com/medical-professionals.html",
    "timestamp": "unknown"
  },
  {
    "title": "Information forMedical ProfessionalsInvestorsMediaJob SeekersGet in touchContact usBiogen InternationalExploreStoriesDisease AreasPipelineWe recommend",
    "link": "https://www.biogen.com/medical-professionals.html",
    "timestamp": "unknown"
  },
  {
    "title": "Information forMedical ProfessionalsInvestorsMediaJob Seekers",
    "link": "https://www.biogen.com/medical-professionals.html",
    "timestamp": "unknown"
  },
  {
    "title": "Medical Professionals",
    "link": "https://www.biogen.com/medical-professionals.html",
    "timestamp": "unknown"
  },
  {
    "title": "Investors",
    "link": "https://investors.biogen.com/",
    "timestamp": "unknown"
  },
  {
    "title": "Media",
    "link": "https://investors.biogen.com/news",
    "timestamp": "unknown"
  },
  {
    "title": "Job Seekers",
    "link": "https://www.biogen.com/careers.html",
    "timestamp": "unknown"
  },
  {
    "title": "Get in touchContact usBiogen International",
    "link": "https://www.biogen.com/company/contact-us.html",
    "timestamp": "unknown"
  },
  {
    "title": "Contact us",
    "link": "https://www.biogen.com/company/contact-us.html",
    "timestamp": "unknown"
  },
  {
    "title": "Biogen International",
    "link": "https://www.biogen.com/biogen-international.html",
    "timestamp": "unknown"
  },
  {
    "title": "ExploreStoriesDisease AreasPipeline",
    "link": "https://www.biogen.com/stories.html",
    "timestamp": "unknown"
  },
  {
    "title": "Stories",
    "link": "https://www.biogen.com/stories.html",
    "timestamp": "unknown"
  },
  {
    "title": "Disease Areas",
    "link": "https://www.biogen.com/science-and-innovation/disease-areas.html",
    "timestamp": "unknown"
  },
  {
    "title": "Pipeline",
    "link": "https://www.biogen.com/science-and-innovation/pipeline.html",
    "timestamp": "unknown"
  },
  {
    "title": "We recommendBiogen FoundationESG ReportReporting and PrinciplesAccess & Health Equity",
    "link": "https://www.biogen.com/company/biogen-foundation.html",
    "timestamp": "unknown"
  },
  {
    "title": "Biogen Foundation",
    "link": "https://www.biogen.com/company/biogen-foundation.html",
    "timestamp": "unknown"
  },
  {
    "title": "ESG Report",
    "link": "https://www.biogen.com/responsibility/reporting-and-principles/esg-report.html",
    "timestamp": "unknown"
  },
  {
    "title": "Reporting and Principles",
    "link": "https://www.biogen.com/responsibility/reporting-and-principles.html",
    "timestamp": "unknown"
  },
  {
    "title": "Access & Health Equity",
    "link": "https://www.biogen.com/responsibility/access-and-health-equity.html",
    "timestamp": "unknown"
  },
  {
    "title": "Information forMedical ProfessionalsInvestorsMediaJob SeekersGet in touchContact usBiogen InternationalExploreStoriesDisease AreasPipelineWe recommend",
    "link": "https://www.biogen.com/",
    "timestamp": "unknown"
  },
  {
    "title": "Information forMedical ProfessionalsInvestorsMediaJob SeekersGet in touchContact usBiogen InternationalExploreStoriesDisease AreasPipelineWe recommend",
    "link": "https://investors.biogen.com/financials/sec-filings",
    "timestamp": "unknown"
  },
  {
    "title": "Information forMedical ProfessionalsInvestorsMediaJob Seekers",
    "link": "https://investors.biogen.com/financials/sec-filings",
    "timestamp": "unknown"
  },
  {
    "title": "Medical Professionals",
    "link": "https://www.biogen.com/medical-professionals.html",
    "timestamp": "unknown"
  },
  {
    "title": "Investors",
    "link": "https://investors.biogen.com/",
    "timestamp": "unknown"
  },
  {
    "title": "Media",
    "link": "https://investors.biogen.com/news",
    "timestamp": "unknown"
  },
  {
    "title": "Job Seekers",
    "link": "https://www.biogen.com/careers.html",
    "timestamp": "unknown"
  },
  {
    "title": "Get in touchContact usBiogen International",
    "link": "https://investors.biogen.com/financials/sec-filings",
    "timestamp": "unknown"
  },
  {
    "title": "Contact us",
    "link": "https://www.biogen.com/company/contact-us.html",
    "timestamp": "unknown"
  },
  {
    "title": "Biogen International",
    "link": "https://www.biogen.com/biogen-international.html",
    "timestamp": "unknown"
  },
  {
    "title": "ExploreStoriesDisease AreasPipeline",
    "link": "https://investors.biogen.com/financials/sec-filings",
    "timestamp": "unknown"
  },
  {
    "title": "Stories",
    "link": "https://www.biogen.com/stories.html",
    "timestamp": "unknown"
  },
  {
    "title": "Disease Areas",
    "link": "https://www.biogen.com/science-and-innovation/disease-areas.html",
    "timestamp": "unknown"
  },
  {
    "title": "Pipeline",
    "link": "https://www.biogen.com/science-and-innovation/pipeline.html",
    "timestamp": "unknown"
  },
  {
    "title": "We recommendBiogen FoundationESG ReportReporting and PrinciplesAccess & Health Equity",
    "link": "https://investors.biogen.com/financials/sec-filings",
    "timestamp": "unknown"
  },
  {
    "title": "Biogen Foundation",
    "link": "https://www.biogen.com/company/biogen-foundation.html",
    "timestamp": "unknown"
  },
  {
    "title": "ESG Report",
    "link": "https://www.biogen.com/responsibility/reporting-and-principles/esg-report.html",
    "timestamp": "unknown"
  },
  {
    "title": "Reporting and Principles",
    "link": "https://www.biogen.com/responsibility/reporting-and-principles.html",
    "timestamp": "unknown"
  },
  {
    "title": "Access & Health Equity",
    "link": "https://www.biogen.com/responsibility/access-and-health-equity.html",
    "timestamp": "unknown"
  },
  {
    "title": "Terms & Conditions",
    "link": "https://www.biogen.com/terms-and-conditions.html",
    "timestamp": "unknown"
  },
  {
    "title": "Privacy Center",
    "link": "https://www.biogen.com/privacy-center.html",
    "timestamp": "unknown"
  },
  {
    "title": "Notice to CA Residents",
    "link": "https://www.biogen.com/privacy-center/california-policy.html",
    "timestamp": "unknown"
  },
  {
    "title": "Forward-looking Statement",
    "link": "https://www.biogen.com/forward-looking-statements.html",
    "timestamp": "unknown"
  },
  {
    "title": "Community Guidelines",
    "link": "https://www.biogen.com/community-guidelines.html",
    "timestamp": "unknown"
  }
]