[
  {
    "title": "OverviewNewsEvents & PresentationsEventsPresentationsEvents & PresentationsFinancialsSEC FilingsAnnual ReportsStock InformationStock Quote & ChartInve",
    "link": "https://www.biogen.com/",
    "timestamp": "unknown"
  },
  {
    "title": "OverviewNewsEvents & PresentationsEventsPresentationsEvents & PresentationsFinancialsSEC FilingsAnnual ReportsStock InformationStock Quote & ChartInve",
    "link": "https://www.biogen.com/",
    "timestamp": "unknown"
  },
  {
    "title": "Overview",
    "link": "https://investors.biogen.com/",
    "timestamp": "unknown"
  },
  {
    "title": "News",
    "link": "https://investors.biogen.com/news/news-releases",
    "timestamp": "unknown"
  },
  {
    "title": "Events & PresentationsEventsPresentationsEvents & Presentations",
    "link": "https://investors.biogen.com/events-presentations/events",
    "timestamp": "unknown"
  },
  {
    "title": "EventsPresentationsEvents & Presentations",
    "link": "https://investors.biogen.com/events-presentations/events",
    "timestamp": "unknown"
  },
  {
    "title": "EventsPresentationsEvents & Presentations",
    "link": "https://investors.biogen.com/events-presentations/events",
    "timestamp": "unknown"
  },
  {
    "title": "EventsPresentationsEvents & Presentations",
    "link": "https://investors.biogen.com/events-presentations/events",
    "timestamp": "unknown"
  },
  {
    "title": "EventsPresentationsEvents & Presentations",
    "link": "https://investors.biogen.com/events-presentations/events",
    "timestamp": "unknown"
  },
  {
    "title": "Events",
    "link": "https://investors.biogen.com/events-presentations/events",
    "timestamp": "unknown"
  },
  {
    "title": "Presentations",
    "link": "https://investors.biogen.com/events-presentations/presentations",
    "timestamp": "unknown"
  },
  {
    "title": "FinancialsSEC FilingsAnnual Reports",
    "link": "https://investors.biogen.com/financials/sec-filings",
    "timestamp": "unknown"
  },
  {
    "title": "SEC FilingsAnnual Reports",
    "link": "https://investors.biogen.com/financials/sec-filings",
    "timestamp": "unknown"
  },
  {
    "title": "SEC FilingsAnnual Reports",
    "link": "https://investors.biogen.com/financials/sec-filings",
    "timestamp": "unknown"
  },
  {
    "title": "SEC FilingsAnnual Reports",
    "link": "https://investors.biogen.com/financials/sec-filings",
    "timestamp": "unknown"
  },
  {
    "title": "SEC FilingsAnnual Reports",
    "link": "https://investors.biogen.com/financials/sec-filings",
    "timestamp": "unknown"
  },
  {
    "title": "SEC Filings",
    "link": "https://investors.biogen.com/financials/sec-filings",
    "timestamp": "unknown"
  },
  {
    "title": "Annual Reports",
    "link": "https://investors.biogen.com/financials/annual-reports",
    "timestamp": "unknown"
  },
  {
    "title": "Stock InformationStock Quote & ChartInvestor FAQs",
    "link": "https://investors.biogen.com/stock-information/stock-chart",
    "timestamp": "unknown"
  },
  {
    "title": "Stock Quote & ChartInvestor FAQs",
    "link": "https://investors.biogen.com/stock-information/stock-chart",
    "timestamp": "unknown"
  },
  {
    "title": "Stock Quote & ChartInvestor FAQs",
    "link": "https://investors.biogen.com/stock-information/stock-chart",
    "timestamp": "unknown"
  },
  {
    "title": "Stock Quote & ChartInvestor FAQs",
    "link": "https://investors.biogen.com/stock-information/stock-chart",
    "timestamp": "unknown"
  },
  {
    "title": "Stock Quote & ChartInvestor FAQs",
    "link": "https://investors.biogen.com/stock-information/stock-chart",
    "timestamp": "unknown"
  },
  {
    "title": "Stock Quote & Chart",
    "link": "https://investors.biogen.com/stock-information/stock-chart",
    "timestamp": "unknown"
  },
  {
    "title": "Investor FAQs",
    "link": "https://investors.biogen.com/stock-information/investor-faqs",
    "timestamp": "unknown"
  },
  {
    "title": "Corporate GovernanceGovernance DocumentsCommittee CompositionLeadershipCode of Business ConductESG ReportCorporate ResponsibilityContact the Board",
    "link": "https://investors.biogen.com/governance/governance-documents",
    "timestamp": "unknown"
  },
  {
    "title": "Governance DocumentsCommittee CompositionLeadershipCode of Business ConductESG ReportCorporate ResponsibilityContact the Board",
    "link": "https://investors.biogen.com/governance/governance-documents",
    "timestamp": "unknown"
  },
  {
    "title": "Governance DocumentsCommittee CompositionLeadershipCode of Business ConductESG ReportCorporate ResponsibilityContact the Board",
    "link": "https://investors.biogen.com/governance/governance-documents",
    "timestamp": "unknown"
  },
  {
    "title": "Governance DocumentsCommittee CompositionLeadershipCode of Business ConductESG ReportCorporate ResponsibilityContact the Board",
    "link": "https://investors.biogen.com/governance/governance-documents",
    "timestamp": "unknown"
  },
  {
    "title": "Governance DocumentsCommittee CompositionLeadershipCode of Business ConductESG ReportCorporate ResponsibilityContact the Board",
    "link": "https://investors.biogen.com/governance/governance-documents",
    "timestamp": "unknown"
  },
  {
    "title": "Governance Documents",
    "link": "https://investors.biogen.com/governance/governance-documents",
    "timestamp": "unknown"
  },
  {
    "title": "Committee Composition",
    "link": "https://investors.biogen.com/governance/committee-composition",
    "timestamp": "unknown"
  },
  {
    "title": "Leadership",
    "link": "https://www.biogen.com/company/leadership.html?tag=leadership-team",
    "timestamp": "unknown"
  },
  {
    "title": "Code of Business Conduct",
    "link": "https://www.biogen.com/responsibility/reporting-and-principles/code-of-business-conduct.html",
    "timestamp": "unknown"
  },
  {
    "title": "ESG Report",
    "link": "https://www.biogen.com/responsibility/reporting-and-principles/esg-report.html",
    "timestamp": "unknown"
  },
  {
    "title": "Corporate Responsibility",
    "link": "https://www.biogen.com/responsibility.html",
    "timestamp": "unknown"
  },
  {
    "title": "Contact the Board",
    "link": "https://investors.biogen.com/governance/contact-the-board",
    "timestamp": "unknown"
  },
  {
    "title": "Sign UpInvestorsAmericasArgentinaBrazilCanada EN | FRColombiaMexicoUnited StatesUruguayAsia PacificAustraliaChinaJapanNew ZealandSouth KoreaTaiwanEuro",
    "link": "https://investors.biogen.com/sign-up-for-alerts",
    "timestamp": "unknown"
  },
  {
    "title": "Sign Up",
    "link": "https://investors.biogen.com/sign-up-for-alerts",
    "timestamp": "unknown"
  },
  {
    "title": "InvestorsAmericasArgentinaBrazilCanada EN | FRColombiaMexicoUnited StatesUruguayAsia PacificAustraliaChinaJapanNew ZealandSouth KoreaTaiwanEuropeAustr",
    "link": "https://investors.biogen.com/news/news-releases",
    "timestamp": "unknown"
  },
  {
    "title": "InvestorsAmericasArgentinaBrazilCanada EN | FRColombiaMexicoUnited StatesUruguayAsia PacificAustraliaChinaJapanNew ZealandSouth KoreaTaiwanEuropeAustr",
    "link": "https://investors.biogen.com/news/news-releases",
    "timestamp": "unknown"
  },
  {
    "title": "AmericasArgentinaBrazilCanada EN | FRColombiaMexicoUnited StatesUruguayAsia PacificAustraliaChinaJapanNew ZealandSouth KoreaTaiwanEuropeAustriaBelgium",
    "link": "https://ar.biogen.com/",
    "timestamp": "unknown"
  },
  {
    "title": "AmericasArgentinaBrazilCanada EN | FRColombiaMexicoUnited StatesUruguayAsia PacificAustraliaChinaJapanNew ZealandSouth KoreaTaiwanEuropeAustriaBelgium",
    "link": "https://ar.biogen.com/",
    "timestamp": "unknown"
  },
  {
    "title": "AmericasArgentinaBrazilCanada EN | FRColombiaMexicoUnited StatesUruguayAsia PacificAustraliaChinaJapanNew ZealandSouth KoreaTaiwanEuropeAustriaBelgium",
    "link": "https://ar.biogen.com/",
    "timestamp": "unknown"
  },
  {
    "title": "AmericasArgentinaBrazilCanada EN | FRColombiaMexicoUnited StatesUruguayAsia PacificAustraliaChinaJapanNew ZealandSouth KoreaTaiwanEuropeAustriaBelgium",
    "link": "https://ar.biogen.com/",
    "timestamp": "unknown"
  },
  {
    "title": "OverviewNewsEvents & PresentationsEventsPresentationsEvents & PresentationsFinancialsSEC FilingsAnnual ReportsStock InformationStock Quote & ChartInve",
    "link": "https://investors.biogen.com/news/news-releases",
    "timestamp": "unknown"
  },
  {
    "title": "Overview",
    "link": "https://investors.biogen.com/news/news-releases",
    "timestamp": "unknown"
  },
  {
    "title": "News",
    "link": "https://investors.biogen.com/news/news-releases",
    "timestamp": "unknown"
  },
  {
    "title": "Events & PresentationsEventsPresentationsEvents & Presentations",
    "link": "https://investors.biogen.com/news/news-releases",
    "timestamp": "unknown"
  },
  {
    "title": "EventsPresentationsEvents & Presentations",
    "link": "https://investors.biogen.com/events-presentations/events",
    "timestamp": "unknown"
  },
  {
    "title": "FinancialsSEC FilingsAnnual Reports",
    "link": "https://investors.biogen.com/news/news-releases",
    "timestamp": "unknown"
  },
  {
    "title": "SEC FilingsAnnual Reports",
    "link": "https://investors.biogen.com/financials/sec-filings",
    "timestamp": "unknown"
  },
  {
    "title": "Stock InformationStock Quote & ChartInvestor FAQs",
    "link": "https://investors.biogen.com/news/news-releases",
    "timestamp": "unknown"
  },
  {
    "title": "Stock Quote & ChartInvestor FAQs",
    "link": "https://investors.biogen.com/stock-information/stock-chart",
    "timestamp": "unknown"
  },
  {
    "title": "Corporate GovernanceGovernance DocumentsCommittee CompositionLeadershipCode of Business ConductESG ReportCorporate ResponsibilityContact the Board",
    "link": "https://investors.biogen.com/news/news-releases",
    "timestamp": "unknown"
  },
  {
    "title": "Governance DocumentsCommittee CompositionLeadershipCode of Business ConductESG ReportCorporate ResponsibilityContact the Board",
    "link": "https://investors.biogen.com/governance/governance-documents",
    "timestamp": "unknown"
  },
  {
    "title": "InvestorsAmericasArgentinaBrazilCanada EN | FRColombiaMexicoUnited StatesUruguayAsia PacificAustraliaChinaJapanNew ZealandSouth KoreaTaiwanEuropeAustr",
    "link": "https://investors.biogen.com/",
    "timestamp": "unknown"
  },
  {
    "title": "InvestorsAmericasArgentinaBrazilCanada EN | FRColombiaMexicoUnited StatesUruguayAsia PacificAustraliaChinaJapanNew ZealandSouth KoreaTaiwanEuropeAustr",
    "link": "https://investors.biogen.com/",
    "timestamp": "unknown"
  },
  {
    "title": "AmericasArgentinaBrazilCanada EN | FRColombiaMexicoUnited StatesUruguay",
    "link": "https://investors.biogen.com/news/news-releases",
    "timestamp": "unknown"
  },
  {
    "title": "Argentina",
    "link": "https://ar.biogen.com/",
    "timestamp": "unknown"
  },
  {
    "title": "Brazil",
    "link": "https://br.biogen.com/",
    "timestamp": "unknown"
  },
  {
    "title": "Canada EN | FR",
    "link": "https://www.biogen.ca/",
    "timestamp": "unknown"
  },
  {
    "title": "Colombia",
    "link": "https://www.biibcolombia.co/",
    "timestamp": "unknown"
  },
  {
    "title": "Mexico",
    "link": "https://www.biogen.com.mx/",
    "timestamp": "unknown"
  },
  {
    "title": "United States",
    "link": "https://www.biogen.com/",
    "timestamp": "unknown"
  },
  {
    "title": "Uruguay",
    "link": "https://www.biogen.uy/",
    "timestamp": "unknown"
  },
  {
    "title": "Asia PacificAustraliaChinaJapanNew ZealandSouth KoreaTaiwan",
    "link": "https://investors.biogen.com/news/news-releases",
    "timestamp": "unknown"
  },
  {
    "title": "Australia",
    "link": "https://www.biogen.com.au/",
    "timestamp": "unknown"
  },
  {
    "title": "China",
    "link": "https://www.biogen.cn/",
    "timestamp": "unknown"
  },
  {
    "title": "Japan",
    "link": "https://www.biogen.co.jp/",
    "timestamp": "unknown"
  },
  {
    "title": "New Zealand",
    "link": "https://www.biogen.co.nz/",
    "timestamp": "unknown"
  },
  {
    "title": "South Korea",
    "link": "https://kr.biogen.com/",
    "timestamp": "unknown"
  },
  {
    "title": "Taiwan",
    "link": "https://www.biogen.tw/",
    "timestamp": "unknown"
  },
  {
    "title": "EuropeAustriaBelgium NL | FRCroatiaCzech RepublicDenmarkEstoniaFinlandFranceGermanyHungaryIrelandItalyLatviaLithuaniaNetherlandsNorwayPolandPortugalSl",
    "link": "https://investors.biogen.com/news/news-releases",
    "timestamp": "unknown"
  },
  {
    "title": "Austria",
    "link": "https://www.biogen.at/",
    "timestamp": "unknown"
  },
  {
    "title": "Belgium NL | FR",
    "link": "https://www.biogen.be/",
    "timestamp": "unknown"
  },
  {
    "title": "Croatia",
    "link": "https://www.biogen.hr/",
    "timestamp": "unknown"
  },
  {
    "title": "Czech Republic",
    "link": "https://www.biogen.com.cz/",
    "timestamp": "unknown"
  },
  {
    "title": "Denmark",
    "link": "https://www.biogen.dk/",
    "timestamp": "unknown"
  },
  {
    "title": "Estonia",
    "link": "https://www.biogen.ee/",
    "timestamp": "unknown"
  },
  {
    "title": "Finland",
    "link": "https://www.biogen.fi/",
    "timestamp": "unknown"
  },
  {
    "title": "France",
    "link": "https://www.biogen.fr/",
    "timestamp": "unknown"
  },
  {
    "title": "Germany",
    "link": "https://www.biogen.de/",
    "timestamp": "unknown"
  },
  {
    "title": "Hungary",
    "link": "https://www.biogen.hu/",
    "timestamp": "unknown"
  },
  {
    "title": "Ireland",
    "link": "https://www.biogen.ie/",
    "timestamp": "unknown"
  },
  {
    "title": "Italy",
    "link": "https://www.biogenitalia.it/",
    "timestamp": "unknown"
  },
  {
    "title": "Latvia",
    "link": "https://www.biogen.lv/",
    "timestamp": "unknown"
  },
  {
    "title": "Lithuania",
    "link": "https://www.biogen.lt/",
    "timestamp": "unknown"
  },
  {
    "title": "Netherlands",
    "link": "https://www.biogen.nl/",
    "timestamp": "unknown"
  },
  {
    "title": "Norway",
    "link": "https://www.biogen.no/",
    "timestamp": "unknown"
  },
  {
    "title": "Poland",
    "link": "https://www.biogen-poland.pl/",
    "timestamp": "unknown"
  },
  {
    "title": "Portugal",
    "link": "https://www.biogen.pt/",
    "timestamp": "unknown"
  },
  {
    "title": "Slovakia",
    "link": "https://www.biogen.sk/",
    "timestamp": "unknown"
  },
  {
    "title": "Slovenia",
    "link": "https://www.biogen-pharma.si/",
    "timestamp": "unknown"
  },
  {
    "title": "Spain",
    "link": "https://www.biogen.com.es/",
    "timestamp": "unknown"
  },
  {
    "title": "Sweden",
    "link": "https://www.biogen.se/",
    "timestamp": "unknown"
  },
  {
    "title": "Switzerland DE | FR",
    "link": "https://www.biogen.ch/",
    "timestamp": "unknown"
  },
  {
    "title": "United Kingdom",
    "link": "https://www.biogen.uk.com/",
    "timestamp": "unknown"
  },
  {
    "title": "Middle EastSaudi ArabiaUnited Arab Emirates",
    "link": "https://investors.biogen.com/news/news-releases",
    "timestamp": "unknown"
  },
  {
    "title": "Saudi Arabia",
    "link": "https://www.biogen-sa.com/",
    "timestamp": "unknown"
  },
  {
    "title": "United Arab Emirates",
    "link": "https://www.biogen-gulf.com/",
    "timestamp": "unknown"
  },
  {
    "title": "InternationalGlobal websiteInternational HQ",
    "link": "https://investors.biogen.com/news/news-releases",
    "timestamp": "unknown"
  },
  {
    "title": "Global website",
    "link": "https://www.biogen.com/",
    "timestamp": "unknown"
  },
  {
    "title": "International HQ",
    "link": "https://www.biogen.com/biogen-international.html",
    "timestamp": "unknown"
  },
  {
    "title": "BreadcrumbHomeNewsHomeNews",
    "link": "https://investors.biogen.com/",
    "timestamp": "unknown"
  },
  {
    "title": "BreadcrumbHomeNewsHomeNews",
    "link": "https://investors.biogen.com/",
    "timestamp": "unknown"
  },
  {
    "title": "BreadcrumbHomeNewsHomeNews",
    "link": "https://investors.biogen.com/",
    "timestamp": "unknown"
  },
  {
    "title": "BreadcrumbHomeNewsHomeNews",
    "link": "https://investors.biogen.com/",
    "timestamp": "unknown"
  },
  {
    "title": "BreadcrumbHomeNewsHomeNews",
    "link": "https://investors.biogen.com/",
    "timestamp": "unknown"
  },
  {
    "title": "BreadcrumbHomeNewsHomeNews",
    "link": "https://investors.biogen.com/",
    "timestamp": "unknown"
  },
  {
    "title": "BreadcrumbHomeNewsHomeNews",
    "link": "https://investors.biogen.com/",
    "timestamp": "unknown"
  },
  {
    "title": "BreadcrumbHomeNewsHomeNews",
    "link": "https://investors.biogen.com/",
    "timestamp": "unknown"
  },
  {
    "title": "BreadcrumbHomeNewsHomeNews",
    "link": "https://investors.biogen.com/",
    "timestamp": "unknown"
  },
  {
    "title": "Home",
    "link": "https://investors.biogen.com/",
    "timestamp": "unknown"
  },
  {
    "title": "Home",
    "link": "https://investors.biogen.com/",
    "timestamp": "unknown"
  },
  {
    "title": "Biogen News Releases and Company StatementsMedia ContactsUS Media RelationsPublic.Affairs@biogen.comEurope Media RelationsPublicAffairs.EU@biogen.comJ",
    "link": "mailto:Public.Affairs@biogen.com",
    "timestamp": "unknown"
  },
  {
    "title": "Biogen News Releases and Company StatementsMedia ContactsUS Media RelationsPublic.Affairs@biogen.comEurope Media RelationsPublicAffairs.EU@biogen.comJ",
    "link": "mailto:Public.Affairs@biogen.com",
    "timestamp": "unknown"
  },
  {
    "title": "Biogen News Releases and Company StatementsMedia ContactsUS Media RelationsPublic.Affairs@biogen.comEurope Media RelationsPublicAffairs.EU@biogen.comJ",
    "link": "mailto:Public.Affairs@biogen.com",
    "timestamp": "unknown"
  },
  {
    "title": "Biogen News Releases and Company StatementsMedia ContactsUS Media RelationsPublic.Affairs@biogen.comEurope Media RelationsPublicAffairs.EU@biogen.comJ",
    "link": "mailto:Public.Affairs@biogen.com",
    "timestamp": "unknown"
  },
  {
    "title": "Biogen News Releases and Company StatementsMedia ContactsUS Media RelationsPublic.Affairs@biogen.comEurope Media RelationsPublicAffairs.EU@biogen.comJ",
    "link": "mailto:Public.Affairs@biogen.com",
    "timestamp": "unknown"
  },
  {
    "title": "Biogen News Releases and Company StatementsMedia ContactsUS Media RelationsPublic.Affairs@biogen.comEurope Media RelationsPublicAffairs.EU@biogen.comJ",
    "link": "mailto:Public.Affairs@biogen.com",
    "timestamp": "unknown"
  },
  {
    "title": "Biogen News Releases and Company StatementsMedia ContactsUS Media RelationsPublic.Affairs@biogen.comEurope Media RelationsPublicAffairs.EU@biogen.comJ",
    "link": "mailto:Public.Affairs@biogen.com",
    "timestamp": "unknown"
  },
  {
    "title": "Biogen News Releases and Company StatementsMedia ContactsUS Media RelationsPublic.Affairs@biogen.comEurope Media RelationsPublicAffairs.EU@biogen.comJ",
    "link": "mailto:Public.Affairs@biogen.com",
    "timestamp": "unknown"
  },
  {
    "title": "Biogen News Releases and Company StatementsMedia ContactsUS Media RelationsPublic.Affairs@biogen.comEurope Media RelationsPublicAffairs.EU@biogen.comJ",
    "link": "mailto:Public.Affairs@biogen.com",
    "timestamp": "unknown"
  },
  {
    "title": "Biogen News Releases and Company StatementsMedia ContactsUS Media RelationsPublic.Affairs@biogen.comEurope Media RelationsPublicAffairs.EU@biogen.comJ",
    "link": "mailto:Public.Affairs@biogen.com",
    "timestamp": "unknown"
  },
  {
    "title": "Biogen News Releases and Company StatementsMedia ContactsUS Media RelationsPublic.Affairs@biogen.comEurope Media RelationsPublicAffairs.EU@biogen.comJ",
    "link": "mailto:Public.Affairs@biogen.com",
    "timestamp": "unknown"
  },
  {
    "title": "Biogen News Releases and Company StatementsMedia ContactsUS Media RelationsPublic.Affairs@biogen.comEurope Media RelationsPublicAffairs.EU@biogen.comJ",
    "link": "mailto:Public.Affairs@biogen.com",
    "timestamp": "unknown"
  },
  {
    "title": "Biogen News Releases and Company StatementsMedia ContactsUS Media RelationsPublic.Affairs@biogen.comEurope Media RelationsPublicAffairs.EU@biogen.comJ",
    "link": "mailto:Public.Affairs@biogen.com",
    "timestamp": "unknown"
  },
  {
    "title": "Biogen News Releases and Company StatementsMedia ContactsUS Media RelationsPublic.Affairs@biogen.comEurope Media RelationsPublicAffairs.EU@biogen.comJ",
    "link": "mailto:Public.Affairs@biogen.com",
    "timestamp": "unknown"
  },
  {
    "title": "Biogen News Releases and Company StatementsMedia ContactsUS Media RelationsPublic.Affairs@biogen.comEurope Media RelationsPublicAffairs.EU@biogen.comJ",
    "link": "mailto:Public.Affairs@biogen.com",
    "timestamp": "unknown"
  },
  {
    "title": "Biogen News Releases and Company StatementsMedia ContactsUS Media RelationsPublic.Affairs@biogen.comEurope Media RelationsPublicAffairs.EU@biogen.comJ",
    "link": "mailto:Public.Affairs@biogen.com",
    "timestamp": "unknown"
  },
  {
    "title": "Biogen News Releases and Company StatementsMedia ContactsUS Media RelationsPublic.Affairs@biogen.comEurope Media RelationsPublicAffairs.EU@biogen.comJ",
    "link": "mailto:Public.Affairs@biogen.com",
    "timestamp": "unknown"
  },
  {
    "title": "Biogen News Releases and Company StatementsMedia ContactsUS Media RelationsPublic.Affairs@biogen.comEurope Media RelationsPublicAffairs.EU@biogen.comJ",
    "link": "mailto:Public.Affairs@biogen.com",
    "timestamp": "unknown"
  },
  {
    "title": "Biogen News Releases and Company StatementsMedia ContactsUS Media RelationsPublic.Affairs@biogen.comEurope Media RelationsPublicAffairs.EU@biogen.comJ",
    "link": "mailto:Public.Affairs@biogen.com",
    "timestamp": "unknown"
  },
  {
    "title": "Biogen News Releases and Company StatementsMedia ContactsUS Media RelationsPublic.Affairs@biogen.comEurope Media RelationsPublicAffairs.EU@biogen.comJ",
    "link": "mailto:Public.Affairs@biogen.com",
    "timestamp": "unknown"
  },
  {
    "title": "Biogen News Releases and Company StatementsMedia ContactsUS Media RelationsPublic.Affairs@biogen.comEurope Media RelationsPublicAffairs.EU@biogen.comJ",
    "link": "mailto:Public.Affairs@biogen.com",
    "timestamp": "unknown"
  },
  {
    "title": "Biogen News Releases and Company StatementsMedia ContactsUS Media RelationsPublic.Affairs@biogen.comEurope Media RelationsPublicAffairs.EU@biogen.comJ",
    "link": "mailto:Public.Affairs@biogen.com",
    "timestamp": "unknown"
  },
  {
    "title": "Biogen News Releases and Company StatementsMedia ContactsUS Media RelationsPublic.Affairs@biogen.comEurope Media RelationsPublicAffairs.EU@biogen.comJ",
    "link": "mailto:Public.Affairs@biogen.com",
    "timestamp": "unknown"
  },
  {
    "title": "Public.Affairs@biogen.com",
    "link": "mailto:Public.Affairs@biogen.com",
    "timestamp": "unknown"
  },
  {
    "title": "PublicAffairs.EU@biogen.com",
    "link": "mailto:PublicAffairs.EU@biogen.com",
    "timestamp": "unknown"
  },
  {
    "title": "Japan-PA@biogen.com",
    "link": "mailto:Japan-PA@biogen.com",
    "timestamp": "unknown"
  },
  {
    "title": "Filter by:AllJuly ,Two-Year Real-World Study of LEQEMBI\u00ae in the United States\u00a0Presented at Alzheimer&#;s Association International Conference (AAIC)Ju",
    "link": "https://investors.biogen.com/news-releases/news-release-details/two-year-real-world-study-leqembir-united-states-presented",
    "timestamp": "unknown"
  },
  {
    "title": "Filter by:AllJuly ,Two-Year Real-World Study of LEQEMBI\u00ae in the United States\u00a0Presented at Alzheimer&#;s Association International Conference (AAIC)Ju",
    "link": "https://investors.biogen.com/news-releases/news-release-details/two-year-real-world-study-leqembir-united-states-presented",
    "timestamp": "unknown"
  },
  {
    "title": "Filter by:AllJuly ,Two-Year Real-World Study of LEQEMBI\u00ae in the United States\u00a0Presented at Alzheimer&#;s Association International Conference (AAIC)Ju",
    "link": "https://investors.biogen.com/news-releases/news-release-details/two-year-real-world-study-leqembir-united-states-presented",
    "timestamp": "unknown"
  },
  {
    "title": "Filter by:AllJuly ,Two-Year Real-World Study of LEQEMBI\u00ae in the United States\u00a0Presented at Alzheimer&#;s Association International Conference (AAIC)Ju",
    "link": "https://investors.biogen.com/news-releases/news-release-details/two-year-real-world-study-leqembir-united-states-presented",
    "timestamp": "unknown"
  },
  {
    "title": "Filter by:AllJuly ,Two-Year Real-World Study of LEQEMBI\u00ae in the United States\u00a0Presented at Alzheimer&#;s Association International Conference (AAIC)Ju",
    "link": "https://investors.biogen.com/news-releases/news-release-details/two-year-real-world-study-leqembir-united-states-presented",
    "timestamp": "unknown"
  },
  {
    "title": "Filter by:AllJuly ,Two-Year Real-World Study of LEQEMBI\u00ae in the United States\u00a0Presented at Alzheimer&#;s Association International Conference (AAIC)Ju",
    "link": "https://investors.biogen.com/news-releases/news-release-details/two-year-real-world-study-leqembir-united-states-presented",
    "timestamp": "unknown"
  },
  {
    "title": "Filter by:AllJuly ,Two-Year Real-World Study of LEQEMBI\u00ae in the United States\u00a0Presented at Alzheimer&#;s Association International Conference (AAIC)Ju",
    "link": "https://investors.biogen.com/news-releases/news-release-details/two-year-real-world-study-leqembir-united-states-presented",
    "timestamp": "unknown"
  },
  {
    "title": "July ,Two-Year Real-World Study of LEQEMBI\u00ae in the United States\u00a0Presented at Alzheimer&#;s Association International Conference (AAIC)July ,New Data ",
    "link": "https://investors.biogen.com/news-releases/news-release-details/two-year-real-world-study-leqembir-united-states-presented",
    "timestamp": "unknown"
  },
  {
    "title": "July ,Two-Year Real-World Study of LEQEMBI\u00ae in the United States\u00a0Presented at Alzheimer&#;s Association International Conference (AAIC)July ,New Data ",
    "link": "https://investors.biogen.com/news-releases/news-release-details/two-year-real-world-study-leqembir-united-states-presented",
    "timestamp": "unknown"
  },
  {
    "title": "July ,Two-Year Real-World Study of LEQEMBI\u00ae in the United States\u00a0Presented at Alzheimer&#;s Association International Conference (AAIC)July ,New Data ",
    "link": "https://investors.biogen.com/news-releases/news-release-details/two-year-real-world-study-leqembir-united-states-presented",
    "timestamp": "unknown"
  },
  {
    "title": "July ,Two-Year Real-World Study of LEQEMBI\u00ae in the United States\u00a0Presented at Alzheimer&#;s Association International Conference (AAIC)",
    "link": "https://investors.biogen.com/news-releases/news-release-details/two-year-real-world-study-leqembir-united-states-presented",
    "timestamp": "unknown"
  },
  {
    "title": "July ,Two-Year Real-World Study of LEQEMBI\u00ae in the United States\u00a0Presented at Alzheimer&#;s Association International Conference (AAIC)",
    "link": "https://investors.biogen.com/news-releases/news-release-details/two-year-real-world-study-leqembir-united-states-presented",
    "timestamp": "unknown"
  },
  {
    "title": "Two-Year Real-World Study of LEQEMBI\u00ae in the United States\u00a0Presented at Alzheimer&#;s Association International Conference (AAIC)",
    "link": "https://investors.biogen.com/news-releases/news-release-details/two-year-real-world-study-leqembir-united-states-presented",
    "timestamp": "unknown"
  },
  {
    "title": "July ,New Data Presented at AAIC Demonstrates Investigational LEQEMBI\u00ae (lecanemab-irmb)  mg Subcutaneous Maintenance Dosing Could Offer a New Option f",
    "link": "https://investors.biogen.com/news-releases/news-release-details/new-data-presented-aaic-demonstrates-investigational-leqembir",
    "timestamp": "unknown"
  },
  {
    "title": "July ,New Data Presented at AAIC Demonstrates Investigational LEQEMBI\u00ae (lecanemab-irmb)  mg Subcutaneous Maintenance Dosing Could Offer a New Option f",
    "link": "https://investors.biogen.com/news-releases/news-release-details/new-data-presented-aaic-demonstrates-investigational-leqembir",
    "timestamp": "unknown"
  },
  {
    "title": "New Data Presented at AAIC Demonstrates Investigational LEQEMBI\u00ae (lecanemab-irmb)  mg Subcutaneous Maintenance Dosing Could Offer a New Option for Ong",
    "link": "https://investors.biogen.com/news-releases/news-release-details/new-data-presented-aaic-demonstrates-investigational-leqembir",
    "timestamp": "unknown"
  },
  {
    "title": "July ,Early Alzheimer\u2019s Patients Continue to Benefit from Four Years of LEQEMBI\u00ae (lecanemab-irmb) Therapy New Clinical Data Presented at AAIC",
    "link": "https://investors.biogen.com/news-releases/news-release-details/early-alzheimers-patients-continue-benefit-four-years-leqembir",
    "timestamp": "unknown"
  },
  {
    "title": "July ,Early Alzheimer\u2019s Patients Continue to Benefit from Four Years of LEQEMBI\u00ae (lecanemab-irmb) Therapy New Clinical Data Presented at AAIC",
    "link": "https://investors.biogen.com/news-releases/news-release-details/early-alzheimers-patients-continue-benefit-four-years-leqembir",
    "timestamp": "unknown"
  },
  {
    "title": "Early Alzheimer\u2019s Patients Continue to Benefit from Four Years of LEQEMBI\u00ae (lecanemab-irmb) Therapy New Clinical Data Presented at AAIC",
    "link": "https://investors.biogen.com/news-releases/news-release-details/early-alzheimers-patients-continue-benefit-four-years-leqembir",
    "timestamp": "unknown"
  },
  {
    "title": "July ,ZURZUVAE\u00ae (zuranolone) Receives Positive Opinion from CHMP for the Treatment of Women with Postpartum Depression",
    "link": "https://investors.biogen.com/news-releases/news-release-details/zurzuvaer-zuranolone-receives-positive-opinion-chmp-treatment",
    "timestamp": "unknown"
  },
  {
    "title": "July ,ZURZUVAE\u00ae (zuranolone) Receives Positive Opinion from CHMP for the Treatment of Women with Postpartum Depression",
    "link": "https://investors.biogen.com/news-releases/news-release-details/zurzuvaer-zuranolone-receives-positive-opinion-chmp-treatment",
    "timestamp": "unknown"
  },
  {
    "title": "ZURZUVAE\u00ae (zuranolone) Receives Positive Opinion from CHMP for the Treatment of Women with Postpartum Depression",
    "link": "https://investors.biogen.com/news-releases/news-release-details/zurzuvaer-zuranolone-receives-positive-opinion-chmp-treatment",
    "timestamp": "unknown"
  },
  {
    "title": "July ,Biogen to Highlight Scientific Progress Across Alzheimer\u2019s Disease at the Alzheimer\u2019s Association International Conference",
    "link": "https://investors.biogen.com/news-releases/news-release-details/biogen-highlight-scientific-progress-across-alzheimers-disease",
    "timestamp": "unknown"
  },
  {
    "title": "July ,Biogen to Highlight Scientific Progress Across Alzheimer\u2019s Disease at the Alzheimer\u2019s Association International Conference",
    "link": "https://investors.biogen.com/news-releases/news-release-details/biogen-highlight-scientific-progress-across-alzheimers-disease",
    "timestamp": "unknown"
  },
  {
    "title": "Biogen to Highlight Scientific Progress Across Alzheimer\u2019s Disease at the Alzheimer\u2019s Association International Conference",
    "link": "https://investors.biogen.com/news-releases/news-release-details/biogen-highlight-scientific-progress-across-alzheimers-disease",
    "timestamp": "unknown"
  },
  {
    "title": "July ,Biogen Announces $ Billion Manufacturing Investment in North Carolina\u2019s Research Triangle Park in Conjunction with its 30th Anniversary",
    "link": "https://investors.biogen.com/news-releases/news-release-details/biogen-announces--billion-manufacturing-investment-north",
    "timestamp": "unknown"
  },
  {
    "title": "July ,Biogen Announces $ Billion Manufacturing Investment in North Carolina\u2019s Research Triangle Park in Conjunction with its 30th Anniversary",
    "link": "https://investors.biogen.com/news-releases/news-release-details/biogen-announces--billion-manufacturing-investment-north",
    "timestamp": "unknown"
  },
  {
    "title": "Biogen Announces $ Billion Manufacturing Investment in North Carolina\u2019s Research Triangle Park in Conjunction with its 30th Anniversary",
    "link": "https://investors.biogen.com/news-releases/news-release-details/biogen-announces--billion-manufacturing-investment-north",
    "timestamp": "unknown"
  },
  {
    "title": "July ,Biogen and Stoke Therapeutics Announce Presentation of Data from Studies of Zorevunersen, an Investigational Medicine for Dravet syndrome, at th",
    "link": "https://investors.biogen.com/news-releases/news-release-details/biogen-and-stoke-therapeutics-announce-presentation-data-studies",
    "timestamp": "unknown"
  },
  {
    "title": "July ,Biogen and Stoke Therapeutics Announce Presentation of Data from Studies of Zorevunersen, an Investigational Medicine for Dravet syndrome, at th",
    "link": "https://investors.biogen.com/news-releases/news-release-details/biogen-and-stoke-therapeutics-announce-presentation-data-studies",
    "timestamp": "unknown"
  },
  {
    "title": "Biogen and Stoke Therapeutics Announce Presentation of Data from Studies of Zorevunersen, an Investigational Medicine for Dravet syndrome, at the 16th",
    "link": "https://investors.biogen.com/news-releases/news-release-details/biogen-and-stoke-therapeutics-announce-presentation-data-studies",
    "timestamp": "unknown"
  },
  {
    "title": "June ,Biogen to Report Second Quarter  Financial Results July ,",
    "link": "https://investors.biogen.com/news-releases/news-release-details/biogen-report-second-quarter--financial-results-july--",
    "timestamp": "unknown"
  },
  {
    "title": "June ,Biogen to Report Second Quarter  Financial Results July ,",
    "link": "https://investors.biogen.com/news-releases/news-release-details/biogen-report-second-quarter--financial-results-july--",
    "timestamp": "unknown"
  },
  {
    "title": "Biogen to Report Second Quarter  Financial Results July ,",
    "link": "https://investors.biogen.com/news-releases/news-release-details/biogen-report-second-quarter--financial-results-july--",
    "timestamp": "unknown"
  },
  {
    "title": "June ,Biogen Initiates Phase  Study of Felzartamab for the Treatment of Primary Membranous Nephropathy",
    "link": "https://investors.biogen.com/news-releases/news-release-details/biogen-initiates-phase--study-felzartamab-treatment-primary",
    "timestamp": "unknown"
  },
  {
    "title": "June ,Biogen Initiates Phase  Study of Felzartamab for the Treatment of Primary Membranous Nephropathy",
    "link": "https://investors.biogen.com/news-releases/news-release-details/biogen-initiates-phase--study-felzartamab-treatment-primary",
    "timestamp": "unknown"
  },
  {
    "title": "Biogen Initiates Phase  Study of Felzartamab for the Treatment of Primary Membranous Nephropathy",
    "link": "https://investors.biogen.com/news-releases/news-release-details/biogen-initiates-phase--study-felzartamab-treatment-primary",
    "timestamp": "unknown"
  },
  {
    "title": "June ,New Data for Nusinersen Underscore Biogen\u2019s Commitment to Advancing Clinical Research to Improve Outcomes in SMA",
    "link": "https://investors.biogen.com/news-releases/news-release-details/new-data-nusinersen-underscore-biogens-commitment-advancing",
    "timestamp": "unknown"
  },
  {
    "title": "June ,New Data for Nusinersen Underscore Biogen\u2019s Commitment to Advancing Clinical Research to Improve Outcomes in SMA",
    "link": "https://investors.biogen.com/news-releases/news-release-details/new-data-nusinersen-underscore-biogens-commitment-advancing",
    "timestamp": "unknown"
  },
  {
    "title": "New Data for Nusinersen Underscore Biogen\u2019s Commitment to Advancing Clinical Research to Improve Outcomes in SMA",
    "link": "https://investors.biogen.com/news-releases/news-release-details/new-data-nusinersen-underscore-biogens-commitment-advancing",
    "timestamp": "unknown"
  },
  {
    "title": "PaginationCurrent pagePagePage\u2026Next page\u203aLast page\u00bb",
    "link": "https://investors.biogen.com/news/news-releases?page=",
    "timestamp": "unknown"
  },
  {
    "title": "PaginationCurrent pagePagePage\u2026Next page\u203aLast page\u00bb",
    "link": "https://investors.biogen.com/news/news-releases?page=",
    "timestamp": "unknown"
  },
  {
    "title": "PaginationCurrent pagePagePage\u2026Next page\u203aLast page\u00bb",
    "link": "https://investors.biogen.com/news/news-releases?page=",
    "timestamp": "unknown"
  },
  {
    "title": "Current page",
    "link": "https://investors.biogen.com/news/news-releases?page=",
    "timestamp": "unknown"
  },
  {
    "title": "Page",
    "link": "https://investors.biogen.com/news/news-releases?page=",
    "timestamp": "unknown"
  },
  {
    "title": "Page",
    "link": "https://investors.biogen.com/news/news-releases?page=",
    "timestamp": "unknown"
  },
  {
    "title": "Next page\u203a",
    "link": "https://investors.biogen.com/news/news-releases?page=",
    "timestamp": "unknown"
  },
  {
    "title": "Last page\u00bb",
    "link": "https://investors.biogen.com/news/news-releases?page=",
    "timestamp": "unknown"
  },
  {
    "title": "Stockholder CommunicationsE-mail AlertsFAQs",
    "link": "https://investors.biogen.com/governance/contact-the-board",
    "timestamp": "unknown"
  },
  {
    "title": "Stockholder CommunicationsE-mail AlertsFAQs",
    "link": "https://investors.biogen.com/governance/contact-the-board",
    "timestamp": "unknown"
  },
  {
    "title": "Stockholder CommunicationsE-mail AlertsFAQs",
    "link": "https://investors.biogen.com/governance/contact-the-board",
    "timestamp": "unknown"
  },
  {
    "title": "Stockholder CommunicationsE-mail AlertsFAQs",
    "link": "https://investors.biogen.com/governance/contact-the-board",
    "timestamp": "unknown"
  },
  {
    "title": "Stockholder CommunicationsE-mail AlertsFAQs",
    "link": "https://investors.biogen.com/governance/contact-the-board",
    "timestamp": "unknown"
  },
  {
    "title": "Stockholder CommunicationsE-mail AlertsFAQs",
    "link": "https://investors.biogen.com/governance/contact-the-board",
    "timestamp": "unknown"
  },
  {
    "title": "Stockholder CommunicationsE-mail AlertsFAQs",
    "link": "https://investors.biogen.com/governance/contact-the-board",
    "timestamp": "unknown"
  },
  {
    "title": "Stockholder Communications",
    "link": "https://investors.biogen.com/governance/contact-the-board",
    "timestamp": "unknown"
  },
  {
    "title": "Stockholder Communications",
    "link": "https://investors.biogen.com/governance/contact-the-board",
    "timestamp": "unknown"
  },
  {
    "title": "E-mail Alerts",
    "link": "https://investors.biogen.com/sign-up-for-alerts",
    "timestamp": "unknown"
  },
  {
    "title": "E-mail Alerts",
    "link": "https://investors.biogen.com/sign-up-for-alerts",
    "timestamp": "unknown"
  },
  {
    "title": "FAQs",
    "link": "https://investors.biogen.com/stock-information/investor-faqs",
    "timestamp": "unknown"
  },
  {
    "title": "FAQs",
    "link": "https://investors.biogen.com/stock-information/investor-faqs",
    "timestamp": "unknown"
  },
  {
    "title": "Learn more about our Events & Presentations",
    "link": "https://investors.biogen.com/events-presentations/events",
    "timestamp": "unknown"
  },
  {
    "title": "Learn more about our Events & Presentations",
    "link": "https://investors.biogen.com/events-presentations/events",
    "timestamp": "unknown"
  },
  {
    "title": "Learn more about our Events & Presentations",
    "link": "https://investors.biogen.com/events-presentations/events",
    "timestamp": "unknown"
  },
  {
    "title": "Learn more about our Events & Presentations",
    "link": "https://investors.biogen.com/events-presentations/events",
    "timestamp": "unknown"
  },
  {
    "title": "Learn more about our Events & Presentations",
    "link": "https://investors.biogen.com/events-presentations/events",
    "timestamp": "unknown"
  },
  {
    "title": "Learn more about our Events & Presentations",
    "link": "https://investors.biogen.com/events-presentations/events",
    "timestamp": "unknown"
  },
  {
    "title": "Learn more about our Events & Presentations",
    "link": "https://investors.biogen.com/events-presentations/events",
    "timestamp": "unknown"
  },
  {
    "title": "Learn more about our Events & Presentations",
    "link": "https://investors.biogen.com/events-presentations/events",
    "timestamp": "unknown"
  },
  {
    "title": "Learn more about our Events & Presentations",
    "link": "https://investors.biogen.com/events-presentations/events",
    "timestamp": "unknown"
  },
  {
    "title": "Learn more about our Events & Presentations",
    "link": "https://investors.biogen.com/events-presentations/events",
    "timestamp": "unknown"
  },
  {
    "title": "Learn more about our Events & Presentations",
    "link": "https://investors.biogen.com/events-presentations/events",
    "timestamp": "unknown"
  },
  {
    "title": "Learn more about our Events & Presentations",
    "link": "https://investors.biogen.com/events-presentations/events",
    "timestamp": "unknown"
  },
  {
    "title": "Information forMedical ProfessionalsInvestorsMediaJob SeekersGet in touchContact usBiogen InternationalExploreStoriesDisease AreasPipelineWe recommend",
    "link": "https://www.biogen.com/",
    "timestamp": "unknown"
  },
  {
    "title": "Information forMedical ProfessionalsInvestorsMediaJob SeekersGet in touchContact usBiogen InternationalExploreStoriesDisease AreasPipelineWe recommend",
    "link": "https://www.biogen.com/",
    "timestamp": "unknown"
  },
  {
    "title": "Information forMedical ProfessionalsInvestorsMediaJob SeekersGet in touchContact usBiogen InternationalExploreStoriesDisease AreasPipelineWe recommend",
    "link": "https://www.biogen.com/",
    "timestamp": "unknown"
  },
  {
    "title": "Information forMedical ProfessionalsInvestorsMediaJob SeekersGet in touchContact usBiogen InternationalExploreStoriesDisease AreasPipelineWe recommend",
    "link": "https://www.biogen.com/medical-professionals.html",
    "timestamp": "unknown"
  },
  {
    "title": "Information forMedical ProfessionalsInvestorsMediaJob SeekersGet in touchContact usBiogen InternationalExploreStoriesDisease AreasPipelineWe recommend",
    "link": "https://www.biogen.com/medical-professionals.html",
    "timestamp": "unknown"
  },
  {
    "title": "Information forMedical ProfessionalsInvestorsMediaJob Seekers",
    "link": "https://www.biogen.com/medical-professionals.html",
    "timestamp": "unknown"
  },
  {
    "title": "Medical Professionals",
    "link": "https://www.biogen.com/medical-professionals.html",
    "timestamp": "unknown"
  },
  {
    "title": "Investors",
    "link": "https://investors.biogen.com/",
    "timestamp": "unknown"
  },
  {
    "title": "Media",
    "link": "https://investors.biogen.com/news",
    "timestamp": "unknown"
  },
  {
    "title": "Job Seekers",
    "link": "https://www.biogen.com/careers.html",
    "timestamp": "unknown"
  },
  {
    "title": "Get in touchContact usBiogen International",
    "link": "https://www.biogen.com/company/contact-us.html",
    "timestamp": "unknown"
  },
  {
    "title": "Contact us",
    "link": "https://www.biogen.com/company/contact-us.html",
    "timestamp": "unknown"
  },
  {
    "title": "Biogen International",
    "link": "https://www.biogen.com/biogen-international.html",
    "timestamp": "unknown"
  },
  {
    "title": "ExploreStoriesDisease AreasPipeline",
    "link": "https://www.biogen.com/stories.html",
    "timestamp": "unknown"
  },
  {
    "title": "Stories",
    "link": "https://www.biogen.com/stories.html",
    "timestamp": "unknown"
  },
  {
    "title": "Disease Areas",
    "link": "https://www.biogen.com/science-and-innovation/disease-areas.html",
    "timestamp": "unknown"
  },
  {
    "title": "Pipeline",
    "link": "https://www.biogen.com/science-and-innovation/pipeline.html",
    "timestamp": "unknown"
  },
  {
    "title": "We recommendBiogen FoundationESG ReportReporting and PrinciplesAccess & Health Equity",
    "link": "https://www.biogen.com/company/biogen-foundation.html",
    "timestamp": "unknown"
  },
  {
    "title": "Biogen Foundation",
    "link": "https://www.biogen.com/company/biogen-foundation.html",
    "timestamp": "unknown"
  },
  {
    "title": "ESG Report",
    "link": "https://www.biogen.com/responsibility/reporting-and-principles/esg-report.html",
    "timestamp": "unknown"
  },
  {
    "title": "Reporting and Principles",
    "link": "https://www.biogen.com/responsibility/reporting-and-principles.html",
    "timestamp": "unknown"
  },
  {
    "title": "Access & Health Equity",
    "link": "https://www.biogen.com/responsibility/access-and-health-equity.html",
    "timestamp": "unknown"
  },
  {
    "title": "Information forMedical ProfessionalsInvestorsMediaJob SeekersGet in touchContact usBiogen InternationalExploreStoriesDisease AreasPipelineWe recommend",
    "link": "https://www.biogen.com/",
    "timestamp": "unknown"
  },
  {
    "title": "Information forMedical ProfessionalsInvestorsMediaJob SeekersGet in touchContact usBiogen InternationalExploreStoriesDisease AreasPipelineWe recommend",
    "link": "https://investors.biogen.com/news/news-releases",
    "timestamp": "unknown"
  },
  {
    "title": "Information forMedical ProfessionalsInvestorsMediaJob Seekers",
    "link": "https://investors.biogen.com/news/news-releases",
    "timestamp": "unknown"
  },
  {
    "title": "Medical Professionals",
    "link": "https://www.biogen.com/medical-professionals.html",
    "timestamp": "unknown"
  },
  {
    "title": "Investors",
    "link": "https://investors.biogen.com/",
    "timestamp": "unknown"
  },
  {
    "title": "Media",
    "link": "https://investors.biogen.com/news",
    "timestamp": "unknown"
  },
  {
    "title": "Job Seekers",
    "link": "https://www.biogen.com/careers.html",
    "timestamp": "unknown"
  },
  {
    "title": "Get in touchContact usBiogen International",
    "link": "https://investors.biogen.com/news/news-releases",
    "timestamp": "unknown"
  },
  {
    "title": "Contact us",
    "link": "https://www.biogen.com/company/contact-us.html",
    "timestamp": "unknown"
  },
  {
    "title": "Biogen International",
    "link": "https://www.biogen.com/biogen-international.html",
    "timestamp": "unknown"
  },
  {
    "title": "ExploreStoriesDisease AreasPipeline",
    "link": "https://investors.biogen.com/news/news-releases",
    "timestamp": "unknown"
  },
  {
    "title": "Stories",
    "link": "https://www.biogen.com/stories.html",
    "timestamp": "unknown"
  },
  {
    "title": "Disease Areas",
    "link": "https://www.biogen.com/science-and-innovation/disease-areas.html",
    "timestamp": "unknown"
  },
  {
    "title": "Pipeline",
    "link": "https://www.biogen.com/science-and-innovation/pipeline.html",
    "timestamp": "unknown"
  },
  {
    "title": "We recommendBiogen FoundationESG ReportReporting and PrinciplesAccess & Health Equity",
    "link": "https://investors.biogen.com/news/news-releases",
    "timestamp": "unknown"
  },
  {
    "title": "Biogen Foundation",
    "link": "https://www.biogen.com/company/biogen-foundation.html",
    "timestamp": "unknown"
  },
  {
    "title": "ESG Report",
    "link": "https://www.biogen.com/responsibility/reporting-and-principles/esg-report.html",
    "timestamp": "unknown"
  },
  {
    "title": "Reporting and Principles",
    "link": "https://www.biogen.com/responsibility/reporting-and-principles.html",
    "timestamp": "unknown"
  },
  {
    "title": "Access & Health Equity",
    "link": "https://www.biogen.com/responsibility/access-and-health-equity.html",
    "timestamp": "unknown"
  },
  {
    "title": "Terms & Conditions",
    "link": "https://www.biogen.com/terms-and-conditions.html",
    "timestamp": "unknown"
  },
  {
    "title": "Privacy Center",
    "link": "https://www.biogen.com/privacy-center.html",
    "timestamp": "unknown"
  },
  {
    "title": "Notice to CA Residents",
    "link": "https://www.biogen.com/privacy-center/california-policy.html",
    "timestamp": "unknown"
  },
  {
    "title": "Forward-looking Statement",
    "link": "https://www.biogen.com/forward-looking-statements.html",
    "timestamp": "unknown"
  },
  {
    "title": "Community Guidelines",
    "link": "https://www.biogen.com/community-guidelines.html",
    "timestamp": "unknown"
  }
]