[
  {
    "title": "AboutOverviewLeadership TeamBoard of DirectorsInvestorsHistoryContact",
    "link": "https://capsida.com/about/",
    "timestamp": "unknown"
  },
  {
    "title": "Overview",
    "link": "https://capsida.com/about/",
    "timestamp": "unknown"
  },
  {
    "title": "Leadership Team",
    "link": "https://capsida.com/about/#leadershipsection",
    "timestamp": "unknown"
  },
  {
    "title": "Board of Directors",
    "link": "https://capsida.com/about/#boardsection",
    "timestamp": "unknown"
  },
  {
    "title": "Investors",
    "link": "https://capsida.com/about/#investorssection",
    "timestamp": "unknown"
  },
  {
    "title": "History",
    "link": "https://capsida.com/about/#historysection",
    "timestamp": "unknown"
  },
  {
    "title": "Contact",
    "link": "https://capsida.com/about/#contactsection",
    "timestamp": "unknown"
  },
  {
    "title": "InnovationCapsida ApproachCapsid EngineeringDiscovery &#; PreclinicalGMP Manufacturing OperationsClinical Development",
    "link": "https://capsida.com/science-innovation/",
    "timestamp": "unknown"
  },
  {
    "title": "Capsida Approach",
    "link": "https://capsida.com/science-innovation/#approachsection",
    "timestamp": "unknown"
  },
  {
    "title": "Capsid Engineering",
    "link": "https://capsida.com/science-innovation/#engineeringsection",
    "timestamp": "unknown"
  },
  {
    "title": "Discovery &#; Preclinical",
    "link": "https://capsida.com/science-innovation/#discoverysection",
    "timestamp": "unknown"
  },
  {
    "title": "GMP Manufacturing Operations",
    "link": "https://capsida.com/science-innovation/#manufacturingsection",
    "timestamp": "unknown"
  },
  {
    "title": "Clinical Development",
    "link": "https://capsida.com/science-innovation/#clinicalsection",
    "timestamp": "unknown"
  },
  {
    "title": "PipelineOverviewCAP-: STXBP1CAP-: GBACAP-: FA",
    "link": "https://capsida.com/pipeline/",
    "timestamp": "unknown"
  },
  {
    "title": "Overview",
    "link": "https://capsida.com/pipeline/#pipelineoverview",
    "timestamp": "unknown"
  },
  {
    "title": "CAP-: STXBP1",
    "link": "https://capsida.com/pipeline/#captwo",
    "timestamp": "unknown"
  },
  {
    "title": "CAP-: GBA",
    "link": "https://capsida.com/pipeline/#capthree",
    "timestamp": "unknown"
  },
  {
    "title": "CAP-: FA",
    "link": "https://capsida.com/pipeline/#capfour",
    "timestamp": "unknown"
  },
  {
    "title": "PatientsOverviewSTXBP1 Developmental and Epileptic EncephalopathyReece\u2019s StoryParkinson\u2019s Disease Associated with GBA MutationsFriedreich\u2019s Ataxia",
    "link": "https://capsida.com/patients/",
    "timestamp": "unknown"
  },
  {
    "title": "Overview",
    "link": "https://capsida.com/patients/#patientsoverview",
    "timestamp": "unknown"
  },
  {
    "title": "STXBP1 Developmental and Epileptic Encephalopathy",
    "link": "https://capsida.com/patients/#stxbp1dev",
    "timestamp": "unknown"
  },
  {
    "title": "Reece\u2019s Story",
    "link": "https://capsida.com/patients/reeces-story/",
    "timestamp": "unknown"
  },
  {
    "title": "Parkinson\u2019s Disease Associated with GBA Mutations",
    "link": "https://capsida.com/patients/#parkinsons",
    "timestamp": "unknown"
  },
  {
    "title": "Friedreich\u2019s Ataxia",
    "link": "https://capsida.com/patients/#friedreichs",
    "timestamp": "unknown"
  },
  {
    "title": "PartneringOpportunities to PartnerStrategic Collaborations",
    "link": "https://capsida.com/partnering/",
    "timestamp": "unknown"
  },
  {
    "title": "Opportunities to Partner",
    "link": "https://capsida.com/partnering/#opportunitiessection",
    "timestamp": "unknown"
  },
  {
    "title": "Strategic Collaborations",
    "link": "https://capsida.com/partnering/#strategicsection",
    "timestamp": "unknown"
  },
  {
    "title": "NewsPress ReleasesPublicationsPresentations",
    "link": "https://capsida.com/press-releases/",
    "timestamp": "unknown"
  },
  {
    "title": "Press Releases",
    "link": "https://capsida.com/press-releases/",
    "timestamp": "unknown"
  },
  {
    "title": "Publications",
    "link": "https://capsida.com/publications/",
    "timestamp": "unknown"
  },
  {
    "title": "Presentations",
    "link": "https://capsida.com/presentations/",
    "timestamp": "unknown"
  }
]