[
  {
    "title": "OverviewNews & EventsPress ReleasesEvents & PresentationsStock InformationStock Quote & ChartHistorical Price LookupAnalyst CoverageGovernance & Finan",
    "link": "https://climbbio.com/",
    "timestamp": "unknown"
  },
  {
    "title": "OverviewNews & EventsPress ReleasesEvents & PresentationsStock InformationStock Quote & ChartHistorical Price LookupAnalyst CoverageGovernance & Finan",
    "link": "https://climbbio.com/",
    "timestamp": "unknown"
  },
  {
    "title": "Overview",
    "link": "https://ir.climbbio.com/investor-relations",
    "timestamp": "unknown"
  },
  {
    "title": "News & EventsPress ReleasesEvents & Presentations",
    "link": "https://ir.climbbio.com/news-events/press-releases",
    "timestamp": "unknown"
  },
  {
    "title": "Press Releases",
    "link": "https://ir.climbbio.com/news-events/press-releases",
    "timestamp": "unknown"
  },
  {
    "title": "Events & Presentations",
    "link": "https://ir.climbbio.com/news-events/events-and-presentations",
    "timestamp": "unknown"
  },
  {
    "title": "Stock InformationStock Quote & ChartHistorical Price LookupAnalyst Coverage",
    "link": "https://ir.climbbio.com/stock-information/stock-quote-chart",
    "timestamp": "unknown"
  },
  {
    "title": "Stock Quote & Chart",
    "link": "https://ir.climbbio.com/stock-information/stock-quote-chart",
    "timestamp": "unknown"
  },
  {
    "title": "Historical Price Lookup",
    "link": "https://ir.climbbio.com/stock-information/historical-price-lookup",
    "timestamp": "unknown"
  },
  {
    "title": "Analyst Coverage",
    "link": "https://ir.climbbio.com/stock-information/analyst-coverage",
    "timestamp": "unknown"
  },
  {
    "title": "Governance & FinancialsDocuments & ChartersCommittee CompositionFinancials & Filings",
    "link": "https://ir.climbbio.com/governance-financials/documents-charters",
    "timestamp": "unknown"
  },
  {
    "title": "Documents & Charters",
    "link": "https://ir.climbbio.com/governance-financials/documents-charters",
    "timestamp": "unknown"
  },
  {
    "title": "Committee Composition",
    "link": "https://ir.climbbio.com/governance-financials/committee-composition",
    "timestamp": "unknown"
  },
  {
    "title": "Financials & Filings",
    "link": "https://ir.climbbio.com/governance-financials/sec-filings",
    "timestamp": "unknown"
  },
  {
    "title": "Investor ResourcesInvestor FAQsEmail AlertsContact IR",
    "link": "https://ir.climbbio.com/ir-resources/faqs",
    "timestamp": "unknown"
  },
  {
    "title": "Investor FAQs",
    "link": "https://ir.climbbio.com/ir-resources/faqs",
    "timestamp": "unknown"
  },
  {
    "title": "Email Alerts",
    "link": "https://ir.climbbio.com/ir-resources/email-alerts",
    "timestamp": "unknown"
  },
  {
    "title": "Contact IR",
    "link": "https://ir.climbbio.com/ir-resources/contact-ir",
    "timestamp": "unknown"
  },
  {
    "title": "OverviewNews & EventsInvestor MenuPress ReleasesEvents & PresentationsStock InformationInvestor MenuStock Quote & ChartHistorical Price LookupAnalyst ",
    "link": "https://ir.climbbio.com/investor-relations",
    "timestamp": "unknown"
  },
  {
    "title": "OverviewNews & EventsInvestor MenuPress ReleasesEvents & PresentationsStock InformationInvestor MenuStock Quote & ChartHistorical Price LookupAnalyst ",
    "link": "https://ir.climbbio.com/investor-relations",
    "timestamp": "unknown"
  },
  {
    "title": "OverviewNews & EventsInvestor MenuPress ReleasesEvents & PresentationsStock InformationInvestor MenuStock Quote & ChartHistorical Price LookupAnalyst ",
    "link": "https://ir.climbbio.com/investor-relations",
    "timestamp": "unknown"
  },
  {
    "title": "OverviewNews & EventsInvestor MenuPress ReleasesEvents & PresentationsStock InformationInvestor MenuStock Quote & ChartHistorical Price LookupAnalyst ",
    "link": "https://ir.climbbio.com/investor-relations",
    "timestamp": "unknown"
  },
  {
    "title": "Overview",
    "link": "https://ir.climbbio.com/investor-relations",
    "timestamp": "unknown"
  },
  {
    "title": "News & EventsInvestor MenuPress ReleasesEvents & Presentations",
    "link": "https://ir.climbbio.com/news-events/press-releases",
    "timestamp": "unknown"
  },
  {
    "title": "Press ReleasesEvents & Presentations",
    "link": "https://ir.climbbio.com/news-events/press-releases",
    "timestamp": "unknown"
  },
  {
    "title": "Press ReleasesEvents & Presentations",
    "link": "https://ir.climbbio.com/news-events/press-releases",
    "timestamp": "unknown"
  },
  {
    "title": "Press Releases",
    "link": "https://ir.climbbio.com/news-events/press-releases",
    "timestamp": "unknown"
  },
  {
    "title": "Events & Presentations",
    "link": "https://ir.climbbio.com/news-events/events-and-presentations",
    "timestamp": "unknown"
  },
  {
    "title": "Stock InformationInvestor MenuStock Quote & ChartHistorical Price LookupAnalyst Coverage",
    "link": "https://ir.climbbio.com/stock-information/stock-quote-chart",
    "timestamp": "unknown"
  },
  {
    "title": "Stock Quote & ChartHistorical Price LookupAnalyst Coverage",
    "link": "https://ir.climbbio.com/stock-information/stock-quote-chart",
    "timestamp": "unknown"
  },
  {
    "title": "Stock Quote & ChartHistorical Price LookupAnalyst Coverage",
    "link": "https://ir.climbbio.com/stock-information/stock-quote-chart",
    "timestamp": "unknown"
  },
  {
    "title": "Stock Quote & Chart",
    "link": "https://ir.climbbio.com/stock-information/stock-quote-chart",
    "timestamp": "unknown"
  },
  {
    "title": "Historical Price Lookup",
    "link": "https://ir.climbbio.com/stock-information/historical-price-lookup",
    "timestamp": "unknown"
  },
  {
    "title": "Analyst Coverage",
    "link": "https://ir.climbbio.com/stock-information/analyst-coverage",
    "timestamp": "unknown"
  },
  {
    "title": "Governance & FinancialsInvestor MenuDocuments & ChartersCommittee CompositionSEC Filings",
    "link": "https://ir.climbbio.com/governance-financials/documents-charters",
    "timestamp": "unknown"
  },
  {
    "title": "Documents & ChartersCommittee CompositionSEC Filings",
    "link": "https://ir.climbbio.com/governance-financials/documents-charters",
    "timestamp": "unknown"
  },
  {
    "title": "Documents & ChartersCommittee CompositionSEC Filings",
    "link": "https://ir.climbbio.com/governance-financials/documents-charters",
    "timestamp": "unknown"
  },
  {
    "title": "Documents & Charters",
    "link": "https://ir.climbbio.com/governance-financials/documents-charters",
    "timestamp": "unknown"
  },
  {
    "title": "Committee Composition",
    "link": "https://ir.climbbio.com/governance-financials/committee-composition",
    "timestamp": "unknown"
  },
  {
    "title": "SEC Filings",
    "link": "https://ir.climbbio.com/governance-financials/sec-filings",
    "timestamp": "unknown"
  },
  {
    "title": "Investors ResourcesInvestor MenuInvestor FAQsEmail AlertsContact IR",
    "link": "https://ir.climbbio.com/ir-resources/faqs",
    "timestamp": "unknown"
  },
  {
    "title": "Investor FAQsEmail AlertsContact IR",
    "link": "https://ir.climbbio.com/ir-resources/faqs",
    "timestamp": "unknown"
  },
  {
    "title": "Investor FAQsEmail AlertsContact IR",
    "link": "https://ir.climbbio.com/ir-resources/faqs",
    "timestamp": "unknown"
  },
  {
    "title": "Investor FAQs",
    "link": "https://ir.climbbio.com/ir-resources/faqs",
    "timestamp": "unknown"
  },
  {
    "title": "Email Alerts",
    "link": "https://ir.climbbio.com/ir-resources/email-alerts",
    "timestamp": "unknown"
  },
  {
    "title": "Contact IR",
    "link": "https://ir.climbbio.com/ir-resources/contact-ir",
    "timestamp": "unknown"
  },
  {
    "title": "Financials & FilingsIRS FormFiling DateDescriptionFormViewApr ,Statement of changes in beneficial ownership of securitiesIRS Form. KBSEC FilingsGroupA",
    "link": "https://ir.climbbio.com/governance-financials/sec-filings?field_nir_sec_form_group_target_id_1%5B3991%5D=&order=field_nir_sec_date_filed&sort=asc",
    "timestamp": "unknown"
  },
  {
    "title": "Financials & FilingsIRS FormFiling DateDescriptionFormViewApr ,Statement of changes in beneficial ownership of securitiesIRS Form. KBSEC FilingsGroupA",
    "link": "https://ir.climbbio.com/governance-financials/sec-filings?field_nir_sec_form_group_target_id_1%5B3991%5D=&order=field_nir_sec_date_filed&sort=asc",
    "timestamp": "unknown"
  },
  {
    "title": "IRS FormFiling DateDescriptionFormViewApr ,Statement of changes in beneficial ownership of securitiesIRS Form. KBSEC FilingsGroupAll,,Annual FilingsCu",
    "link": "https://ir.climbbio.com/governance-financials/sec-filings?field_nir_sec_form_group_target_id_1%5B3991%5D=&order=field_nir_sec_date_filed&sort=asc",
    "timestamp": "unknown"
  },
  {
    "title": "IRS FormFiling DateDescriptionFormViewApr ,Statement of changes in beneficial ownership of securitiesIRS Form. KBSEC FilingsGroupAll,,Annual FilingsCu",
    "link": "https://ir.climbbio.com/governance-financials/sec-filings?field_nir_sec_form_group_target_id_1%5B3991%5D=&order=field_nir_sec_date_filed&sort=asc",
    "timestamp": "unknown"
  },
  {
    "title": "IRS FormFiling DateDescriptionFormViewApr ,Statement of changes in beneficial ownership of securitiesIRS Form. KBSEC FilingsGroupAll,,Annual FilingsCu",
    "link": "https://ir.climbbio.com/governance-financials/sec-filings?field_nir_sec_form_group_target_id_1%5B3991%5D=&order=field_nir_sec_date_filed&sort=asc",
    "timestamp": "unknown"
  },
  {
    "title": "IRS FormFiling DateDescriptionFormViewApr ,Statement of changes in beneficial ownership of securitiesIRS Form. KBSEC FilingsGroupAll,,Annual FilingsCu",
    "link": "https://ir.climbbio.com/governance-financials/sec-filings?field_nir_sec_form_group_target_id_1%5B3991%5D=&order=field_nir_sec_date_filed&sort=asc",
    "timestamp": "unknown"
  },
  {
    "title": "IRS FormFiling DateDescriptionFormViewApr ,Statement of changes in beneficial ownership of securitiesIRS Form. KBSEC FilingsGroupAll,,Annual FilingsCu",
    "link": "https://ir.climbbio.com/governance-financials/sec-filings?field_nir_sec_form_group_target_id_1%5B3991%5D=&order=field_nir_sec_date_filed&sort=asc",
    "timestamp": "unknown"
  },
  {
    "title": "IRS FormFiling DateDescriptionFormViewApr ,Statement of changes in beneficial ownership of securitiesIRS Form. KBSEC FilingsGroupAll,,Annual FilingsCu",
    "link": "https://ir.climbbio.com/governance-financials/sec-filings?field_nir_sec_form_group_target_id_1%5B3991%5D=&order=field_nir_sec_date_filed&sort=asc",
    "timestamp": "unknown"
  },
  {
    "title": "IRS FormFiling DateDescriptionFormViewApr ,Statement of changes in beneficial ownership of securitiesIRS Form. KBSEC FilingsGroupAll,,Annual FilingsCu",
    "link": "https://ir.climbbio.com/governance-financials/sec-filings?field_nir_sec_form_group_target_id_1%5B3991%5D=&order=field_nir_sec_date_filed&sort=asc",
    "timestamp": "unknown"
  },
  {
    "title": "IRS FormFiling DateDescriptionFormViewApr ,Statement of changes in beneficial ownership of securitiesIRS Form. KBSEC FilingsGroupAll,,Annual FilingsCu",
    "link": "https://ir.climbbio.com/governance-financials/sec-filings?field_nir_sec_form_group_target_id_1%5B3991%5D=&order=field_nir_sec_date_filed&sort=asc",
    "timestamp": "unknown"
  },
  {
    "title": "IRS FormFiling DateDescriptionFormViewApr ,Statement of changes in beneficial ownership of securitiesIRS Form. KBSEC FilingsGroupAll,,Annual FilingsCu",
    "link": "https://ir.climbbio.com/governance-financials/sec-filings?field_nir_sec_form_group_target_id_1%5B3991%5D=&order=field_nir_sec_date_filed&sort=asc",
    "timestamp": "unknown"
  },
  {
    "title": "IRS FormFiling DateDescriptionFormViewApr ,Statement of changes in beneficial ownership of securitiesIRS Form. KBSEC FilingsGroupAll,,Annual FilingsCu",
    "link": "https://ir.climbbio.com/governance-financials/sec-filings?field_nir_sec_form_group_target_id_1%5B3991%5D=&order=field_nir_sec_date_filed&sort=asc",
    "timestamp": "unknown"
  },
  {
    "title": "IRS FormFiling DateDescriptionFormViewApr ,Statement of changes in beneficial ownership of securitiesIRS Form. KB",
    "link": "https://ir.climbbio.com/governance-financials/sec-filings?field_nir_sec_form_group_target_id_1%5B3991%5D=&order=field_nir_sec_date_filed&sort=asc",
    "timestamp": "unknown"
  },
  {
    "title": "Filing DateDescriptionFormViewApr ,Statement of changes in beneficial ownership of securitiesIRS Form. KB",
    "link": "https://ir.climbbio.com/governance-financials/sec-filings?field_nir_sec_form_group_target_id_1%5B3991%5D=&order=field_nir_sec_date_filed&sort=asc",
    "timestamp": "unknown"
  },
  {
    "title": "Filing DateDescriptionFormViewApr ,Statement of changes in beneficial ownership of securitiesIRS Form. KB",
    "link": "https://ir.climbbio.com/governance-financials/sec-filings?field_nir_sec_form_group_target_id_1%5B3991%5D=&order=field_nir_sec_date_filed&sort=asc",
    "timestamp": "unknown"
  },
  {
    "title": "Filing DateDescriptionFormViewApr ,Statement of changes in beneficial ownership of securitiesIRS Form. KB",
    "link": "https://ir.climbbio.com/governance-financials/sec-filings?field_nir_sec_form_group_target_id_1%5B3991%5D=&order=field_nir_sec_date_filed&sort=asc",
    "timestamp": "unknown"
  },
  {
    "title": "Filing DateDescriptionFormView",
    "link": "https://ir.climbbio.com/governance-financials/sec-filings?field_nir_sec_form_group_target_id_1%5B3991%5D=&order=field_nir_sec_date_filed&sort=asc",
    "timestamp": "unknown"
  },
  {
    "title": "Apr ,Statement of changes in beneficial ownership of securitiesIRS Form. KB",
    "link": "https://ir.climbbio.com/sec-filings/sec-filing/irs-form-",
    "timestamp": "unknown"
  },
  {
    "title": "IRS Form. KB",
    "link": "https://ir.climbbio.com/static-files/e0ad22bb-2f48-4b2d-a346-fe30ebc666f3",
    "timestamp": "unknown"
  },
  {
    "title": "IRS Form. KB",
    "link": "https://ir.climbbio.com/static-files/e0ad22bb-2f48-4b2d-a346-fe30ebc666f3",
    "timestamp": "unknown"
  },
  {
    "title": "SEC FilingsGroupAll,,Annual FilingsCurrent ReportsIRS FormMergers & AcquisitionsOtherProxy FilingsQuarterly FilingsRegistration StatementsFiling yearA",
    "link": "https://ir.climbbio.com/governance-financials/sec-filings?items_per_page=&order=field_nir_sec_date_filed&sort=asc",
    "timestamp": "unknown"
  },
  {
    "title": "GroupAll,,Annual FilingsCurrent ReportsIRS FormMergers & AcquisitionsOtherProxy FilingsQuarterly FilingsRegistration StatementsFiling yearAllItems per",
    "link": "https://ir.climbbio.com/governance-financials/sec-filings?items_per_page=&order=field_nir_sec_date_filed&sort=asc",
    "timestamp": "unknown"
  },
  {
    "title": "GroupAll,,Annual FilingsCurrent ReportsIRS FormMergers & AcquisitionsOtherProxy FilingsQuarterly FilingsRegistration StatementsFiling yearAllItems per",
    "link": "https://ir.climbbio.com/governance-financials/sec-filings?items_per_page=&order=field_nir_sec_date_filed&sort=asc",
    "timestamp": "unknown"
  },
  {
    "title": "Filing DateDescriptionFormViewJul ,Statement of changes in beneficial ownership of securities--.pdf--.rtf--.xlsView HTMLJul ,Statement of changes in b",
    "link": "https://ir.climbbio.com/governance-financials/sec-filings?items_per_page=&order=field_nir_sec_date_filed&sort=asc",
    "timestamp": "unknown"
  },
  {
    "title": "Filing DateDescriptionFormView",
    "link": "https://ir.climbbio.com/governance-financials/sec-filings?items_per_page=&order=field_nir_sec_date_filed&sort=asc",
    "timestamp": "unknown"
  },
  {
    "title": "Jul ,Statement of changes in beneficial ownership of securities--.pdf--.rtf--.xlsView HTML",
    "link": "https://ir.climbbio.com/sec-filings/sec-filing//--",
    "timestamp": "unknown"
  },
  {
    "title": "--.pdf--.rtf--.xlsView HTML",
    "link": "https://ir.climbbio.com/static-files/e46cbf0d-82a0--893e-6b91d49875f3",
    "timestamp": "unknown"
  },
  {
    "title": "--.pdf",
    "link": "https://ir.climbbio.com/static-files/e46cbf0d-82a0--893e-6b91d49875f3",
    "timestamp": "unknown"
  },
  {
    "title": "--.rtf",
    "link": "https://ir.climbbio.com/static-files/2c696235-1b10-45b9-85a5-1c124a60af24",
    "timestamp": "unknown"
  },
  {
    "title": "--.xls",
    "link": "https://ir.climbbio.com/static-files/7ff7fa7d-fffe-4d2a-8e5a-bcaa4204ad95",
    "timestamp": "unknown"
  },
  {
    "title": "Jul ,Statement of changes in beneficial ownership of securities--.pdf--.rtf--.xlsView HTML",
    "link": "https://ir.climbbio.com/sec-filings/sec-filing//--",
    "timestamp": "unknown"
  },
  {
    "title": "--.pdf--.rtf--.xlsView HTML",
    "link": "https://ir.climbbio.com/static-files/b0094bc1-bb2a-4cea-9b47-acca067d4646",
    "timestamp": "unknown"
  },
  {
    "title": "--.pdf",
    "link": "https://ir.climbbio.com/static-files/b0094bc1-bb2a-4cea-9b47-acca067d4646",
    "timestamp": "unknown"
  },
  {
    "title": "--.rtf",
    "link": "https://ir.climbbio.com/static-files/b4385e57-205c-406e-ba11-d88305ebb32f",
    "timestamp": "unknown"
  },
  {
    "title": "--.xls",
    "link": "https://ir.climbbio.com/static-files/21355f0d--41fe-93c9-5aa1642130d2",
    "timestamp": "unknown"
  },
  {
    "title": "Jun ,Initial filing by director officer or owner of more than ten percent--.pdf--.rtf--.xlsView HTML",
    "link": "https://ir.climbbio.com/sec-filings/sec-filing//--",
    "timestamp": "unknown"
  },
  {
    "title": "--.pdf--.rtf--.xlsView HTML",
    "link": "https://ir.climbbio.com/static-files/432991a2-2a0b--a9c3-0f2886108664",
    "timestamp": "unknown"
  },
  {
    "title": "--.pdf",
    "link": "https://ir.climbbio.com/static-files/432991a2-2a0b--a9c3-0f2886108664",
    "timestamp": "unknown"
  },
  {
    "title": "--.rtf",
    "link": "https://ir.climbbio.com/static-files/d890d764-e800-404f-98a1-a328e7591e4a",
    "timestamp": "unknown"
  },
  {
    "title": "--.xls",
    "link": "https://ir.climbbio.com/static-files/36efdba1-952f--ab55-1016ee48576c",
    "timestamp": "unknown"
  },
  {
    "title": "Jun ,Initial filing by director officer or owner of more than ten percent--.pdf--.rtf--.xlsView HTML",
    "link": "https://ir.climbbio.com/sec-filings/sec-filing//--",
    "timestamp": "unknown"
  },
  {
    "title": "--.pdf--.rtf--.xlsView HTML",
    "link": "https://ir.climbbio.com/static-files/685a46fe-06d7-40f8--905b2fb71f33",
    "timestamp": "unknown"
  },
  {
    "title": "--.pdf",
    "link": "https://ir.climbbio.com/static-files/685a46fe-06d7-40f8--905b2fb71f33",
    "timestamp": "unknown"
  },
  {
    "title": "--.rtf",
    "link": "https://ir.climbbio.com/static-files/b93dd5a6-a1e7-4d67-b2d0-",
    "timestamp": "unknown"
  },
  {
    "title": "--.xls",
    "link": "https://ir.climbbio.com/static-files/7530f183-e6c4-4d36-aceb-675aeee327a3",
    "timestamp": "unknown"
  },
  {
    "title": "Jun ,Statement of changes in beneficial ownership of securities--.pdf--.rtf--.xlsView HTML",
    "link": "https://ir.climbbio.com/sec-filings/sec-filing//--",
    "timestamp": "unknown"
  },
  {
    "title": "--.pdf--.rtf--.xlsView HTML",
    "link": "https://ir.climbbio.com/static-files/35cc17bb-b949-4b2f-aa17-2b3234d08904",
    "timestamp": "unknown"
  },
  {
    "title": "--.pdf",
    "link": "https://ir.climbbio.com/static-files/35cc17bb-b949-4b2f-aa17-2b3234d08904",
    "timestamp": "unknown"
  },
  {
    "title": "--.rtf",
    "link": "https://ir.climbbio.com/static-files/3baf777f-2fb8-41d7-8c9b-c23f0baafe5c",
    "timestamp": "unknown"
  },
  {
    "title": "--.xls",
    "link": "https://ir.climbbio.com/static-files/5b0aa799-c028-48da-97e5-652544af1d0a",
    "timestamp": "unknown"
  },
  {
    "title": "Jun ,Statement of changes in beneficial ownership of securities--.pdf--.rtf--.xlsView HTML",
    "link": "https://ir.climbbio.com/sec-filings/sec-filing//--",
    "timestamp": "unknown"
  },
  {
    "title": "--.pdf--.rtf--.xlsView HTML",
    "link": "https://ir.climbbio.com/static-files/84e4b1a2-51b5--832e-bebca56122c0",
    "timestamp": "unknown"
  },
  {
    "title": "--.pdf",
    "link": "https://ir.climbbio.com/static-files/84e4b1a2-51b5--832e-bebca56122c0",
    "timestamp": "unknown"
  },
  {
    "title": "--.rtf",
    "link": "https://ir.climbbio.com/static-files/a9764594-a390--804c-95dedf9b2aff",
    "timestamp": "unknown"
  },
  {
    "title": "--.xls",
    "link": "https://ir.climbbio.com/static-files/463d38be-792b-447e-ba19-a5f5fd5211bf",
    "timestamp": "unknown"
  },
  {
    "title": "Jun ,Report of unscheduled material events or corporate event-K--.pdf--.rtf--.xlsEX-.SCH - XBRL TAXONOMY EXTENSION SCHEMAView HTML",
    "link": "https://ir.climbbio.com/sec-filings/sec-filing/-k/--",
    "timestamp": "unknown"
  },
  {
    "title": "--.pdf--.rtf--.xlsEX-.SCH - XBRL TAXONOMY EXTENSION SCHEMAView HTML",
    "link": "https://ir.climbbio.com/static-files/4e369f75-c18f---c83236fc7f17",
    "timestamp": "unknown"
  },
  {
    "title": "--.pdf",
    "link": "https://ir.climbbio.com/static-files/4e369f75-c18f---c83236fc7f17",
    "timestamp": "unknown"
  },
  {
    "title": "--.rtf",
    "link": "https://ir.climbbio.com/static-files/350e2e90-77cb--a538-dd90ce56c013",
    "timestamp": "unknown"
  },
  {
    "title": "--.xls",
    "link": "https://ir.climbbio.com/static-files/e28e53aa--4b8a-a669-b888fc805142",
    "timestamp": "unknown"
  },
  {
    "title": "Jun ,Report of unscheduled material events or corporate event-K--.pdf--.rtf--.xlsEX-.SCH - XBRL TAXONOMY EXTENSION SCHEMAView HTML",
    "link": "https://ir.climbbio.com/sec-filings/sec-filing/-k/--",
    "timestamp": "unknown"
  },
  {
    "title": "--.pdf--.rtf--.xlsEX-.SCH - XBRL TAXONOMY EXTENSION SCHEMAView HTML",
    "link": "https://ir.climbbio.com/static-files/5845a359-9dde-4aea-bb2d-2bba3c2640dd",
    "timestamp": "unknown"
  },
  {
    "title": "--.pdf",
    "link": "https://ir.climbbio.com/static-files/5845a359-9dde-4aea-bb2d-2bba3c2640dd",
    "timestamp": "unknown"
  },
  {
    "title": "--.rtf",
    "link": "https://ir.climbbio.com/static-files/f2634b04-8e47-44cb-80d2-93e73776a116",
    "timestamp": "unknown"
  },
  {
    "title": "--.xls",
    "link": "https://ir.climbbio.com/static-files/c0e786af-6c8d-4c7b-be8f-bfda2fde3426",
    "timestamp": "unknown"
  },
  {
    "title": "Jun ,Statement of changes in beneficial ownership of securities--.pdf--.rtf--.xlsView HTML",
    "link": "https://ir.climbbio.com/sec-filings/sec-filing//--",
    "timestamp": "unknown"
  },
  {
    "title": "--.pdf--.rtf--.xlsView HTML",
    "link": "https://ir.climbbio.com/static-files/f6265508-e9c4-4e21-969b-62c072d3ece8",
    "timestamp": "unknown"
  },
  {
    "title": "--.pdf",
    "link": "https://ir.climbbio.com/static-files/f6265508-e9c4-4e21-969b-62c072d3ece8",
    "timestamp": "unknown"
  },
  {
    "title": "--.rtf",
    "link": "https://ir.climbbio.com/static-files/750a554e-2cab--afaa-d2c5b047c3d0",
    "timestamp": "unknown"
  },
  {
    "title": "--.xls",
    "link": "https://ir.climbbio.com/static-files/9ba778c7-bf1e-4e26-bf4b-3c3feb37de86",
    "timestamp": "unknown"
  },
  {
    "title": "Jun ,Statement of changes in beneficial ownership of securities--.pdf--.rtf--.xlsView HTML",
    "link": "https://ir.climbbio.com/sec-filings/sec-filing//--",
    "timestamp": "unknown"
  },
  {
    "title": "--.pdf--.rtf--.xlsView HTML",
    "link": "https://ir.climbbio.com/static-files/32e1cf1a-19b8-4fc0-902e-8b05a8a40581",
    "timestamp": "unknown"
  },
  {
    "title": "--.pdf",
    "link": "https://ir.climbbio.com/static-files/32e1cf1a-19b8-4fc0-902e-8b05a8a40581",
    "timestamp": "unknown"
  },
  {
    "title": "--.rtf",
    "link": "https://ir.climbbio.com/static-files/c6c0a8b9-7c6d-4e46-847b-dbfac16911bb",
    "timestamp": "unknown"
  },
  {
    "title": "--.xls",
    "link": "https://ir.climbbio.com/static-files/86a76c08-3a7a--bb42-5c4de0b6b97f",
    "timestamp": "unknown"
  },
  {
    "title": "Current pagePagePage\u2026Next page\u203aLast page\u00bbDisplaying  -  of  results",
    "link": "https://ir.climbbio.com/governance-financials/sec-filings?&field_nir_sec_cik_target_id=&field_nir_sec_date_filed_value=&&&items_per_page_toggle=&page=",
    "timestamp": "unknown"
  },
  {
    "title": "Current pagePagePage\u2026Next page\u203aLast page\u00bb",
    "link": "https://ir.climbbio.com/governance-financials/sec-filings?&field_nir_sec_cik_target_id=&field_nir_sec_date_filed_value=&&&items_per_page_toggle=&page=",
    "timestamp": "unknown"
  },
  {
    "title": "Current page",
    "link": "https://ir.climbbio.com/governance-financials/sec-filings?&field_nir_sec_cik_target_id=&field_nir_sec_date_filed_value=&&&items_per_page_toggle=&page=",
    "timestamp": "unknown"
  },
  {
    "title": "Page",
    "link": "https://ir.climbbio.com/governance-financials/sec-filings?&field_nir_sec_cik_target_id=&field_nir_sec_date_filed_value=&&&items_per_page_toggle=&page=",
    "timestamp": "unknown"
  },
  {
    "title": "Page",
    "link": "https://ir.climbbio.com/governance-financials/sec-filings?&field_nir_sec_cik_target_id=&field_nir_sec_date_filed_value=&&&items_per_page_toggle=&page=",
    "timestamp": "unknown"
  },
  {
    "title": "Next page\u203a",
    "link": "https://ir.climbbio.com/governance-financials/sec-filings?&field_nir_sec_cik_target_id=&field_nir_sec_date_filed_value=&&&items_per_page_toggle=&page=",
    "timestamp": "unknown"
  },
  {
    "title": "Last page\u00bb",
    "link": "https://ir.climbbio.com/governance-financials/sec-filings?&field_nir_sec_cik_target_id=&field_nir_sec_date_filed_value=&&&items_per_page_toggle=&page=",
    "timestamp": "unknown"
  },
  {
    "title": "Data provided byKaleidoscope.",
    "link": "https://www.kscope.io",
    "timestamp": "unknown"
  },
  {
    "title": "Data provided byKaleidoscope.",
    "link": "https://www.kscope.io",
    "timestamp": "unknown"
  },
  {
    "title": "Contact UsWilliam Street, Suite , Wellesley Hills, MA---CLYM ()media@climbbio.cominvestorrelations@climbbio.comcareers@climbbio.comPolicyPrivacy Polic",
    "link": "https://climbbio.com/",
    "timestamp": "unknown"
  },
  {
    "title": "Contact UsWilliam Street, Suite , Wellesley Hills, MA---CLYM ()media@climbbio.cominvestorrelations@climbbio.comcareers@climbbio.comPolicyPrivacy Polic",
    "link": "https://climbbio.com/",
    "timestamp": "unknown"
  },
  {
    "title": "Contact UsWilliam Street, Suite , Wellesley Hills, MA---CLYM ()media@climbbio.cominvestorrelations@climbbio.comcareers@climbbio.comPolicyPrivacy Polic",
    "link": "mailto:media@climbbio.com",
    "timestamp": "unknown"
  },
  {
    "title": "Contact UsWilliam Street, Suite , Wellesley Hills, MA---CLYM ()media@climbbio.cominvestorrelations@climbbio.comcareers@climbbio.com",
    "link": "mailto:media@climbbio.com",
    "timestamp": "unknown"
  },
  {
    "title": "Contact UsWilliam Street, Suite , Wellesley Hills, MA---CLYM ()media@climbbio.cominvestorrelations@climbbio.comcareers@climbbio.com",
    "link": "mailto:media@climbbio.com",
    "timestamp": "unknown"
  },
  {
    "title": "Contact UsWilliam Street, Suite , Wellesley Hills, MA---CLYM ()media@climbbio.cominvestorrelations@climbbio.comcareers@climbbio.com",
    "link": "mailto:media@climbbio.com",
    "timestamp": "unknown"
  },
  {
    "title": "Contact UsWilliam Street, Suite , Wellesley Hills, MA---CLYM ()media@climbbio.cominvestorrelations@climbbio.comcareers@climbbio.com",
    "link": "mailto:media@climbbio.com",
    "timestamp": "unknown"
  },
  {
    "title": "Contact UsWilliam Street, Suite , Wellesley Hills, MA---CLYM ()media@climbbio.cominvestorrelations@climbbio.comcareers@climbbio.com",
    "link": "mailto:media@climbbio.com",
    "timestamp": "unknown"
  },
  {
    "title": "media@climbbio.com",
    "link": "mailto:media@climbbio.com",
    "timestamp": "unknown"
  },
  {
    "title": "investorrelations@climbbio.com",
    "link": "mailto:investorrelations@climbbio.com",
    "timestamp": "unknown"
  },
  {
    "title": "careers@climbbio.com",
    "link": "mailto:careers@climbbio.com",
    "timestamp": "unknown"
  },
  {
    "title": "PolicyPrivacy Policy",
    "link": "https://climbbio.com/privacy-policy/",
    "timestamp": "unknown"
  },
  {
    "title": "Privacy Policy",
    "link": "https://climbbio.com/privacy-policy/",
    "timestamp": "unknown"
  },
  {
    "title": "\u00a9  Climb Bio\u00ae. All Rights Reserved.",
    "link": "https://x.com/climbbio",
    "timestamp": "unknown"
  }
]