[
  {
    "title": "News",
    "link": "https://investors.cullinantherapeutics.com/news-releases",
    "timestamp": "unknown"
  },
  {
    "title": "Contact Us",
    "link": "https://www.cullinanoncology.com/contact",
    "timestamp": "unknown"
  },
  {
    "title": "Overview",
    "link": "https://investors.cullinantherapeutics.com/",
    "timestamp": "unknown"
  },
  {
    "title": "Events and Presentations",
    "link": "https://investors.cullinantherapeutics.com/events",
    "timestamp": "unknown"
  },
  {
    "title": "SEC Filings",
    "link": "https://investors.cullinantherapeutics.com/sec-filings",
    "timestamp": "unknown"
  },
  {
    "title": "Stock Information",
    "link": "https://investors.cullinantherapeutics.com/stock-information",
    "timestamp": "unknown"
  },
  {
    "title": "Corporate Governance",
    "link": "https://investors.cullinantherapeutics.com/corporate-governance",
    "timestamp": "unknown"
  },
  {
    "title": "Investor FAQs",
    "link": "https://investors.cullinantherapeutics.com/faqs",
    "timestamp": "unknown"
  },
  {
    "title": "Email Alerts",
    "link": "https://investors.cullinantherapeutics.com/email-alerts",
    "timestamp": "unknown"
  },
  {
    "title": "Home",
    "link": "https://www.cullinanoncology.com/",
    "timestamp": "unknown"
  },
  {
    "title": "About Cullinan",
    "link": "https://cullinantherapeutics.com/about/",
    "timestamp": "unknown"
  },
  {
    "title": "Leadership",
    "link": "https://cullinantherapeutics.com/leadership/",
    "timestamp": "unknown"
  },
  {
    "title": "Partnerships",
    "link": "https://cullinantherapeutics.com/partnerships/",
    "timestamp": "unknown"
  },
  {
    "title": "R&D",
    "link": "https://cullinantherapeutics.com/research-development/",
    "timestamp": "unknown"
  },
  {
    "title": "Programs",
    "link": "https://cullinantherapeutics.com/programs/",
    "timestamp": "unknown"
  },
  {
    "title": "Pipeline",
    "link": "https://cullinantherapeutics.com/pipeline/",
    "timestamp": "unknown"
  },
  {
    "title": "Patient Programs",
    "link": "https://cullinantherapeutics.com/patient-programs/",
    "timestamp": "unknown"
  },
  {
    "title": "Clinical Trials",
    "link": "https://cullinantherapeutics.com/clinical-trials/",
    "timestamp": "unknown"
  },
  {
    "title": "Our People",
    "link": "https://cullinantherapeutics.com/people/",
    "timestamp": "unknown"
  },
  {
    "title": "Careers",
    "link": "https://cullinantherapeutics.com/careers/",
    "timestamp": "unknown"
  },
  {
    "title": "Group,,Annual FilingsCurrent ReportsMergers & AcquisitionsOtherProxy FilingsQuarterly FilingsRegistration StatementsFiling year- Any -Filing dateFormD",
    "link": "https://investors.cullinantherapeutics.com/sec-filings?items_per_page=&order=field_nir_sec_date_filed&sort=asc",
    "timestamp": "unknown"
  },
  {
    "title": "Group,,Annual FilingsCurrent ReportsMergers & AcquisitionsOtherProxy FilingsQuarterly FilingsRegistration StatementsFiling year- Any -Filing dateFormD",
    "link": "https://investors.cullinantherapeutics.com/sec-filings?items_per_page=&order=field_nir_sec_date_filed&sort=asc",
    "timestamp": "unknown"
  },
  {
    "title": "Group,,Annual FilingsCurrent ReportsMergers & AcquisitionsOtherProxy FilingsQuarterly FilingsRegistration StatementsFiling year- Any -Filing dateFormD",
    "link": "https://investors.cullinantherapeutics.com/sec-filings?items_per_page=&order=field_nir_sec_date_filed&sort=asc",
    "timestamp": "unknown"
  },
  {
    "title": "Group,,Annual FilingsCurrent ReportsMergers & AcquisitionsOtherProxy FilingsQuarterly FilingsRegistration StatementsFiling year- Any -Filing dateFormD",
    "link": "https://investors.cullinantherapeutics.com/sec-filings?items_per_page=&order=field_nir_sec_date_filed&sort=asc",
    "timestamp": "unknown"
  },
  {
    "title": "Group,,Annual FilingsCurrent ReportsMergers & AcquisitionsOtherProxy FilingsQuarterly FilingsRegistration StatementsFiling year- Any -Filing dateFormD",
    "link": "https://investors.cullinantherapeutics.com/sec-filings?items_per_page=&order=field_nir_sec_date_filed&sort=asc",
    "timestamp": "unknown"
  },
  {
    "title": "Group,,Annual FilingsCurrent ReportsMergers & AcquisitionsOtherProxy FilingsQuarterly FilingsRegistration StatementsFiling year- Any -Filing dateFormD",
    "link": "https://investors.cullinantherapeutics.com/sec-filings?items_per_page=&order=field_nir_sec_date_filed&sort=asc",
    "timestamp": "unknown"
  },
  {
    "title": "Group,,Annual FilingsCurrent ReportsMergers & AcquisitionsOtherProxy FilingsQuarterly FilingsRegistration StatementsFiling year- Any -Filing dateFormD",
    "link": "https://investors.cullinantherapeutics.com/sec-filings?items_per_page=&order=field_nir_sec_date_filed&sort=asc",
    "timestamp": "unknown"
  },
  {
    "title": "Group,,Annual FilingsCurrent ReportsMergers & AcquisitionsOtherProxy FilingsQuarterly FilingsRegistration StatementsFiling year- Any -Filing dateFormD",
    "link": "https://investors.cullinantherapeutics.com/sec-filings?items_per_page=&order=field_nir_sec_date_filed&sort=asc",
    "timestamp": "unknown"
  },
  {
    "title": "Group,,Annual FilingsCurrent ReportsMergers & AcquisitionsOtherProxy FilingsQuarterly FilingsRegistration StatementsFiling year- Any -Filing dateFormD",
    "link": "https://investors.cullinantherapeutics.com/sec-filings?items_per_page=&order=field_nir_sec_date_filed&sort=asc",
    "timestamp": "unknown"
  },
  {
    "title": "Group,,Annual FilingsCurrent ReportsMergers & AcquisitionsOtherProxy FilingsQuarterly FilingsRegistration StatementsFiling year- Any -Filing dateFormD",
    "link": "https://investors.cullinantherapeutics.com/sec-filings?items_per_page=&order=field_nir_sec_date_filed&sort=asc",
    "timestamp": "unknown"
  },
  {
    "title": "Group,,Annual FilingsCurrent ReportsMergers & AcquisitionsOtherProxy FilingsQuarterly FilingsRegistration StatementsFiling year- Any -Filing dateFormD",
    "link": "https://investors.cullinantherapeutics.com/sec-filings?items_per_page=&order=field_nir_sec_date_filed&sort=asc",
    "timestamp": "unknown"
  },
  {
    "title": "Group,,Annual FilingsCurrent ReportsMergers & AcquisitionsOtherProxy FilingsQuarterly FilingsRegistration StatementsFiling year- Any -Filing dateFormD",
    "link": "https://investors.cullinantherapeutics.com/sec-filings?items_per_page=&order=field_nir_sec_date_filed&sort=asc",
    "timestamp": "unknown"
  },
  {
    "title": "Group,,Annual FilingsCurrent ReportsMergers & AcquisitionsOtherProxy FilingsQuarterly FilingsRegistration StatementsFiling year- Any -Filing dateFormD",
    "link": "https://investors.cullinantherapeutics.com/sec-filings?items_per_page=&order=field_nir_sec_date_filed&sort=asc",
    "timestamp": "unknown"
  },
  {
    "title": "Group,,Annual FilingsCurrent ReportsMergers & AcquisitionsOtherProxy FilingsQuarterly FilingsRegistration StatementsFiling year- Any -Filing dateFormD",
    "link": "https://investors.cullinantherapeutics.com/sec-filings?items_per_page=&order=field_nir_sec_date_filed&sort=asc",
    "timestamp": "unknown"
  },
  {
    "title": "Group,,Annual FilingsCurrent ReportsMergers & AcquisitionsOtherProxy FilingsQuarterly FilingsRegistration StatementsFiling year- Any -Filing dateFormD",
    "link": "https://investors.cullinantherapeutics.com/sec-filings?items_per_page=&order=field_nir_sec_date_filed&sort=asc",
    "timestamp": "unknown"
  },
  {
    "title": "Group,,Annual FilingsCurrent ReportsMergers & AcquisitionsOtherProxy FilingsQuarterly FilingsRegistration StatementsFiling year- Any -Filing dateFormD",
    "link": "https://investors.cullinantherapeutics.com/sec-filings?items_per_page=&order=field_nir_sec_date_filed&sort=asc",
    "timestamp": "unknown"
  },
  {
    "title": "Group,,Annual FilingsCurrent ReportsMergers & AcquisitionsOtherProxy FilingsQuarterly FilingsRegistration StatementsFiling year- Any -Filing dateFormD",
    "link": "https://investors.cullinantherapeutics.com/sec-filings?items_per_page=&order=field_nir_sec_date_filed&sort=asc",
    "timestamp": "unknown"
  },
  {
    "title": "Filing dateFormDescriptionViewJune ,Statement of changes in beneficial ownership of securities--.pdf--.rtf--.xlsView HTMLJune ,Statement of changes in",
    "link": "https://investors.cullinantherapeutics.com/sec-filings?items_per_page=&order=field_nir_sec_date_filed&sort=asc",
    "timestamp": "unknown"
  },
  {
    "title": "Filing dateFormDescriptionView",
    "link": "https://investors.cullinantherapeutics.com/sec-filings?items_per_page=&order=field_nir_sec_date_filed&sort=asc",
    "timestamp": "unknown"
  },
  {
    "title": "June ,Statement of changes in beneficial ownership of securities--.pdf--.rtf--.xlsView HTML",
    "link": "https://investors.cullinantherapeutics.com/sec-filings/sec-filing//--",
    "timestamp": "unknown"
  },
  {
    "title": "--.pdf",
    "link": "https://investors.cullinantherapeutics.com/static-files/87b985de-40a1-4e12-b322-27e70da16208",
    "timestamp": "unknown"
  },
  {
    "title": "--.rtf",
    "link": "https://investors.cullinantherapeutics.com/static-files/af15c1c2-5a7a--9f30-8f2aef4c56ae",
    "timestamp": "unknown"
  },
  {
    "title": "--.xls",
    "link": "https://investors.cullinantherapeutics.com/static-files/8a8d53f3-807b-457b-bf1a-de51e7740f1b",
    "timestamp": "unknown"
  },
  {
    "title": "June ,Statement of changes in beneficial ownership of securities--.pdf--.rtf--.xlsView HTML",
    "link": "https://investors.cullinantherapeutics.com/sec-filings/sec-filing//--",
    "timestamp": "unknown"
  },
  {
    "title": "--.pdf",
    "link": "https://investors.cullinantherapeutics.com/static-files/a578208c-803c-4e54-b70f-a02f654952e8",
    "timestamp": "unknown"
  },
  {
    "title": "--.rtf",
    "link": "https://investors.cullinantherapeutics.com/static-files/4c5b2f8b--411e-9ba3-27ed2998c4ff",
    "timestamp": "unknown"
  },
  {
    "title": "--.xls",
    "link": "https://investors.cullinantherapeutics.com/static-files/c0d88150-f116-40bd-a002-b3cc1ac25864",
    "timestamp": "unknown"
  },
  {
    "title": "June ,Statement of changes in beneficial ownership of securities--.pdf--.rtf--.xlsView HTML",
    "link": "https://investors.cullinantherapeutics.com/sec-filings/sec-filing//--",
    "timestamp": "unknown"
  },
  {
    "title": "--.pdf",
    "link": "https://investors.cullinantherapeutics.com/static-files/014a1b62-7e17-4ed7-90a9-88a5ab32ca30",
    "timestamp": "unknown"
  },
  {
    "title": "--.rtf",
    "link": "https://investors.cullinantherapeutics.com/static-files/1fe5b8d6-c91a-4c87-9b2f-88c39d10c84a",
    "timestamp": "unknown"
  },
  {
    "title": "--.xls",
    "link": "https://investors.cullinantherapeutics.com/static-files/34bd256f-624a-456e-869c-0b8135875321",
    "timestamp": "unknown"
  },
  {
    "title": "June ,Statement of changes in beneficial ownership of securities--.pdf--.rtf--.xlsView HTML",
    "link": "https://investors.cullinantherapeutics.com/sec-filings/sec-filing//--",
    "timestamp": "unknown"
  },
  {
    "title": "--.pdf",
    "link": "https://investors.cullinantherapeutics.com/static-files/a742703a-3d76--b334-d076cdbebe0e",
    "timestamp": "unknown"
  },
  {
    "title": "--.rtf",
    "link": "https://investors.cullinantherapeutics.com/static-files/34821b99-90be-413d-ae77-544e42af8670",
    "timestamp": "unknown"
  },
  {
    "title": "--.xls",
    "link": "https://investors.cullinantherapeutics.com/static-files/e88dd64e-b825-4b91-8b81-bbd9c3772e4d",
    "timestamp": "unknown"
  },
  {
    "title": "June ,Statement of changes in beneficial ownership of securities--.pdf--.rtf--.xlsView HTML",
    "link": "https://investors.cullinantherapeutics.com/sec-filings/sec-filing//--",
    "timestamp": "unknown"
  },
  {
    "title": "--.pdf",
    "link": "https://investors.cullinantherapeutics.com/static-files/c32f53f0-2d43-446a-a3e0-6a6623e37df1",
    "timestamp": "unknown"
  },
  {
    "title": "--.rtf",
    "link": "https://investors.cullinantherapeutics.com/static-files/bf85a03f-8e34---442fe87a3f3c",
    "timestamp": "unknown"
  },
  {
    "title": "--.xls",
    "link": "https://investors.cullinantherapeutics.com/static-files/5cb80dd4--41b5-bc3e-9459ab93bd72",
    "timestamp": "unknown"
  },
  {
    "title": "June ,-KReport of unscheduled material events or corporate event--.pdf--.rtf--.xlsEX-.SCH - XBRL TAXONOMY EXTENSION SCHEMAView HTML",
    "link": "https://investors.cullinantherapeutics.com/sec-filings/sec-filing/-k/--",
    "timestamp": "unknown"
  },
  {
    "title": "--.pdf",
    "link": "https://investors.cullinantherapeutics.com/static-files/cc912c31-66c5--b423-8460e722e710",
    "timestamp": "unknown"
  },
  {
    "title": "--.rtf",
    "link": "https://investors.cullinantherapeutics.com/static-files/4c2d07da-5fad-4a44-801b-aaa8171c1a90",
    "timestamp": "unknown"
  },
  {
    "title": "--.xls",
    "link": "https://investors.cullinantherapeutics.com/static-files/e1c887fb-b449-4da2-8b88-5e120c1f659a",
    "timestamp": "unknown"
  },
  {
    "title": "June ,-KReport of unscheduled material events or corporate event--.pdf--.rtf--.xlsEX-.SCH - XBRL TAXONOMY EXTENSION SCHEMAView HTML",
    "link": "https://investors.cullinantherapeutics.com/sec-filings/sec-filing/-k/--",
    "timestamp": "unknown"
  },
  {
    "title": "--.pdf",
    "link": "https://investors.cullinantherapeutics.com/static-files/0d97d5af-c93c-4f06-86fe-0775776dc16f",
    "timestamp": "unknown"
  },
  {
    "title": "--.rtf",
    "link": "https://investors.cullinantherapeutics.com/static-files/5c2a59f6-f31d--a134-c17426c442f4",
    "timestamp": "unknown"
  },
  {
    "title": "--.xls",
    "link": "https://investors.cullinantherapeutics.com/static-files/182ee92b----85f7218e0b08",
    "timestamp": "unknown"
  },
  {
    "title": "May ,-KReport of unscheduled material events or corporate event--.pdf--.rtf--.xlsEX-.SCH - XBRL TAXONOMY EXTENSION SCHEMAView HTML",
    "link": "https://investors.cullinantherapeutics.com/sec-filings/sec-filing/-k/--",
    "timestamp": "unknown"
  },
  {
    "title": "--.pdf",
    "link": "https://investors.cullinantherapeutics.com/static-files/bf901966-cc2a-40d9--17f660fc154a",
    "timestamp": "unknown"
  },
  {
    "title": "--.rtf",
    "link": "https://investors.cullinantherapeutics.com/static-files/3118f943-54bb-47ad-a900-86a963b3a9c9",
    "timestamp": "unknown"
  },
  {
    "title": "--.xls",
    "link": "https://investors.cullinantherapeutics.com/static-files/2007e2a2-30c4-490b-93f4-b67223eb58d7",
    "timestamp": "unknown"
  },
  {
    "title": "May ,-QQuarterly report which provides a continuing view of a company's financial position--.pdf--.rtf--.xlsEX-.SCH - XBRL TAXONOMY EXTENSION SCHEMAVi",
    "link": "https://investors.cullinantherapeutics.com/sec-filings/sec-filing/-q/--",
    "timestamp": "unknown"
  },
  {
    "title": "--.pdf",
    "link": "https://investors.cullinantherapeutics.com/static-files/2c00da81-742e-4fa1-ba54-257e3fea1ea8",
    "timestamp": "unknown"
  },
  {
    "title": "--.rtf",
    "link": "https://investors.cullinantherapeutics.com/static-files/d7d6ab18-1d4c--935c-e104a9286e03",
    "timestamp": "unknown"
  },
  {
    "title": "--.xls",
    "link": "https://investors.cullinantherapeutics.com/static-files/c64d7afd-b161-49e5-886f-ab91a0645d9b",
    "timestamp": "unknown"
  },
  {
    "title": "April ,ARSAn annual report to security holders--.pdf--.rtfView HTML",
    "link": "https://investors.cullinantherapeutics.com/sec-filings/sec-filing/ars/--",
    "timestamp": "unknown"
  },
  {
    "title": "--.pdf",
    "link": "https://investors.cullinantherapeutics.com/static-files/87447be9-c3d2--a188-48ce8a710568",
    "timestamp": "unknown"
  },
  {
    "title": "--.rtf",
    "link": "https://investors.cullinantherapeutics.com/static-files/c8fb088b-a932--a175-1989b1a98ec9",
    "timestamp": "unknown"
  },
  {
    "title": "Current page",
    "link": "https://investors.cullinantherapeutics.com/sec-filings?&field_nir_sec_cik_target_id=&field_nir_sec_date_filed_value=&&&items_per_page_toggle=&page=",
    "timestamp": "unknown"
  },
  {
    "title": "Page",
    "link": "https://investors.cullinantherapeutics.com/sec-filings?&field_nir_sec_cik_target_id=&field_nir_sec_date_filed_value=&&&items_per_page_toggle=&page=",
    "timestamp": "unknown"
  },
  {
    "title": "Page",
    "link": "https://investors.cullinantherapeutics.com/sec-filings?&field_nir_sec_cik_target_id=&field_nir_sec_date_filed_value=&&&items_per_page_toggle=&page=",
    "timestamp": "unknown"
  },
  {
    "title": "Page",
    "link": "https://investors.cullinantherapeutics.com/sec-filings?&field_nir_sec_cik_target_id=&field_nir_sec_date_filed_value=&&&items_per_page_toggle=&page=",
    "timestamp": "unknown"
  },
  {
    "title": "Page",
    "link": "https://investors.cullinantherapeutics.com/sec-filings?&field_nir_sec_cik_target_id=&field_nir_sec_date_filed_value=&&&items_per_page_toggle=&page=",
    "timestamp": "unknown"
  },
  {
    "title": "Page",
    "link": "https://investors.cullinantherapeutics.com/sec-filings?&field_nir_sec_cik_target_id=&field_nir_sec_date_filed_value=&&&items_per_page_toggle=&page=",
    "timestamp": "unknown"
  },
  {
    "title": "Page",
    "link": "https://investors.cullinantherapeutics.com/sec-filings?&field_nir_sec_cik_target_id=&field_nir_sec_date_filed_value=&&&items_per_page_toggle=&page=",
    "timestamp": "unknown"
  },
  {
    "title": "Page",
    "link": "https://investors.cullinantherapeutics.com/sec-filings?&field_nir_sec_cik_target_id=&field_nir_sec_date_filed_value=&&&items_per_page_toggle=&page=",
    "timestamp": "unknown"
  },
  {
    "title": "Page",
    "link": "https://investors.cullinantherapeutics.com/sec-filings?&field_nir_sec_cik_target_id=&field_nir_sec_date_filed_value=&&&items_per_page_toggle=&page=",
    "timestamp": "unknown"
  },
  {
    "title": "Next pageNext \u203a",
    "link": "https://investors.cullinantherapeutics.com/sec-filings?&field_nir_sec_cik_target_id=&field_nir_sec_date_filed_value=&&&items_per_page_toggle=&page=",
    "timestamp": "unknown"
  },
  {
    "title": "Last pageLast \u00bb",
    "link": "https://investors.cullinantherapeutics.com/sec-filings?&field_nir_sec_cik_target_id=&field_nir_sec_date_filed_value=&&&items_per_page_toggle=&page=",
    "timestamp": "unknown"
  },
  {
    "title": "Data provided byKaleidoscope.",
    "link": "https://www.kscope.io",
    "timestamp": "unknown"
  },
  {
    "title": "Data provided byKaleidoscope.",
    "link": "https://www.kscope.io",
    "timestamp": "unknown"
  },
  {
    "title": "Follow UsSite - Social",
    "link": "https://www.linkedin.com/company/CullinanTx",
    "timestamp": "unknown"
  },
  {
    "title": "Site - Social",
    "link": "https://www.linkedin.com/company/CullinanTx",
    "timestamp": "unknown"
  },
  {
    "title": "Connect With Us",
    "link": "https://cullinantherapeutics.com/contact/",
    "timestamp": "unknown"
  },
  {
    "title": "Terms of Use",
    "link": "https://cullinantherapeutics.com/terms-of-use/",
    "timestamp": "unknown"
  },
  {
    "title": "Privacy Notice",
    "link": "https://cullinantherapeutics.com/privacy-notice/",
    "timestamp": "unknown"
  },
  {
    "title": "Accessibility Policy",
    "link": "https://cullinantherapeutics.com/accessibility/",
    "timestamp": "unknown"
  }
]