[
  {
    "title": "Investor RelationsAbout UsOur ApproachOur ProgramsPatientsInvestorsHomeNews & EventsNews ReleasesEvents & PresentationsAnalyst CoverageStock Informati",
    "link": "https://www.designtx.com/",
    "timestamp": "unknown"
  },
  {
    "title": "Investor RelationsAbout UsOur ApproachOur ProgramsPatientsInvestorsHomeNews & EventsNews ReleasesEvents & PresentationsAnalyst CoverageStock Informati",
    "link": "https://www.designtx.com/",
    "timestamp": "unknown"
  },
  {
    "title": "Investor RelationsAbout UsOur ApproachOur ProgramsPatientsInvestorsHomeNews & EventsNews ReleasesEvents & PresentationsAnalyst CoverageStock Informati",
    "link": "https://www.designtx.com/",
    "timestamp": "unknown"
  },
  {
    "title": "Investor RelationsAbout UsOur ApproachOur ProgramsPatientsInvestorsHomeNews & EventsNews ReleasesEvents & PresentationsAnalyst CoverageStock Informati",
    "link": "https://www.designtx.com/",
    "timestamp": "unknown"
  },
  {
    "title": "Investor RelationsAbout UsOur ApproachOur ProgramsPatientsInvestorsHomeNews & EventsNews ReleasesEvents & PresentationsAnalyst CoverageStock Informati",
    "link": "https://www.designtx.com/about-us/",
    "timestamp": "unknown"
  },
  {
    "title": "Investor RelationsAbout UsOur ApproachOur ProgramsPatientsInvestorsHomeNews & EventsNews ReleasesEvents & PresentationsAnalyst CoverageStock Informati",
    "link": "https://www.designtx.com/about-us/",
    "timestamp": "unknown"
  },
  {
    "title": "About Us",
    "link": "https://www.designtx.com/about-us/",
    "timestamp": "unknown"
  },
  {
    "title": "Our Approach",
    "link": "https://www.designtx.com/our-approach/",
    "timestamp": "unknown"
  },
  {
    "title": "Our Programs",
    "link": "https://www.designtx.com/our-programs/",
    "timestamp": "unknown"
  },
  {
    "title": "Patients",
    "link": "https://www.designtx.com/patients/",
    "timestamp": "unknown"
  },
  {
    "title": "InvestorsHomeNews & EventsNews ReleasesEvents & PresentationsAnalyst CoverageStock InformationStock Quote & ChartCorporate GovernanceDocuments & Chart",
    "link": "https://investors.designtx.com/",
    "timestamp": "unknown"
  },
  {
    "title": "Home",
    "link": "https://investors.designtx.com/",
    "timestamp": "unknown"
  },
  {
    "title": "News & EventsNews ReleasesEvents & Presentations",
    "link": "https://investors.designtx.com/news-and-events/news-releases",
    "timestamp": "unknown"
  },
  {
    "title": "News Releases",
    "link": "https://investors.designtx.com/news-and-events/news-releases",
    "timestamp": "unknown"
  },
  {
    "title": "Events & Presentations",
    "link": "https://investors.designtx.com/news-and-events/events-presentation",
    "timestamp": "unknown"
  },
  {
    "title": "Analyst Coverage",
    "link": "https://investors.designtx.com/stock-information/analyst-coverage",
    "timestamp": "unknown"
  },
  {
    "title": "Stock InformationStock Quote & Chart",
    "link": "https://investors.designtx.com/stock-information/stock-quote-chart",
    "timestamp": "unknown"
  },
  {
    "title": "Stock Quote & Chart",
    "link": "https://investors.designtx.com/stock-information/stock-quote-chart",
    "timestamp": "unknown"
  },
  {
    "title": "Corporate GovernanceDocuments & ChartersManagement TeamBoard of DirectorsCommittee Composition",
    "link": "https://investors.designtx.com/corporate-governance/governance-overview",
    "timestamp": "unknown"
  },
  {
    "title": "Documents & Charters",
    "link": "https://investors.designtx.com/corporate-governance/governance-overview",
    "timestamp": "unknown"
  },
  {
    "title": "Management Team",
    "link": "https://www.designtx.com/about-us/",
    "timestamp": "unknown"
  },
  {
    "title": "Board of Directors",
    "link": "https://www.designtx.com/about-us/",
    "timestamp": "unknown"
  },
  {
    "title": "Committee Composition",
    "link": "https://investors.designtx.com/corporate-governance/committee-composition",
    "timestamp": "unknown"
  },
  {
    "title": "Financials & FilingsSEC Filings",
    "link": "https://investors.designtx.com/financial-information/sec-filings",
    "timestamp": "unknown"
  },
  {
    "title": "SEC Filings",
    "link": "https://investors.designtx.com/financial-information/sec-filings",
    "timestamp": "unknown"
  },
  {
    "title": "Investor ResourcesFAQsEmail AlertsContact IR",
    "link": "https://investors.designtx.com/shareholder-services/investor-faqs",
    "timestamp": "unknown"
  },
  {
    "title": "FAQs",
    "link": "https://investors.designtx.com/shareholder-services/investor-faqs",
    "timestamp": "unknown"
  },
  {
    "title": "Email Alerts",
    "link": "https://investors.designtx.com/shareholder-services/email-alerts",
    "timestamp": "unknown"
  },
  {
    "title": "Contact IR",
    "link": "https://investors.designtx.com/shareholder-services/contact-ir",
    "timestamp": "unknown"
  },
  {
    "title": "Careers",
    "link": "https://www.designtx.com/careers/",
    "timestamp": "unknown"
  },
  {
    "title": "News ReleasesYearNoneJun ,Design Therapeutics Announces Start of Friedreich Ataxia Patient Dosing Ex-U.S. in its RESTORE-FA Phase / Multiple-Ascending",
    "link": "https://investors.designtx.com/news-releases/news-release-details/design-therapeutics-announces-start-friedreich-ataxia-patient",
    "timestamp": "unknown"
  },
  {
    "title": "YearNoneJun ,Design Therapeutics Announces Start of Friedreich Ataxia Patient Dosing Ex-U.S. in its RESTORE-FA Phase / Multiple-Ascending Dose Trial o",
    "link": "https://investors.designtx.com/news-releases/news-release-details/design-therapeutics-announces-start-friedreich-ataxia-patient",
    "timestamp": "unknown"
  },
  {
    "title": "YearNoneJun ,Design Therapeutics Announces Start of Friedreich Ataxia Patient Dosing Ex-U.S. in its RESTORE-FA Phase / Multiple-Ascending Dose Trial o",
    "link": "https://investors.designtx.com/news-releases/news-release-details/design-therapeutics-announces-start-friedreich-ataxia-patient",
    "timestamp": "unknown"
  },
  {
    "title": "YearNoneJun ,Design Therapeutics Announces Start of Friedreich Ataxia Patient Dosing Ex-U.S. in its RESTORE-FA Phase / Multiple-Ascending Dose Trial o",
    "link": "https://investors.designtx.com/news-releases/news-release-details/design-therapeutics-announces-start-friedreich-ataxia-patient",
    "timestamp": "unknown"
  },
  {
    "title": "YearNoneJun ,Design Therapeutics Announces Start of Friedreich Ataxia Patient Dosing Ex-U.S. in its RESTORE-FA Phase / Multiple-Ascending Dose Trial o",
    "link": "https://investors.designtx.com/news-releases/news-release-details/design-therapeutics-announces-start-friedreich-ataxia-patient",
    "timestamp": "unknown"
  },
  {
    "title": "YearNoneJun ,Design Therapeutics Announces Start of Friedreich Ataxia Patient Dosing Ex-U.S. in its RESTORE-FA Phase / Multiple-Ascending Dose Trial o",
    "link": "https://investors.designtx.com/news-releases/news-release-details/design-therapeutics-announces-start-friedreich-ataxia-patient",
    "timestamp": "unknown"
  },
  {
    "title": "YearNoneJun ,Design Therapeutics Announces Start of Friedreich Ataxia Patient Dosing Ex-U.S. in its RESTORE-FA Phase / Multiple-Ascending Dose Trial o",
    "link": "https://investors.designtx.com/news-releases/news-release-details/design-therapeutics-announces-start-friedreich-ataxia-patient",
    "timestamp": "unknown"
  },
  {
    "title": "YearNoneJun ,Design Therapeutics Announces Start of Friedreich Ataxia Patient Dosing Ex-U.S. in its RESTORE-FA Phase / Multiple-Ascending Dose Trial o",
    "link": "https://investors.designtx.com/news-releases/news-release-details/design-therapeutics-announces-start-friedreich-ataxia-patient",
    "timestamp": "unknown"
  },
  {
    "title": "YearNoneJun ,Design Therapeutics Announces Start of Friedreich Ataxia Patient Dosing Ex-U.S. in its RESTORE-FA Phase / Multiple-Ascending Dose Trial o",
    "link": "https://investors.designtx.com/news-releases/news-release-details/design-therapeutics-announces-start-friedreich-ataxia-patient",
    "timestamp": "unknown"
  },
  {
    "title": "YearNoneJun ,Design Therapeutics Announces Start of Friedreich Ataxia Patient Dosing Ex-U.S. in its RESTORE-FA Phase / Multiple-Ascending Dose Trial o",
    "link": "https://investors.designtx.com/news-releases/news-release-details/design-therapeutics-announces-start-friedreich-ataxia-patient",
    "timestamp": "unknown"
  },
  {
    "title": "YearNoneJun ,Design Therapeutics Announces Start of Friedreich Ataxia Patient Dosing Ex-U.S. in its RESTORE-FA Phase / Multiple-Ascending Dose Trial o",
    "link": "https://investors.designtx.com/news-releases/news-release-details/design-therapeutics-announces-start-friedreich-ataxia-patient",
    "timestamp": "unknown"
  },
  {
    "title": "YearNoneJun ,Design Therapeutics Announces Start of Friedreich Ataxia Patient Dosing Ex-U.S. in its RESTORE-FA Phase / Multiple-Ascending Dose Trial o",
    "link": "https://investors.designtx.com/news-releases/news-release-details/design-therapeutics-announces-start-friedreich-ataxia-patient",
    "timestamp": "unknown"
  },
  {
    "title": "YearNoneJun ,Design Therapeutics Announces Start of Friedreich Ataxia Patient Dosing Ex-U.S. in its RESTORE-FA Phase / Multiple-Ascending Dose Trial o",
    "link": "https://investors.designtx.com/news-releases/news-release-details/design-therapeutics-announces-start-friedreich-ataxia-patient",
    "timestamp": "unknown"
  },
  {
    "title": "YearNoneJun ,Design Therapeutics Announces Start of Friedreich Ataxia Patient Dosing Ex-U.S. in its RESTORE-FA Phase / Multiple-Ascending Dose Trial o",
    "link": "https://investors.designtx.com/news-releases/news-release-details/design-therapeutics-announces-start-friedreich-ataxia-patient",
    "timestamp": "unknown"
  },
  {
    "title": "YearNoneJun ,Design Therapeutics Announces Start of Friedreich Ataxia Patient Dosing Ex-U.S. in its RESTORE-FA Phase / Multiple-Ascending Dose Trial o",
    "link": "https://investors.designtx.com/news-releases/news-release-details/design-therapeutics-announces-start-friedreich-ataxia-patient",
    "timestamp": "unknown"
  },
  {
    "title": "YearNoneJun ,Design Therapeutics Announces Start of Friedreich Ataxia Patient Dosing Ex-U.S. in its RESTORE-FA Phase / Multiple-Ascending Dose Trial o",
    "link": "https://investors.designtx.com/news-releases/news-release-details/design-therapeutics-announces-start-friedreich-ataxia-patient",
    "timestamp": "unknown"
  },
  {
    "title": "YearNoneJun ,Design Therapeutics Announces Start of Friedreich Ataxia Patient Dosing Ex-U.S. in its RESTORE-FA Phase / Multiple-Ascending Dose Trial o",
    "link": "https://investors.designtx.com/news-releases/news-release-details/design-therapeutics-announces-start-friedreich-ataxia-patient",
    "timestamp": "unknown"
  },
  {
    "title": "YearNoneJun ,Design Therapeutics Announces Start of Friedreich Ataxia Patient Dosing Ex-U.S. in its RESTORE-FA Phase / Multiple-Ascending Dose Trial o",
    "link": "https://investors.designtx.com/news-releases/news-release-details/design-therapeutics-announces-start-friedreich-ataxia-patient",
    "timestamp": "unknown"
  },
  {
    "title": "YearNoneJun ,Design Therapeutics Announces Start of Friedreich Ataxia Patient Dosing Ex-U.S. in its RESTORE-FA Phase / Multiple-Ascending Dose Trial o",
    "link": "https://investors.designtx.com/news-releases/news-release-details/design-therapeutics-announces-start-friedreich-ataxia-patient",
    "timestamp": "unknown"
  },
  {
    "title": "YearNoneJun ,Design Therapeutics Announces Start of Friedreich Ataxia Patient Dosing Ex-U.S. in its RESTORE-FA Phase / Multiple-Ascending Dose Trial o",
    "link": "https://investors.designtx.com/news-releases/news-release-details/design-therapeutics-announces-start-friedreich-ataxia-patient",
    "timestamp": "unknown"
  },
  {
    "title": "YearNoneJun ,Design Therapeutics Announces Start of Friedreich Ataxia Patient Dosing Ex-U.S. in its RESTORE-FA Phase / Multiple-Ascending Dose Trial o",
    "link": "https://investors.designtx.com/news-releases/news-release-details/design-therapeutics-announces-start-friedreich-ataxia-patient",
    "timestamp": "unknown"
  },
  {
    "title": "YearNoneJun ,Design Therapeutics Announces Start of Friedreich Ataxia Patient Dosing Ex-U.S. in its RESTORE-FA Phase / Multiple-Ascending Dose Trial o",
    "link": "https://investors.designtx.com/news-releases/news-release-details/design-therapeutics-announces-start-friedreich-ataxia-patient",
    "timestamp": "unknown"
  },
  {
    "title": "YearNoneJun ,Design Therapeutics Announces Start of Friedreich Ataxia Patient Dosing Ex-U.S. in its RESTORE-FA Phase / Multiple-Ascending Dose Trial o",
    "link": "https://investors.designtx.com/news-releases/news-release-details/design-therapeutics-announces-start-friedreich-ataxia-patient",
    "timestamp": "unknown"
  },
  {
    "title": "Jun ,Design Therapeutics Announces Start of Friedreich Ataxia Patient Dosing Ex-U.S. in its RESTORE-FA Phase / Multiple-Ascending Dose Trial of DT-216",
    "link": "https://investors.designtx.com/news-releases/news-release-details/design-therapeutics-announces-start-friedreich-ataxia-patient",
    "timestamp": "unknown"
  },
  {
    "title": "Jun ,Design Therapeutics Announces Start of Friedreich Ataxia Patient Dosing Ex-U.S. in its RESTORE-FA Phase / Multiple-Ascending Dose Trial of DT-216",
    "link": "https://investors.designtx.com/news-releases/news-release-details/design-therapeutics-announces-start-friedreich-ataxia-patient",
    "timestamp": "unknown"
  },
  {
    "title": "Design Therapeutics Announces Start of Friedreich Ataxia Patient Dosing Ex-U.S. in its RESTORE-FA Phase / Multiple-Ascending Dose Trial of DT-216P2",
    "link": "https://investors.designtx.com/news-releases/news-release-details/design-therapeutics-announces-start-friedreich-ataxia-patient",
    "timestamp": "unknown"
  },
  {
    "title": "PDF Version",
    "link": "https://investors.designtx.com/node//pdf",
    "timestamp": "unknown"
  },
  {
    "title": "PDF Version",
    "link": "https://investors.designtx.com/node//pdf",
    "timestamp": "unknown"
  },
  {
    "title": "May ,Design Therapeutics to Participate in  Jefferies Global Healthcare ConferenceCARLSBAD, Calif., May ,  (GLOBE NEWSWIRE) -- Design Therapeutics, In",
    "link": "https://investors.designtx.com/news-releases/news-release-details/design-therapeutics-participate--jefferies-global-healthcare",
    "timestamp": "unknown"
  },
  {
    "title": "Design Therapeutics to Participate in  Jefferies Global Healthcare Conference",
    "link": "https://investors.designtx.com/news-releases/news-release-details/design-therapeutics-participate--jefferies-global-healthcare",
    "timestamp": "unknown"
  },
  {
    "title": "PDF Version",
    "link": "https://investors.designtx.com/node//pdf",
    "timestamp": "unknown"
  },
  {
    "title": "PDF Version",
    "link": "https://investors.designtx.com/node//pdf",
    "timestamp": "unknown"
  },
  {
    "title": "May ,Design Therapeutics to Participate in  RBC Capital Markets Healthcare ConferenceCARLSBAD, Calif., May ,  (GLOBE NEWSWIRE) -- Design Therapeutics,",
    "link": "https://investors.designtx.com/news-releases/news-release-details/design-therapeutics-participate--rbc-capital-markets",
    "timestamp": "unknown"
  },
  {
    "title": "Design Therapeutics to Participate in  RBC Capital Markets Healthcare Conference",
    "link": "https://investors.designtx.com/news-releases/news-release-details/design-therapeutics-participate--rbc-capital-markets",
    "timestamp": "unknown"
  },
  {
    "title": "PDF Version",
    "link": "https://investors.designtx.com/node//pdf",
    "timestamp": "unknown"
  },
  {
    "title": "PDF Version",
    "link": "https://investors.designtx.com/node//pdf",
    "timestamp": "unknown"
  },
  {
    "title": "May ,Design Therapeutics Highlights Momentum Across Lead GeneTAC\u00ae Programs and Reports First Quarter  Financial ResultsPhase  Single Ascending Dose Tr",
    "link": "https://investors.designtx.com/news-releases/news-release-details/design-therapeutics-highlights-momentum-across-lead-genetacr",
    "timestamp": "unknown"
  },
  {
    "title": "Design Therapeutics Highlights Momentum Across Lead GeneTAC\u00ae Programs and Reports First Quarter  Financial Results",
    "link": "https://investors.designtx.com/news-releases/news-release-details/design-therapeutics-highlights-momentum-across-lead-genetacr",
    "timestamp": "unknown"
  },
  {
    "title": "PDF Version",
    "link": "https://investors.designtx.com/node//pdf",
    "timestamp": "unknown"
  },
  {
    "title": "PDF Version",
    "link": "https://investors.designtx.com/node//pdf",
    "timestamp": "unknown"
  },
  {
    "title": "May ,Design Therapeutics Announces Favorable Phase  Data for DT- Supporting Advancement into Phase  Biomarker Trial for Patients with Fuchs Endothelia",
    "link": "https://investors.designtx.com/news-releases/news-release-details/design-therapeutics-announces-favorable-phase--data-dt-",
    "timestamp": "unknown"
  },
  {
    "title": "Design Therapeutics Announces Favorable Phase  Data for DT- Supporting Advancement into Phase  Biomarker Trial for Patients with Fuchs Endothelial Cor",
    "link": "https://investors.designtx.com/news-releases/news-release-details/design-therapeutics-announces-favorable-phase--data-dt-",
    "timestamp": "unknown"
  },
  {
    "title": "PDF Version",
    "link": "https://investors.designtx.com/node//pdf",
    "timestamp": "unknown"
  },
  {
    "title": "PDF Version",
    "link": "https://investors.designtx.com/node//pdf",
    "timestamp": "unknown"
  },
  {
    "title": "Apr ,Design Therapeutics to Present Phase  Data for Fuchs Endothelial Corneal Dystrophy Program at Eyecelerator @ Park CityCARLSBAD, Calif., April ,  ",
    "link": "https://investors.designtx.com/news-releases/news-release-details/design-therapeutics-present-phase--data-fuchs-endothelial",
    "timestamp": "unknown"
  },
  {
    "title": "Design Therapeutics to Present Phase  Data for Fuchs Endothelial Corneal Dystrophy Program at Eyecelerator @ Park City",
    "link": "https://investors.designtx.com/news-releases/news-release-details/design-therapeutics-present-phase--data-fuchs-endothelial",
    "timestamp": "unknown"
  },
  {
    "title": "PDF Version",
    "link": "https://investors.designtx.com/node//pdf",
    "timestamp": "unknown"
  },
  {
    "title": "PDF Version",
    "link": "https://investors.designtx.com/node//pdf",
    "timestamp": "unknown"
  },
  {
    "title": "Apr ,Design Therapeutics Appoints Veteran Industry Executive Chris Storgard, M.D., as Chief Medical OfficerCARLSBAD, Calif., April ,  (GLOBE NEWSWIRE)",
    "link": "https://investors.designtx.com/news-releases/news-release-details/design-therapeutics-appoints-veteran-industry-executive-chris",
    "timestamp": "unknown"
  },
  {
    "title": "Design Therapeutics Appoints Veteran Industry Executive Chris Storgard, M.D., as Chief Medical Officer",
    "link": "https://investors.designtx.com/news-releases/news-release-details/design-therapeutics-appoints-veteran-industry-executive-chris",
    "timestamp": "unknown"
  },
  {
    "title": "PDF Version",
    "link": "https://investors.designtx.com/node//pdf",
    "timestamp": "unknown"
  },
  {
    "title": "PDF Version",
    "link": "https://investors.designtx.com/node//pdf",
    "timestamp": "unknown"
  },
  {
    "title": "Mar ,Design Therapeutics Highlights Progress Across Lead GeneTAC\u00ae Programs and Reports Fourth Quarter and Full Year  Financial ResultsInitiated Phase ",
    "link": "https://investors.designtx.com/news-releases/news-release-details/design-therapeutics-highlights-progress-across-lead-genetacr",
    "timestamp": "unknown"
  },
  {
    "title": "Design Therapeutics Highlights Progress Across Lead GeneTAC\u00ae Programs and Reports Fourth Quarter and Full Year  Financial Results",
    "link": "https://investors.designtx.com/news-releases/news-release-details/design-therapeutics-highlights-progress-across-lead-genetacr",
    "timestamp": "unknown"
  },
  {
    "title": "PDF Version",
    "link": "https://investors.designtx.com/node//pdf",
    "timestamp": "unknown"
  },
  {
    "title": "PDF Version",
    "link": "https://investors.designtx.com/node//pdf",
    "timestamp": "unknown"
  },
  {
    "title": "Mar ,Design Therapeutics to Participate in Leerink\u2019s Global Healthcare ConferenceCARLSBAD, Calif., March ,  (GLOBE NEWSWIRE) -- Design Therapeutics, I",
    "link": "https://investors.designtx.com/news-releases/news-release-details/design-therapeutics-participate-leerinks-global-healthcare",
    "timestamp": "unknown"
  },
  {
    "title": "Design Therapeutics to Participate in Leerink\u2019s Global Healthcare Conference",
    "link": "https://investors.designtx.com/news-releases/news-release-details/design-therapeutics-participate-leerinks-global-healthcare",
    "timestamp": "unknown"
  },
  {
    "title": "PDF Version",
    "link": "https://investors.designtx.com/node//pdf",
    "timestamp": "unknown"
  },
  {
    "title": "PDF Version",
    "link": "https://investors.designtx.com/node//pdf",
    "timestamp": "unknown"
  },
  {
    "title": "Nov ,Design Therapeutics to Participate in Multiple Upcoming Investor ConferencesCARLSBAD, Calif., Nov. ,  (GLOBE NEWSWIRE) -- Design Therapeutics, In",
    "link": "https://investors.designtx.com/news-releases/news-release-details/design-therapeutics-participate-multiple-upcoming-investor",
    "timestamp": "unknown"
  },
  {
    "title": "Design Therapeutics to Participate in Multiple Upcoming Investor Conferences",
    "link": "https://investors.designtx.com/news-releases/news-release-details/design-therapeutics-participate-multiple-upcoming-investor",
    "timestamp": "unknown"
  },
  {
    "title": "PDF Version",
    "link": "https://investors.designtx.com/node//pdf",
    "timestamp": "unknown"
  },
  {
    "title": "PDF Version",
    "link": "https://investors.designtx.com/node//pdf",
    "timestamp": "unknown"
  },
  {
    "title": "PaginationCurrent pagePagePagePagePageNext pagenext \u203aLast pagelast \u00bb",
    "link": "https://investors.designtx.com/news-and-events/news-releases?page=",
    "timestamp": "unknown"
  },
  {
    "title": "Current page",
    "link": "https://investors.designtx.com/news-and-events/news-releases?page=",
    "timestamp": "unknown"
  },
  {
    "title": "Page",
    "link": "https://investors.designtx.com/news-and-events/news-releases?page=",
    "timestamp": "unknown"
  },
  {
    "title": "Page",
    "link": "https://investors.designtx.com/news-and-events/news-releases?page=",
    "timestamp": "unknown"
  },
  {
    "title": "Page",
    "link": "https://investors.designtx.com/news-and-events/news-releases?page=",
    "timestamp": "unknown"
  },
  {
    "title": "Page",
    "link": "https://investors.designtx.com/news-and-events/news-releases?page=",
    "timestamp": "unknown"
  },
  {
    "title": "Next pagenext \u203a",
    "link": "https://investors.designtx.com/news-and-events/news-releases?page=",
    "timestamp": "unknown"
  },
  {
    "title": "Last pagelast \u00bb",
    "link": "https://investors.designtx.com/news-and-events/news-releases?page=",
    "timestamp": "unknown"
  },
  {
    "title": "Investor ToolsPrint PageRSS FeedsEmail PageEmail Alerts",
    "link": "javascript:window.print();",
    "timestamp": "unknown"
  },
  {
    "title": "Investor ToolsPrint PageRSS FeedsEmail PageEmail Alerts",
    "link": "javascript:window.print();",
    "timestamp": "unknown"
  },
  {
    "title": "Investor ToolsPrint PageRSS FeedsEmail PageEmail Alerts",
    "link": "javascript:window.print();",
    "timestamp": "unknown"
  },
  {
    "title": "Print Page",
    "link": "javascript:window.print();",
    "timestamp": "unknown"
  },
  {
    "title": "RSS Feeds",
    "link": "https://investors.designtx.com/rss-feeds",
    "timestamp": "unknown"
  },
  {
    "title": "Email Page",
    "link": "mailto:?body=https://investors.designtx.com/news-and-events/news-releases",
    "timestamp": "unknown"
  },
  {
    "title": "Email Alerts",
    "link": "https://investors.designtx.com/shareholder-services/email-alerts",
    "timestamp": "unknown"
  },
  {
    "title": "Design TherapeuticsHidden Valley RoadSuiteCarlsbad, CA--Investors & Mediarenee@thrustsc.comCareerswork@designtx.comGeneralinfo@designtx.com\u00a9  Design T",
    "link": "tel:--",
    "timestamp": "unknown"
  },
  {
    "title": "Design TherapeuticsHidden Valley RoadSuiteCarlsbad, CA--Investors & Mediarenee@thrustsc.comCareerswork@designtx.comGeneralinfo@designtx.com\u00a9  Design T",
    "link": "tel:--",
    "timestamp": "unknown"
  },
  {
    "title": "Design TherapeuticsHidden Valley RoadSuiteCarlsbad, CA--Investors & Mediarenee@thrustsc.comCareerswork@designtx.comGeneralinfo@designtx.com",
    "link": "tel:--",
    "timestamp": "unknown"
  },
  {
    "title": "Design TherapeuticsHidden Valley RoadSuiteCarlsbad, CA--Investors & Mediarenee@thrustsc.comCareerswork@designtx.comGeneralinfo@designtx.com",
    "link": "tel:--",
    "timestamp": "unknown"
  },
  {
    "title": "Design TherapeuticsHidden Valley RoadSuiteCarlsbad, CA--Investors & Mediarenee@thrustsc.comCareerswork@designtx.comGeneralinfo@designtx.com",
    "link": "tel:--",
    "timestamp": "unknown"
  },
  {
    "title": "Design TherapeuticsHidden Valley RoadSuiteCarlsbad, CA--Investors & Mediarenee@thrustsc.comCareerswork@designtx.comGeneralinfo@designtx.com",
    "link": "tel:--",
    "timestamp": "unknown"
  },
  {
    "title": "Design TherapeuticsHidden Valley RoadSuiteCarlsbad, CA--Investors & Mediarenee@thrustsc.comCareerswork@designtx.comGeneralinfo@designtx.com",
    "link": "tel:--",
    "timestamp": "unknown"
  },
  {
    "title": "Design TherapeuticsHidden Valley RoadSuiteCarlsbad, CA--",
    "link": "tel:--",
    "timestamp": "unknown"
  },
  {
    "title": "Design TherapeuticsHidden Valley RoadSuiteCarlsbad, CA--",
    "link": "tel:--",
    "timestamp": "unknown"
  },
  {
    "title": "Hidden Valley RoadSuiteCarlsbad, CA--",
    "link": "tel:--",
    "timestamp": "unknown"
  },
  {
    "title": "Investors & Mediarenee@thrustsc.com",
    "link": "mailto:renee@thrustsc.com",
    "timestamp": "unknown"
  },
  {
    "title": "Investors & Mediarenee@thrustsc.com",
    "link": "mailto:renee@thrustsc.com",
    "timestamp": "unknown"
  },
  {
    "title": "renee@thrustsc.com",
    "link": "mailto:renee@thrustsc.com",
    "timestamp": "unknown"
  },
  {
    "title": "Careerswork@designtx.com",
    "link": "mailto:work@designtx.com",
    "timestamp": "unknown"
  },
  {
    "title": "Careerswork@designtx.com",
    "link": "mailto:work@designtx.com",
    "timestamp": "unknown"
  },
  {
    "title": "work@designtx.com",
    "link": "mailto:work@designtx.com",
    "timestamp": "unknown"
  },
  {
    "title": "Generalinfo@designtx.com",
    "link": "mailto:info@designtx.com",
    "timestamp": "unknown"
  },
  {
    "title": "Generalinfo@designtx.com",
    "link": "mailto:info@designtx.com",
    "timestamp": "unknown"
  },
  {
    "title": "info@designtx.com",
    "link": "mailto:info@designtx.com",
    "timestamp": "unknown"
  },
  {
    "title": "\u00a9  Design Therapeutics, Inc. All Rights Reserved. |Privacy Policy|Terms of Use",
    "link": "https://www.designtx.com/privacy-policy/",
    "timestamp": "unknown"
  },
  {
    "title": "\u00a9  Design Therapeutics, Inc. All Rights Reserved. |Privacy Policy|Terms of Use",
    "link": "https://www.designtx.com/privacy-policy/",
    "timestamp": "unknown"
  },
  {
    "title": "\u00a9  Design Therapeutics, Inc. All Rights Reserved. |Privacy Policy|Terms of Use",
    "link": "https://www.designtx.com/privacy-policy/",
    "timestamp": "unknown"
  }
]