[
  {
    "title": "Investor RelationsAbout UsOur ApproachOur ProgramsPatientsInvestorsHomeNews & EventsNews ReleasesEvents & PresentationsAnalyst CoverageStock Informati",
    "link": "https://www.designtx.com/",
    "timestamp": "unknown"
  },
  {
    "title": "Investor RelationsAbout UsOur ApproachOur ProgramsPatientsInvestorsHomeNews & EventsNews ReleasesEvents & PresentationsAnalyst CoverageStock Informati",
    "link": "https://www.designtx.com/",
    "timestamp": "unknown"
  },
  {
    "title": "Investor RelationsAbout UsOur ApproachOur ProgramsPatientsInvestorsHomeNews & EventsNews ReleasesEvents & PresentationsAnalyst CoverageStock Informati",
    "link": "https://www.designtx.com/",
    "timestamp": "unknown"
  },
  {
    "title": "Investor RelationsAbout UsOur ApproachOur ProgramsPatientsInvestorsHomeNews & EventsNews ReleasesEvents & PresentationsAnalyst CoverageStock Informati",
    "link": "https://www.designtx.com/",
    "timestamp": "unknown"
  },
  {
    "title": "Investor RelationsAbout UsOur ApproachOur ProgramsPatientsInvestorsHomeNews & EventsNews ReleasesEvents & PresentationsAnalyst CoverageStock Informati",
    "link": "https://www.designtx.com/about-us/",
    "timestamp": "unknown"
  },
  {
    "title": "Investor RelationsAbout UsOur ApproachOur ProgramsPatientsInvestorsHomeNews & EventsNews ReleasesEvents & PresentationsAnalyst CoverageStock Informati",
    "link": "https://www.designtx.com/about-us/",
    "timestamp": "unknown"
  },
  {
    "title": "About Us",
    "link": "https://www.designtx.com/about-us/",
    "timestamp": "unknown"
  },
  {
    "title": "Our Approach",
    "link": "https://www.designtx.com/our-approach/",
    "timestamp": "unknown"
  },
  {
    "title": "Our Programs",
    "link": "https://www.designtx.com/our-programs/",
    "timestamp": "unknown"
  },
  {
    "title": "Patients",
    "link": "https://www.designtx.com/patients/",
    "timestamp": "unknown"
  },
  {
    "title": "InvestorsHomeNews & EventsNews ReleasesEvents & PresentationsAnalyst CoverageStock InformationStock Quote & ChartCorporate GovernanceDocuments & Chart",
    "link": "https://investors.designtx.com/",
    "timestamp": "unknown"
  },
  {
    "title": "Home",
    "link": "https://investors.designtx.com/",
    "timestamp": "unknown"
  },
  {
    "title": "News & EventsNews ReleasesEvents & Presentations",
    "link": "https://investors.designtx.com/news-and-events/news-releases",
    "timestamp": "unknown"
  },
  {
    "title": "News Releases",
    "link": "https://investors.designtx.com/news-and-events/news-releases",
    "timestamp": "unknown"
  },
  {
    "title": "Events & Presentations",
    "link": "https://investors.designtx.com/news-and-events/events-presentation",
    "timestamp": "unknown"
  },
  {
    "title": "Analyst Coverage",
    "link": "https://investors.designtx.com/stock-information/analyst-coverage",
    "timestamp": "unknown"
  },
  {
    "title": "Stock InformationStock Quote & Chart",
    "link": "https://investors.designtx.com/stock-information/stock-quote-chart",
    "timestamp": "unknown"
  },
  {
    "title": "Stock Quote & Chart",
    "link": "https://investors.designtx.com/stock-information/stock-quote-chart",
    "timestamp": "unknown"
  },
  {
    "title": "Corporate GovernanceDocuments & ChartersManagement TeamBoard of DirectorsCommittee Composition",
    "link": "https://investors.designtx.com/corporate-governance/governance-overview",
    "timestamp": "unknown"
  },
  {
    "title": "Documents & Charters",
    "link": "https://investors.designtx.com/corporate-governance/governance-overview",
    "timestamp": "unknown"
  },
  {
    "title": "Management Team",
    "link": "https://www.designtx.com/about-us/",
    "timestamp": "unknown"
  },
  {
    "title": "Board of Directors",
    "link": "https://www.designtx.com/about-us/",
    "timestamp": "unknown"
  },
  {
    "title": "Committee Composition",
    "link": "https://investors.designtx.com/corporate-governance/committee-composition",
    "timestamp": "unknown"
  },
  {
    "title": "Financials & FilingsSEC Filings",
    "link": "https://investors.designtx.com/financial-information/sec-filings",
    "timestamp": "unknown"
  },
  {
    "title": "SEC Filings",
    "link": "https://investors.designtx.com/financial-information/sec-filings",
    "timestamp": "unknown"
  },
  {
    "title": "Investor ResourcesFAQsEmail AlertsContact IR",
    "link": "https://investors.designtx.com/shareholder-services/investor-faqs",
    "timestamp": "unknown"
  },
  {
    "title": "FAQs",
    "link": "https://investors.designtx.com/shareholder-services/investor-faqs",
    "timestamp": "unknown"
  },
  {
    "title": "Email Alerts",
    "link": "https://investors.designtx.com/shareholder-services/email-alerts",
    "timestamp": "unknown"
  },
  {
    "title": "Contact IR",
    "link": "https://investors.designtx.com/shareholder-services/contact-ir",
    "timestamp": "unknown"
  },
  {
    "title": "Careers",
    "link": "https://www.designtx.com/careers/",
    "timestamp": "unknown"
  },
  {
    "title": "SEC FilingsGroup,,Annual FilingsCurrent ReportsMergers & AcquisitionsOtherProxy FilingsQuarterly FilingsRegistration StatementsFiling year- Any -Items",
    "link": "https://investors.designtx.com/financial-information/sec-filings?items_per_page=&order=field_nir_sec_date_filed&sort=asc",
    "timestamp": "unknown"
  },
  {
    "title": "Group,,Annual FilingsCurrent ReportsMergers & AcquisitionsOtherProxy FilingsQuarterly FilingsRegistration StatementsFiling year- Any -Items per pageFi",
    "link": "https://investors.designtx.com/financial-information/sec-filings?items_per_page=&order=field_nir_sec_date_filed&sort=asc",
    "timestamp": "unknown"
  },
  {
    "title": "Group,,Annual FilingsCurrent ReportsMergers & AcquisitionsOtherProxy FilingsQuarterly FilingsRegistration StatementsFiling year- Any -Items per pageFi",
    "link": "https://investors.designtx.com/financial-information/sec-filings?items_per_page=&order=field_nir_sec_date_filed&sort=asc",
    "timestamp": "unknown"
  },
  {
    "title": "Group,,Annual FilingsCurrent ReportsMergers & AcquisitionsOtherProxy FilingsQuarterly FilingsRegistration StatementsFiling year- Any -Items per pageFi",
    "link": "https://investors.designtx.com/financial-information/sec-filings?items_per_page=&order=field_nir_sec_date_filed&sort=asc",
    "timestamp": "unknown"
  },
  {
    "title": "Group,,Annual FilingsCurrent ReportsMergers & AcquisitionsOtherProxy FilingsQuarterly FilingsRegistration StatementsFiling year- Any -Items per pageFi",
    "link": "https://investors.designtx.com/financial-information/sec-filings?items_per_page=&order=field_nir_sec_date_filed&sort=asc",
    "timestamp": "unknown"
  },
  {
    "title": "Group,,Annual FilingsCurrent ReportsMergers & AcquisitionsOtherProxy FilingsQuarterly FilingsRegistration StatementsFiling year- Any -Items per pageFi",
    "link": "https://investors.designtx.com/financial-information/sec-filings?items_per_page=&order=field_nir_sec_date_filed&sort=asc",
    "timestamp": "unknown"
  },
  {
    "title": "Group,,Annual FilingsCurrent ReportsMergers & AcquisitionsOtherProxy FilingsQuarterly FilingsRegistration StatementsFiling year- Any -Items per pageFi",
    "link": "https://investors.designtx.com/financial-information/sec-filings?items_per_page=&order=field_nir_sec_date_filed&sort=asc",
    "timestamp": "unknown"
  },
  {
    "title": "Group,,Annual FilingsCurrent ReportsMergers & AcquisitionsOtherProxy FilingsQuarterly FilingsRegistration StatementsFiling year- Any -Items per pageFi",
    "link": "https://investors.designtx.com/financial-information/sec-filings?items_per_page=&order=field_nir_sec_date_filed&sort=asc",
    "timestamp": "unknown"
  },
  {
    "title": "Group,,Annual FilingsCurrent ReportsMergers & AcquisitionsOtherProxy FilingsQuarterly FilingsRegistration StatementsFiling year- Any -Items per pageFi",
    "link": "https://investors.designtx.com/financial-information/sec-filings?items_per_page=&order=field_nir_sec_date_filed&sort=asc",
    "timestamp": "unknown"
  },
  {
    "title": "Group,,Annual FilingsCurrent ReportsMergers & AcquisitionsOtherProxy FilingsQuarterly FilingsRegistration StatementsFiling year- Any -Items per pageFi",
    "link": "https://investors.designtx.com/financial-information/sec-filings?items_per_page=&order=field_nir_sec_date_filed&sort=asc",
    "timestamp": "unknown"
  },
  {
    "title": "Group,,Annual FilingsCurrent ReportsMergers & AcquisitionsOtherProxy FilingsQuarterly FilingsRegistration StatementsFiling year- Any -Items per pageFi",
    "link": "https://investors.designtx.com/financial-information/sec-filings?items_per_page=&order=field_nir_sec_date_filed&sort=asc",
    "timestamp": "unknown"
  },
  {
    "title": "Group,,Annual FilingsCurrent ReportsMergers & AcquisitionsOtherProxy FilingsQuarterly FilingsRegistration StatementsFiling year- Any -Items per pageFi",
    "link": "https://investors.designtx.com/financial-information/sec-filings?items_per_page=&order=field_nir_sec_date_filed&sort=asc",
    "timestamp": "unknown"
  },
  {
    "title": "Group,,Annual FilingsCurrent ReportsMergers & AcquisitionsOtherProxy FilingsQuarterly FilingsRegistration StatementsFiling year- Any -Items per pageFi",
    "link": "https://investors.designtx.com/financial-information/sec-filings?items_per_page=&order=field_nir_sec_date_filed&sort=asc",
    "timestamp": "unknown"
  },
  {
    "title": "Group,,Annual FilingsCurrent ReportsMergers & AcquisitionsOtherProxy FilingsQuarterly FilingsRegistration StatementsFiling year- Any -Items per pageFi",
    "link": "https://investors.designtx.com/financial-information/sec-filings?items_per_page=&order=field_nir_sec_date_filed&sort=asc",
    "timestamp": "unknown"
  },
  {
    "title": "Group,,Annual FilingsCurrent ReportsMergers & AcquisitionsOtherProxy FilingsQuarterly FilingsRegistration StatementsFiling year- Any -Items per pageFi",
    "link": "https://investors.designtx.com/financial-information/sec-filings?items_per_page=&order=field_nir_sec_date_filed&sort=asc",
    "timestamp": "unknown"
  },
  {
    "title": "Group,,Annual FilingsCurrent ReportsMergers & AcquisitionsOtherProxy FilingsQuarterly FilingsRegistration StatementsFiling year- Any -Items per pageFi",
    "link": "https://investors.designtx.com/financial-information/sec-filings?items_per_page=&order=field_nir_sec_date_filed&sort=asc",
    "timestamp": "unknown"
  },
  {
    "title": "Group,,Annual FilingsCurrent ReportsMergers & AcquisitionsOtherProxy FilingsQuarterly FilingsRegistration StatementsFiling year- Any -Items per pageFi",
    "link": "https://investors.designtx.com/financial-information/sec-filings?items_per_page=&order=field_nir_sec_date_filed&sort=asc",
    "timestamp": "unknown"
  },
  {
    "title": "Group,,Annual FilingsCurrent ReportsMergers & AcquisitionsOtherProxy FilingsQuarterly FilingsRegistration StatementsFiling year- Any -Items per pageFi",
    "link": "https://investors.designtx.com/financial-information/sec-filings?items_per_page=&order=field_nir_sec_date_filed&sort=asc",
    "timestamp": "unknown"
  },
  {
    "title": "Group,,Annual FilingsCurrent ReportsMergers & AcquisitionsOtherProxy FilingsQuarterly FilingsRegistration StatementsFiling year- Any -Items per pageFi",
    "link": "https://investors.designtx.com/financial-information/sec-filings?items_per_page=&order=field_nir_sec_date_filed&sort=asc",
    "timestamp": "unknown"
  },
  {
    "title": "Group,,Annual FilingsCurrent ReportsMergers & AcquisitionsOtherProxy FilingsQuarterly FilingsRegistration StatementsFiling year- Any -Items per pageFi",
    "link": "https://investors.designtx.com/financial-information/sec-filings?items_per_page=&order=field_nir_sec_date_filed&sort=asc",
    "timestamp": "unknown"
  },
  {
    "title": "Group,,Annual FilingsCurrent ReportsMergers & AcquisitionsOtherProxy FilingsQuarterly FilingsRegistration StatementsFiling year- Any -Items per pageFi",
    "link": "https://investors.designtx.com/financial-information/sec-filings?items_per_page=&order=field_nir_sec_date_filed&sort=asc",
    "timestamp": "unknown"
  },
  {
    "title": "Group,,Annual FilingsCurrent ReportsMergers & AcquisitionsOtherProxy FilingsQuarterly FilingsRegistration StatementsFiling year- Any -Items per pageFi",
    "link": "https://investors.designtx.com/financial-information/sec-filings?items_per_page=&order=field_nir_sec_date_filed&sort=asc",
    "timestamp": "unknown"
  },
  {
    "title": "Group,,Annual FilingsCurrent ReportsMergers & AcquisitionsOtherProxy FilingsQuarterly FilingsRegistration StatementsFiling year- Any -Items per pageFi",
    "link": "https://investors.designtx.com/financial-information/sec-filings?items_per_page=&order=field_nir_sec_date_filed&sort=asc",
    "timestamp": "unknown"
  },
  {
    "title": "Filing dateDescriptionFormViewJun ,Report of unscheduled material events or corporate event-K--.pdf--.rtf--.xlsEX-.SCH - XBRL TAXONOMY EXTENSION SCHEM",
    "link": "https://investors.designtx.com/financial-information/sec-filings?items_per_page=&order=field_nir_sec_date_filed&sort=asc",
    "timestamp": "unknown"
  },
  {
    "title": "Filing dateDescriptionFormView",
    "link": "https://investors.designtx.com/financial-information/sec-filings?items_per_page=&order=field_nir_sec_date_filed&sort=asc",
    "timestamp": "unknown"
  },
  {
    "title": "Jun ,Report of unscheduled material events or corporate event-K--.pdf--.rtf--.xlsEX-.SCH - XBRL TAXONOMY EXTENSION SCHEMAView HTML",
    "link": "https://investors.designtx.com/sec-filings/sec-filing/-k/--",
    "timestamp": "unknown"
  },
  {
    "title": "--.pdf",
    "link": "https://investors.designtx.com/static-files/d60d5ff2-019a-46b7-b7df-19e2bbccf40f",
    "timestamp": "unknown"
  },
  {
    "title": "--.rtf",
    "link": "https://investors.designtx.com/static-files/f21318c0-8f12--a9e1-aa3ce57f9223",
    "timestamp": "unknown"
  },
  {
    "title": "--.xls",
    "link": "https://investors.designtx.com/static-files/3a5cf8be--47f1-b493-f3d2c743637c",
    "timestamp": "unknown"
  },
  {
    "title": "Jun ,Statement of changes in beneficial ownership of securities--.pdf--.rtf--.xlsView HTML",
    "link": "https://investors.designtx.com/sec-filings/sec-filing//--",
    "timestamp": "unknown"
  },
  {
    "title": "--.pdf",
    "link": "https://investors.designtx.com/static-files/8ec0c8c9-fe55-4ca5-a325-4c2dc1c3840b",
    "timestamp": "unknown"
  },
  {
    "title": "--.rtf",
    "link": "https://investors.designtx.com/static-files/dff16b9e-ce80--afbc-5edd270aca72",
    "timestamp": "unknown"
  },
  {
    "title": "--.xls",
    "link": "https://investors.designtx.com/static-files/91c1f2a3-386b--bbe0-04c81a40b9a1",
    "timestamp": "unknown"
  },
  {
    "title": "Jun ,Statement of changes in beneficial ownership of securities--.pdf--.rtf--.xlsView HTML",
    "link": "https://investors.designtx.com/sec-filings/sec-filing//--",
    "timestamp": "unknown"
  },
  {
    "title": "--.pdf",
    "link": "https://investors.designtx.com/static-files/8d9aaa3e--46ea-893d-ceb8bb9efb14",
    "timestamp": "unknown"
  },
  {
    "title": "--.rtf",
    "link": "https://investors.designtx.com/static-files/9a7541a1--41e3-afdc-b12750b112b3",
    "timestamp": "unknown"
  },
  {
    "title": "--.xls",
    "link": "https://investors.designtx.com/static-files/f7452fb8---996c-ed11a0daf6f2",
    "timestamp": "unknown"
  },
  {
    "title": "Jun ,Statement of changes in beneficial ownership of securities--.pdf--.rtf--.xlsView HTML",
    "link": "https://investors.designtx.com/sec-filings/sec-filing//--",
    "timestamp": "unknown"
  },
  {
    "title": "--.pdf",
    "link": "https://investors.designtx.com/static-files/bc63ee5b-b46a-4eff-a5ab-e7450c774ef1",
    "timestamp": "unknown"
  },
  {
    "title": "--.rtf",
    "link": "https://investors.designtx.com/static-files/692c8587-7fc4-47f8-a903-26602af5bd43",
    "timestamp": "unknown"
  },
  {
    "title": "--.xls",
    "link": "https://investors.designtx.com/static-files/3ee0b24f-3b32-4d9d-935a-bffc073f6211",
    "timestamp": "unknown"
  },
  {
    "title": "Jun ,Statement of changes in beneficial ownership of securities--.pdf--.rtf--.xlsView HTML",
    "link": "https://investors.designtx.com/sec-filings/sec-filing//--",
    "timestamp": "unknown"
  },
  {
    "title": "--.pdf",
    "link": "https://investors.designtx.com/static-files/fd1d7891-81c1-44d4-adeb-b4d5262851b9",
    "timestamp": "unknown"
  },
  {
    "title": "--.rtf",
    "link": "https://investors.designtx.com/static-files/653cbe08--4ef8-85e8-7c40a4cd9157",
    "timestamp": "unknown"
  },
  {
    "title": "--.xls",
    "link": "https://investors.designtx.com/static-files/bc2fd0d4-7d5e-4f6b-b39a-1010eb2f49c1",
    "timestamp": "unknown"
  },
  {
    "title": "Jun ,Statement of changes in beneficial ownership of securities--.pdf--.rtf--.xlsView HTML",
    "link": "https://investors.designtx.com/sec-filings/sec-filing//--",
    "timestamp": "unknown"
  },
  {
    "title": "--.pdf",
    "link": "https://investors.designtx.com/static-files/f933a1bd-425a-4e1f-9dfb-6a85a958e405",
    "timestamp": "unknown"
  },
  {
    "title": "--.rtf",
    "link": "https://investors.designtx.com/static-files/062ea62c-7de6-47ce-a6b2-5650b27eb584",
    "timestamp": "unknown"
  },
  {
    "title": "--.xls",
    "link": "https://investors.designtx.com/static-files/4d53014f-813c-419b-bf54-72dee30b7a63",
    "timestamp": "unknown"
  },
  {
    "title": "Jun ,Statement of changes in beneficial ownership of securities--.pdf--.rtf--.xlsView HTML",
    "link": "https://investors.designtx.com/sec-filings/sec-filing//--",
    "timestamp": "unknown"
  },
  {
    "title": "--.pdf",
    "link": "https://investors.designtx.com/static-files/f4c3e2da--424f-99ec-d70a7f0fdcd8",
    "timestamp": "unknown"
  },
  {
    "title": "--.rtf",
    "link": "https://investors.designtx.com/static-files/0f10b303-c275-4af0-a803-2fc7f79facad",
    "timestamp": "unknown"
  },
  {
    "title": "--.xls",
    "link": "https://investors.designtx.com/static-files/c019c9b2-7c9f-4c30-a4c3-061e81e87912",
    "timestamp": "unknown"
  },
  {
    "title": "May ,Initial filing by director officer or owner of more than ten percent--.pdf--.rtf--.xlsView HTML",
    "link": "https://investors.designtx.com/sec-filings/sec-filing//--",
    "timestamp": "unknown"
  },
  {
    "title": "--.pdf",
    "link": "https://investors.designtx.com/static-files/08dbadda-82c3--a85f-57c2861684f4",
    "timestamp": "unknown"
  },
  {
    "title": "--.rtf",
    "link": "https://investors.designtx.com/static-files/c88b07fc-5ac0-402b-aff7-6abdcd8c785e",
    "timestamp": "unknown"
  },
  {
    "title": "--.xls",
    "link": "https://investors.designtx.com/static-files/69cdc02a-9b63--8a07-886d23d79219",
    "timestamp": "unknown"
  },
  {
    "title": "May ,Statement of changes in beneficial ownership of securities--.pdf--.rtf--.xlsView HTML",
    "link": "https://investors.designtx.com/sec-filings/sec-filing//--",
    "timestamp": "unknown"
  },
  {
    "title": "--.pdf",
    "link": "https://investors.designtx.com/static-files/83f925a1-358e-47b5-8a44-8d85f52c39a4",
    "timestamp": "unknown"
  },
  {
    "title": "--.rtf",
    "link": "https://investors.designtx.com/static-files/76b06d98-0e52--a2f0-4c4899fd54bf",
    "timestamp": "unknown"
  },
  {
    "title": "--.xls",
    "link": "https://investors.designtx.com/static-files/fab965f7--4ead-9bf5-004ba2cff660",
    "timestamp": "unknown"
  },
  {
    "title": "May ,EFFECTEFFECT--.pdf--.rtf--.xlsView HTML",
    "link": "https://investors.designtx.com/sec-filings/sec-filing/effect/--",
    "timestamp": "unknown"
  },
  {
    "title": "--.pdf",
    "link": "https://investors.designtx.com/static-files/69180e06-d206-44fe-8b66-35b03e03e86b",
    "timestamp": "unknown"
  },
  {
    "title": "--.rtf",
    "link": "https://investors.designtx.com/static-files/69fa4727-d55c-44e2-95aa-efb3d609031b",
    "timestamp": "unknown"
  },
  {
    "title": "--.xls",
    "link": "https://investors.designtx.com/static-files/7d1f9de1-0daf---c139b913a624",
    "timestamp": "unknown"
  },
  {
    "title": "Current page",
    "link": "https://investors.designtx.com/financial-information/sec-filings?&field_nir_sec_cik_target_id=&field_nir_sec_date_filed_value=&&&items_per_page_toggle=&page=",
    "timestamp": "unknown"
  },
  {
    "title": "Page",
    "link": "https://investors.designtx.com/financial-information/sec-filings?&field_nir_sec_cik_target_id=&field_nir_sec_date_filed_value=&&&items_per_page_toggle=&page=",
    "timestamp": "unknown"
  },
  {
    "title": "Page",
    "link": "https://investors.designtx.com/financial-information/sec-filings?&field_nir_sec_cik_target_id=&field_nir_sec_date_filed_value=&&&items_per_page_toggle=&page=",
    "timestamp": "unknown"
  },
  {
    "title": "Page",
    "link": "https://investors.designtx.com/financial-information/sec-filings?&field_nir_sec_cik_target_id=&field_nir_sec_date_filed_value=&&&items_per_page_toggle=&page=",
    "timestamp": "unknown"
  },
  {
    "title": "Page",
    "link": "https://investors.designtx.com/financial-information/sec-filings?&field_nir_sec_cik_target_id=&field_nir_sec_date_filed_value=&&&items_per_page_toggle=&page=",
    "timestamp": "unknown"
  },
  {
    "title": "Page",
    "link": "https://investors.designtx.com/financial-information/sec-filings?&field_nir_sec_cik_target_id=&field_nir_sec_date_filed_value=&&&items_per_page_toggle=&page=",
    "timestamp": "unknown"
  },
  {
    "title": "Page",
    "link": "https://investors.designtx.com/financial-information/sec-filings?&field_nir_sec_cik_target_id=&field_nir_sec_date_filed_value=&&&items_per_page_toggle=&page=",
    "timestamp": "unknown"
  },
  {
    "title": "Page",
    "link": "https://investors.designtx.com/financial-information/sec-filings?&field_nir_sec_cik_target_id=&field_nir_sec_date_filed_value=&&&items_per_page_toggle=&page=",
    "timestamp": "unknown"
  },
  {
    "title": "Page",
    "link": "https://investors.designtx.com/financial-information/sec-filings?&field_nir_sec_cik_target_id=&field_nir_sec_date_filed_value=&&&items_per_page_toggle=&page=",
    "timestamp": "unknown"
  },
  {
    "title": "Next pageNext \u203a",
    "link": "https://investors.designtx.com/financial-information/sec-filings?&field_nir_sec_cik_target_id=&field_nir_sec_date_filed_value=&&&items_per_page_toggle=&page=",
    "timestamp": "unknown"
  },
  {
    "title": "Last pageLast \u00bb",
    "link": "https://investors.designtx.com/financial-information/sec-filings?&field_nir_sec_cik_target_id=&field_nir_sec_date_filed_value=&&&items_per_page_toggle=&page=",
    "timestamp": "unknown"
  },
  {
    "title": "Data provided byKaleidoscope.",
    "link": "https://www.kscope.io",
    "timestamp": "unknown"
  },
  {
    "title": "Data provided byKaleidoscope.",
    "link": "https://www.kscope.io",
    "timestamp": "unknown"
  },
  {
    "title": "Investor ToolsPrint PageRSS FeedsEmail PageEmail Alerts",
    "link": "javascript:window.print();",
    "timestamp": "unknown"
  },
  {
    "title": "Investor ToolsPrint PageRSS FeedsEmail PageEmail Alerts",
    "link": "javascript:window.print();",
    "timestamp": "unknown"
  },
  {
    "title": "Investor ToolsPrint PageRSS FeedsEmail PageEmail Alerts",
    "link": "javascript:window.print();",
    "timestamp": "unknown"
  },
  {
    "title": "Print Page",
    "link": "javascript:window.print();",
    "timestamp": "unknown"
  },
  {
    "title": "RSS Feeds",
    "link": "https://investors.designtx.com/rss-feeds",
    "timestamp": "unknown"
  },
  {
    "title": "Email Page",
    "link": "mailto:?body=https://investors.designtx.com/financial-information/sec-filings",
    "timestamp": "unknown"
  },
  {
    "title": "Email Alerts",
    "link": "https://investors.designtx.com/shareholder-services/email-alerts",
    "timestamp": "unknown"
  },
  {
    "title": "Design TherapeuticsHidden Valley RoadSuiteCarlsbad, CA--Investors & Mediarenee@thrustsc.comCareerswork@designtx.comGeneralinfo@designtx.com\u00a9  Design T",
    "link": "tel:--",
    "timestamp": "unknown"
  },
  {
    "title": "Design TherapeuticsHidden Valley RoadSuiteCarlsbad, CA--Investors & Mediarenee@thrustsc.comCareerswork@designtx.comGeneralinfo@designtx.com\u00a9  Design T",
    "link": "tel:--",
    "timestamp": "unknown"
  },
  {
    "title": "Design TherapeuticsHidden Valley RoadSuiteCarlsbad, CA--Investors & Mediarenee@thrustsc.comCareerswork@designtx.comGeneralinfo@designtx.com",
    "link": "tel:--",
    "timestamp": "unknown"
  },
  {
    "title": "Design TherapeuticsHidden Valley RoadSuiteCarlsbad, CA--Investors & Mediarenee@thrustsc.comCareerswork@designtx.comGeneralinfo@designtx.com",
    "link": "tel:--",
    "timestamp": "unknown"
  },
  {
    "title": "Design TherapeuticsHidden Valley RoadSuiteCarlsbad, CA--Investors & Mediarenee@thrustsc.comCareerswork@designtx.comGeneralinfo@designtx.com",
    "link": "tel:--",
    "timestamp": "unknown"
  },
  {
    "title": "Design TherapeuticsHidden Valley RoadSuiteCarlsbad, CA--Investors & Mediarenee@thrustsc.comCareerswork@designtx.comGeneralinfo@designtx.com",
    "link": "tel:--",
    "timestamp": "unknown"
  },
  {
    "title": "Design TherapeuticsHidden Valley RoadSuiteCarlsbad, CA--Investors & Mediarenee@thrustsc.comCareerswork@designtx.comGeneralinfo@designtx.com",
    "link": "tel:--",
    "timestamp": "unknown"
  },
  {
    "title": "Design TherapeuticsHidden Valley RoadSuiteCarlsbad, CA--",
    "link": "tel:--",
    "timestamp": "unknown"
  },
  {
    "title": "Design TherapeuticsHidden Valley RoadSuiteCarlsbad, CA--",
    "link": "tel:--",
    "timestamp": "unknown"
  },
  {
    "title": "Hidden Valley RoadSuiteCarlsbad, CA--",
    "link": "tel:--",
    "timestamp": "unknown"
  },
  {
    "title": "Investors & Mediarenee@thrustsc.com",
    "link": "mailto:renee@thrustsc.com",
    "timestamp": "unknown"
  },
  {
    "title": "Investors & Mediarenee@thrustsc.com",
    "link": "mailto:renee@thrustsc.com",
    "timestamp": "unknown"
  },
  {
    "title": "renee@thrustsc.com",
    "link": "mailto:renee@thrustsc.com",
    "timestamp": "unknown"
  },
  {
    "title": "Careerswork@designtx.com",
    "link": "mailto:work@designtx.com",
    "timestamp": "unknown"
  },
  {
    "title": "Careerswork@designtx.com",
    "link": "mailto:work@designtx.com",
    "timestamp": "unknown"
  },
  {
    "title": "work@designtx.com",
    "link": "mailto:work@designtx.com",
    "timestamp": "unknown"
  },
  {
    "title": "Generalinfo@designtx.com",
    "link": "mailto:info@designtx.com",
    "timestamp": "unknown"
  },
  {
    "title": "Generalinfo@designtx.com",
    "link": "mailto:info@designtx.com",
    "timestamp": "unknown"
  },
  {
    "title": "info@designtx.com",
    "link": "mailto:info@designtx.com",
    "timestamp": "unknown"
  },
  {
    "title": "\u00a9  Design Therapeutics, Inc. All Rights Reserved. |Privacy Policy|Terms of Use",
    "link": "https://www.designtx.com/privacy-policy/",
    "timestamp": "unknown"
  },
  {
    "title": "\u00a9  Design Therapeutics, Inc. All Rights Reserved. |Privacy Policy|Terms of Use",
    "link": "https://www.designtx.com/privacy-policy/",
    "timestamp": "unknown"
  },
  {
    "title": "\u00a9  Design Therapeutics, Inc. All Rights Reserved. |Privacy Policy|Terms of Use",
    "link": "https://www.designtx.com/privacy-policy/",
    "timestamp": "unknown"
  }
]