[
  {
    "title": "HomeCompanyAbout UsExecutive TeamBoard of DirectorsScientific & Clinical AdvisorsPartnersTechnologyItolizumabMulti-Cytokine Inhibitor PlatformPublicat",
    "link": "https://www.equilliumbio.com/home/default.aspx",
    "timestamp": "unknown"
  },
  {
    "title": "CompanyAbout UsExecutive TeamBoard of DirectorsScientific & Clinical AdvisorsPartners",
    "link": "https://www.equilliumbio.com/company/default.aspx",
    "timestamp": "unknown"
  },
  {
    "title": "About Us",
    "link": "https://www.equilliumbio.com/company/",
    "timestamp": "unknown"
  },
  {
    "title": "Executive Team",
    "link": "https://www.equilliumbio.com/company/#executive-team",
    "timestamp": "unknown"
  },
  {
    "title": "Board of Directors",
    "link": "https://www.equilliumbio.com/company/#bod",
    "timestamp": "unknown"
  },
  {
    "title": "Scientific & Clinical Advisors",
    "link": "https://www.equilliumbio.com/company/#scientific-clinical-advisors",
    "timestamp": "unknown"
  },
  {
    "title": "Partners",
    "link": "https://www.equilliumbio.com/company/#our-partners",
    "timestamp": "unknown"
  },
  {
    "title": "TechnologyItolizumabMulti-Cytokine Inhibitor PlatformPublicationsPresentations",
    "link": "https://www.equilliumbio.com/technology/default.aspx",
    "timestamp": "unknown"
  },
  {
    "title": "Itolizumab",
    "link": "https://www.equilliumbio.com/technology",
    "timestamp": "unknown"
  },
  {
    "title": "Multi-Cytokine Inhibitor Platform",
    "link": "https://www.equilliumbio.com/technology/Multi-Cytokine-Platform/default.aspx",
    "timestamp": "unknown"
  },
  {
    "title": "Publications",
    "link": "https://www.equilliumbio.com/technology/publications-presentations/default.aspx",
    "timestamp": "unknown"
  },
  {
    "title": "Presentations",
    "link": "https://www.equilliumbio.com/technology/Presentations-Technology/default.aspx",
    "timestamp": "unknown"
  },
  {
    "title": "ClinicalPipelineClinical StudiesExpanded Access Policy",
    "link": "https://www.equilliumbio.com/clinical/default.aspx",
    "timestamp": "unknown"
  },
  {
    "title": "Pipeline",
    "link": "https://www.equilliumbio.com/clinical",
    "timestamp": "unknown"
  },
  {
    "title": "Clinical Studies",
    "link": "https://www.equilliumbio.com/clinical/clinical-studies/default.aspx",
    "timestamp": "unknown"
  },
  {
    "title": "Expanded Access Policy",
    "link": "https://www.equilliumbio.com/clinical/Policy/default.aspx",
    "timestamp": "unknown"
  },
  {
    "title": "InvestorsInvestor OverviewStock InformationStock ChartAnalyst CoveragePress ReleasesEvents & PresentationsEmail Alerts & ContactsSEC FilingsCorporate ",
    "link": "https://www.equilliumbio.com/investors/default.aspx",
    "timestamp": "unknown"
  },
  {
    "title": "Investor Overview",
    "link": "https://www.equilliumbio.com/investors/#investor-overview",
    "timestamp": "unknown"
  },
  {
    "title": "Stock InformationStock ChartAnalyst Coverage",
    "link": "https://www.equilliumbio.com/investors/stock-information/stock-chart/default.aspx",
    "timestamp": "unknown"
  },
  {
    "title": "Stock Chart",
    "link": "https://www.equilliumbio.com/investors/stock-information/stock-chart/default.aspx",
    "timestamp": "unknown"
  },
  {
    "title": "Analyst Coverage",
    "link": "https://www.equilliumbio.com/investors/stock-information/analyst-coverage/default.aspx",
    "timestamp": "unknown"
  },
  {
    "title": "Press Releases",
    "link": "https://www.equilliumbio.com/investors/press-releases/default.aspx",
    "timestamp": "unknown"
  },
  {
    "title": "Events & Presentations",
    "link": "https://www.equilliumbio.com/investors/events-and-presentations/default.aspx",
    "timestamp": "unknown"
  },
  {
    "title": "Email Alerts & Contacts",
    "link": "https://www.equilliumbio.com/investors/email-alerts/default.aspx",
    "timestamp": "unknown"
  },
  {
    "title": "SEC Filings",
    "link": "https://www.equilliumbio.com/investors/sec-filings/default.aspx",
    "timestamp": "unknown"
  },
  {
    "title": "Corporate GovernanceGovernance DocumentsCommittee Composition",
    "link": "https://www.equilliumbio.com/investors/corporate-governance/governance-documents/default.aspx",
    "timestamp": "unknown"
  },
  {
    "title": "Governance Documents",
    "link": "https://www.equilliumbio.com/investors/corporate-governance/governance-documents/default.aspx",
    "timestamp": "unknown"
  },
  {
    "title": "Committee Composition",
    "link": "https://www.equilliumbio.com/investors/corporate-governance/committee-composition/default.aspx",
    "timestamp": "unknown"
  },
  {
    "title": "Investor FAQs",
    "link": "https://www.equilliumbio.com/investors/investor-faqs/default.aspx",
    "timestamp": "unknown"
  },
  {
    "title": "Careers",
    "link": "https://www.equilliumbio.com/careers/default.aspx",
    "timestamp": "unknown"
  },
  {
    "title": "Contact Us",
    "link": "https://www.equilliumbio.com/contact-us-/default.aspx",
    "timestamp": "unknown"
  },
  {
    "title": "Stay ConnectedStay Connected",
    "link": "https://www.equilliumbio.com/",
    "timestamp": "unknown"
  },
  {
    "title": "Stay Connected",
    "link": "https://www.equilliumbio.com/",
    "timestamp": "unknown"
  },
  {
    "title": "Stay Connected",
    "link": "https://www.equilliumbio.com/",
    "timestamp": "unknown"
  },
  {
    "title": "Stay Connected",
    "link": "https://www.equilliumbio.com/",
    "timestamp": "unknown"
  },
  {
    "title": "Stay Connected",
    "link": "https://www.equilliumbio.com/",
    "timestamp": "unknown"
  },
  {
    "title": "Stay Connected",
    "link": "https://www.linkedin.com/company/equillium",
    "timestamp": "unknown"
  },
  {
    "title": "Stay Connected",
    "link": "https://www.linkedin.com/company/equillium",
    "timestamp": "unknown"
  },
  {
    "title": "Stay Connected",
    "link": "https://www.linkedin.com/company/equillium",
    "timestamp": "unknown"
  },
  {
    "title": "Stay Connected",
    "link": "https://www.linkedin.com/company/equillium",
    "timestamp": "unknown"
  },
  {
    "title": "Stay Connected",
    "link": "https://www.linkedin.com/company/equillium",
    "timestamp": "unknown"
  },
  {
    "title": "Stay Connected",
    "link": "https://www.linkedin.com/company/equillium",
    "timestamp": "unknown"
  },
  {
    "title": "Privacy Notice",
    "link": "https://www.equilliumbio.com/privacy-notice",
    "timestamp": "unknown"
  },
  {
    "title": "Powered By Q4 Inc....(opens in new window)",
    "link": "https://www.q4inc.com/Powered-by-Q4/",
    "timestamp": "unknown"
  },
  {
    "title": "Powered By Q4 Inc....(opens in new window)",
    "link": "https://www.q4inc.com/Powered-by-Q4/",
    "timestamp": "unknown"
  },
  {
    "title": "Powered By Q4 Inc....(opens in new window)",
    "link": "https://www.q4inc.com/Powered-by-Q4/",
    "timestamp": "unknown"
  }
]