[
  {
    "title": "Fate Therapeutics, Inc.About UsOverviewLeadershipCorporate ResponsibilityPipelineOverviewProduct CandidatesFT819FT825FT836FT829FT522Early/Expanded Acc",
    "link": "https://fatetherapeutics.com/",
    "timestamp": "unknown"
  },
  {
    "title": "Fate Therapeutics, Inc.About UsOverviewLeadershipCorporate ResponsibilityPipelineOverviewProduct CandidatesFT819FT825FT836FT829FT522Early/Expanded Acc",
    "link": "https://fatetherapeutics.com/",
    "timestamp": "unknown"
  },
  {
    "title": "Fate Therapeutics, Inc.",
    "link": "https://fatetherapeutics.com/",
    "timestamp": "unknown"
  },
  {
    "title": "About UsOverviewLeadershipCorporate ResponsibilityPipelineOverviewProduct CandidatesFT819FT825FT836FT829FT522Early/Expanded Access PolicyScienceOur Ce",
    "link": "https://www.fatetherapeutics.com/about-us/overview/",
    "timestamp": "unknown"
  },
  {
    "title": "About UsOverviewLeadershipCorporate Responsibility",
    "link": "https://www.fatetherapeutics.com/about-us/overview/",
    "timestamp": "unknown"
  },
  {
    "title": "Overview",
    "link": "https://www.fatetherapeutics.com/about-us/overview/",
    "timestamp": "unknown"
  },
  {
    "title": "Leadership",
    "link": "https://www.fatetherapeutics.com/about-us/leadership/",
    "timestamp": "unknown"
  },
  {
    "title": "Corporate Responsibility",
    "link": "https://www.fatetherapeutics.com/about-us/corporate-responsibility/",
    "timestamp": "unknown"
  },
  {
    "title": "PipelineOverviewProduct CandidatesFT819FT825FT836FT829FT522Early/Expanded Access Policy",
    "link": "https://www.fatetherapeutics.com/pipeline/",
    "timestamp": "unknown"
  },
  {
    "title": "Overview",
    "link": "https://www.fatetherapeutics.com/pipeline/",
    "timestamp": "unknown"
  },
  {
    "title": "Product CandidatesFT819FT825FT836FT829FT522",
    "link": "https://www.fatetherapeutics.com/pipeline/immuno-oncology-candidates/ft819/",
    "timestamp": "unknown"
  },
  {
    "title": "FT819",
    "link": "https://www.fatetherapeutics.com/pipeline/immuno-oncology-candidates/ft819/",
    "timestamp": "unknown"
  },
  {
    "title": "FT825",
    "link": "https://www.fatetherapeutics.com/pipeline/immuno-oncology-candidates/ft825/",
    "timestamp": "unknown"
  },
  {
    "title": "FT836",
    "link": "https://www.fatetherapeutics.com/pipeline/immuno-oncology-candidates/ft836/",
    "timestamp": "unknown"
  },
  {
    "title": "FT829",
    "link": "https://www.fatetherapeutics.com/pipeline/immuno-oncology-candidates/ft829/",
    "timestamp": "unknown"
  },
  {
    "title": "FT522",
    "link": "https://www.fatetherapeutics.com/pipeline/immuno-oncology-candidates/ft522/",
    "timestamp": "unknown"
  },
  {
    "title": "Early/Expanded Access Policy",
    "link": "https://www.fatetherapeutics.com/pipeline/early-expanded-access-policy/",
    "timestamp": "unknown"
  },
  {
    "title": "ScienceOur Cells of InterestiPSC PlatformManufacturingEngineeringPublications & Presentations",
    "link": "https://www.fatetherapeutics.com/science/ipsc-platform/",
    "timestamp": "unknown"
  },
  {
    "title": "Our Cells of Interest",
    "link": "https://www.fatetherapeutics.com/about-us/our-cells-of-interest/",
    "timestamp": "unknown"
  },
  {
    "title": "iPSC Platform",
    "link": "https://www.fatetherapeutics.com/science/ipsc-platform/",
    "timestamp": "unknown"
  },
  {
    "title": "Manufacturing",
    "link": "https://www.fatetherapeutics.com/science/manufacturing/",
    "timestamp": "unknown"
  },
  {
    "title": "Engineering",
    "link": "https://www.fatetherapeutics.com/science/engineering/",
    "timestamp": "unknown"
  },
  {
    "title": "Publications & Presentations",
    "link": "https://www.fatetherapeutics.com/science/publications-presentations/",
    "timestamp": "unknown"
  },
  {
    "title": "Patients",
    "link": "https://ir.fatetherapeutics.com/financial-information/sec-filings",
    "timestamp": "unknown"
  },
  {
    "title": "Collaborations",
    "link": "https://www.fatetherapeutics.com/collaborations/",
    "timestamp": "unknown"
  },
  {
    "title": "Careers and CultureThe Fate WayJoin Our Team",
    "link": "https://www.fatetherapeutics.com/careers-culture/the-fate-way/",
    "timestamp": "unknown"
  },
  {
    "title": "The Fate Way",
    "link": "https://www.fatetherapeutics.com/careers-culture/the-fate-way/",
    "timestamp": "unknown"
  },
  {
    "title": "Join Our Team",
    "link": "https://www.fatetherapeutics.com/careers-culture/join-our-team/",
    "timestamp": "unknown"
  },
  {
    "title": "InvestorsOverviewPress ReleasesEvents & PresentationsFinancials & FilingsSEC FilingsAnnual Reports and ProxiesCorporate GovernanceStock InformationHis",
    "link": "https://ir.fatetherapeutics.com/",
    "timestamp": "unknown"
  },
  {
    "title": "Overview",
    "link": "https://ir.fatetherapeutics.com/",
    "timestamp": "unknown"
  },
  {
    "title": "Press Releases",
    "link": "https://ir.fatetherapeutics.com/press-releases",
    "timestamp": "unknown"
  },
  {
    "title": "Events & Presentations",
    "link": "https://ir.fatetherapeutics.com/events-and-presentations",
    "timestamp": "unknown"
  },
  {
    "title": "Financials & FilingsSEC FilingsAnnual Reports and Proxies",
    "link": "https://ir.fatetherapeutics.com/financials-and-filings",
    "timestamp": "unknown"
  },
  {
    "title": "SEC Filings",
    "link": "https://ir.fatetherapeutics.com/financial-information/sec-filings",
    "timestamp": "unknown"
  },
  {
    "title": "Annual Reports and Proxies",
    "link": "https://ir.fatetherapeutics.com/financial-information/annual-reports",
    "timestamp": "unknown"
  },
  {
    "title": "Corporate Governance",
    "link": "https://ir.fatetherapeutics.com/corporate-profile",
    "timestamp": "unknown"
  },
  {
    "title": "Stock InformationHistorical Stock Lookup",
    "link": "https://ir.fatetherapeutics.com/stock-information",
    "timestamp": "unknown"
  },
  {
    "title": "Historical Stock Lookup",
    "link": "https://ir.fatetherapeutics.com/stock-information/historic-stock-lookup",
    "timestamp": "unknown"
  },
  {
    "title": "Investors FAQs",
    "link": "https://ir.fatetherapeutics.com/investor-faqs",
    "timestamp": "unknown"
  },
  {
    "title": "Contact",
    "link": "https://www.fatetherapeutics.com/contact/",
    "timestamp": "unknown"
  },
  {
    "title": "InvestorsOverviewPress ReleasesEvents & PresentationsFinancial & FilingsSEC FilingsAnnual Reports and ProxiesCorporate GovernanceStock InformationInve",
    "link": "https://ir.fatetherapeutics.com/",
    "timestamp": "unknown"
  },
  {
    "title": "InvestorsOverviewPress ReleasesEvents & PresentationsFinancial & FilingsSEC FilingsAnnual Reports and ProxiesCorporate GovernanceStock InformationInve",
    "link": "https://ir.fatetherapeutics.com/",
    "timestamp": "unknown"
  },
  {
    "title": "InvestorsOverviewPress ReleasesEvents & PresentationsFinancial & FilingsSEC FilingsAnnual Reports and ProxiesCorporate GovernanceStock InformationInve",
    "link": "https://ir.fatetherapeutics.com/",
    "timestamp": "unknown"
  },
  {
    "title": "InvestorsOverviewPress ReleasesEvents & PresentationsFinancial & FilingsSEC FilingsAnnual Reports and ProxiesCorporate GovernanceStock InformationInve",
    "link": "https://ir.fatetherapeutics.com/",
    "timestamp": "unknown"
  },
  {
    "title": "InvestorsOverviewPress ReleasesEvents & PresentationsFinancial & FilingsSEC FilingsAnnual Reports and ProxiesCorporate GovernanceStock InformationInve",
    "link": "https://ir.fatetherapeutics.com/",
    "timestamp": "unknown"
  },
  {
    "title": "Overview",
    "link": "https://ir.fatetherapeutics.com/",
    "timestamp": "unknown"
  },
  {
    "title": "Press Releases",
    "link": "https://ir.fatetherapeutics.com/press-releases",
    "timestamp": "unknown"
  },
  {
    "title": "Events & Presentations",
    "link": "https://ir.fatetherapeutics.com/events-and-presentations",
    "timestamp": "unknown"
  },
  {
    "title": "Financial & FilingsSEC FilingsAnnual Reports and Proxies",
    "link": "https://ir.fatetherapeutics.com/financials-and-filings",
    "timestamp": "unknown"
  },
  {
    "title": "SEC Filings",
    "link": "https://ir.fatetherapeutics.com/financial-information/sec-filings",
    "timestamp": "unknown"
  },
  {
    "title": "Annual Reports and Proxies",
    "link": "https://ir.fatetherapeutics.com/financial-information/annual-reports",
    "timestamp": "unknown"
  },
  {
    "title": "Corporate Governance",
    "link": "https://ir.fatetherapeutics.com/corporate-profile",
    "timestamp": "unknown"
  },
  {
    "title": "Stock Information",
    "link": "https://ir.fatetherapeutics.com/stock-information",
    "timestamp": "unknown"
  },
  {
    "title": "Investors FAQs",
    "link": "https://ir.fatetherapeutics.com/investor-faqs",
    "timestamp": "unknown"
  },
  {
    "title": "SEC FilingsGroup,,Annual FilingsCurrent ReportsMergers & AcquisitionsOtherProxy FilingsQuarterly FilingsRegistration StatementsFiling year- Any -Filin",
    "link": "https://ir.fatetherapeutics.com/financial-information/sec-filings?items_per_page=&order=field_nir_sec_date_filed&sort=asc",
    "timestamp": "unknown"
  },
  {
    "title": "SEC FilingsGroup,,Annual FilingsCurrent ReportsMergers & AcquisitionsOtherProxy FilingsQuarterly FilingsRegistration StatementsFiling year- Any -Filin",
    "link": "https://ir.fatetherapeutics.com/financial-information/sec-filings?items_per_page=&order=field_nir_sec_date_filed&sort=asc",
    "timestamp": "unknown"
  },
  {
    "title": "SEC FilingsGroup,,Annual FilingsCurrent ReportsMergers & AcquisitionsOtherProxy FilingsQuarterly FilingsRegistration StatementsFiling year- Any -Filin",
    "link": "https://ir.fatetherapeutics.com/financial-information/sec-filings?items_per_page=&order=field_nir_sec_date_filed&sort=asc",
    "timestamp": "unknown"
  },
  {
    "title": "SEC FilingsGroup,,Annual FilingsCurrent ReportsMergers & AcquisitionsOtherProxy FilingsQuarterly FilingsRegistration StatementsFiling year- Any -Filin",
    "link": "https://ir.fatetherapeutics.com/financial-information/sec-filings?items_per_page=&order=field_nir_sec_date_filed&sort=asc",
    "timestamp": "unknown"
  },
  {
    "title": "SEC FilingsGroup,,Annual FilingsCurrent ReportsMergers & AcquisitionsOtherProxy FilingsQuarterly FilingsRegistration StatementsFiling year- Any -Filin",
    "link": "https://ir.fatetherapeutics.com/financial-information/sec-filings?items_per_page=&order=field_nir_sec_date_filed&sort=asc",
    "timestamp": "unknown"
  },
  {
    "title": "SEC FilingsGroup,,Annual FilingsCurrent ReportsMergers & AcquisitionsOtherProxy FilingsQuarterly FilingsRegistration StatementsFiling year- Any -Filin",
    "link": "https://ir.fatetherapeutics.com/financial-information/sec-filings?items_per_page=&order=field_nir_sec_date_filed&sort=asc",
    "timestamp": "unknown"
  },
  {
    "title": "SEC FilingsGroup,,Annual FilingsCurrent ReportsMergers & AcquisitionsOtherProxy FilingsQuarterly FilingsRegistration StatementsFiling year- Any -Filin",
    "link": "https://ir.fatetherapeutics.com/financial-information/sec-filings?items_per_page=&order=field_nir_sec_date_filed&sort=asc",
    "timestamp": "unknown"
  },
  {
    "title": "SEC FilingsGroup,,Annual FilingsCurrent ReportsMergers & AcquisitionsOtherProxy FilingsQuarterly FilingsRegistration StatementsFiling year- Any -Filin",
    "link": "https://ir.fatetherapeutics.com/financial-information/sec-filings?items_per_page=&order=field_nir_sec_date_filed&sort=asc",
    "timestamp": "unknown"
  },
  {
    "title": "SEC FilingsGroup,,Annual FilingsCurrent ReportsMergers & AcquisitionsOtherProxy FilingsQuarterly FilingsRegistration StatementsFiling year- Any -Filin",
    "link": "https://ir.fatetherapeutics.com/financial-information/sec-filings?items_per_page=&order=field_nir_sec_date_filed&sort=asc",
    "timestamp": "unknown"
  },
  {
    "title": "SEC FilingsGroup,,Annual FilingsCurrent ReportsMergers & AcquisitionsOtherProxy FilingsQuarterly FilingsRegistration StatementsFiling year- Any -Filin",
    "link": "https://ir.fatetherapeutics.com/financial-information/sec-filings?items_per_page=&order=field_nir_sec_date_filed&sort=asc",
    "timestamp": "unknown"
  },
  {
    "title": "Group,,Annual FilingsCurrent ReportsMergers & AcquisitionsOtherProxy FilingsQuarterly FilingsRegistration StatementsFiling year- Any -Filing dateFormD",
    "link": "https://ir.fatetherapeutics.com/financial-information/sec-filings?items_per_page=&order=field_nir_sec_date_filed&sort=asc",
    "timestamp": "unknown"
  },
  {
    "title": "Group,,Annual FilingsCurrent ReportsMergers & AcquisitionsOtherProxy FilingsQuarterly FilingsRegistration StatementsFiling year- Any -Filing dateFormD",
    "link": "https://ir.fatetherapeutics.com/financial-information/sec-filings?items_per_page=&order=field_nir_sec_date_filed&sort=asc",
    "timestamp": "unknown"
  },
  {
    "title": "Group,,Annual FilingsCurrent ReportsMergers & AcquisitionsOtherProxy FilingsQuarterly FilingsRegistration StatementsFiling year- Any -Filing dateFormD",
    "link": "https://ir.fatetherapeutics.com/financial-information/sec-filings?items_per_page=&order=field_nir_sec_date_filed&sort=asc",
    "timestamp": "unknown"
  },
  {
    "title": "Group,,Annual FilingsCurrent ReportsMergers & AcquisitionsOtherProxy FilingsQuarterly FilingsRegistration StatementsFiling year- Any -Filing dateFormD",
    "link": "https://ir.fatetherapeutics.com/financial-information/sec-filings?items_per_page=&order=field_nir_sec_date_filed&sort=asc",
    "timestamp": "unknown"
  },
  {
    "title": "Group,,Annual FilingsCurrent ReportsMergers & AcquisitionsOtherProxy FilingsQuarterly FilingsRegistration StatementsFiling year- Any -Filing dateFormD",
    "link": "https://ir.fatetherapeutics.com/financial-information/sec-filings?items_per_page=&order=field_nir_sec_date_filed&sort=asc",
    "timestamp": "unknown"
  },
  {
    "title": "Group,,Annual FilingsCurrent ReportsMergers & AcquisitionsOtherProxy FilingsQuarterly FilingsRegistration StatementsFiling year- Any -Filing dateFormD",
    "link": "https://ir.fatetherapeutics.com/financial-information/sec-filings?items_per_page=&order=field_nir_sec_date_filed&sort=asc",
    "timestamp": "unknown"
  },
  {
    "title": "Group,,Annual FilingsCurrent ReportsMergers & AcquisitionsOtherProxy FilingsQuarterly FilingsRegistration StatementsFiling year- Any -Filing dateFormD",
    "link": "https://ir.fatetherapeutics.com/financial-information/sec-filings?items_per_page=&order=field_nir_sec_date_filed&sort=asc",
    "timestamp": "unknown"
  },
  {
    "title": "Group,,Annual FilingsCurrent ReportsMergers & AcquisitionsOtherProxy FilingsQuarterly FilingsRegistration StatementsFiling year- Any -Filing dateFormD",
    "link": "https://ir.fatetherapeutics.com/financial-information/sec-filings?items_per_page=&order=field_nir_sec_date_filed&sort=asc",
    "timestamp": "unknown"
  },
  {
    "title": "Group,,Annual FilingsCurrent ReportsMergers & AcquisitionsOtherProxy FilingsQuarterly FilingsRegistration StatementsFiling year- Any -Filing dateFormD",
    "link": "https://ir.fatetherapeutics.com/financial-information/sec-filings?items_per_page=&order=field_nir_sec_date_filed&sort=asc",
    "timestamp": "unknown"
  },
  {
    "title": "Group,,Annual FilingsCurrent ReportsMergers & AcquisitionsOtherProxy FilingsQuarterly FilingsRegistration StatementsFiling year- Any -Filing dateFormD",
    "link": "https://ir.fatetherapeutics.com/financial-information/sec-filings?items_per_page=&order=field_nir_sec_date_filed&sort=asc",
    "timestamp": "unknown"
  },
  {
    "title": "Filing dateFormDescriptionViewJul ,SCHEDULE 13G/ASCHEDULE 13G/A - DescriptionView HTML--.pdf--.xls--.rtfJul ,SCHEDULE 13D/ASCHEDULE 13D/A - Descriptio",
    "link": "https://ir.fatetherapeutics.com/financial-information/sec-filings?items_per_page=&order=field_nir_sec_date_filed&sort=asc",
    "timestamp": "unknown"
  },
  {
    "title": "Filing dateFormDescriptionView",
    "link": "https://ir.fatetherapeutics.com/financial-information/sec-filings?items_per_page=&order=field_nir_sec_date_filed&sort=asc",
    "timestamp": "unknown"
  },
  {
    "title": "Jul ,SCHEDULE 13G/ASCHEDULE 13G/A - DescriptionView HTML--.pdf--.xls--.rtf",
    "link": "https://ir.fatetherapeutics.com/sec-filings/sec-filing/schedule-13ga/--",
    "timestamp": "unknown"
  },
  {
    "title": "--.pdf",
    "link": "https://ir.fatetherapeutics.com/static-files/aefa53a3-01d1-46d9--6f6c6c1198c6",
    "timestamp": "unknown"
  },
  {
    "title": "--.xls",
    "link": "https://ir.fatetherapeutics.com/static-files/2a5ddcf3-3a19--bc1a-c73099ce3465",
    "timestamp": "unknown"
  },
  {
    "title": "--.rtf",
    "link": "https://ir.fatetherapeutics.com/static-files/a2fbb967-7c96--b49c-9ad6d91c25a2",
    "timestamp": "unknown"
  },
  {
    "title": "Jul ,SCHEDULE 13D/ASCHEDULE 13D/A - DescriptionView HTML--.pdf--.xls--.rtf",
    "link": "https://ir.fatetherapeutics.com/sec-filings/sec-filing/schedule-13da/--",
    "timestamp": "unknown"
  },
  {
    "title": "--.pdf",
    "link": "https://ir.fatetherapeutics.com/static-files/78bb03b4-58f7-409e-99c1-b7fe97951c9a",
    "timestamp": "unknown"
  },
  {
    "title": "--.xls",
    "link": "https://ir.fatetherapeutics.com/static-files/4150c904---b16e-296bcdd27479",
    "timestamp": "unknown"
  },
  {
    "title": "--.rtf",
    "link": "https://ir.fatetherapeutics.com/static-files/354ef0f1-0f56-4e07-9f45-86b38fec450c",
    "timestamp": "unknown"
  },
  {
    "title": "Jul ,Initial filing by director officer or owner of more than ten percentView HTML--.pdf--.xls--.rtf",
    "link": "https://ir.fatetherapeutics.com/sec-filings/sec-filing//--",
    "timestamp": "unknown"
  },
  {
    "title": "--.pdf",
    "link": "https://ir.fatetherapeutics.com/static-files/9e2d2d74-f492-435a-8e42-955d65966c0f",
    "timestamp": "unknown"
  },
  {
    "title": "--.xls",
    "link": "https://ir.fatetherapeutics.com/static-files/--4ef8-9cf5-4d2cba33e235",
    "timestamp": "unknown"
  },
  {
    "title": "--.rtf",
    "link": "https://ir.fatetherapeutics.com/static-files/c05f05ad-fc15-4f0d-988e-2b0ac255d81f",
    "timestamp": "unknown"
  },
  {
    "title": "Jun ,-K/AAmendment to a previously filed -KView HTML--.pdf--.xlsEX-.SCH - XBRL TAXONOMY EXTENSION SCHEMA--.rtf",
    "link": "https://ir.fatetherapeutics.com/sec-filings/sec-filing/-ka/--",
    "timestamp": "unknown"
  },
  {
    "title": "--.pdf",
    "link": "https://ir.fatetherapeutics.com/static-files/a3145938-7d9f-4b64-9d9d-07f9f252e108",
    "timestamp": "unknown"
  },
  {
    "title": "--.xls",
    "link": "https://ir.fatetherapeutics.com/static-files/263a771a--4cc8-b269-42772c8f1e98",
    "timestamp": "unknown"
  },
  {
    "title": "--.rtf",
    "link": "https://ir.fatetherapeutics.com/static-files/cf3569bf-6e49-43b7-9fe4-b7038cf082e6",
    "timestamp": "unknown"
  },
  {
    "title": "Jun ,S-Securities offered to employees pursuant to employee benefit plansView HTML--.pdf--.xls--.rtf",
    "link": "https://ir.fatetherapeutics.com/sec-filings/sec-filing/s-/--",
    "timestamp": "unknown"
  },
  {
    "title": "--.pdf",
    "link": "https://ir.fatetherapeutics.com/static-files/ced6067d-8bb6--861d-4b11fd0615be",
    "timestamp": "unknown"
  },
  {
    "title": "--.xls",
    "link": "https://ir.fatetherapeutics.com/static-files/2dc502b3-f4d0--b663-b00848b4c00a",
    "timestamp": "unknown"
  },
  {
    "title": "--.rtf",
    "link": "https://ir.fatetherapeutics.com/static-files/251c1036-140c-4f23-854b-cd9cae5fd0ab",
    "timestamp": "unknown"
  },
  {
    "title": "May ,Initial filing by director officer or owner of more than ten percentView HTML--.pdf--.xls--.rtf",
    "link": "https://ir.fatetherapeutics.com/sec-filings/sec-filing//--",
    "timestamp": "unknown"
  },
  {
    "title": "--.pdf",
    "link": "https://ir.fatetherapeutics.com/static-files/35e9dfb8-f4d1-48fe-a857-956053755a8b",
    "timestamp": "unknown"
  },
  {
    "title": "--.xls",
    "link": "https://ir.fatetherapeutics.com/static-files/f92067aa-f352-41c9-a99d-5a1a668c96c5",
    "timestamp": "unknown"
  },
  {
    "title": "--.rtf",
    "link": "https://ir.fatetherapeutics.com/static-files/6e25d107---bad2-f6eb0f440889",
    "timestamp": "unknown"
  },
  {
    "title": "May ,Statement of changes in beneficial ownership of securitiesView HTML--.pdf--.xls--.rtf",
    "link": "https://ir.fatetherapeutics.com/sec-filings/sec-filing//--",
    "timestamp": "unknown"
  },
  {
    "title": "--.pdf",
    "link": "https://ir.fatetherapeutics.com/static-files/3ae16290-e5a4---e3a73f4e6451",
    "timestamp": "unknown"
  },
  {
    "title": "--.xls",
    "link": "https://ir.fatetherapeutics.com/static-files/4e9581ba-f8eb--9fce-2cb2e8aad42a",
    "timestamp": "unknown"
  },
  {
    "title": "--.rtf",
    "link": "https://ir.fatetherapeutics.com/static-files/62eba7fa-dec7-41c7-bf22-518be674cf38",
    "timestamp": "unknown"
  },
  {
    "title": "May ,Statement of changes in beneficial ownership of securitiesView HTML--.pdf--.xls--.rtf",
    "link": "https://ir.fatetherapeutics.com/sec-filings/sec-filing//--",
    "timestamp": "unknown"
  },
  {
    "title": "--.pdf",
    "link": "https://ir.fatetherapeutics.com/static-files/6d419805-16a3-420c-9d0f-44233af98f80",
    "timestamp": "unknown"
  },
  {
    "title": "--.xls",
    "link": "https://ir.fatetherapeutics.com/static-files/f38ef771-335d--b315-c4440f8db2aa",
    "timestamp": "unknown"
  },
  {
    "title": "--.rtf",
    "link": "https://ir.fatetherapeutics.com/static-files/9ffb7b11-a00e-42e9-92a5-485436a07ff7",
    "timestamp": "unknown"
  },
  {
    "title": "May ,Statement of changes in beneficial ownership of securitiesView HTML--.pdf--.xls--.rtf",
    "link": "https://ir.fatetherapeutics.com/sec-filings/sec-filing//--",
    "timestamp": "unknown"
  },
  {
    "title": "--.pdf",
    "link": "https://ir.fatetherapeutics.com/static-files/7eca50de-897c-49a6-b2f6-9b994ba02077",
    "timestamp": "unknown"
  },
  {
    "title": "--.xls",
    "link": "https://ir.fatetherapeutics.com/static-files/5707c606-5b19-42db-8b09-b85bc0d841ed",
    "timestamp": "unknown"
  },
  {
    "title": "--.rtf",
    "link": "https://ir.fatetherapeutics.com/static-files/44db4540-69d2--a787-ce1a95885fda",
    "timestamp": "unknown"
  },
  {
    "title": "May ,Statement of changes in beneficial ownership of securitiesView HTML--.pdf--.xls--.rtf",
    "link": "https://ir.fatetherapeutics.com/sec-filings/sec-filing//--",
    "timestamp": "unknown"
  },
  {
    "title": "--.pdf",
    "link": "https://ir.fatetherapeutics.com/static-files/-4a49-446b-b7f3-de8968f1f482",
    "timestamp": "unknown"
  },
  {
    "title": "--.xls",
    "link": "https://ir.fatetherapeutics.com/static-files/77667fff-d71d-496e-9d78-20c5d91a0f72",
    "timestamp": "unknown"
  },
  {
    "title": "--.rtf",
    "link": "https://ir.fatetherapeutics.com/static-files/6daae0e6-88b1-472e-96c4-aea0b9fd9dda",
    "timestamp": "unknown"
  },
  {
    "title": "Current page",
    "link": "https://ir.fatetherapeutics.com/financial-information/sec-filings?&&field_nir_sec_date_filed_value=&&&items_per_page_toggle=&page=",
    "timestamp": "unknown"
  },
  {
    "title": "Page",
    "link": "https://ir.fatetherapeutics.com/financial-information/sec-filings?&&field_nir_sec_date_filed_value=&&&items_per_page_toggle=&page=",
    "timestamp": "unknown"
  },
  {
    "title": "Page",
    "link": "https://ir.fatetherapeutics.com/financial-information/sec-filings?&&field_nir_sec_date_filed_value=&&&items_per_page_toggle=&page=",
    "timestamp": "unknown"
  },
  {
    "title": "Page",
    "link": "https://ir.fatetherapeutics.com/financial-information/sec-filings?&&field_nir_sec_date_filed_value=&&&items_per_page_toggle=&page=",
    "timestamp": "unknown"
  },
  {
    "title": "Page",
    "link": "https://ir.fatetherapeutics.com/financial-information/sec-filings?&&field_nir_sec_date_filed_value=&&&items_per_page_toggle=&page=",
    "timestamp": "unknown"
  },
  {
    "title": "Page",
    "link": "https://ir.fatetherapeutics.com/financial-information/sec-filings?&&field_nir_sec_date_filed_value=&&&items_per_page_toggle=&page=",
    "timestamp": "unknown"
  },
  {
    "title": "Page",
    "link": "https://ir.fatetherapeutics.com/financial-information/sec-filings?&&field_nir_sec_date_filed_value=&&&items_per_page_toggle=&page=",
    "timestamp": "unknown"
  },
  {
    "title": "Page",
    "link": "https://ir.fatetherapeutics.com/financial-information/sec-filings?&&field_nir_sec_date_filed_value=&&&items_per_page_toggle=&page=",
    "timestamp": "unknown"
  },
  {
    "title": "Page",
    "link": "https://ir.fatetherapeutics.com/financial-information/sec-filings?&&field_nir_sec_date_filed_value=&&&items_per_page_toggle=&page=",
    "timestamp": "unknown"
  },
  {
    "title": "Next pageNext \u203a",
    "link": "https://ir.fatetherapeutics.com/financial-information/sec-filings?&&field_nir_sec_date_filed_value=&&&items_per_page_toggle=&page=",
    "timestamp": "unknown"
  },
  {
    "title": "Last pageLast \u00bb",
    "link": "https://ir.fatetherapeutics.com/financial-information/sec-filings?&&field_nir_sec_date_filed_value=&&&items_per_page_toggle=&page=",
    "timestamp": "unknown"
  },
  {
    "title": "Data provided byKaleidoscope.",
    "link": "https://www.kscope.io",
    "timestamp": "unknown"
  },
  {
    "title": "Data provided byKaleidoscope.",
    "link": "https://www.kscope.io",
    "timestamp": "unknown"
  },
  {
    "title": "Shareholder ToolsPrinted MaterialsEmail AlertsDownload LibraryRSS News FeedsPrint PageShareSearch",
    "link": "https://ir.fatetherapeutics.com/printed-materials",
    "timestamp": "unknown"
  },
  {
    "title": "Shareholder ToolsPrinted MaterialsEmail AlertsDownload LibraryRSS News FeedsPrint PageShareSearch",
    "link": "https://ir.fatetherapeutics.com/printed-materials",
    "timestamp": "unknown"
  },
  {
    "title": "Printed MaterialsEmail AlertsDownload LibraryRSS News FeedsPrint PageShareSearch",
    "link": "https://ir.fatetherapeutics.com/printed-materials",
    "timestamp": "unknown"
  },
  {
    "title": "FacebookLinkedInTwitterRSS",
    "link": "https://ir.fatetherapeutics.com/financial-information/sec-filings",
    "timestamp": "unknown"
  },
  {
    "title": "FacebookLinkedInTwitterRSS",
    "link": "https://ir.fatetherapeutics.com/financial-information/sec-filings",
    "timestamp": "unknown"
  },
  {
    "title": "Facebook",
    "link": "https://www.facebook.com/share.php?u=https%3A%2F%2Fir.fatetherapeutics.com%2Ffinancial-information%2Fsec-filings&t=Fate Therapeutics, Inc. - SEC Filings",
    "timestamp": "unknown"
  },
  {
    "title": "LinkedIn",
    "link": "http://www.linkedin.com/shareArticle?mini=true&url=https%3A%2F%2Fir.fatetherapeutics.com%2Ffinancial-information%2Fsec-filings?&title=Fate Therapeutics, Inc. - SEC Filings",
    "timestamp": "unknown"
  },
  {
    "title": "Twitter",
    "link": "https://twitter.com/intent/tweet?status=Currently%20reading%20https%3A%2F%2Fir.fatetherapeutics.com%2Ffinancial-information%2Fsec-filings?",
    "timestamp": "unknown"
  },
  {
    "title": "RSS",
    "link": "https://ir.fatetherapeutics.com/rss-news-feeds",
    "timestamp": "unknown"
  },
  {
    "title": "\u00a9  Fate Therapeutics |  Scripps Summit Drive, San Diego, CA  |..|LEGAL",
    "link": "tel:",
    "timestamp": "unknown"
  },
  {
    "title": "\u00a9  Fate Therapeutics |  Scripps Summit Drive, San Diego, CA  |..|LEGAL",
    "link": "tel:",
    "timestamp": "unknown"
  },
  {
    "title": "\u00a9  Fate Therapeutics |  Scripps Summit Drive, San Diego, CA  |..|LEGAL",
    "link": "tel:",
    "timestamp": "unknown"
  },
  {
    "title": "MENUAbout UsOverviewLeadershipCorporate ResponsibilityPipelineOverviewProduct CandidatesFT819FT825FT836FT829FT522Early/Expanded Access PolicyScienceOu",
    "link": "https://www.fatetherapeutics.com/about-us/overview/",
    "timestamp": "unknown"
  },
  {
    "title": "About UsOverviewLeadershipCorporate Responsibility",
    "link": "https://www.fatetherapeutics.com/about-us/overview/",
    "timestamp": "unknown"
  },
  {
    "title": "Overview",
    "link": "https://www.fatetherapeutics.com/about-us/overview/",
    "timestamp": "unknown"
  },
  {
    "title": "Leadership",
    "link": "https://www.fatetherapeutics.com/about-us/leadership/",
    "timestamp": "unknown"
  },
  {
    "title": "Corporate Responsibility",
    "link": "https://www.fatetherapeutics.com/about-us/corporate-responsibility/",
    "timestamp": "unknown"
  },
  {
    "title": "PipelineOverviewProduct CandidatesFT819FT825FT836FT829FT522Early/Expanded Access Policy",
    "link": "https://www.fatetherapeutics.com/pipeline/",
    "timestamp": "unknown"
  },
  {
    "title": "Overview",
    "link": "https://www.fatetherapeutics.com/pipeline/",
    "timestamp": "unknown"
  },
  {
    "title": "Product CandidatesFT819FT825FT836FT829FT522",
    "link": "https://www.fatetherapeutics.com/pipeline/immuno-oncology-candidates/ft819/",
    "timestamp": "unknown"
  },
  {
    "title": "FT819",
    "link": "https://www.fatetherapeutics.com/pipeline/immuno-oncology-candidates/ft819/",
    "timestamp": "unknown"
  },
  {
    "title": "FT825",
    "link": "https://www.fatetherapeutics.com/pipeline/immuno-oncology-candidates/ft825/",
    "timestamp": "unknown"
  },
  {
    "title": "FT836",
    "link": "https://www.fatetherapeutics.com/pipeline/immuno-oncology-candidates/ft836/",
    "timestamp": "unknown"
  },
  {
    "title": "FT829",
    "link": "https://www.fatetherapeutics.com/pipeline/immuno-oncology-candidates/ft829/",
    "timestamp": "unknown"
  },
  {
    "title": "FT522",
    "link": "https://www.fatetherapeutics.com/pipeline/immuno-oncology-candidates/ft522/",
    "timestamp": "unknown"
  },
  {
    "title": "Early/Expanded Access Policy",
    "link": "https://www.fatetherapeutics.com/pipeline/early-expanded-access-policy/",
    "timestamp": "unknown"
  },
  {
    "title": "ScienceOur Cells of InterestiPSC PlatformManufacturingEngineeringPublications & Presentations",
    "link": "https://www.fatetherapeutics.com/science/ipsc-platform/",
    "timestamp": "unknown"
  },
  {
    "title": "Our Cells of Interest",
    "link": "https://www.fatetherapeutics.com/about-us/our-cells-of-interest/",
    "timestamp": "unknown"
  },
  {
    "title": "iPSC Platform",
    "link": "https://www.fatetherapeutics.com/science/ipsc-platform/",
    "timestamp": "unknown"
  },
  {
    "title": "Manufacturing",
    "link": "https://www.fatetherapeutics.com/science/manufacturing/",
    "timestamp": "unknown"
  },
  {
    "title": "Engineering",
    "link": "https://www.fatetherapeutics.com/science/engineering/",
    "timestamp": "unknown"
  },
  {
    "title": "Publications & Presentations",
    "link": "https://www.fatetherapeutics.com/science/publications-presentations/",
    "timestamp": "unknown"
  },
  {
    "title": "Patients",
    "link": "https://ir.fatetherapeutics.com/financial-information/sec-filings",
    "timestamp": "unknown"
  },
  {
    "title": "Collaborations",
    "link": "https://www.fatetherapeutics.com/collaborations/",
    "timestamp": "unknown"
  },
  {
    "title": "Careers and CultureThe Fate WayJoin Our Team",
    "link": "https://www.fatetherapeutics.com/careers-culture/the-fate-way/",
    "timestamp": "unknown"
  },
  {
    "title": "The Fate Way",
    "link": "https://www.fatetherapeutics.com/careers-culture/the-fate-way/",
    "timestamp": "unknown"
  },
  {
    "title": "Join Our Team",
    "link": "https://www.fatetherapeutics.com/careers-culture/join-our-team/",
    "timestamp": "unknown"
  },
  {
    "title": "InvestorsOverviewPress ReleasesEvents & PresentationsFinancials & FilingsSEC FilingsAnnual Reports and ProxiesCorporate GovernanceStock InformationHis",
    "link": "https://ir.fatetherapeutics.com/",
    "timestamp": "unknown"
  },
  {
    "title": "Overview",
    "link": "https://ir.fatetherapeutics.com/",
    "timestamp": "unknown"
  },
  {
    "title": "Press Releases",
    "link": "https://ir.fatetherapeutics.com/press-releases",
    "timestamp": "unknown"
  },
  {
    "title": "Events & Presentations",
    "link": "https://ir.fatetherapeutics.com/events-and-presentations",
    "timestamp": "unknown"
  },
  {
    "title": "Financials & FilingsSEC FilingsAnnual Reports and Proxies",
    "link": "https://ir.fatetherapeutics.com/financials-and-filings",
    "timestamp": "unknown"
  },
  {
    "title": "SEC Filings",
    "link": "https://ir.fatetherapeutics.com/financial-information/sec-filings",
    "timestamp": "unknown"
  },
  {
    "title": "Annual Reports and Proxies",
    "link": "https://ir.fatetherapeutics.com/financial-information/annual-reports",
    "timestamp": "unknown"
  },
  {
    "title": "Corporate Governance",
    "link": "https://ir.fatetherapeutics.com/corporate-profile",
    "timestamp": "unknown"
  },
  {
    "title": "Stock InformationHistorical Stock Lookup",
    "link": "https://ir.fatetherapeutics.com/stock-information",
    "timestamp": "unknown"
  },
  {
    "title": "Historical Stock Lookup",
    "link": "https://ir.fatetherapeutics.com/stock-information/historic-stock-lookup",
    "timestamp": "unknown"
  },
  {
    "title": "Investors FAQs",
    "link": "https://ir.fatetherapeutics.com/investor-faqs",
    "timestamp": "unknown"
  },
  {
    "title": "Contact",
    "link": "https://www.fatetherapeutics.com/contact/",
    "timestamp": "unknown"
  }
]