[
  {
    "title": "Fate Therapeutics, Inc.About UsOverviewLeadershipCorporate ResponsibilityPipelineOverviewProduct CandidatesFT819FT825FT836FT829FT522Early/Expanded Acc",
    "link": "https://fatetherapeutics.com/",
    "timestamp": "unknown"
  },
  {
    "title": "Fate Therapeutics, Inc.About UsOverviewLeadershipCorporate ResponsibilityPipelineOverviewProduct CandidatesFT819FT825FT836FT829FT522Early/Expanded Acc",
    "link": "https://fatetherapeutics.com/",
    "timestamp": "unknown"
  },
  {
    "title": "Fate Therapeutics, Inc.",
    "link": "https://fatetherapeutics.com/",
    "timestamp": "unknown"
  },
  {
    "title": "About UsOverviewLeadershipCorporate ResponsibilityPipelineOverviewProduct CandidatesFT819FT825FT836FT829FT522Early/Expanded Access PolicyScienceOur Ce",
    "link": "https://www.fatetherapeutics.com/about-us/overview/",
    "timestamp": "unknown"
  },
  {
    "title": "About UsOverviewLeadershipCorporate Responsibility",
    "link": "https://www.fatetherapeutics.com/about-us/overview/",
    "timestamp": "unknown"
  },
  {
    "title": "Overview",
    "link": "https://www.fatetherapeutics.com/about-us/overview/",
    "timestamp": "unknown"
  },
  {
    "title": "Leadership",
    "link": "https://www.fatetherapeutics.com/about-us/leadership/",
    "timestamp": "unknown"
  },
  {
    "title": "Corporate Responsibility",
    "link": "https://www.fatetherapeutics.com/about-us/corporate-responsibility/",
    "timestamp": "unknown"
  },
  {
    "title": "PipelineOverviewProduct CandidatesFT819FT825FT836FT829FT522Early/Expanded Access Policy",
    "link": "https://www.fatetherapeutics.com/pipeline/",
    "timestamp": "unknown"
  },
  {
    "title": "Overview",
    "link": "https://www.fatetherapeutics.com/pipeline/",
    "timestamp": "unknown"
  },
  {
    "title": "Product CandidatesFT819FT825FT836FT829FT522",
    "link": "https://www.fatetherapeutics.com/pipeline/immuno-oncology-candidates/ft819/",
    "timestamp": "unknown"
  },
  {
    "title": "FT819",
    "link": "https://www.fatetherapeutics.com/pipeline/immuno-oncology-candidates/ft819/",
    "timestamp": "unknown"
  },
  {
    "title": "FT825",
    "link": "https://www.fatetherapeutics.com/pipeline/immuno-oncology-candidates/ft825/",
    "timestamp": "unknown"
  },
  {
    "title": "FT836",
    "link": "https://www.fatetherapeutics.com/pipeline/immuno-oncology-candidates/ft836/",
    "timestamp": "unknown"
  },
  {
    "title": "FT829",
    "link": "https://www.fatetherapeutics.com/pipeline/immuno-oncology-candidates/ft829/",
    "timestamp": "unknown"
  },
  {
    "title": "FT522",
    "link": "https://www.fatetherapeutics.com/pipeline/immuno-oncology-candidates/ft522/",
    "timestamp": "unknown"
  },
  {
    "title": "Early/Expanded Access Policy",
    "link": "https://www.fatetherapeutics.com/pipeline/early-expanded-access-policy/",
    "timestamp": "unknown"
  },
  {
    "title": "ScienceOur Cells of InterestiPSC PlatformManufacturingEngineeringPublications & Presentations",
    "link": "https://www.fatetherapeutics.com/science/ipsc-platform/",
    "timestamp": "unknown"
  },
  {
    "title": "Our Cells of Interest",
    "link": "https://www.fatetherapeutics.com/about-us/our-cells-of-interest/",
    "timestamp": "unknown"
  },
  {
    "title": "iPSC Platform",
    "link": "https://www.fatetherapeutics.com/science/ipsc-platform/",
    "timestamp": "unknown"
  },
  {
    "title": "Manufacturing",
    "link": "https://www.fatetherapeutics.com/science/manufacturing/",
    "timestamp": "unknown"
  },
  {
    "title": "Engineering",
    "link": "https://www.fatetherapeutics.com/science/engineering/",
    "timestamp": "unknown"
  },
  {
    "title": "Publications & Presentations",
    "link": "https://www.fatetherapeutics.com/science/publications-presentations/",
    "timestamp": "unknown"
  },
  {
    "title": "Patients",
    "link": "https://ir.fatetherapeutics.com/press-releases",
    "timestamp": "unknown"
  },
  {
    "title": "Collaborations",
    "link": "https://www.fatetherapeutics.com/collaborations/",
    "timestamp": "unknown"
  },
  {
    "title": "Careers and CultureThe Fate WayJoin Our Team",
    "link": "https://www.fatetherapeutics.com/careers-culture/the-fate-way/",
    "timestamp": "unknown"
  },
  {
    "title": "The Fate Way",
    "link": "https://www.fatetherapeutics.com/careers-culture/the-fate-way/",
    "timestamp": "unknown"
  },
  {
    "title": "Join Our Team",
    "link": "https://www.fatetherapeutics.com/careers-culture/join-our-team/",
    "timestamp": "unknown"
  },
  {
    "title": "InvestorsOverviewPress ReleasesEvents & PresentationsFinancials & FilingsSEC FilingsAnnual Reports and ProxiesCorporate GovernanceStock InformationHis",
    "link": "https://ir.fatetherapeutics.com/",
    "timestamp": "unknown"
  },
  {
    "title": "Overview",
    "link": "https://ir.fatetherapeutics.com/",
    "timestamp": "unknown"
  },
  {
    "title": "Press Releases",
    "link": "https://ir.fatetherapeutics.com/press-releases",
    "timestamp": "unknown"
  },
  {
    "title": "Events & Presentations",
    "link": "https://ir.fatetherapeutics.com/events-and-presentations",
    "timestamp": "unknown"
  },
  {
    "title": "Financials & FilingsSEC FilingsAnnual Reports and Proxies",
    "link": "https://ir.fatetherapeutics.com/financials-and-filings",
    "timestamp": "unknown"
  },
  {
    "title": "SEC Filings",
    "link": "https://ir.fatetherapeutics.com/financial-information/sec-filings",
    "timestamp": "unknown"
  },
  {
    "title": "Annual Reports and Proxies",
    "link": "https://ir.fatetherapeutics.com/financial-information/annual-reports",
    "timestamp": "unknown"
  },
  {
    "title": "Corporate Governance",
    "link": "https://ir.fatetherapeutics.com/corporate-profile",
    "timestamp": "unknown"
  },
  {
    "title": "Stock InformationHistorical Stock Lookup",
    "link": "https://ir.fatetherapeutics.com/stock-information",
    "timestamp": "unknown"
  },
  {
    "title": "Historical Stock Lookup",
    "link": "https://ir.fatetherapeutics.com/stock-information/historic-stock-lookup",
    "timestamp": "unknown"
  },
  {
    "title": "Investors FAQs",
    "link": "https://ir.fatetherapeutics.com/investor-faqs",
    "timestamp": "unknown"
  },
  {
    "title": "Contact",
    "link": "https://www.fatetherapeutics.com/contact/",
    "timestamp": "unknown"
  },
  {
    "title": "InvestorsOverviewPress ReleasesEvents & PresentationsFinancial & FilingsCorporate GovernanceStock InformationInvestors FAQs",
    "link": "https://ir.fatetherapeutics.com/",
    "timestamp": "unknown"
  },
  {
    "title": "InvestorsOverviewPress ReleasesEvents & PresentationsFinancial & FilingsCorporate GovernanceStock InformationInvestors FAQs",
    "link": "https://ir.fatetherapeutics.com/",
    "timestamp": "unknown"
  },
  {
    "title": "InvestorsOverviewPress ReleasesEvents & PresentationsFinancial & FilingsCorporate GovernanceStock InformationInvestors FAQs",
    "link": "https://ir.fatetherapeutics.com/",
    "timestamp": "unknown"
  },
  {
    "title": "InvestorsOverviewPress ReleasesEvents & PresentationsFinancial & FilingsCorporate GovernanceStock InformationInvestors FAQs",
    "link": "https://ir.fatetherapeutics.com/",
    "timestamp": "unknown"
  },
  {
    "title": "InvestorsOverviewPress ReleasesEvents & PresentationsFinancial & FilingsCorporate GovernanceStock InformationInvestors FAQs",
    "link": "https://ir.fatetherapeutics.com/",
    "timestamp": "unknown"
  },
  {
    "title": "Overview",
    "link": "https://ir.fatetherapeutics.com/",
    "timestamp": "unknown"
  },
  {
    "title": "Press Releases",
    "link": "https://ir.fatetherapeutics.com/press-releases",
    "timestamp": "unknown"
  },
  {
    "title": "Events & Presentations",
    "link": "https://ir.fatetherapeutics.com/events-and-presentations",
    "timestamp": "unknown"
  },
  {
    "title": "Financial & Filings",
    "link": "https://ir.fatetherapeutics.com/financials-and-filings",
    "timestamp": "unknown"
  },
  {
    "title": "Corporate Governance",
    "link": "https://ir.fatetherapeutics.com/corporate-profile",
    "timestamp": "unknown"
  },
  {
    "title": "Stock Information",
    "link": "https://ir.fatetherapeutics.com/stock-information",
    "timestamp": "unknown"
  },
  {
    "title": "Investors FAQs",
    "link": "https://ir.fatetherapeutics.com/investor-faqs",
    "timestamp": "unknown"
  },
  {
    "title": "Press ReleasesYear:DateTitle and SummaryAdditional FormatsToggle SummaryJulFate Therapeutics Reports New Employee Inducement Awards Under Nasdaq Listi",
    "link": "https://ir.fatetherapeutics.com/press-releases?field_nir_news_date_value_2=now&items_per_page=&order=field_nir_news_date&sort=asc",
    "timestamp": "unknown"
  },
  {
    "title": "Press ReleasesYear:DateTitle and SummaryAdditional FormatsToggle SummaryJulFate Therapeutics Reports New Employee Inducement Awards Under Nasdaq Listi",
    "link": "https://ir.fatetherapeutics.com/press-releases?field_nir_news_date_value_2=now&items_per_page=&order=field_nir_news_date&sort=asc",
    "timestamp": "unknown"
  },
  {
    "title": "Press ReleasesYear:DateTitle and SummaryAdditional FormatsToggle SummaryJulFate Therapeutics Reports New Employee Inducement Awards Under Nasdaq Listi",
    "link": "https://ir.fatetherapeutics.com/press-releases?field_nir_news_date_value_2=now&items_per_page=&order=field_nir_news_date&sort=asc",
    "timestamp": "unknown"
  },
  {
    "title": "Press ReleasesYear:DateTitle and SummaryAdditional FormatsToggle SummaryJulFate Therapeutics Reports New Employee Inducement Awards Under Nasdaq Listi",
    "link": "https://ir.fatetherapeutics.com/press-releases?field_nir_news_date_value_2=now&items_per_page=&order=field_nir_news_date&sort=asc",
    "timestamp": "unknown"
  },
  {
    "title": "Press ReleasesYear:DateTitle and SummaryAdditional FormatsToggle SummaryJulFate Therapeutics Reports New Employee Inducement Awards Under Nasdaq Listi",
    "link": "https://ir.fatetherapeutics.com/press-releases?field_nir_news_date_value_2=now&items_per_page=&order=field_nir_news_date&sort=asc",
    "timestamp": "unknown"
  },
  {
    "title": "Press ReleasesYear:DateTitle and SummaryAdditional FormatsToggle SummaryJulFate Therapeutics Reports New Employee Inducement Awards Under Nasdaq Listi",
    "link": "https://ir.fatetherapeutics.com/press-releases?field_nir_news_date_value_2=now&items_per_page=&order=field_nir_news_date&sort=asc",
    "timestamp": "unknown"
  },
  {
    "title": "Press ReleasesYear:DateTitle and SummaryAdditional FormatsToggle SummaryJulFate Therapeutics Reports New Employee Inducement Awards Under Nasdaq Listi",
    "link": "https://ir.fatetherapeutics.com/press-releases?field_nir_news_date_value_2=now&items_per_page=&order=field_nir_news_date&sort=asc",
    "timestamp": "unknown"
  },
  {
    "title": "Press ReleasesYear:DateTitle and SummaryAdditional FormatsToggle SummaryJulFate Therapeutics Reports New Employee Inducement Awards Under Nasdaq Listi",
    "link": "https://ir.fatetherapeutics.com/press-releases?field_nir_news_date_value_2=now&items_per_page=&order=field_nir_news_date&sort=asc",
    "timestamp": "unknown"
  },
  {
    "title": "Press ReleasesYear:DateTitle and SummaryAdditional FormatsToggle SummaryJulFate Therapeutics Reports New Employee Inducement Awards Under Nasdaq Listi",
    "link": "https://ir.fatetherapeutics.com/press-releases?field_nir_news_date_value_2=now&items_per_page=&order=field_nir_news_date&sort=asc",
    "timestamp": "unknown"
  },
  {
    "title": "Press ReleasesYear:DateTitle and SummaryAdditional FormatsToggle SummaryJulFate Therapeutics Reports New Employee Inducement Awards Under Nasdaq Listi",
    "link": "https://ir.fatetherapeutics.com/press-releases?field_nir_news_date_value_2=now&items_per_page=&order=field_nir_news_date&sort=asc",
    "timestamp": "unknown"
  },
  {
    "title": "Year:DateTitle and SummaryAdditional FormatsToggle SummaryJulFate Therapeutics Reports New Employee Inducement Awards Under Nasdaq Listing Rule (c)()S",
    "link": "https://ir.fatetherapeutics.com/press-releases?field_nir_news_date_value_2=now&items_per_page=&order=field_nir_news_date&sort=asc",
    "timestamp": "unknown"
  },
  {
    "title": "Year:DateTitle and SummaryAdditional FormatsToggle SummaryJulFate Therapeutics Reports New Employee Inducement Awards Under Nasdaq Listing Rule (c)()S",
    "link": "https://ir.fatetherapeutics.com/press-releases?field_nir_news_date_value_2=now&items_per_page=&order=field_nir_news_date&sort=asc",
    "timestamp": "unknown"
  },
  {
    "title": "Year:DateTitle and SummaryAdditional FormatsToggle SummaryJulFate Therapeutics Reports New Employee Inducement Awards Under Nasdaq Listing Rule (c)()S",
    "link": "https://ir.fatetherapeutics.com/press-releases?field_nir_news_date_value_2=now&items_per_page=&order=field_nir_news_date&sort=asc",
    "timestamp": "unknown"
  },
  {
    "title": "Year:DateTitle and SummaryAdditional FormatsToggle SummaryJulFate Therapeutics Reports New Employee Inducement Awards Under Nasdaq Listing Rule (c)()S",
    "link": "https://ir.fatetherapeutics.com/press-releases?field_nir_news_date_value_2=now&items_per_page=&order=field_nir_news_date&sort=asc",
    "timestamp": "unknown"
  },
  {
    "title": "Year:DateTitle and SummaryAdditional FormatsToggle SummaryJulFate Therapeutics Reports New Employee Inducement Awards Under Nasdaq Listing Rule (c)()S",
    "link": "https://ir.fatetherapeutics.com/press-releases?field_nir_news_date_value_2=now&items_per_page=&order=field_nir_news_date&sort=asc",
    "timestamp": "unknown"
  },
  {
    "title": "Year:DateTitle and SummaryAdditional FormatsToggle SummaryJulFate Therapeutics Reports New Employee Inducement Awards Under Nasdaq Listing Rule (c)()S",
    "link": "https://ir.fatetherapeutics.com/press-releases?field_nir_news_date_value_2=now&items_per_page=&order=field_nir_news_date&sort=asc",
    "timestamp": "unknown"
  },
  {
    "title": "Year:DateTitle and SummaryAdditional FormatsToggle SummaryJulFate Therapeutics Reports New Employee Inducement Awards Under Nasdaq Listing Rule (c)()S",
    "link": "https://ir.fatetherapeutics.com/press-releases?field_nir_news_date_value_2=now&items_per_page=&order=field_nir_news_date&sort=asc",
    "timestamp": "unknown"
  },
  {
    "title": "Year:DateTitle and SummaryAdditional FormatsToggle SummaryJulFate Therapeutics Reports New Employee Inducement Awards Under Nasdaq Listing Rule (c)()S",
    "link": "https://ir.fatetherapeutics.com/press-releases?field_nir_news_date_value_2=now&items_per_page=&order=field_nir_news_date&sort=asc",
    "timestamp": "unknown"
  },
  {
    "title": "Year:DateTitle and SummaryAdditional FormatsToggle SummaryJulFate Therapeutics Reports New Employee Inducement Awards Under Nasdaq Listing Rule (c)()S",
    "link": "https://ir.fatetherapeutics.com/press-releases?field_nir_news_date_value_2=now&items_per_page=&order=field_nir_news_date&sort=asc",
    "timestamp": "unknown"
  },
  {
    "title": "Year:DateTitle and SummaryAdditional FormatsToggle SummaryJulFate Therapeutics Reports New Employee Inducement Awards Under Nasdaq Listing Rule (c)()S",
    "link": "https://ir.fatetherapeutics.com/press-releases?field_nir_news_date_value_2=now&items_per_page=&order=field_nir_news_date&sort=asc",
    "timestamp": "unknown"
  },
  {
    "title": "DateTitle and SummaryAdditional FormatsToggle SummaryJulFate Therapeutics Reports New Employee Inducement Awards Under Nasdaq Listing Rule (c)()SAN DI",
    "link": "https://ir.fatetherapeutics.com/press-releases?field_nir_news_date_value_2=now&items_per_page=&order=field_nir_news_date&sort=asc",
    "timestamp": "unknown"
  },
  {
    "title": "DateTitle and SummaryAdditional Formats",
    "link": "https://ir.fatetherapeutics.com/press-releases?field_nir_news_date_value_2=now&items_per_page=&order=field_nir_news_date&sort=asc",
    "timestamp": "unknown"
  },
  {
    "title": "Toggle SummaryJulFate Therapeutics Reports New Employee Inducement Awards Under Nasdaq Listing Rule (c)()SAN DIEGO , July ,  (GLOBE NEWSWIRE) -- Fate ",
    "link": "https://ir.fatetherapeutics.com/press-releases",
    "timestamp": "unknown"
  },
  {
    "title": "Fate Therapeutics Reports New Employee Inducement Awards Under Nasdaq Listing Rule (c)()",
    "link": "https://ir.fatetherapeutics.com/news-releases/news-release-details/fate-therapeutics-reports-new-employee-inducement-awards-under-",
    "timestamp": "unknown"
  },
  {
    "title": "Toggle SummaryJunFate Therapeutics Announces Updated Clinical Data for FT819 Off-the-shelf CAR T-cell Product Candidate Demonstrating Durability of Dr",
    "link": "https://ir.fatetherapeutics.com/press-releases",
    "timestamp": "unknown"
  },
  {
    "title": "Fate Therapeutics Announces Updated Clinical Data for FT819 Off-the-shelf CAR T-cell Product Candidate Demonstrating Durability of Drug-free Remission",
    "link": "https://ir.fatetherapeutics.com/news-releases/news-release-details/fate-therapeutics-announces-updated-clinical-data-ft819-shelf",
    "timestamp": "unknown"
  },
  {
    "title": "Toggle SummaryMayFate Therapeutics Appoints Matthew Abernethy, M.B.A., to its Board of DirectorsSAN DIEGO , May ,  (GLOBE NEWSWIRE) -- Fate Therapeuti",
    "link": "https://ir.fatetherapeutics.com/press-releases",
    "timestamp": "unknown"
  },
  {
    "title": "Fate Therapeutics Appoints Matthew Abernethy, M.B.A., to its Board of Directors",
    "link": "https://ir.fatetherapeutics.com/news-releases/news-release-details/fate-therapeutics-appoints-matthew-abernethy-mba-its-board",
    "timestamp": "unknown"
  },
  {
    "title": "Toggle SummaryMayFate Therapeutics Announces Phase  Data Presentation of FT819 Off-the-Shelf CAR T-cell Product Candidate for SLE at EULAR  CongressOr",
    "link": "https://ir.fatetherapeutics.com/press-releases",
    "timestamp": "unknown"
  },
  {
    "title": "Fate Therapeutics Announces Phase  Data Presentation of FT819 Off-the-Shelf CAR T-cell Product Candidate for SLE at EULAR  Congress",
    "link": "https://ir.fatetherapeutics.com/news-releases/news-release-details/fate-therapeutics-announces-phase--data-presentation-ft819",
    "timestamp": "unknown"
  },
  {
    "title": "Toggle SummaryMayFate Therapeutics Reports First Quarter  Financial Results and Business UpdatesAdditional Phase  Data for FT819 Off-the-Shelf CAR T-c",
    "link": "https://ir.fatetherapeutics.com/press-releases",
    "timestamp": "unknown"
  },
  {
    "title": "Fate Therapeutics Reports First Quarter  Financial Results and Business Updates",
    "link": "https://ir.fatetherapeutics.com/news-releases/news-release-details/fate-therapeutics-reports-first-quarter--financial-results",
    "timestamp": "unknown"
  },
  {
    "title": "Toggle SummaryMayFate Therapeutics Reports New Employee Inducement Awards Under Nasdaq Listing Rule (c)()SAN DIEGO , May ,  (GLOBE NEWSWIRE) -- Fate T",
    "link": "https://ir.fatetherapeutics.com/press-releases",
    "timestamp": "unknown"
  },
  {
    "title": "Fate Therapeutics Reports New Employee Inducement Awards Under Nasdaq Listing Rule (c)()",
    "link": "https://ir.fatetherapeutics.com/news-releases/news-release-details/fate-therapeutics-reports-new-employee-inducement-awards-under-",
    "timestamp": "unknown"
  },
  {
    "title": "Toggle SummaryAprFate Therapeutics Announces Five Presentations on Off-the-Shelf CAR T-cell Product Platform at ASGCT Annual MeetingUpdated clinical a",
    "link": "https://ir.fatetherapeutics.com/press-releases",
    "timestamp": "unknown"
  },
  {
    "title": "Fate Therapeutics Announces Five Presentations on Off-the-Shelf CAR T-cell Product Platform at ASGCT Annual Meeting",
    "link": "https://ir.fatetherapeutics.com/news-releases/news-release-details/fate-therapeutics-announces-five-presentations-shelf-car-t-cell",
    "timestamp": "unknown"
  },
  {
    "title": "Toggle SummaryAprFate Therapeutics Receives Regenerative Medicine Advanced Therapy (RMAT) Designation from FDA for FT819 to Treat Moderate to Severe S",
    "link": "https://ir.fatetherapeutics.com/press-releases",
    "timestamp": "unknown"
  },
  {
    "title": "Fate Therapeutics Receives Regenerative Medicine Advanced Therapy (RMAT) Designation from FDA for FT819 to Treat Moderate to Severe Systemic Lupus Ery",
    "link": "https://ir.fatetherapeutics.com/news-releases/news-release-details/fate-therapeutics-receives-regenerative-medicine-advanced",
    "timestamp": "unknown"
  },
  {
    "title": "Toggle SummaryAprFate Therapeutics Reports New Employee Inducement Awards Under Nasdaq Listing Rule (c)()SAN DIEGO , April ,  (GLOBE NEWSWIRE) -- Fate",
    "link": "https://ir.fatetherapeutics.com/press-releases",
    "timestamp": "unknown"
  },
  {
    "title": "Fate Therapeutics Reports New Employee Inducement Awards Under Nasdaq Listing Rule (c)()",
    "link": "https://ir.fatetherapeutics.com/news-releases/news-release-details/fate-therapeutics-reports-new-employee-inducement-awards-under-",
    "timestamp": "unknown"
  },
  {
    "title": "Toggle SummaryMarFate Therapeutics Reports Fourth Quarter and Full Year  Financial Results and Business UpdatesPhase  Dose Expansion Initiated for FT8",
    "link": "https://ir.fatetherapeutics.com/press-releases",
    "timestamp": "unknown"
  },
  {
    "title": "Fate Therapeutics Reports Fourth Quarter and Full Year  Financial Results and Business Updates",
    "link": "https://ir.fatetherapeutics.com/news-releases/news-release-details/fate-therapeutics-reports-fourth-quarter-and-full-year-",
    "timestamp": "unknown"
  },
  {
    "title": "Current page",
    "link": "https://ir.fatetherapeutics.com/press-releases?field_nir_news_date_value%5Bmin%5D=&field_nir_news_date_value%5Bmax%5D=&field_nir_news_date_value_2=now&items_per_page_toggle=&page=",
    "timestamp": "unknown"
  },
  {
    "title": "Page",
    "link": "https://ir.fatetherapeutics.com/press-releases?field_nir_news_date_value%5Bmin%5D=&field_nir_news_date_value%5Bmax%5D=&field_nir_news_date_value_2=now&items_per_page_toggle=&page=",
    "timestamp": "unknown"
  },
  {
    "title": "Page",
    "link": "https://ir.fatetherapeutics.com/press-releases?field_nir_news_date_value%5Bmin%5D=&field_nir_news_date_value%5Bmax%5D=&field_nir_news_date_value_2=now&items_per_page_toggle=&page=",
    "timestamp": "unknown"
  },
  {
    "title": "Page",
    "link": "https://ir.fatetherapeutics.com/press-releases?field_nir_news_date_value%5Bmin%5D=&field_nir_news_date_value%5Bmax%5D=&field_nir_news_date_value_2=now&items_per_page_toggle=&page=",
    "timestamp": "unknown"
  },
  {
    "title": "Next pageNext",
    "link": "https://ir.fatetherapeutics.com/press-releases?field_nir_news_date_value%5Bmin%5D=&field_nir_news_date_value%5Bmax%5D=&field_nir_news_date_value_2=now&items_per_page_toggle=&page=",
    "timestamp": "unknown"
  },
  {
    "title": "Last pageLast",
    "link": "https://ir.fatetherapeutics.com/press-releases?field_nir_news_date_value%5Bmin%5D=&field_nir_news_date_value%5Bmax%5D=&field_nir_news_date_value_2=now&items_per_page_toggle=&page=",
    "timestamp": "unknown"
  },
  {
    "title": "Shareholder ToolsPrinted MaterialsEmail AlertsDownload LibraryRSS News FeedsPrint PageShareSearch",
    "link": "https://ir.fatetherapeutics.com/printed-materials",
    "timestamp": "unknown"
  },
  {
    "title": "Shareholder ToolsPrinted MaterialsEmail AlertsDownload LibraryRSS News FeedsPrint PageShareSearch",
    "link": "https://ir.fatetherapeutics.com/printed-materials",
    "timestamp": "unknown"
  },
  {
    "title": "Printed MaterialsEmail AlertsDownload LibraryRSS News FeedsPrint PageShareSearch",
    "link": "https://ir.fatetherapeutics.com/printed-materials",
    "timestamp": "unknown"
  },
  {
    "title": "FacebookLinkedInTwitterRSS",
    "link": "https://ir.fatetherapeutics.com/press-releases",
    "timestamp": "unknown"
  },
  {
    "title": "FacebookLinkedInTwitterRSS",
    "link": "https://ir.fatetherapeutics.com/press-releases",
    "timestamp": "unknown"
  },
  {
    "title": "Facebook",
    "link": "https://www.facebook.com/share.php?u=https%3A%2F%2Fir.fatetherapeutics.com%2Fpress-releases&t=Fate Therapeutics, Inc. - Press Releases",
    "timestamp": "unknown"
  },
  {
    "title": "LinkedIn",
    "link": "http://www.linkedin.com/shareArticle?mini=true&url=https%3A%2F%2Fir.fatetherapeutics.com%2Fpress-releases?&title=Fate Therapeutics, Inc. - Press Releases",
    "timestamp": "unknown"
  },
  {
    "title": "Twitter",
    "link": "https://twitter.com/intent/tweet?status=Currently%20reading%20https%3A%2F%2Fir.fatetherapeutics.com%2Fpress-releases?",
    "timestamp": "unknown"
  },
  {
    "title": "RSS",
    "link": "https://ir.fatetherapeutics.com/rss-news-feeds",
    "timestamp": "unknown"
  },
  {
    "title": "\u00a9  Fate Therapeutics |  Scripps Summit Drive, San Diego, CA  |..|LEGAL",
    "link": "tel:",
    "timestamp": "unknown"
  },
  {
    "title": "\u00a9  Fate Therapeutics |  Scripps Summit Drive, San Diego, CA  |..|LEGAL",
    "link": "tel:",
    "timestamp": "unknown"
  },
  {
    "title": "\u00a9  Fate Therapeutics |  Scripps Summit Drive, San Diego, CA  |..|LEGAL",
    "link": "tel:",
    "timestamp": "unknown"
  },
  {
    "title": "MENUAbout UsOverviewLeadershipCorporate ResponsibilityPipelineOverviewProduct CandidatesFT819FT825FT836FT829FT522Early/Expanded Access PolicyScienceOu",
    "link": "https://www.fatetherapeutics.com/about-us/overview/",
    "timestamp": "unknown"
  },
  {
    "title": "About UsOverviewLeadershipCorporate Responsibility",
    "link": "https://www.fatetherapeutics.com/about-us/overview/",
    "timestamp": "unknown"
  },
  {
    "title": "Overview",
    "link": "https://www.fatetherapeutics.com/about-us/overview/",
    "timestamp": "unknown"
  },
  {
    "title": "Leadership",
    "link": "https://www.fatetherapeutics.com/about-us/leadership/",
    "timestamp": "unknown"
  },
  {
    "title": "Corporate Responsibility",
    "link": "https://www.fatetherapeutics.com/about-us/corporate-responsibility/",
    "timestamp": "unknown"
  },
  {
    "title": "PipelineOverviewProduct CandidatesFT819FT825FT836FT829FT522Early/Expanded Access Policy",
    "link": "https://www.fatetherapeutics.com/pipeline/",
    "timestamp": "unknown"
  },
  {
    "title": "Overview",
    "link": "https://www.fatetherapeutics.com/pipeline/",
    "timestamp": "unknown"
  },
  {
    "title": "Product CandidatesFT819FT825FT836FT829FT522",
    "link": "https://www.fatetherapeutics.com/pipeline/immuno-oncology-candidates/ft819/",
    "timestamp": "unknown"
  },
  {
    "title": "FT819",
    "link": "https://www.fatetherapeutics.com/pipeline/immuno-oncology-candidates/ft819/",
    "timestamp": "unknown"
  },
  {
    "title": "FT825",
    "link": "https://www.fatetherapeutics.com/pipeline/immuno-oncology-candidates/ft825/",
    "timestamp": "unknown"
  },
  {
    "title": "FT836",
    "link": "https://www.fatetherapeutics.com/pipeline/immuno-oncology-candidates/ft836/",
    "timestamp": "unknown"
  },
  {
    "title": "FT829",
    "link": "https://www.fatetherapeutics.com/pipeline/immuno-oncology-candidates/ft829/",
    "timestamp": "unknown"
  },
  {
    "title": "FT522",
    "link": "https://www.fatetherapeutics.com/pipeline/immuno-oncology-candidates/ft522/",
    "timestamp": "unknown"
  },
  {
    "title": "Early/Expanded Access Policy",
    "link": "https://www.fatetherapeutics.com/pipeline/early-expanded-access-policy/",
    "timestamp": "unknown"
  },
  {
    "title": "ScienceOur Cells of InterestiPSC PlatformManufacturingEngineeringPublications & Presentations",
    "link": "https://www.fatetherapeutics.com/science/ipsc-platform/",
    "timestamp": "unknown"
  },
  {
    "title": "Our Cells of Interest",
    "link": "https://www.fatetherapeutics.com/about-us/our-cells-of-interest/",
    "timestamp": "unknown"
  },
  {
    "title": "iPSC Platform",
    "link": "https://www.fatetherapeutics.com/science/ipsc-platform/",
    "timestamp": "unknown"
  },
  {
    "title": "Manufacturing",
    "link": "https://www.fatetherapeutics.com/science/manufacturing/",
    "timestamp": "unknown"
  },
  {
    "title": "Engineering",
    "link": "https://www.fatetherapeutics.com/science/engineering/",
    "timestamp": "unknown"
  },
  {
    "title": "Publications & Presentations",
    "link": "https://www.fatetherapeutics.com/science/publications-presentations/",
    "timestamp": "unknown"
  },
  {
    "title": "Patients",
    "link": "https://ir.fatetherapeutics.com/press-releases",
    "timestamp": "unknown"
  },
  {
    "title": "Collaborations",
    "link": "https://www.fatetherapeutics.com/collaborations/",
    "timestamp": "unknown"
  },
  {
    "title": "Careers and CultureThe Fate WayJoin Our Team",
    "link": "https://www.fatetherapeutics.com/careers-culture/the-fate-way/",
    "timestamp": "unknown"
  },
  {
    "title": "The Fate Way",
    "link": "https://www.fatetherapeutics.com/careers-culture/the-fate-way/",
    "timestamp": "unknown"
  },
  {
    "title": "Join Our Team",
    "link": "https://www.fatetherapeutics.com/careers-culture/join-our-team/",
    "timestamp": "unknown"
  },
  {
    "title": "InvestorsOverviewPress ReleasesEvents & PresentationsFinancials & FilingsSEC FilingsAnnual Reports and ProxiesCorporate GovernanceStock InformationHis",
    "link": "https://ir.fatetherapeutics.com/",
    "timestamp": "unknown"
  },
  {
    "title": "Overview",
    "link": "https://ir.fatetherapeutics.com/",
    "timestamp": "unknown"
  },
  {
    "title": "Press Releases",
    "link": "https://ir.fatetherapeutics.com/press-releases",
    "timestamp": "unknown"
  },
  {
    "title": "Events & Presentations",
    "link": "https://ir.fatetherapeutics.com/events-and-presentations",
    "timestamp": "unknown"
  },
  {
    "title": "Financials & FilingsSEC FilingsAnnual Reports and Proxies",
    "link": "https://ir.fatetherapeutics.com/financials-and-filings",
    "timestamp": "unknown"
  },
  {
    "title": "SEC Filings",
    "link": "https://ir.fatetherapeutics.com/financial-information/sec-filings",
    "timestamp": "unknown"
  },
  {
    "title": "Annual Reports and Proxies",
    "link": "https://ir.fatetherapeutics.com/financial-information/annual-reports",
    "timestamp": "unknown"
  },
  {
    "title": "Corporate Governance",
    "link": "https://ir.fatetherapeutics.com/corporate-profile",
    "timestamp": "unknown"
  },
  {
    "title": "Stock InformationHistorical Stock Lookup",
    "link": "https://ir.fatetherapeutics.com/stock-information",
    "timestamp": "unknown"
  },
  {
    "title": "Historical Stock Lookup",
    "link": "https://ir.fatetherapeutics.com/stock-information/historic-stock-lookup",
    "timestamp": "unknown"
  },
  {
    "title": "Investors FAQs",
    "link": "https://ir.fatetherapeutics.com/investor-faqs",
    "timestamp": "unknown"
  },
  {
    "title": "Contact",
    "link": "https://www.fatetherapeutics.com/contact/",
    "timestamp": "unknown"
  }
]