[
  {
    "title": "Contact",
    "link": "https://www.glpg.com/contact/",
    "timestamp": "unknown"
  },
  {
    "title": "Newsroom",
    "link": "https://www.glpg.com/newsroom/",
    "timestamp": "unknown"
  },
  {
    "title": "Careers",
    "link": "https://www.glpg.com/careers/",
    "timestamp": "unknown"
  },
  {
    "title": "Locations",
    "link": "https://www.glpg.com/locations/",
    "timestamp": "unknown"
  },
  {
    "title": "Search",
    "link": "https://www.glpg.com/webcasts-Event/#search",
    "timestamp": "unknown"
  },
  {
    "title": "GalapagosInnovationCell TherapyPipelineSmall MoleculesClinical TrialsInvestorsWebcasts & EventsFinancialsStock InformationShareholder InformationCorpo",
    "link": "https://www.glpg.com/",
    "timestamp": "unknown"
  },
  {
    "title": "Galapagos",
    "link": "https://www.glpg.com/",
    "timestamp": "unknown"
  },
  {
    "title": "InnovationCell TherapyPipelineSmall MoleculesClinical Trials",
    "link": "https://www.glpg.com/innovation/",
    "timestamp": "unknown"
  },
  {
    "title": "Cell Therapy",
    "link": "https://www.glpg.com/innovation/cell-therapy/",
    "timestamp": "unknown"
  },
  {
    "title": "Pipeline",
    "link": "https://www.glpg.com/innovation/pipeline/",
    "timestamp": "unknown"
  },
  {
    "title": "Small Molecules",
    "link": "https://www.glpg.com/innovation/immunology/",
    "timestamp": "unknown"
  },
  {
    "title": "Clinical Trials",
    "link": "https://www.glpg.com/innovation/clinical-trials/",
    "timestamp": "unknown"
  },
  {
    "title": "InvestorsWebcasts & EventsFinancialsStock InformationShareholder InformationCorporate GovernanceDownload CenterIR Team",
    "link": "https://www.glpg.com/investors/",
    "timestamp": "unknown"
  },
  {
    "title": "Webcasts & Events",
    "link": "https://www.glpg.com/webcasts-events/",
    "timestamp": "unknown"
  },
  {
    "title": "Financials",
    "link": "https://www.glpg.com/investors/financials/",
    "timestamp": "unknown"
  },
  {
    "title": "Stock Information",
    "link": "https://www.glpg.com/investors/stock-information/",
    "timestamp": "unknown"
  },
  {
    "title": "Shareholder Information",
    "link": "https://www.glpg.com/investors/shareholder-information/",
    "timestamp": "unknown"
  },
  {
    "title": "Corporate Governance",
    "link": "https://www.glpg.com/investors/corporate-governance/",
    "timestamp": "unknown"
  },
  {
    "title": "Download Center",
    "link": "https://www.glpg.com/download-center/",
    "timestamp": "unknown"
  },
  {
    "title": "IR Team",
    "link": "https://www.glpg.com/investors/ir-team/",
    "timestamp": "unknown"
  },
  {
    "title": "Collaborations",
    "link": "https://www.glpg.com/collaborations/",
    "timestamp": "unknown"
  },
  {
    "title": "Patients and Carers",
    "link": "https://www.glpg.com/patients-and-carers/",
    "timestamp": "unknown"
  },
  {
    "title": "SustainabilityOur CommitmentPatientsPlanetPeopleTrust and Transparency",
    "link": "https://www.glpg.com/sustainability/",
    "timestamp": "unknown"
  },
  {
    "title": "Our Commitment",
    "link": "https://www.glpg.com/sustainability/our-commitment/",
    "timestamp": "unknown"
  },
  {
    "title": "Patients",
    "link": "https://www.glpg.com/sustainability/patients/",
    "timestamp": "unknown"
  },
  {
    "title": "Planet",
    "link": "https://www.glpg.com/sustainability/planet/",
    "timestamp": "unknown"
  },
  {
    "title": "People",
    "link": "https://www.glpg.com/sustainability/people/",
    "timestamp": "unknown"
  },
  {
    "title": "Trust and Transparency",
    "link": "https://www.glpg.com/sustainability/trust-and-transparency/",
    "timestamp": "unknown"
  },
  {
    "title": "About usMission and ValuesLeadershipOur StoryBoard of Directors",
    "link": "https://www.glpg.com/about-us/",
    "timestamp": "unknown"
  },
  {
    "title": "Mission and Values",
    "link": "https://www.glpg.com/about-us/vision-mission-values/",
    "timestamp": "unknown"
  },
  {
    "title": "Leadership",
    "link": "https://www.glpg.com/about-us/leadership-team/",
    "timestamp": "unknown"
  },
  {
    "title": "Our Story",
    "link": "https://www.glpg.com/about-us/our-story/",
    "timestamp": "unknown"
  },
  {
    "title": "Board of Directors",
    "link": "https://www.glpg.com/about-us/board-of-directors/",
    "timestamp": "unknown"
  },
  {
    "title": "Webcasts & EventsLearn more about future and past webinars, which provide in-depth insights about Galapagos for investors and analysts, and find out a",
    "link": "https://www.glpg.com/investors/financials/#h-financial-calendar",
    "timestamp": "unknown"
  },
  {
    "title": "Webcasts & EventsLearn more about future and past webinars, which provide in-depth insights about Galapagos for investors and analysts, and find out a",
    "link": "https://www.glpg.com/investors/financials/#h-financial-calendar",
    "timestamp": "unknown"
  },
  {
    "title": "Webcasts & EventsLearn more about future and past webinars, which provide in-depth insights about Galapagos for investors and analysts, and find out a",
    "link": "https://www.glpg.com/investors/financials/#h-financial-calendar",
    "timestamp": "unknown"
  },
  {
    "title": "Financial Calendar",
    "link": "https://www.glpg.com/investors/financials/#h-financial-calendar",
    "timestamp": "unknown"
  },
  {
    "title": "AprQ1  ResultsVirtualWebcastClick hereto replay the webcastClick herefor the webcast presentationClick herefor the transcript of the call",
    "link": "https://edge.media-server.com/mmc/p/auom7c48",
    "timestamp": "unknown"
  },
  {
    "title": "Click hereto replay the webcastClick herefor the webcast presentationClick herefor the transcript of the call",
    "link": "https://edge.media-server.com/mmc/p/auom7c48",
    "timestamp": "unknown"
  },
  {
    "title": "Click hereto replay the webcastClick herefor the webcast presentationClick herefor the transcript of the call",
    "link": "https://edge.media-server.com/mmc/p/auom7c48",
    "timestamp": "unknown"
  },
  {
    "title": "Click hereto replay the webcastClick herefor the webcast presentationClick herefor the transcript of the call",
    "link": "https://edge.media-server.com/mmc/p/auom7c48",
    "timestamp": "unknown"
  },
  {
    "title": "MarBarclays Global Healthcare ConferenceMiami, U.S.Galapagos Corporate Presentation on Wednesday, March ,Click here for thereplayof the webcastClick h",
    "link": "https://event.webcasts.com/starthere.jsp?ei=&tp_key=317c70cf0d&tp_special=",
    "timestamp": "unknown"
  },
  {
    "title": "Galapagos Corporate Presentation on Wednesday, March ,Click here for thereplayof the webcastClick here for thewebcast presentation",
    "link": "https://event.webcasts.com/starthere.jsp?ei=&tp_key=317c70cf0d&tp_special=",
    "timestamp": "unknown"
  },
  {
    "title": "Galapagos Corporate Presentation on Wednesday, March ,Click here for thereplayof the webcastClick here for thewebcast presentation",
    "link": "https://event.webcasts.com/starthere.jsp?ei=&tp_key=317c70cf0d&tp_special=",
    "timestamp": "unknown"
  },
  {
    "title": "Galapagos Corporate Presentation on Wednesday, March ,Click here for thereplayof the webcastClick here for thewebcast presentation",
    "link": "https://event.webcasts.com/starthere.jsp?ei=&tp_key=317c70cf0d&tp_special=",
    "timestamp": "unknown"
  },
  {
    "title": "MarTD Cowen 45th Annual Healthcare ConferenceBoston, U.S.Galapagos Corporate Presentation on Tuesday, March ,Click here for thereplayof the webcastCli",
    "link": "https://wsw.com/webcast/cowen177/register.aspx?conf=cowen177&page=glpg&url=https://wsw.com/webcast/cowen177/glpg/",
    "timestamp": "unknown"
  },
  {
    "title": "Galapagos Corporate Presentation on Tuesday, March ,Click here for thereplayof the webcastClick here for thewebcast presentation",
    "link": "https://wsw.com/webcast/cowen177/register.aspx?conf=cowen177&page=glpg&url=https://wsw.com/webcast/cowen177/glpg/",
    "timestamp": "unknown"
  },
  {
    "title": "Galapagos Corporate Presentation on Tuesday, March ,Click here for thereplayof the webcastClick here for thewebcast presentation",
    "link": "https://wsw.com/webcast/cowen177/register.aspx?conf=cowen177&page=glpg&url=https://wsw.com/webcast/cowen177/glpg/",
    "timestamp": "unknown"
  },
  {
    "title": "Galapagos Corporate Presentation on Tuesday, March ,Click here for thereplayof the webcastClick here for thewebcast presentation",
    "link": "https://wsw.com/webcast/cowen177/register.aspx?conf=cowen177&page=glpg&url=https://wsw.com/webcast/cowen177/glpg/",
    "timestamp": "unknown"
  },
  {
    "title": "FebFY  ResultsVirtualWebcastClick herefor the replay of the webcastClick herefor the webcast presentationClick herefor the webcast transcript",
    "link": "https://edge.media-server.com/mmc/p/kuptm24f/",
    "timestamp": "unknown"
  },
  {
    "title": "Click herefor the replay of the webcastClick herefor the webcast presentationClick herefor the webcast transcript",
    "link": "https://edge.media-server.com/mmc/p/kuptm24f/",
    "timestamp": "unknown"
  },
  {
    "title": "Click herefor the replay of the webcastClick herefor the webcast presentationClick herefor the webcast transcript",
    "link": "https://edge.media-server.com/mmc/p/kuptm24f/",
    "timestamp": "unknown"
  },
  {
    "title": "Click herefor the replay of the webcastClick herefor the webcast presentationClick herefor the webcast transcript",
    "link": "https://edge.media-server.com/mmc/p/kuptm24f/",
    "timestamp": "unknown"
  },
  {
    "title": "JanJ.P. Morgan Healthcare ConferenceSan Francisco, U.S.Galapagos presented at the 43rd Annual J.P. Morgan Healthcare Conference on Wednesday, January ",
    "link": "https://jpmorgan.metameetings.net/events/healthcare25/sessions/-galapagos/webcast?gpu_only=true&kiosk=true",
    "timestamp": "unknown"
  },
  {
    "title": "Galapagos presented at the 43rd Annual J.P. Morgan Healthcare Conference on Wednesday, January , , at  PT in San FranciscoWebcast replay:https://jpmor",
    "link": "https://jpmorgan.metameetings.net/events/healthcare25/sessions/-galapagos/webcast?gpu_only=true&kiosk=true",
    "timestamp": "unknown"
  },
  {
    "title": "Galapagos presented at the 43rd Annual J.P. Morgan Healthcare Conference on Wednesday, January , , at  PT in San FranciscoWebcast replay:https://jpmor",
    "link": "https://jpmorgan.metameetings.net/events/healthcare25/sessions/-galapagos/webcast?gpu_only=true&kiosk=true",
    "timestamp": "unknown"
  },
  {
    "title": "Webcast replay:https://jpmorgan.metameetings.net/events/healthcare25/sessions/-galapagos/webcast?gpu_only=true&kiosk=trueWebcast presentation deck:htt",
    "link": "https://jpmorgan.metameetings.net/events/healthcare25/sessions/-galapagos/webcast?gpu_only=true&kiosk=true",
    "timestamp": "unknown"
  },
  {
    "title": "JanGalapagos  Business UpdateVirtualWebcastClick herefor the replay of the webcastClick herefor the webcast presentationClick herefor the transcript",
    "link": "https://edge.media-server.com/mmc/p/be668bf3/",
    "timestamp": "unknown"
  },
  {
    "title": "Click herefor the replay of the webcastClick herefor the webcast presentationClick herefor the transcript",
    "link": "https://edge.media-server.com/mmc/p/be668bf3/",
    "timestamp": "unknown"
  },
  {
    "title": "Click herefor the replay of the webcastClick herefor the webcast presentationClick herefor the transcript",
    "link": "https://edge.media-server.com/mmc/p/be668bf3/",
    "timestamp": "unknown"
  },
  {
    "title": "Click herefor the replay of the webcastClick herefor the webcast presentationClick herefor the transcript",
    "link": "https://edge.media-server.com/mmc/p/be668bf3/",
    "timestamp": "unknown"
  },
  {
    "title": "NovJefferies Healthcare ConferenceLondon, UKWebcast replay can be foundhere",
    "link": "https://wsw.com/webcast/jeff315/glpg/",
    "timestamp": "unknown"
  },
  {
    "title": "Webcast replay can be foundhere",
    "link": "https://wsw.com/webcast/jeff315/glpg/",
    "timestamp": "unknown"
  },
  {
    "title": "Webcast replay can be foundhere",
    "link": "https://wsw.com/webcast/jeff315/glpg/",
    "timestamp": "unknown"
  },
  {
    "title": "Webcast replay can be foundhere",
    "link": "https://wsw.com/webcast/jeff315/glpg/",
    "timestamp": "unknown"
  },
  {
    "title": "OctQ3  ResultsVirtualWebcastClick herefor the replay of the webcastClick herefor the presentationClick herefor the transcript of the webcast",
    "link": "https://edge.media-server.com/mmc/p/ojc9yruf/",
    "timestamp": "unknown"
  },
  {
    "title": "Click herefor the replay of the webcastClick herefor the presentationClick herefor the transcript of the webcast",
    "link": "https://edge.media-server.com/mmc/p/ojc9yruf/",
    "timestamp": "unknown"
  },
  {
    "title": "Click herefor the replay of the webcastClick herefor the presentationClick herefor the transcript of the webcast",
    "link": "https://edge.media-server.com/mmc/p/ojc9yruf/",
    "timestamp": "unknown"
  },
  {
    "title": "Click herefor the replay of the webcastClick herefor the presentationClick herefor the transcript of the webcast",
    "link": "https://edge.media-server.com/mmc/p/ojc9yruf/",
    "timestamp": "unknown"
  },
  {
    "title": "AugH1  ResultsVirtualWebcastClick hereto replay the webcastClick herefor the presentationClick herefor the transcript",
    "link": "https://edge.media-server.com/mmc/p/ot4522gv",
    "timestamp": "unknown"
  },
  {
    "title": "Click hereto replay the webcastClick herefor the presentationClick herefor the transcript",
    "link": "https://edge.media-server.com/mmc/p/ot4522gv",
    "timestamp": "unknown"
  },
  {
    "title": "Click hereto replay the webcastClick herefor the presentationClick herefor the transcript",
    "link": "https://edge.media-server.com/mmc/p/ot4522gv",
    "timestamp": "unknown"
  },
  {
    "title": "Click hereto replay the webcastClick herefor the presentationClick herefor the transcript",
    "link": "https://edge.media-server.com/mmc/p/ot4522gv",
    "timestamp": "unknown"
  },
  {
    "title": "MayQ1  Results\u200bVirtualWebcastClick hereto replay the webcastClick hereto view the presentationClick herefor the transcript",
    "link": "https://edge.media-server.com/mmc/p/kycvie7r/",
    "timestamp": "unknown"
  },
  {
    "title": "Click hereto replay the webcastClick hereto view the presentationClick herefor the transcript",
    "link": "https://edge.media-server.com/mmc/p/kycvie7r/",
    "timestamp": "unknown"
  },
  {
    "title": "Click hereto replay the webcastClick hereto view the presentationClick herefor the transcript",
    "link": "https://edge.media-server.com/mmc/p/kycvie7r/",
    "timestamp": "unknown"
  },
  {
    "title": "Click hereto replay the webcastClick hereto view the presentationClick herefor the transcript",
    "link": "https://edge.media-server.com/mmc/p/kycvie7r/",
    "timestamp": "unknown"
  },
  {
    "title": "MarAnnual ReportAnnual Report  (online version)EN\u2013NLAnnual Report  (pdf version)EN\u2013NLSustainability report  (pdf version)EN\u2013NLAnnual Report  (ESEF)NL\u2013",
    "link": "https://reports.glpg.com/annual-report-/en",
    "timestamp": "unknown"
  },
  {
    "title": "Annual Report  (online version)EN\u2013NLAnnual Report  (pdf version)EN\u2013NLSustainability report  (pdf version)EN\u2013NLAnnual Report  (ESEF)NL\u2013ZIPVisit ourFina",
    "link": "https://reports.glpg.com/annual-report-/en",
    "timestamp": "unknown"
  },
  {
    "title": "Annual Report  (online version)EN\u2013NLAnnual Report  (pdf version)EN\u2013NLSustainability report  (pdf version)EN\u2013NLAnnual Report  (ESEF)NL\u2013ZIPVisit ourFina",
    "link": "https://reports.glpg.com/annual-report-/en",
    "timestamp": "unknown"
  },
  {
    "title": "Annual Report  (online version)EN\u2013NLAnnual Report  (pdf version)EN\u2013NLSustainability report  (pdf version)EN\u2013NLAnnual Report  (ESEF)NL\u2013ZIPVisit ourFina",
    "link": "https://reports.glpg.com/annual-report-/en",
    "timestamp": "unknown"
  },
  {
    "title": "FebFY  ResultsVirtualWebcastClick hereto replay the webcastClick hereto view the presentationClick herefor the transcript",
    "link": "https://edge.media-server.com/mmc/p/2qqbdbpt/",
    "timestamp": "unknown"
  },
  {
    "title": "Click hereto replay the webcastClick hereto view the presentationClick herefor the transcript",
    "link": "https://edge.media-server.com/mmc/p/2qqbdbpt/",
    "timestamp": "unknown"
  },
  {
    "title": "Click hereto replay the webcastClick hereto view the presentationClick herefor the transcript",
    "link": "https://edge.media-server.com/mmc/p/2qqbdbpt/",
    "timestamp": "unknown"
  },
  {
    "title": "Click hereto replay the webcastClick hereto view the presentationClick herefor the transcript",
    "link": "https://edge.media-server.com/mmc/p/2qqbdbpt/",
    "timestamp": "unknown"
  },
  {
    "title": "DecASH  KOL EventSan Diego, U.S.WebcastClick hereto replay the webcastClick hereto view the presentationClick herefor the transcript",
    "link": "https://edge.media-server.com/mmc/p/wvt8b3kk/",
    "timestamp": "unknown"
  },
  {
    "title": "Click hereto replay the webcastClick hereto view the presentationClick herefor the transcript",
    "link": "https://edge.media-server.com/mmc/p/wvt8b3kk/",
    "timestamp": "unknown"
  },
  {
    "title": "Click hereto replay the webcastClick hereto view the presentationClick herefor the transcript",
    "link": "https://edge.media-server.com/mmc/p/wvt8b3kk/",
    "timestamp": "unknown"
  },
  {
    "title": "Click hereto replay the webcastClick hereto view the presentationClick herefor the transcript",
    "link": "https://edge.media-server.com/mmc/p/wvt8b3kk/",
    "timestamp": "unknown"
  },
  {
    "title": "NovQ3  ResultsVirtualWebcastClick hereto replay the webcast.Click hereto view the presentation.Click hereto read the transcript.",
    "link": "https://edge.media-server.com/mmc/p/35gapkbb",
    "timestamp": "unknown"
  },
  {
    "title": "Click hereto replay the webcast.Click hereto view the presentation.Click hereto read the transcript.",
    "link": "https://edge.media-server.com/mmc/p/35gapkbb",
    "timestamp": "unknown"
  },
  {
    "title": "Click hereto replay the webcast.Click hereto view the presentation.Click hereto read the transcript.",
    "link": "https://edge.media-server.com/mmc/p/35gapkbb",
    "timestamp": "unknown"
  },
  {
    "title": "Click hereto replay the webcast.Click hereto view the presentation.Click hereto read the transcript.",
    "link": "https://edge.media-server.com/mmc/p/35gapkbb",
    "timestamp": "unknown"
  },
  {
    "title": "AugH1  ResultsVirtualWebcastClick hereto replay the webcastClick hereto view the presentationClick hereto read the transcript",
    "link": "https://edge.media-server.com/mmc/p/sk43e2oz",
    "timestamp": "unknown"
  },
  {
    "title": "Click hereto replay the webcastClick hereto view the presentationClick hereto read the transcript",
    "link": "https://edge.media-server.com/mmc/p/sk43e2oz",
    "timestamp": "unknown"
  },
  {
    "title": "Click hereto replay the webcastClick hereto view the presentationClick hereto read the transcript",
    "link": "https://edge.media-server.com/mmc/p/sk43e2oz",
    "timestamp": "unknown"
  },
  {
    "title": "Click hereto replay the webcastClick hereto view the presentationClick hereto read the transcript",
    "link": "https://edge.media-server.com/mmc/p/sk43e2oz",
    "timestamp": "unknown"
  },
  {
    "title": "FebFY  resultsVirtualWebcastClick hereto replay the webcastClick hereto view the presentationClick herefor the transcript",
    "link": "https://edge.media-server.com/mmc/p/2774v74g",
    "timestamp": "unknown"
  },
  {
    "title": "Click hereto replay the webcastClick hereto view the presentationClick herefor the transcript",
    "link": "https://edge.media-server.com/mmc/p/2774v74g",
    "timestamp": "unknown"
  },
  {
    "title": "Click hereto replay the webcastClick hereto view the presentationClick herefor the transcript",
    "link": "https://edge.media-server.com/mmc/p/2774v74g",
    "timestamp": "unknown"
  },
  {
    "title": "Click hereto replay the webcastClick hereto view the presentationClick herefor the transcript",
    "link": "https://edge.media-server.com/mmc/p/2774v74g",
    "timestamp": "unknown"
  },
  {
    "title": "JanJ.P. Morgan Healthcare ConferenceSan Francisco (US)WebcastPresentation by Paul Stoffels (CEO Galapagos)Click hereto download the presentationClick ",
    "link": "https://www.glpg.com/app/uploads/JPM_2023_Paul-Stoffels.pdf",
    "timestamp": "unknown"
  },
  {
    "title": "Presentation by Paul Stoffels (CEO Galapagos)Click hereto download the presentationClick hereto replay the presentationClick herefor the transcript",
    "link": "https://www.glpg.com/app/uploads/JPM_2023_Paul-Stoffels.pdf",
    "timestamp": "unknown"
  },
  {
    "title": "Presentation by Paul Stoffels (CEO Galapagos)Click hereto download the presentationClick hereto replay the presentationClick herefor the transcript",
    "link": "https://www.glpg.com/app/uploads/JPM_2023_Paul-Stoffels.pdf",
    "timestamp": "unknown"
  },
  {
    "title": "Click hereto download the presentationClick hereto replay the presentationClick herefor the transcript",
    "link": "https://www.glpg.com/app/uploads/JPM_2023_Paul-Stoffels.pdf",
    "timestamp": "unknown"
  },
  {
    "title": "NovJefferies Healthcare ConferenceLondon (UK)WebcastFireside Chat with Paul Stoffels and Bart FiliusClick hereto replay the webcast",
    "link": "https://eur05.safelinks.protection.outlook.com/?url=https%3A%2F%2Fwsw.com%2Fwebcast%2Fjeff255%2Fglpg%2F1845990&data=%7C01%7C%7Cfa3cadb5635f42f6eb3408dac7ea2f75%7C627f3c33bccc48bba033c0a6521f7642%7C1%7C0%7C638042105877631916%7CUnknown%7CTWFpbGZsb3d8eyJWIjoiMC4wLjAwMDAiLCJQIjoiV2luMzIiLCJBTiI6Ik1haWwiLCJXVCI6Mn0%3D%7C3000%7C%7C%7C&sdata=Wr%2BH%2B6g1MCf%2Bqg83912NfWF2saCEEpuonqXJuZ60aYE%3D&reserved=",
    "timestamp": "unknown"
  },
  {
    "title": "Fireside Chat with Paul Stoffels and Bart FiliusClick hereto replay the webcast",
    "link": "https://eur05.safelinks.protection.outlook.com/?url=https%3A%2F%2Fwsw.com%2Fwebcast%2Fjeff255%2Fglpg%2F1845990&data=%7C01%7C%7Cfa3cadb5635f42f6eb3408dac7ea2f75%7C627f3c33bccc48bba033c0a6521f7642%7C1%7C0%7C638042105877631916%7CUnknown%7CTWFpbGZsb3d8eyJWIjoiMC4wLjAwMDAiLCJQIjoiV2luMzIiLCJBTiI6Ik1haWwiLCJXVCI6Mn0%3D%7C3000%7C%7C%7C&sdata=Wr%2BH%2B6g1MCf%2Bqg83912NfWF2saCEEpuonqXJuZ60aYE%3D&reserved=",
    "timestamp": "unknown"
  },
  {
    "title": "Fireside Chat with Paul Stoffels and Bart FiliusClick hereto replay the webcast",
    "link": "https://eur05.safelinks.protection.outlook.com/?url=https%3A%2F%2Fwsw.com%2Fwebcast%2Fjeff255%2Fglpg%2F1845990&data=%7C01%7C%7Cfa3cadb5635f42f6eb3408dac7ea2f75%7C627f3c33bccc48bba033c0a6521f7642%7C1%7C0%7C638042105877631916%7CUnknown%7CTWFpbGZsb3d8eyJWIjoiMC4wLjAwMDAiLCJQIjoiV2luMzIiLCJBTiI6Ik1haWwiLCJXVCI6Mn0%3D%7C3000%7C%7C%7C&sdata=Wr%2BH%2B6g1MCf%2Bqg83912NfWF2saCEEpuonqXJuZ60aYE%3D&reserved=",
    "timestamp": "unknown"
  },
  {
    "title": "Click hereto replay the webcast",
    "link": "https://eur05.safelinks.protection.outlook.com/?url=https%3A%2F%2Fwsw.com%2Fwebcast%2Fjeff255%2Fglpg%2F1845990&data=%7C01%7C%7Cfa3cadb5635f42f6eb3408dac7ea2f75%7C627f3c33bccc48bba033c0a6521f7642%7C1%7C0%7C638042105877631916%7CUnknown%7CTWFpbGZsb3d8eyJWIjoiMC4wLjAwMDAiLCJQIjoiV2luMzIiLCJBTiI6Ik1haWwiLCJXVCI6Mn0%3D%7C3000%7C%7C%7C&sdata=Wr%2BH%2B6g1MCf%2Bqg83912NfWF2saCEEpuonqXJuZ60aYE%3D&reserved=",
    "timestamp": "unknown"
  },
  {
    "title": "NovR&D UpdateVirtualWebcastConference call and webcast presentationClick hereto replay the webcastClick hereto view the presentationClick herefor the ",
    "link": "https://edge.media-server.com/mmc/p/zwayw2sq",
    "timestamp": "unknown"
  },
  {
    "title": "Conference call and webcast presentationClick hereto replay the webcastClick hereto view the presentationClick herefor the transcript",
    "link": "https://edge.media-server.com/mmc/p/zwayw2sq",
    "timestamp": "unknown"
  },
  {
    "title": "Conference call and webcast presentationClick hereto replay the webcastClick hereto view the presentationClick herefor the transcript",
    "link": "https://edge.media-server.com/mmc/p/zwayw2sq",
    "timestamp": "unknown"
  },
  {
    "title": "Click hereto replay the webcastClick hereto view the presentationClick herefor the transcript",
    "link": "https://edge.media-server.com/mmc/p/zwayw2sq",
    "timestamp": "unknown"
  },
  {
    "title": "AugH1  ResultsVirtualWebcastConference call and webcast presentationClick\u00a0hereto view the presentationClick\u00a0herefor the transcript",
    "link": "https://www.glpg.com/app/uploads/1_13_62ed26b8aba02_en.pdf",
    "timestamp": "unknown"
  },
  {
    "title": "Conference call and webcast presentationClick\u00a0hereto view the presentationClick\u00a0herefor the transcript",
    "link": "https://www.glpg.com/app/uploads/1_13_62ed26b8aba02_en.pdf",
    "timestamp": "unknown"
  },
  {
    "title": "Conference call and webcast presentationClick\u00a0hereto view the presentationClick\u00a0herefor the transcript",
    "link": "https://www.glpg.com/app/uploads/1_13_62ed26b8aba02_en.pdf",
    "timestamp": "unknown"
  },
  {
    "title": "Click\u00a0hereto view the presentationClick\u00a0herefor the transcript",
    "link": "https://www.glpg.com/app/uploads/1_13_62ed26b8aba02_en.pdf",
    "timestamp": "unknown"
  },
  {
    "title": "JunWebcast  Galapagos to acquire CellPoint and AboundBioVirtualWebcastClick hereto replay the webcastClick herefor the presentationClick herefor the t",
    "link": "https://vimeo.com/manage/videos//6c7e413735",
    "timestamp": "unknown"
  },
  {
    "title": "Click hereto replay the webcastClick herefor the presentationClick herefor the transcript",
    "link": "https://vimeo.com/manage/videos//6c7e413735",
    "timestamp": "unknown"
  },
  {
    "title": "Click hereto replay the webcastClick herefor the presentationClick herefor the transcript",
    "link": "https://vimeo.com/manage/videos//6c7e413735",
    "timestamp": "unknown"
  },
  {
    "title": "Click hereto replay the webcastClick herefor the presentationClick herefor the transcript",
    "link": "https://vimeo.com/manage/videos//6c7e413735",
    "timestamp": "unknown"
  },
  {
    "title": "MayQ1  Financial ResultsVirtualWebcastClick hereto download the presentationClick hereto download the transcript",
    "link": "https://www.glpg.com/app/uploads/1_13_6275081262c2f_en.pdf",
    "timestamp": "unknown"
  },
  {
    "title": "Click hereto download the presentationClick hereto download the transcript",
    "link": "https://www.glpg.com/app/uploads/1_13_6275081262c2f_en.pdf",
    "timestamp": "unknown"
  },
  {
    "title": "Click hereto download the presentationClick hereto download the transcript",
    "link": "https://www.glpg.com/app/uploads/1_13_6275081262c2f_en.pdf",
    "timestamp": "unknown"
  },
  {
    "title": "Click hereto download the presentationClick hereto download the transcript",
    "link": "https://www.glpg.com/app/uploads/1_13_6275081262c2f_en.pdf",
    "timestamp": "unknown"
  },
  {
    "title": "FebFull-Year  resultsVirtualWebcastClick hereto download the presentationClick hereto download the transcript",
    "link": "https://www.glpg.com/app/uploads/1_13_6218e8240bf28_en.pdf",
    "timestamp": "unknown"
  },
  {
    "title": "Click hereto download the presentationClick hereto download the transcript",
    "link": "https://www.glpg.com/app/uploads/1_13_6218e8240bf28_en.pdf",
    "timestamp": "unknown"
  },
  {
    "title": "Click hereto download the presentationClick hereto download the transcript",
    "link": "https://www.glpg.com/app/uploads/1_13_6218e8240bf28_en.pdf",
    "timestamp": "unknown"
  },
  {
    "title": "Click hereto download the presentationClick hereto download the transcript",
    "link": "https://www.glpg.com/app/uploads/1_13_6218e8240bf28_en.pdf",
    "timestamp": "unknown"
  },
  {
    "title": "JanJ.P. Morgan Healthcare ConferenceSan Francisco (US)WebcastClick hereto download the presentationClick hereto download the transcript",
    "link": "https://www.glpg.com/app/uploads/1_13_61e031d2cb4a7_en.pdf",
    "timestamp": "unknown"
  },
  {
    "title": "Click hereto download the presentationClick hereto download the transcript",
    "link": "https://www.glpg.com/app/uploads/1_13_61e031d2cb4a7_en.pdf",
    "timestamp": "unknown"
  },
  {
    "title": "Click hereto download the presentationClick hereto download the transcript",
    "link": "https://www.glpg.com/app/uploads/1_13_61e031d2cb4a7_en.pdf",
    "timestamp": "unknown"
  },
  {
    "title": "Click hereto download the presentationClick hereto download the transcript",
    "link": "https://www.glpg.com/app/uploads/1_13_61e031d2cb4a7_en.pdf",
    "timestamp": "unknown"
  },
  {
    "title": "NovQ3  ResultsVirtualWebcastClick hereto download the presentationClick hereto download the transcript",
    "link": "https://www.glpg.com/app/uploads/1_13_61854004ace2b_en.pdf",
    "timestamp": "unknown"
  },
  {
    "title": "Click hereto download the presentationClick hereto download the transcript",
    "link": "https://www.glpg.com/app/uploads/1_13_61854004ace2b_en.pdf",
    "timestamp": "unknown"
  },
  {
    "title": "Click hereto download the presentationClick hereto download the transcript",
    "link": "https://www.glpg.com/app/uploads/1_13_61854004ace2b_en.pdf",
    "timestamp": "unknown"
  },
  {
    "title": "Click hereto download the presentationClick hereto download the transcript",
    "link": "https://www.glpg.com/app/uploads/1_13_61854004ace2b_en.pdf",
    "timestamp": "unknown"
  },
  {
    "title": "SepCiti\u2019s 16th Annual Virtual Biopharma ConferenceVirtualWebcastClick hereto replay the webcast",
    "link": "https://kvgo.com/citi-16th-annual-biopharma-vc/galapagos-sept-",
    "timestamp": "unknown"
  },
  {
    "title": "Click hereto replay the webcast",
    "link": "https://kvgo.com/citi-16th-annual-biopharma-vc/galapagos-sept-",
    "timestamp": "unknown"
  },
  {
    "title": "Click hereto replay the webcast",
    "link": "https://kvgo.com/citi-16th-annual-biopharma-vc/galapagos-sept-",
    "timestamp": "unknown"
  },
  {
    "title": "Click hereto replay the webcast",
    "link": "https://kvgo.com/citi-16th-annual-biopharma-vc/galapagos-sept-",
    "timestamp": "unknown"
  },
  {
    "title": "AugH1  ResultsVirtualWebcastClick hereto download the presentationClick hereto download the transcript",
    "link": "https://www.glpg.com/app/uploads/1_11_6110dadba0ad1_en.pdf",
    "timestamp": "unknown"
  },
  {
    "title": "Click hereto download the presentationClick hereto download the transcript",
    "link": "https://www.glpg.com/app/uploads/1_11_6110dadba0ad1_en.pdf",
    "timestamp": "unknown"
  },
  {
    "title": "Click hereto download the presentationClick hereto download the transcript",
    "link": "https://www.glpg.com/app/uploads/1_11_6110dadba0ad1_en.pdf",
    "timestamp": "unknown"
  },
  {
    "title": "Click hereto download the presentationClick hereto download the transcript",
    "link": "https://www.glpg.com/app/uploads/1_11_6110dadba0ad1_en.pdf",
    "timestamp": "unknown"
  },
  {
    "title": "JulGoldman Sachs 42nd Annual Global Healthcare ConferenceWebcastClick hereto replay the webcast",
    "link": "https://kvgo.com/gs-global-healthcare/galapagos-nv-june-",
    "timestamp": "unknown"
  },
  {
    "title": "Click hereto replay the webcast",
    "link": "https://kvgo.com/gs-global-healthcare/galapagos-nv-june-",
    "timestamp": "unknown"
  },
  {
    "title": "Click hereto replay the webcast",
    "link": "https://kvgo.com/gs-global-healthcare/galapagos-nv-june-",
    "timestamp": "unknown"
  },
  {
    "title": "Click hereto replay the webcast",
    "link": "https://kvgo.com/gs-global-healthcare/galapagos-nv-june-",
    "timestamp": "unknown"
  },
  {
    "title": "JunRaymond James  Human Health Innovation ConferenceWebcastClick hereto replay the webcast",
    "link": "https://rj-human-health-innovation.videoshowcase.net/?category=&kvViewerId=d1c0efe3-d293-11eb-a75e-22000a05f8ca&kvId=annick.vannijverseel-ext@glpg.com&kv-showcase-session-id=58dd4da4-cf7a-11eb-8e42-22000a88b9a0",
    "timestamp": "unknown"
  },
  {
    "title": "Click hereto replay the webcast",
    "link": "https://rj-human-health-innovation.videoshowcase.net/?category=&kvViewerId=d1c0efe3-d293-11eb-a75e-22000a05f8ca&kvId=annick.vannijverseel-ext@glpg.com&kv-showcase-session-id=58dd4da4-cf7a-11eb-8e42-22000a88b9a0",
    "timestamp": "unknown"
  },
  {
    "title": "Click hereto replay the webcast",
    "link": "https://rj-human-health-innovation.videoshowcase.net/?category=&kvViewerId=d1c0efe3-d293-11eb-a75e-22000a05f8ca&kvId=annick.vannijverseel-ext@glpg.com&kv-showcase-session-id=58dd4da4-cf7a-11eb-8e42-22000a88b9a0",
    "timestamp": "unknown"
  },
  {
    "title": "Click hereto replay the webcast",
    "link": "https://rj-human-health-innovation.videoshowcase.net/?category=&kvViewerId=d1c0efe3-d293-11eb-a75e-22000a05f8ca&kvId=annick.vannijverseel-ext@glpg.com&kv-showcase-session-id=58dd4da4-cf7a-11eb-8e42-22000a88b9a0",
    "timestamp": "unknown"
  },
  {
    "title": "MayQ1  ResultsVirtualWebcastClick hereto download the presentationClick hereto download the transcript",
    "link": "https://www.glpg.com/app/uploads/1_13_609546086ea86_en.pdf",
    "timestamp": "unknown"
  },
  {
    "title": "Click hereto download the presentationClick hereto download the transcript",
    "link": "https://www.glpg.com/app/uploads/1_13_609546086ea86_en.pdf",
    "timestamp": "unknown"
  },
  {
    "title": "Click hereto download the presentationClick hereto download the transcript",
    "link": "https://www.glpg.com/app/uploads/1_13_609546086ea86_en.pdf",
    "timestamp": "unknown"
  },
  {
    "title": "Click hereto download the presentationClick hereto download the transcript",
    "link": "https://www.glpg.com/app/uploads/1_13_609546086ea86_en.pdf",
    "timestamp": "unknown"
  },
  {
    "title": "MarMorgan Stanley Innovation in Pharma weekWebcastClick hereto replay the webcast",
    "link": "https://morganstanley.webcasts.com/starthere.jsp?ei=&tp_key=96f7b65278",
    "timestamp": "unknown"
  },
  {
    "title": "Click hereto replay the webcast",
    "link": "https://morganstanley.webcasts.com/starthere.jsp?ei=&tp_key=96f7b65278",
    "timestamp": "unknown"
  },
  {
    "title": "Click hereto replay the webcast",
    "link": "https://morganstanley.webcasts.com/starthere.jsp?ei=&tp_key=96f7b65278",
    "timestamp": "unknown"
  },
  {
    "title": "Click hereto replay the webcast",
    "link": "https://morganstanley.webcasts.com/starthere.jsp?ei=&tp_key=96f7b65278",
    "timestamp": "unknown"
  },
  {
    "title": "FebFull year  resultsVirtualWebcastClick hereto download the presentationClick hereto download the transcript",
    "link": "https://www.glpg.com/app/uploads/1_13_6033a22ce188f_en.pdf",
    "timestamp": "unknown"
  },
  {
    "title": "Click hereto download the presentationClick hereto download the transcript",
    "link": "https://www.glpg.com/app/uploads/1_13_6033a22ce188f_en.pdf",
    "timestamp": "unknown"
  },
  {
    "title": "Click hereto download the presentationClick hereto download the transcript",
    "link": "https://www.glpg.com/app/uploads/1_13_6033a22ce188f_en.pdf",
    "timestamp": "unknown"
  },
  {
    "title": "Click hereto download the presentationClick hereto download the transcript",
    "link": "https://www.glpg.com/app/uploads/1_13_6033a22ce188f_en.pdf",
    "timestamp": "unknown"
  },
  {
    "title": "JanJ.P. Morgan Healthcare ConferenceSan Francisco (US)WebcastClick hereto replay the webcastClick hereto download the presentationClick hereto downloa",
    "link": "https://d7zyd276c902t.cloudfront.net/jpmorgan/healthcare21/35543_GalapagosNV_1080p.mp4",
    "timestamp": "unknown"
  },
  {
    "title": "Click hereto replay the webcastClick hereto download the presentationClick hereto download the transcript",
    "link": "https://d7zyd276c902t.cloudfront.net/jpmorgan/healthcare21/35543_GalapagosNV_1080p.mp4",
    "timestamp": "unknown"
  },
  {
    "title": "Click hereto replay the webcastClick hereto download the presentationClick hereto download the transcript",
    "link": "https://d7zyd276c902t.cloudfront.net/jpmorgan/healthcare21/35543_GalapagosNV_1080p.mp4",
    "timestamp": "unknown"
  },
  {
    "title": "Click hereto replay the webcastClick hereto download the presentationClick hereto download the transcript",
    "link": "https://d7zyd276c902t.cloudfront.net/jpmorgan/healthcare21/35543_GalapagosNV_1080p.mp4",
    "timestamp": "unknown"
  },
  {
    "title": "DecGalapagos and Gilead Sciences New Agreement for RA Treatment Conference CallVirtualWebcastClick hereto download the presentationClick hereto downlo",
    "link": "https://www.glpg.com/app/uploads/1_13_5fda0c63258d1_en.pdf",
    "timestamp": "unknown"
  },
  {
    "title": "Click hereto download the presentationClick hereto download the transcript",
    "link": "https://www.glpg.com/app/uploads/1_13_5fda0c63258d1_en.pdf",
    "timestamp": "unknown"
  },
  {
    "title": "Click hereto download the presentationClick hereto download the transcript",
    "link": "https://www.glpg.com/app/uploads/1_13_5fda0c63258d1_en.pdf",
    "timestamp": "unknown"
  },
  {
    "title": "Click hereto download the presentationClick hereto download the transcript",
    "link": "https://www.glpg.com/app/uploads/1_13_5fda0c63258d1_en.pdf",
    "timestamp": "unknown"
  },
  {
    "title": "NovQ3  ResultsVirtualWebcastClick hereto download the presentationClick hereto download the transcript",
    "link": "https://www.glpg.com/app/uploads/1_13_5fa569d160b72_en.pdf",
    "timestamp": "unknown"
  },
  {
    "title": "Click hereto download the presentationClick hereto download the transcript",
    "link": "https://www.glpg.com/app/uploads/1_13_5fa569d160b72_en.pdf",
    "timestamp": "unknown"
  },
  {
    "title": "Click hereto download the presentationClick hereto download the transcript",
    "link": "https://www.glpg.com/app/uploads/1_13_5fa569d160b72_en.pdf",
    "timestamp": "unknown"
  },
  {
    "title": "Click hereto download the presentationClick hereto download the transcript",
    "link": "https://www.glpg.com/app/uploads/1_13_5fa569d160b72_en.pdf",
    "timestamp": "unknown"
  },
  {
    "title": "OctToledo R&D RoundtableVirtualWebcastClick hereto download the presentationClick hereto download the transcript",
    "link": "https://www.glpg.com/app/uploads/1_13_5f9927f589069_en.pdf",
    "timestamp": "unknown"
  },
  {
    "title": "Click hereto download the presentationClick hereto download the transcript",
    "link": "https://www.glpg.com/app/uploads/1_13_5f9927f589069_en.pdf",
    "timestamp": "unknown"
  },
  {
    "title": "Click hereto download the presentationClick hereto download the transcript",
    "link": "https://www.glpg.com/app/uploads/1_13_5f9927f589069_en.pdf",
    "timestamp": "unknown"
  },
  {
    "title": "Click hereto download the presentationClick hereto download the transcript",
    "link": "https://www.glpg.com/app/uploads/1_13_5f9927f589069_en.pdf",
    "timestamp": "unknown"
  },
  {
    "title": "AugH1  ResultsVirtualWebcastClick hereto download the presentationClick hereto download the transcript",
    "link": "https://www.glpg.com/app/uploads/1_13_5f2d6dd75a411_en.pdf",
    "timestamp": "unknown"
  },
  {
    "title": "Click hereto download the presentationClick hereto download the transcript",
    "link": "https://www.glpg.com/app/uploads/1_13_5f2d6dd75a411_en.pdf",
    "timestamp": "unknown"
  },
  {
    "title": "Click hereto download the presentationClick hereto download the transcript",
    "link": "https://www.glpg.com/app/uploads/1_13_5f2d6dd75a411_en.pdf",
    "timestamp": "unknown"
  },
  {
    "title": "Click hereto download the presentationClick hereto download the transcript",
    "link": "https://www.glpg.com/app/uploads/1_13_5f2d6dd75a411_en.pdf",
    "timestamp": "unknown"
  },
  {
    "title": "MayQ1  ResultsVirtualWebcastClick hereto download the presentationClick hereto download the transcript",
    "link": "https://www.glpg.com/app/uploads/1_13_5ecfb380e99c6_en.pdf",
    "timestamp": "unknown"
  },
  {
    "title": "Click hereto download the presentationClick hereto download the transcript",
    "link": "https://www.glpg.com/app/uploads/1_13_5ecfb380e99c6_en.pdf",
    "timestamp": "unknown"
  },
  {
    "title": "Click hereto download the presentationClick hereto download the transcript",
    "link": "https://www.glpg.com/app/uploads/1_13_5ecfb380e99c6_en.pdf",
    "timestamp": "unknown"
  },
  {
    "title": "Click hereto download the presentationClick hereto download the transcript",
    "link": "https://www.glpg.com/app/uploads/1_13_5ecfb380e99c6_en.pdf",
    "timestamp": "unknown"
  },
  {
    "title": "FebFull year  resultsVirtualWebcastClick hereto download the presentationClick hereto download the transcript",
    "link": "https://www.glpg.com/app/uploads/1_13_5e4ff51650dbb_en.pdf",
    "timestamp": "unknown"
  },
  {
    "title": "Click hereto download the presentationClick hereto download the transcript",
    "link": "https://www.glpg.com/app/uploads/1_13_5e4ff51650dbb_en.pdf",
    "timestamp": "unknown"
  },
  {
    "title": "Click hereto download the presentationClick hereto download the transcript",
    "link": "https://www.glpg.com/app/uploads/1_13_5e4ff51650dbb_en.pdf",
    "timestamp": "unknown"
  },
  {
    "title": "Click hereto download the presentationClick hereto download the transcript",
    "link": "https://www.glpg.com/app/uploads/1_13_5e4ff51650dbb_en.pdf",
    "timestamp": "unknown"
  },
  {
    "title": "JanJ.P. Morgan Healthcare ConferenceSan Francisco (US)WebcastClick hereto download the presentationClick hereto replay the webcast",
    "link": "https://www.glpg.com/app/uploads/1_9_5e25aa7ec4e74_en.pdf",
    "timestamp": "unknown"
  },
  {
    "title": "Click hereto download the presentationClick hereto replay the webcast",
    "link": "https://www.glpg.com/app/uploads/1_9_5e25aa7ec4e74_en.pdf",
    "timestamp": "unknown"
  },
  {
    "title": "Click hereto download the presentationClick hereto replay the webcast",
    "link": "https://www.glpg.com/app/uploads/1_9_5e25aa7ec4e74_en.pdf",
    "timestamp": "unknown"
  },
  {
    "title": "Click hereto download the presentationClick hereto replay the webcast",
    "link": "https://www.glpg.com/app/uploads/1_9_5e25aa7ec4e74_en.pdf",
    "timestamp": "unknown"
  },
  {
    "title": "NovR&D updateNew York (US)WebcastClick hereto download the presentationClick hereto download the transcript",
    "link": "https://www.glpg.com/app/uploads/1_9_5de1211042ad2_en.pdf",
    "timestamp": "unknown"
  },
  {
    "title": "Click hereto download the presentationClick hereto download the transcript",
    "link": "https://www.glpg.com/app/uploads/1_9_5de1211042ad2_en.pdf",
    "timestamp": "unknown"
  },
  {
    "title": "Click hereto download the presentationClick hereto download the transcript",
    "link": "https://www.glpg.com/app/uploads/1_9_5de1211042ad2_en.pdf",
    "timestamp": "unknown"
  },
  {
    "title": "Click hereto download the presentationClick hereto download the transcript",
    "link": "https://www.glpg.com/app/uploads/1_9_5de1211042ad2_en.pdf",
    "timestamp": "unknown"
  },
  {
    "title": "OctQ3  ResultsVirtualWebcastClick hereto download the presentationClick hereto download the transcript",
    "link": "https://www.glpg.com/app/uploads/1_13_5db861d7d5707_en.pdf",
    "timestamp": "unknown"
  },
  {
    "title": "Click hereto download the presentationClick hereto download the transcript",
    "link": "https://www.glpg.com/app/uploads/1_13_5db861d7d5707_en.pdf",
    "timestamp": "unknown"
  },
  {
    "title": "Click hereto download the presentationClick hereto download the transcript",
    "link": "https://www.glpg.com/app/uploads/1_13_5db861d7d5707_en.pdf",
    "timestamp": "unknown"
  },
  {
    "title": "Click hereto download the presentationClick hereto download the transcript",
    "link": "https://www.glpg.com/app/uploads/1_13_5db861d7d5707_en.pdf",
    "timestamp": "unknown"
  },
  {
    "title": "JulH1  ResultsVirtualWebcastClick hereto download the presentationClick hereto download the transcript",
    "link": "https://www.glpg.com/app/uploads/1_13_5d3b0a2db8613_en.pdf",
    "timestamp": "unknown"
  },
  {
    "title": "Click hereto download the presentationClick hereto download the transcript",
    "link": "https://www.glpg.com/app/uploads/1_13_5d3b0a2db8613_en.pdf",
    "timestamp": "unknown"
  },
  {
    "title": "Click hereto download the presentationClick hereto download the transcript",
    "link": "https://www.glpg.com/app/uploads/1_13_5d3b0a2db8613_en.pdf",
    "timestamp": "unknown"
  },
  {
    "title": "Click hereto download the presentationClick hereto download the transcript",
    "link": "https://www.glpg.com/app/uploads/1_13_5d3b0a2db8613_en.pdf",
    "timestamp": "unknown"
  },
  {
    "title": "JulGalapagos and Gilead Sciences Global Collaboration Conference CallVirtualWebcastClick hereto download the presentation",
    "link": "https://www.glpg.com/app/uploads/1_13_5d2c97b47f7bb_en.pdf",
    "timestamp": "unknown"
  },
  {
    "title": "Click hereto download the presentation",
    "link": "https://www.glpg.com/app/uploads/1_13_5d2c97b47f7bb_en.pdf",
    "timestamp": "unknown"
  },
  {
    "title": "Click hereto download the presentation",
    "link": "https://www.glpg.com/app/uploads/1_13_5d2c97b47f7bb_en.pdf",
    "timestamp": "unknown"
  },
  {
    "title": "Click hereto download the presentation",
    "link": "https://www.glpg.com/app/uploads/1_13_5d2c97b47f7bb_en.pdf",
    "timestamp": "unknown"
  },
  {
    "title": "AprQ1  ResultsWebcastClick hereto download the presentationClick hereto download the transcript",
    "link": "https://www.glpg.com/app/uploads/1_13_5cc30e520ca13_en.pdf",
    "timestamp": "unknown"
  },
  {
    "title": "Click hereto download the presentationClick hereto download the transcript",
    "link": "https://www.glpg.com/app/uploads/1_13_5cc30e520ca13_en.pdf",
    "timestamp": "unknown"
  },
  {
    "title": "Click hereto download the presentationClick hereto download the transcript",
    "link": "https://www.glpg.com/app/uploads/1_13_5cc30e520ca13_en.pdf",
    "timestamp": "unknown"
  },
  {
    "title": "Click hereto download the presentationClick hereto download the transcript",
    "link": "https://www.glpg.com/app/uploads/1_13_5cc30e520ca13_en.pdf",
    "timestamp": "unknown"
  },
  {
    "title": "FebFY ResultsWebcastClick hereto download the presentationClick hereto download the transcript",
    "link": "https://www.glpg.com/app/uploads/1_13_5c70105f7d185_en.pdf",
    "timestamp": "unknown"
  },
  {
    "title": "Click hereto download the presentationClick hereto download the transcript",
    "link": "https://www.glpg.com/app/uploads/1_13_5c70105f7d185_en.pdf",
    "timestamp": "unknown"
  },
  {
    "title": "Click hereto download the presentationClick hereto download the transcript",
    "link": "https://www.glpg.com/app/uploads/1_13_5c70105f7d185_en.pdf",
    "timestamp": "unknown"
  },
  {
    "title": "Click hereto download the presentationClick hereto download the transcript",
    "link": "https://www.glpg.com/app/uploads/1_13_5c70105f7d185_en.pdf",
    "timestamp": "unknown"
  },
  {
    "title": "AugH1  ResultsWebcastClick hereto download the presentation",
    "link": "https://www.glpg.com/app/uploads/1_13_5b646a98951f4_en.pdf",
    "timestamp": "unknown"
  },
  {
    "title": "Click hereto download the presentation",
    "link": "https://www.glpg.com/app/uploads/1_13_5b646a98951f4_en.pdf",
    "timestamp": "unknown"
  },
  {
    "title": "Click hereto download the presentation",
    "link": "https://www.glpg.com/app/uploads/1_13_5b646a98951f4_en.pdf",
    "timestamp": "unknown"
  },
  {
    "title": "Click hereto download the presentation",
    "link": "https://www.glpg.com/app/uploads/1_13_5b646a98951f4_en.pdf",
    "timestamp": "unknown"
  },
  {
    "title": "AprQ1  ResultsWebcastClick hereto download the presentation",
    "link": "https://www.glpg.com/app/uploads/1_13_5ae1e5989621e_en.pdf",
    "timestamp": "unknown"
  },
  {
    "title": "Click hereto download the presentation",
    "link": "https://www.glpg.com/app/uploads/1_13_5ae1e5989621e_en.pdf",
    "timestamp": "unknown"
  },
  {
    "title": "Click hereto download the presentation",
    "link": "https://www.glpg.com/app/uploads/1_13_5ae1e5989621e_en.pdf",
    "timestamp": "unknown"
  },
  {
    "title": "Click hereto download the presentation",
    "link": "https://www.glpg.com/app/uploads/1_13_5ae1e5989621e_en.pdf",
    "timestamp": "unknown"
  },
  {
    "title": "FebFY  ResultsWebcastClick hereto download the presentation",
    "link": "https://www.glpg.com/app/uploads/1_9_5a90235929dea_en.pdf",
    "timestamp": "unknown"
  },
  {
    "title": "Click hereto download the presentation",
    "link": "https://www.glpg.com/app/uploads/1_9_5a90235929dea_en.pdf",
    "timestamp": "unknown"
  },
  {
    "title": "Click hereto download the presentation",
    "link": "https://www.glpg.com/app/uploads/1_9_5a90235929dea_en.pdf",
    "timestamp": "unknown"
  },
  {
    "title": "Click hereto download the presentation",
    "link": "https://www.glpg.com/app/uploads/1_9_5a90235929dea_en.pdf",
    "timestamp": "unknown"
  },
  {
    "title": "OctQ3  ResultsWebcastClick hereto download the presentationClick hereto download the transcript",
    "link": "https://www.glpg.com/app/uploads/1_13_59f347f5a42dc_en.pdf",
    "timestamp": "unknown"
  },
  {
    "title": "Click hereto download the presentationClick hereto download the transcript",
    "link": "https://www.glpg.com/app/uploads/1_13_59f347f5a42dc_en.pdf",
    "timestamp": "unknown"
  },
  {
    "title": "Click hereto download the presentationClick hereto download the transcript",
    "link": "https://www.glpg.com/app/uploads/1_13_59f347f5a42dc_en.pdf",
    "timestamp": "unknown"
  },
  {
    "title": "Click hereto download the presentationClick hereto download the transcript",
    "link": "https://www.glpg.com/app/uploads/1_13_59f347f5a42dc_en.pdf",
    "timestamp": "unknown"
  },
  {
    "title": "AugGLPG1690 halts disease progression in IPF patientsWebcastClick hereto download the presentationClick hereto download the transcript",
    "link": "https://www.glpg.com/app/uploads/1_13_5991f534acac9_en.pdf",
    "timestamp": "unknown"
  },
  {
    "title": "Click hereto download the presentationClick hereto download the transcript",
    "link": "https://www.glpg.com/app/uploads/1_13_5991f534acac9_en.pdf",
    "timestamp": "unknown"
  },
  {
    "title": "Click hereto download the presentationClick hereto download the transcript",
    "link": "https://www.glpg.com/app/uploads/1_13_5991f534acac9_en.pdf",
    "timestamp": "unknown"
  },
  {
    "title": "Click hereto download the presentationClick hereto download the transcript",
    "link": "https://www.glpg.com/app/uploads/1_13_5991f534acac9_en.pdf",
    "timestamp": "unknown"
  },
  {
    "title": "JulH1  ResultsWebcastClick hereto download the presentationClick hereto download the transcript",
    "link": "https://www.glpg.com/app/uploads/1_13_597b4f4bdfa99_en.pdf",
    "timestamp": "unknown"
  },
  {
    "title": "Click hereto download the presentationClick hereto download the transcript",
    "link": "https://www.glpg.com/app/uploads/1_13_597b4f4bdfa99_en.pdf",
    "timestamp": "unknown"
  },
  {
    "title": "Click hereto download the presentationClick hereto download the transcript",
    "link": "https://www.glpg.com/app/uploads/1_13_597b4f4bdfa99_en.pdf",
    "timestamp": "unknown"
  },
  {
    "title": "Click hereto download the presentationClick hereto download the transcript",
    "link": "https://www.glpg.com/app/uploads/1_13_597b4f4bdfa99_en.pdf",
    "timestamp": "unknown"
  }
]