[
  {
    "title": "Behind the science US editionCompanyCompanyPurpose, strategy and cultureRespiratory, immunology and inflammationOncologyOncologyMyelofibrosisOvarian c",
    "link": "https://us.gsk.com/en-us/media/press-releases/",
    "timestamp": "unknown"
  },
  {
    "title": "Behind the science US edition",
    "link": "https://us.gsk.com/en-us/behind-the-science-us-edition/",
    "timestamp": "unknown"
  },
  {
    "title": "CompanyCompanyPurpose, strategy and cultureRespiratory, immunology and inflammationOncologyOncologyMyelofibrosisOvarian cancerEndometrial cancerMultip",
    "link": "https://us.gsk.com/en-us/company/",
    "timestamp": "unknown"
  },
  {
    "title": "Company",
    "link": "https://us.gsk.com/en-us/company/",
    "timestamp": "unknown"
  },
  {
    "title": "Purpose, strategy and culture",
    "link": "https://us.gsk.com/en-us/company/purpose-strategy-and-culture/",
    "timestamp": "unknown"
  },
  {
    "title": "Respiratory, immunology and inflammation",
    "link": "https://us.gsk.com/en-us/company/respiratory-immunology-and-inflammation/",
    "timestamp": "unknown"
  },
  {
    "title": "OncologyOncologyMyelofibrosisOvarian cancerEndometrial cancerMultiple myeloma",
    "link": "https://us.gsk.com/en-us/company/oncology/",
    "timestamp": "unknown"
  },
  {
    "title": "Oncology",
    "link": "https://us.gsk.com/en-us/company/",
    "timestamp": "unknown"
  },
  {
    "title": "Myelofibrosis",
    "link": "https://us.gsk.com/en-us/company/oncology/myelofibrosis/",
    "timestamp": "unknown"
  },
  {
    "title": "Ovarian cancer",
    "link": "https://us.gsk.com/en-us/company/oncology/ovarian-cancer/",
    "timestamp": "unknown"
  },
  {
    "title": "Endometrial cancer",
    "link": "https://us.gsk.com/en-us/company/oncology/endometrial-cancer/",
    "timestamp": "unknown"
  },
  {
    "title": "Multiple myeloma",
    "link": "https://us.gsk.com/en-us/company/oncology/multiple-myeloma/",
    "timestamp": "unknown"
  },
  {
    "title": "HIV",
    "link": "https://us.gsk.com/en-us/company/hiv/",
    "timestamp": "unknown"
  },
  {
    "title": "Infectious diseasesInfectious diseasesVaccinesFluRSV (Respiratory Syncytial Virus)Meningitis",
    "link": "https://us.gsk.com/en-us/company/infectious-diseases/",
    "timestamp": "unknown"
  },
  {
    "title": "Infectious diseases",
    "link": "https://us.gsk.com/en-us/company/",
    "timestamp": "unknown"
  },
  {
    "title": "Vaccines",
    "link": "https://us.gsk.com/en-us/company/infectious-diseases/vaccines/",
    "timestamp": "unknown"
  },
  {
    "title": "Flu",
    "link": "https://us.gsk.com/en-us/company/infectious-diseases/flu/",
    "timestamp": "unknown"
  },
  {
    "title": "RSV (Respiratory Syncytial Virus)",
    "link": "https://us.gsk.com/en-us/company/infectious-diseases/rsv-respiratory-syncytial-virus/",
    "timestamp": "unknown"
  },
  {
    "title": "Meningitis",
    "link": "https://us.gsk.com/en-us/company/infectious-diseases/meningitis/",
    "timestamp": "unknown"
  },
  {
    "title": "InnovationInnovationTherapeutic areasTechnologiesClinical studiesClinical studiesRepresentative clinical trials",
    "link": "https://us.gsk.com/en-us/innovation/",
    "timestamp": "unknown"
  },
  {
    "title": "Innovation",
    "link": "https://us.gsk.com/en-us/innovation/",
    "timestamp": "unknown"
  },
  {
    "title": "Therapeutic areas",
    "link": "https://us.gsk.com/en-us/innovation/therapeutic-areas/",
    "timestamp": "unknown"
  },
  {
    "title": "Technologies",
    "link": "https://us.gsk.com/en-us/innovation/technologies/",
    "timestamp": "unknown"
  },
  {
    "title": "Clinical studiesClinical studiesRepresentative clinical trials",
    "link": "https://us.gsk.com/en-us/innovation/clinical-studies/",
    "timestamp": "unknown"
  },
  {
    "title": "Clinical studies",
    "link": "https://us.gsk.com/en-us/innovation/",
    "timestamp": "unknown"
  },
  {
    "title": "Representative clinical trials",
    "link": "https://us.gsk.com/en-us/innovation/clinical-studies/representative-clinical-trials/",
    "timestamp": "unknown"
  },
  {
    "title": "Products",
    "link": "https://us.gsk.com/en-us/products/",
    "timestamp": "unknown"
  },
  {
    "title": "ResponsibilityResponsibilityInclusionUS charitable investmentsUS charitable investmentsCharitable grantsEthical standards",
    "link": "https://us.gsk.com/en-us/responsibility/",
    "timestamp": "unknown"
  },
  {
    "title": "Responsibility",
    "link": "https://us.gsk.com/en-us/responsibility/",
    "timestamp": "unknown"
  },
  {
    "title": "Inclusion",
    "link": "https://us.gsk.com/en-us/responsibility/inclusion/",
    "timestamp": "unknown"
  },
  {
    "title": "US charitable investmentsUS charitable investmentsCharitable grants",
    "link": "https://us.gsk.com/en-us/responsibility/us-charitable-investments/",
    "timestamp": "unknown"
  },
  {
    "title": "US charitable investments",
    "link": "https://us.gsk.com/en-us/responsibility/",
    "timestamp": "unknown"
  },
  {
    "title": "Charitable grants",
    "link": "https://us.gsk.com/en-us/responsibility/us-charitable-investments/charitable-grants/",
    "timestamp": "unknown"
  },
  {
    "title": "Ethical standards",
    "link": "https://us.gsk.com/en-us/responsibility/ethical-standards/",
    "timestamp": "unknown"
  },
  {
    "title": "MediaMediaPress releasesMedia contactsIn FocusIn FocusFlu is a Family AffairMapping MyelofibrosisFive for Five",
    "link": "https://us.gsk.com/en-us/media/",
    "timestamp": "unknown"
  },
  {
    "title": "Media",
    "link": "https://us.gsk.com/en-us/media/",
    "timestamp": "unknown"
  },
  {
    "title": "Press releases",
    "link": "https://us.gsk.com/en-us/media/press-releases/",
    "timestamp": "unknown"
  },
  {
    "title": "Media contacts",
    "link": "https://us.gsk.com/en-us/media/media-contacts/",
    "timestamp": "unknown"
  },
  {
    "title": "In FocusIn FocusFlu is a Family AffairMapping MyelofibrosisFive for Five",
    "link": "https://us.gsk.com/en-us/media/in-focus/",
    "timestamp": "unknown"
  },
  {
    "title": "In Focus",
    "link": "https://us.gsk.com/en-us/media/",
    "timestamp": "unknown"
  },
  {
    "title": "Flu is a Family Affair",
    "link": "https://us.gsk.com/en-us/media/in-focus/flu-is-a-family-affair/",
    "timestamp": "unknown"
  },
  {
    "title": "Mapping Myelofibrosis",
    "link": "https://us.gsk.com/en-us/media/in-focus/mapping-myelofibrosis/",
    "timestamp": "unknown"
  },
  {
    "title": "Five for Five",
    "link": "https://us.gsk.com/en-us/media/in-focus/five-for-five/",
    "timestamp": "unknown"
  },
  {
    "title": "CareersCareersSearch jobsLife at GSKLife at GSKEmployment rights under federal lawExperienced professionalsExperienced professionalsA career in oncolo",
    "link": "https://us.gsk.com/en-us/careers/",
    "timestamp": "unknown"
  },
  {
    "title": "Careers",
    "link": "https://us.gsk.com/en-us/careers/",
    "timestamp": "unknown"
  },
  {
    "title": "Search jobs",
    "link": "https://us.gsk.com/en-us/careers/search-jobs/",
    "timestamp": "unknown"
  },
  {
    "title": "Life at GSKLife at GSKEmployment rights under federal law",
    "link": "https://us.gsk.com/en-us/careers/life-at-gsk/",
    "timestamp": "unknown"
  },
  {
    "title": "Life at GSK",
    "link": "https://us.gsk.com/en-us/careers/",
    "timestamp": "unknown"
  },
  {
    "title": "Employment rights under federal law",
    "link": "https://us.gsk.com/en-us/careers/life-at-gsk/employment-rights-under-federal-law/",
    "timestamp": "unknown"
  },
  {
    "title": "Experienced professionalsExperienced professionalsA career in oncologyA career in Boston",
    "link": "https://us.gsk.com/en-us/careers/experienced-professionals/",
    "timestamp": "unknown"
  },
  {
    "title": "Experienced professionals",
    "link": "https://us.gsk.com/en-us/careers/",
    "timestamp": "unknown"
  },
  {
    "title": "A career in oncology",
    "link": "https://us.gsk.com/en-us/careers/experienced-professionals/a-career-in-oncology/",
    "timestamp": "unknown"
  },
  {
    "title": "A career in Boston",
    "link": "https://us.gsk.com/en-us/careers/experienced-professionals/a-career-in-boston/",
    "timestamp": "unknown"
  },
  {
    "title": "Early careersEarly careersApprenticesInternships and co-opsScientific leadership programCommercial development program",
    "link": "https://us.gsk.com/en-us/careers/early-careers/",
    "timestamp": "unknown"
  },
  {
    "title": "Early careers",
    "link": "https://us.gsk.com/en-us/careers/",
    "timestamp": "unknown"
  },
  {
    "title": "Apprentices",
    "link": "https://us.gsk.com/en-us/careers/early-careers/apprentices/",
    "timestamp": "unknown"
  },
  {
    "title": "Internships and co-ops",
    "link": "https://us.gsk.com/en-us/careers/early-careers/internships-and-co-ops/",
    "timestamp": "unknown"
  },
  {
    "title": "Scientific leadership program",
    "link": "https://us.gsk.com/en-us/careers/early-careers/scientific-leadership-program/",
    "timestamp": "unknown"
  },
  {
    "title": "Commercial development program",
    "link": "https://us.gsk.com/en-us/careers/early-careers/commercial-development-program/",
    "timestamp": "unknown"
  },
  {
    "title": "Veterans at GSK",
    "link": "https://us.gsk.com/en-us/careers/veterans-at-gsk/",
    "timestamp": "unknown"
  },
  {
    "title": "Dark ModeSwitch to dark mode to head towards a more sustainable world together.More info",
    "link": "https://us.gsk.com/en-us/media/press-releases/",
    "timestamp": "unknown"
  },
  {
    "title": "Dark ModeSwitch to dark mode to head towards a more sustainable world together.More info",
    "link": "https://us.gsk.com/en-us/media/press-releases/",
    "timestamp": "unknown"
  },
  {
    "title": "Switch to dark mode to head towards a more sustainable world together.More info",
    "link": "https://us.gsk.com/en-us/digital-sustainability/",
    "timestamp": "unknown"
  },
  {
    "title": "Switch to dark mode to head towards a more sustainable world together.More info",
    "link": "https://us.gsk.com/en-us/digital-sustainability/",
    "timestamp": "unknown"
  },
  {
    "title": "Switch to dark mode to head towards a more sustainable world together.More info",
    "link": "https://us.gsk.com/en-us/digital-sustainability/",
    "timestamp": "unknown"
  },
  {
    "title": "Healthcare professionalsHealthcare professionals",
    "link": "https://gskpro.com",
    "timestamp": "unknown"
  },
  {
    "title": "Contact usContact us",
    "link": "https://us.gsk.com/en-us/contact-us/",
    "timestamp": "unknown"
  },
  {
    "title": "GSK HomepageSearchMenu",
    "link": "https://us.gsk.com/en-us/",
    "timestamp": "unknown"
  },
  {
    "title": "GSK Homepage",
    "link": "https://us.gsk.com/en-us/",
    "timestamp": "unknown"
  },
  {
    "title": "SearchMenu",
    "link": "https://us.gsk.com/en-us/locations/",
    "timestamp": "unknown"
  },
  {
    "title": "United States (EN)Change locationGlobalDark ModeSwitch to dark mode to head towards a more sustainable world together.More infoHealthcare professional",
    "link": "https://us.gsk.com/en-us/media/press-releases/",
    "timestamp": "unknown"
  },
  {
    "title": "Change location",
    "link": "https://us.gsk.com/en-us/locations/",
    "timestamp": "unknown"
  },
  {
    "title": "Global",
    "link": "https://www.gsk.com",
    "timestamp": "unknown"
  },
  {
    "title": "Dark ModeSwitch to dark mode to head towards a more sustainable world together.More info",
    "link": "https://us.gsk.com/en-us/media/press-releases/",
    "timestamp": "unknown"
  },
  {
    "title": "Dark ModeSwitch to dark mode to head towards a more sustainable world together.More info",
    "link": "https://us.gsk.com/en-us/media/press-releases/",
    "timestamp": "unknown"
  },
  {
    "title": "Switch to dark mode to head towards a more sustainable world together.More info",
    "link": "https://us.gsk.com/en-us/digital-sustainability/",
    "timestamp": "unknown"
  },
  {
    "title": "Switch to dark mode to head towards a more sustainable world together.More info",
    "link": "https://us.gsk.com/en-us/digital-sustainability/",
    "timestamp": "unknown"
  },
  {
    "title": "Switch to dark mode to head towards a more sustainable world together.More info",
    "link": "https://us.gsk.com/en-us/digital-sustainability/",
    "timestamp": "unknown"
  },
  {
    "title": "Healthcare professionalsHealthcare professionals",
    "link": "https://gskpro.com",
    "timestamp": "unknown"
  },
  {
    "title": "Contact usContact us",
    "link": "https://us.gsk.com/en-us/contact-us/",
    "timestamp": "unknown"
  },
  {
    "title": "Search",
    "link": "https://us.gsk.com/en-us/media/press-releases/",
    "timestamp": "unknown"
  },
  {
    "title": "GSK Homepage",
    "link": "https://us.gsk.com/en-us/",
    "timestamp": "unknown"
  },
  {
    "title": "Behind the science US edition",
    "link": "https://us.gsk.com/en-us/behind-the-science-us-edition/",
    "timestamp": "unknown"
  },
  {
    "title": "Company",
    "link": "https://us.gsk.com/en-us/company/",
    "timestamp": "unknown"
  },
  {
    "title": "Innovation",
    "link": "https://us.gsk.com/en-us/innovation/",
    "timestamp": "unknown"
  },
  {
    "title": "Products",
    "link": "https://us.gsk.com/en-us/products/",
    "timestamp": "unknown"
  },
  {
    "title": "Responsibility",
    "link": "https://us.gsk.com/en-us/responsibility/",
    "timestamp": "unknown"
  },
  {
    "title": "Media",
    "link": "https://us.gsk.com/en-us/media/",
    "timestamp": "unknown"
  },
  {
    "title": "Careers",
    "link": "https://us.gsk.com/en-us/careers/",
    "timestamp": "unknown"
  },
  {
    "title": "HomeMediaPress releases",
    "link": "https://us.gsk.com/en-us/",
    "timestamp": "unknown"
  },
  {
    "title": "Home",
    "link": "https://us.gsk.com/en-us/",
    "timestamp": "unknown"
  },
  {
    "title": "Media",
    "link": "https://us.gsk.com/en-us/media/",
    "timestamp": "unknown"
  },
  {
    "title": "Press releases",
    "link": "https://us.gsk.com/en-us/media/press-releases/",
    "timestamp": "unknown"
  },
  {
    "title": "Press releasesBrowse US-specific press releases here.Please visit our Global websitefor access to global press releases dating back to .Date rangeSear",
    "link": "https://www.gsk.com/en-gb/media/press-releases/",
    "timestamp": "unknown"
  },
  {
    "title": "Press releasesBrowse US-specific press releases here.Please visit our Global websitefor access to global press releases dating back to .",
    "link": "https://www.gsk.com/en-gb/media/press-releases/",
    "timestamp": "unknown"
  },
  {
    "title": "Press releasesBrowse US-specific press releases here.Please visit our Global websitefor access to global press releases dating back to .",
    "link": "https://www.gsk.com/en-gb/media/press-releases/",
    "timestamp": "unknown"
  },
  {
    "title": "Browse US-specific press releases here.Please visit our Global websitefor access to global press releases dating back to .",
    "link": "https://www.gsk.com/en-gb/media/press-releases/",
    "timestamp": "unknown"
  },
  {
    "title": "Please visit our Global websitefor access to global press releases dating back to .",
    "link": "https://www.gsk.com/en-gb/media/press-releases/",
    "timestamp": "unknown"
  },
  {
    "title": "Date rangeSearchDate rangeMost recentJulyGSK sponsors  National Senior Games as part of Sideline RSV campaign to raise awareness of RSV in older adult",
    "link": "https://us.gsk.com/en-us/media/press-releases/gsk-sponsors--national-senior-games-as-part-of-sideline-rsv-campaign-to-raise-awareness-of-rsv-in-older-adults/",
    "timestamp": "unknown"
  },
  {
    "title": "Date rangeSearchDate rangeMost recentJulyGSK sponsors  National Senior Games as part of Sideline RSV campaign to raise awareness of RSV in older adult",
    "link": "https://us.gsk.com/en-us/media/press-releases/gsk-sponsors--national-senior-games-as-part-of-sideline-rsv-campaign-to-raise-awareness-of-rsv-in-older-adults/",
    "timestamp": "unknown"
  },
  {
    "title": "JulyGSK sponsors  National Senior Games as part of Sideline RSV campaign to raise awareness of RSV in older adultsNational TV special \u201cRedefining Agin",
    "link": "https://us.gsk.com/en-us/media/press-releases/gsk-sponsors--national-senior-games-as-part-of-sideline-rsv-campaign-to-raise-awareness-of-rsv-in-older-adults/",
    "timestamp": "unknown"
  },
  {
    "title": "JulyGSK sponsors  National Senior Games as part of Sideline RSV campaign to raise awareness of RSV in older adultsNational TV special \u201cRedefining Agin",
    "link": "https://us.gsk.com/en-us/media/press-releases/gsk-sponsors--national-senior-games-as-part-of-sideline-rsv-campaign-to-raise-awareness-of-rsv-in-older-adults/",
    "timestamp": "unknown"
  },
  {
    "title": "JulyGSK announces extension of US Food and Drug Administration review period for Blenrep (belantamab mafodotin-blmf) in relapsed/refractory multiple m",
    "link": "https://us.gsk.com/en-us/media/press-releases/gsk-announces-extension-of-us-food-and-drug-administration-review-period-for-blenrep-belantamab-mafodotin-blmf-in-relapsedrefractory-multiple-myeloma/",
    "timestamp": "unknown"
  },
  {
    "title": "JulyGSK provides update on US FDA advisory committee review of Blenrep (belantamab mafodotin-blmf) combinations for patients with relapsed/refractory ",
    "link": "https://us.gsk.com/en-us/media/press-releases/gsk-provides-update-on-us-fda-advisory-committee-review-of-blenrep-belantamab-mafodotin-blmf-combinations-for-patients-with-relapsedrefractory-multiple-myeloma/",
    "timestamp": "unknown"
  },
  {
    "title": "JulyUS FDA approves GSK\u2019s SHINGRIX in a prefilled syringe presentationPrefilled syringe presentation offers a convenient administration option to heal",
    "link": "https://us.gsk.com/en-us/media/press-releases/us-fda-approves-gsk-s-shingrix-in-a-prefilled-syringe-presentation/",
    "timestamp": "unknown"
  },
  {
    "title": "JulyUS FDA accepts application to review expanded use of GSK\u2019s RSV vaccine, Arexvy, for adults - at increased riskSubmission supported by positive pha",
    "link": "https://us.gsk.com/en-us/media/press-releases/fda-accepts-application-to-review-expanded-use-of-gsk-s-rsv-vaccine-arexvy/",
    "timestamp": "unknown"
  },
  {
    "title": "JulyGSK begins shipping influenza vaccine doses for the - flu seasonGSK has begun shipping trivalent flu vaccine doses to US healthcare providers and ",
    "link": "https://us.gsk.com/en-us/media/press-releases/gsk-begins-shipping-influenza-vaccine-doses-for-the---flu-season/",
    "timestamp": "unknown"
  },
  {
    "title": "JuneFDA approves Benlysta (belimumab) Autoinjector for children with active lupus nephritisPediatric patients aged five years and older with active lu",
    "link": "https://us.gsk.com/en-us/media/press-releases/fda-approves-benlysta-belimumab-autoinjector-for-children-with-active-lupus-nephritis/",
    "timestamp": "unknown"
  },
  {
    "title": "JuneStudents step into the role of athletic trainers, cardiologists, dietitians, and more with free summer science programGSK Science in the Summer\u2122 u",
    "link": "https://us.gsk.com/en-us/media/press-releases/students-step-into-the-role-of-athletic-trainers-cardiologists-dietitians-and-more-with-free-summer-science-program/",
    "timestamp": "unknown"
  },
  {
    "title": "JuneGSK announces the Linked by Lupus: Optimal Care Initiative to help support individuals with lupus in the USGrant funding will be provided to suppo",
    "link": "https://us.gsk.com/en-us/media/press-releases/gsk-announces-the-linked-by-lupus-optimal-care-initiative-to-help-support-individuals-with-lupus-in-the-us/",
    "timestamp": "unknown"
  },
  {
    "title": "JuneGSK invests $, in STEM education in Philadelphia public schoolsGlobal biopharma company GSK has donated $, to STEM education in Philadelphia\u2019s pub",
    "link": "https://us.gsk.com/en-us/media/press-releases/gsk-invests---in-stem-education-in-philadelphia-public-schools/",
    "timestamp": "unknown"
  },
  {
    "title": "MayGSK data at ASCO and EHA showcase latest research and innovation across the oncology portfolioLatest data on belantamab mafodotin combinations unde",
    "link": "https://us.gsk.com/en-us/media/press-releases/gsk-data-at-asco-and-eha-showcase-latest-research-and-innovation-across-the-oncology-portfolio/",
    "timestamp": "unknown"
  },
  {
    "title": "MayNucala (mepolizumab) approved by US FDA for use in adults with chronic obstructive pulmonary disease (COPD)Nucala is the only approved biologic stu",
    "link": "https://us.gsk.com/en-us/media/press-releases/nucala-mepolizumab-approved-by-us-fda-for-use-in-adults-with-chronic-obstructive-pulmonary-disease-copd/",
    "timestamp": "unknown"
  },
  {
    "title": "MayGSK to acquire efimosfermin, a phase III-ready potential best-in-class specialty medicine to treat and prevent progression of steatotic liver disea",
    "link": "https://us.gsk.com/en-us/media/press-releases/gsk-to-acquire-efimosfermin-a-phase-iii-ready-potential-best-in-class-specialty-medicine-to-treat-and-prevent-progression-of-steatotic-liver-disease-sld/",
    "timestamp": "unknown"
  },
  {
    "title": "MayGSK and Lifetime\u00ae launch original movie to raise awareness about the impact of meningitisPretty Hurts, a new Lifetime Original Movie brought to you",
    "link": "https://us.gsk.com/en-us/media/press-releases/gsk-and-lifetime-launch-original-movie-to-raise-awareness-about-the-impact-of-meningitis/",
    "timestamp": "unknown"
  },
  {
    "title": "AprilAREXVY recommended for adults aged - at increased risk for severe respiratory syncytial virus (RSV) disease by US Advisory Committee on Immunizat",
    "link": "https://us.gsk.com/en-us/media/press-releases/arexvy-recommended-for-adults-aged---at-increased-risk-for-severe-respiratory-syncytial-virus-rsv-disease-by-us-advisory-committee-on-immunization-practices/",
    "timestamp": "unknown"
  },
  {
    "title": "AprilGSK\u2019s -in- meningococcal vaccine PENMENVY receives positive recommendation from US Advisory Committee on Immunization PracticesVaccine recommende",
    "link": "https://us.gsk.com/en-us/media/press-releases/gsk-s--in--meningococcal-vaccine-penmenvy-receives-positive-recommendation-from-us-advisory-committee-on-immunization-practices/",
    "timestamp": "unknown"
  },
  {
    "title": "AprilGSK awards $2M in grant funding for programs supporting adult vaccination, commits additional $2M forGSK is funding public health organizations w",
    "link": "https://us.gsk.com/en-us/media/press-releases/gsk-awards-2m-in-grant-funding-for-programs-supporting-adult-vaccination-commits-additional-2m-for-/",
    "timestamp": "unknown"
  },
  {
    "title": "MarchBlujepa (gepotidacin) approved by US FDA for treatment of uncomplicated urinary tract infections (uUTIs) in female adults and pediatric patients ",
    "link": "https://us.gsk.com/en-us/media/press-releases/blujepa-gepotidacin-approved-by-us-fda-for-treatment-of-uncomplicated-urinary-tract-infections-uutis-in-female-adults-and-pediatric-patients--years-of-age-and-older/",
    "timestamp": "unknown"
  },
  {
    "title": "MarchViiV Healthcare announces new implementation study data showing zero cases of HIV with Apretude, the only long-acting injectable approved for HIV",
    "link": "https://us.gsk.com/en-us/media/press-releases/viiv-healthcare-announces-new-implementation-study-data-showing-zero-cases-of-hiv-with-apretude/",
    "timestamp": "unknown"
  },
  {
    "title": "MarchViiV Healthcare\u2019s investigational broadly neutralising antibody - N6LS - successfully maintains viral suppression in long-acting treatment of HIV",
    "link": "https://us.gsk.com/en-us/media/press-releases/viiv-healthcare-s-investigational-broadly-neutralising-antibody-n6ls-successfully-maintains-viral-suppression-in-long-acting-treatment-of-hiv/",
    "timestamp": "unknown"
  },
  {
    "title": "Continue toMedia",
    "link": "https://us.gsk.com/en-us/media/",
    "timestamp": "unknown"
  },
  {
    "title": "Continue toMedia",
    "link": "https://us.gsk.com/en-us/media/",
    "timestamp": "unknown"
  },
  {
    "title": "Continue toMedia",
    "link": "https://us.gsk.com/en-us/media/",
    "timestamp": "unknown"
  },
  {
    "title": "Gsk Logo ()This is our US website, intended for US audiences only. Other market sites can be reached by visiting ourlocation selector.\u00a9 - GSK plc. All",
    "link": "https://us.gsk.com/en-gb/",
    "timestamp": "unknown"
  },
  {
    "title": "Gsk Logo ()This is our US website, intended for US audiences only. Other market sites can be reached by visiting ourlocation selector.\u00a9 - GSK plc. All",
    "link": "https://us.gsk.com/en-gb/",
    "timestamp": "unknown"
  },
  {
    "title": "Gsk Logo ()This is our US website, intended for US audiences only. Other market sites can be reached by visiting ourlocation selector.\u00a9 - GSK plc. All",
    "link": "https://us.gsk.com/en-gb/",
    "timestamp": "unknown"
  },
  {
    "title": "Gsk Logo ()This is our US website, intended for US audiences only. Other market sites can be reached by visiting ourlocation selector.\u00a9 - GSK plc. All",
    "link": "https://us.gsk.com/en-gb/",
    "timestamp": "unknown"
  },
  {
    "title": "This is our US website, intended for US audiences only. Other market sites can be reached by visiting ourlocation selector.\u00a9 - GSK plc. All rights res",
    "link": "https://us.gsk.com/en-us/locations/",
    "timestamp": "unknown"
  },
  {
    "title": "This is our US website, intended for US audiences only. Other market sites can be reached by visiting ourlocation selector.",
    "link": "https://us.gsk.com/en-us/locations/",
    "timestamp": "unknown"
  },
  {
    "title": "GSK websitesGSK Global websiteLocations selectorGlobal Behind the scienceGSKPro for HCPsViiV HealthcareGSK study registerBusiness to BusinessQuick lin",
    "link": "https://www.gsk.com",
    "timestamp": "unknown"
  },
  {
    "title": "GSK websitesGSK Global websiteLocations selectorGlobal Behind the scienceGSKPro for HCPsViiV HealthcareGSK study registerBusiness to Business",
    "link": "https://www.gsk.com",
    "timestamp": "unknown"
  },
  {
    "title": "GSK Global website",
    "link": "https://www.gsk.com",
    "timestamp": "unknown"
  },
  {
    "title": "Locations selector",
    "link": "https://us.gsk.com/en-us/locations/",
    "timestamp": "unknown"
  },
  {
    "title": "Global Behind the science",
    "link": "https://www.gsk.com/en-gb/behind-the-science/",
    "timestamp": "unknown"
  },
  {
    "title": "GSKPro for HCPs",
    "link": "https://gskpro.com",
    "timestamp": "unknown"
  },
  {
    "title": "ViiV Healthcare",
    "link": "https://viivhealthcare.com/",
    "timestamp": "unknown"
  },
  {
    "title": "GSK study register",
    "link": "https://www.gsk-studyregister.com/en/",
    "timestamp": "unknown"
  },
  {
    "title": "Business to Business",
    "link": "https://us.gsk.com/en-us/business-to-business-in-the-us/",
    "timestamp": "unknown"
  },
  {
    "title": "Quick linksBehind the science US editionCompanyInnovationProductsResponsibilityMediaCareers",
    "link": "https://us.gsk.com/en-us/behind-the-science-us-edition/",
    "timestamp": "unknown"
  },
  {
    "title": "Behind the science US edition",
    "link": "https://us.gsk.com/en-us/behind-the-science-us-edition/",
    "timestamp": "unknown"
  },
  {
    "title": "Company",
    "link": "https://us.gsk.com/en-us/company/",
    "timestamp": "unknown"
  },
  {
    "title": "Innovation",
    "link": "https://us.gsk.com/en-us/innovation/",
    "timestamp": "unknown"
  },
  {
    "title": "Products",
    "link": "https://us.gsk.com/en-us/products/",
    "timestamp": "unknown"
  },
  {
    "title": "Responsibility",
    "link": "https://us.gsk.com/en-us/responsibility/",
    "timestamp": "unknown"
  },
  {
    "title": "Media",
    "link": "https://us.gsk.com/en-us/media/",
    "timestamp": "unknown"
  },
  {
    "title": "Careers",
    "link": "https://us.gsk.com/en-us/careers/",
    "timestamp": "unknown"
  },
  {
    "title": "Global investorsShareholdersQuarterly resultsFinancial reportsShare price analysisProduct pipeline",
    "link": "https://www.gsk.com/en-gb/investors/",
    "timestamp": "unknown"
  },
  {
    "title": "Shareholders",
    "link": "https://www.gsk.com/en-gb/investors/",
    "timestamp": "unknown"
  },
  {
    "title": "Quarterly results",
    "link": "https://www.gsk.com/en-gb/investors/quarterly-results/",
    "timestamp": "unknown"
  },
  {
    "title": "Financial reports",
    "link": "https://www.gsk.com/en-gb/investors/financial-reports/",
    "timestamp": "unknown"
  },
  {
    "title": "Share price analysis",
    "link": "https://www.gsk.com/en-gb/investors/dividend-and-share-price/",
    "timestamp": "unknown"
  },
  {
    "title": "Product pipeline",
    "link": "https://www.gsk.com/en-gb/innovation/pipeline/",
    "timestamp": "unknown"
  },
  {
    "title": "Get in touchContact usReport a possible side effectGSK Speak upFollow us on:",
    "link": "https://us.gsk.com/en-us/contact-us/",
    "timestamp": "unknown"
  },
  {
    "title": "Contact us",
    "link": "https://us.gsk.com/en-us/contact-us/",
    "timestamp": "unknown"
  },
  {
    "title": "Report a possible side effect",
    "link": "https://us.gsk.com/en-us/report-a-possible-side-effect/",
    "timestamp": "unknown"
  },
  {
    "title": "GSK Speak up",
    "link": "https://www.gsk.com/speakup",
    "timestamp": "unknown"
  },
  {
    "title": "Follow us on:",
    "link": "https://www.facebook.com/GSK",
    "timestamp": "unknown"
  },
  {
    "title": "Accessibility",
    "link": "https://us.gsk.com/en-us/accessibility/",
    "timestamp": "unknown"
  },
  {
    "title": "Digital sustainability",
    "link": "https://us.gsk.com/en-us/digital-sustainability/",
    "timestamp": "unknown"
  },
  {
    "title": "Terms of use",
    "link": "https://us.gsk.com/en-us/terms-of-use/",
    "timestamp": "unknown"
  },
  {
    "title": "Privacy notice",
    "link": "https://privacy.gsk.com/en-us/privacy-notice/",
    "timestamp": "unknown"
  },
  {
    "title": "Sitemap",
    "link": "https://us.gsk.com/en-us/sitemap/",
    "timestamp": "unknown"
  },
  {
    "title": "_",
    "link": "https://us.gsk.com/en-us/media/press-releases/?CacheTarget=NULL",
    "timestamp": "unknown"
  }
]