[
  {
    "title": "SearchSearch",
    "link": "https://www.idorsia.com/media/news/news-archive?page=1&limit=20",
    "timestamp": "unknown"
  },
  {
    "title": "ShareShareFacebookTwitterLinkedInMail",
    "link": "https://www.idorsia.com/media/news/news-archive?page=1&limit=20",
    "timestamp": "unknown"
  },
  {
    "title": "ShareFacebookTwitterLinkedInMail",
    "link": "https://www.idorsia.com/media/news/news-archive?page=1&limit=20",
    "timestamp": "unknown"
  },
  {
    "title": "FacebookTwitterLinkedInMail",
    "link": "https://www.idorsia.com/media/news/news-archive?page=1&limit=20",
    "timestamp": "unknown"
  },
  {
    "title": "FacebookTwitterLinkedInMail",
    "link": "https://www.idorsia.com/media/news/news-archive?page=1&limit=20",
    "timestamp": "unknown"
  },
  {
    "title": "FacebookTwitterLinkedInMail",
    "link": "https://www.idorsia.com/media/news/news-archive?page=1&limit=20",
    "timestamp": "unknown"
  },
  {
    "title": "FacebookTwitterLinkedInMail",
    "link": "https://www.idorsia.com/media/news/news-archive?page=1&limit=20",
    "timestamp": "unknown"
  },
  {
    "title": "Facebook",
    "link": "https://www.idorsia.com/media/news/news-archive?page=1&limit=20",
    "timestamp": "unknown"
  },
  {
    "title": "Twitter",
    "link": "https://www.idorsia.com/media/news/news-archive?page=1&limit=20",
    "timestamp": "unknown"
  },
  {
    "title": "LinkedIn",
    "link": "https://www.idorsia.com/media/news/news-archive?page=1&limit=20",
    "timestamp": "unknown"
  },
  {
    "title": "Mail",
    "link": "https://www.idorsia.com/media/news/news-archive?page=1&limit=20",
    "timestamp": "unknown"
  },
  {
    "title": "Idorsia Pharmaceuticals LtdHegenheimermattwegAllschwilSwitzerlandHeadquarters of Idorsia Ltd.Responsible for drug discovery, development, registration",
    "link": "https://www.idorsia.com",
    "timestamp": "unknown"
  },
  {
    "title": "www.idorsia.comContact us online",
    "link": "https://www.idorsia.com",
    "timestamp": "unknown"
  },
  {
    "title": "www.idorsia.com",
    "link": "https://www.idorsia.com",
    "timestamp": "unknown"
  },
  {
    "title": "Contact us online",
    "link": "https://www./contact/general-enquiries.html",
    "timestamp": "unknown"
  }
]