[
  {
    "title": "OverviewInvestor fact sheetNewsPipelineInnovative Medicine pipelineDevelopment pipelineNovel therapiesKey eventsPatent tableFinancialsQuarterly result",
    "link": "https://www.investor.jnj.com/overview/default.aspx",
    "timestamp": "unknown"
  },
  {
    "title": "Investor fact sheet",
    "link": "https://s203.q4cdn.com//files/doc_downloads/-IR-Fact-Sheet-Final---.pdf",
    "timestamp": "unknown"
  },
  {
    "title": "News",
    "link": "https://www.investor.jnj.com/news/default.aspx",
    "timestamp": "unknown"
  },
  {
    "title": "PipelineInnovative Medicine pipelineDevelopment pipelineNovel therapiesKey eventsPatent table",
    "link": "https://www.investor.jnj.com/pipeline/Innovative-Medicine-pipeline/default.aspx",
    "timestamp": "unknown"
  },
  {
    "title": "Innovative Medicine pipeline",
    "link": "https://www.investor.jnj.com/pipeline/Innovative-Medicine-pipeline/default.aspx",
    "timestamp": "unknown"
  },
  {
    "title": "Development pipeline",
    "link": "https://www.investor.jnj.com/pipeline/development-pipeline/default.aspx",
    "timestamp": "unknown"
  },
  {
    "title": "Novel therapies",
    "link": "https://www.investor.jnj.com/pipeline/novel-therapies/default.aspx",
    "timestamp": "unknown"
  },
  {
    "title": "Key events",
    "link": "https://www.investor.jnj.com/pipeline/-Key-events/default.aspx",
    "timestamp": "unknown"
  },
  {
    "title": "Patent table",
    "link": "https://s203.q4cdn.com//files/pipeline-tables/-Information-About-our-Innovative-Medicine-Patent-Portfolio-for-release-v2.pdf",
    "timestamp": "unknown"
  },
  {
    "title": "FinancialsQuarterly resultsAnnual reportsSEC filings",
    "link": "https://www.investor.jnj.com/financials/quarterly-results/default.aspx",
    "timestamp": "unknown"
  },
  {
    "title": "Quarterly results",
    "link": "https://www.investor.jnj.com/financials/quarterly-results/default.aspx",
    "timestamp": "unknown"
  },
  {
    "title": "Annual reports",
    "link": "https://www.jnj.com/about-jnj/corporate-reports",
    "timestamp": "unknown"
  },
  {
    "title": "SEC filings",
    "link": "https://www.investor.jnj.com/financials/sec-filings/default.aspx",
    "timestamp": "unknown"
  },
  {
    "title": "Events & presentations",
    "link": "https://www.investor.jnj.com/events-and-presentations/default.aspx",
    "timestamp": "unknown"
  },
  {
    "title": "Stock infoStock quoteStock chartHistorical stock quoteInvestment calculatorDividend historyStock split information",
    "link": "https://www.investor.jnj.com/stock-info/default.aspx",
    "timestamp": "unknown"
  },
  {
    "title": "Stock quote",
    "link": "https://www.investor.jnj.com/stock-info/default.aspx#stock-quote",
    "timestamp": "unknown"
  },
  {
    "title": "Stock chart",
    "link": "https://www.investor.jnj.com/stock-info/default.aspx#stock-chart",
    "timestamp": "unknown"
  },
  {
    "title": "Historical stock quote",
    "link": "https://www.investor.jnj.com/stock-info/default.aspx#stock-historical",
    "timestamp": "unknown"
  },
  {
    "title": "Investment calculator",
    "link": "https://www.investor.jnj.com/stock-info/default.aspx#calculator",
    "timestamp": "unknown"
  },
  {
    "title": "Dividend history",
    "link": "https://www.investor.jnj.com/stock-info/dividend-history/default.aspx",
    "timestamp": "unknown"
  },
  {
    "title": "Stock split information",
    "link": "https://www.investor.jnj.com/stock-info/Stock-Split-Information/default.aspx",
    "timestamp": "unknown"
  },
  {
    "title": "GovernanceCorporate governance overviewAnnual Meeting of ShareholdersBoard of DirectorsExecutive CommitteeESG resourcesHealth for Humanity ReportJanss",
    "link": "https://www.investor.jnj.com/governance/corporate-governance-overview/default.aspx",
    "timestamp": "unknown"
  },
  {
    "title": "Corporate governance overview",
    "link": "https://www.investor.jnj.com/governance/corporate-governance-overview/default.aspx",
    "timestamp": "unknown"
  },
  {
    "title": "Annual Meeting of Shareholders",
    "link": "https://www.investor.jnj.com/governance/-annual-meeting-of-shareholders/default.aspx",
    "timestamp": "unknown"
  },
  {
    "title": "Board of Directors",
    "link": "https://www.jnj.com/leadership/our-leadership-team#board-of-directors",
    "timestamp": "unknown"
  },
  {
    "title": "Executive Committee",
    "link": "https://www.jnj.com/leadership/our-leadership-team",
    "timestamp": "unknown"
  },
  {
    "title": "ESG resources",
    "link": "https://www.jnj.com/esg-resources",
    "timestamp": "unknown"
  },
  {
    "title": "Health for Humanity Report",
    "link": "https://healthforhumanityreport.jnj.com//",
    "timestamp": "unknown"
  },
  {
    "title": "Janssen Transparency Report",
    "link": "https://transparencyreport.janssen.com/",
    "timestamp": "unknown"
  },
  {
    "title": "ResourcesInvestor FAQsInformation request formInvestor email alertsInvestor contacts",
    "link": "https://www.investor.jnj.com/resources/investor-faqs/default.aspx",
    "timestamp": "unknown"
  },
  {
    "title": "Investor FAQs",
    "link": "https://www.investor.jnj.com/resources/investor-faqs/default.aspx",
    "timestamp": "unknown"
  },
  {
    "title": "Information request form",
    "link": "https://www.investor.jnj.com/resources/information-request-form/default.aspx",
    "timestamp": "unknown"
  },
  {
    "title": "Investor email alerts",
    "link": "https://www.investor.jnj.com/resources/investor-email-alerts/default.aspx",
    "timestamp": "unknown"
  },
  {
    "title": "Investor contacts",
    "link": "https://www.investor.jnj.com/resources/investor-contacts/default.aspx",
    "timestamp": "unknown"
  },
  {
    "title": "Go to jnj.com",
    "link": "https://www.jnj.com/",
    "timestamp": "unknown"
  },
  {
    "title": "Latest newsOur companyCareersInvestorsMedia center",
    "link": "https://www.jnj.com/latest-news",
    "timestamp": "unknown"
  },
  {
    "title": "Latest newsOur companyCareersInvestorsMedia center",
    "link": "https://www.jnj.com/latest-news",
    "timestamp": "unknown"
  },
  {
    "title": "Latest newsOur companyCareersInvestorsMedia center",
    "link": "https://www.jnj.com/latest-news",
    "timestamp": "unknown"
  },
  {
    "title": "Latest news",
    "link": "https://www.jnj.com/latest-news",
    "timestamp": "unknown"
  },
  {
    "title": "Our company",
    "link": "https://www.jnj.com/discover-j-j",
    "timestamp": "unknown"
  },
  {
    "title": "Careers",
    "link": "https://www.careers.jnj.com/",
    "timestamp": "unknown"
  },
  {
    "title": "Investors",
    "link": "https://www.investor.jnj.com/",
    "timestamp": "unknown"
  },
  {
    "title": "Media center",
    "link": "https://www.jnj.com/media-center",
    "timestamp": "unknown"
  },
  {
    "title": "OverviewInvestor fact sheetNewsPipelineInnovative Medicine pipelineDevelopment pipelineNovel therapiesKey eventsPatent tableFinancialsQuarterly result",
    "link": "https://www.investor.jnj.com/overview/default.aspx",
    "timestamp": "unknown"
  },
  {
    "title": "OverviewInvestor fact sheetNewsPipelineInnovative Medicine pipelineDevelopment pipelineNovel therapiesKey eventsPatent tableFinancialsQuarterly result",
    "link": "https://www.investor.jnj.com/overview/default.aspx",
    "timestamp": "unknown"
  },
  {
    "title": "OverviewInvestor fact sheetNewsPipelineInnovative Medicine pipelineDevelopment pipelineNovel therapiesKey eventsPatent tableFinancialsQuarterly result",
    "link": "https://www.investor.jnj.com/overview/default.aspx",
    "timestamp": "unknown"
  },
  {
    "title": "Investor fact sheet",
    "link": "https://s203.q4cdn.com//files/doc_downloads/-IR-Fact-Sheet-Final---.pdf",
    "timestamp": "unknown"
  },
  {
    "title": "News",
    "link": "https://www.investor.jnj.com/news/default.aspx",
    "timestamp": "unknown"
  },
  {
    "title": "PipelineInnovative Medicine pipelineDevelopment pipelineNovel therapiesKey eventsPatent table",
    "link": "https://www.investor.jnj.com/pipeline/Innovative-Medicine-pipeline/default.aspx",
    "timestamp": "unknown"
  },
  {
    "title": "Innovative Medicine pipeline",
    "link": "https://www.investor.jnj.com/pipeline/Innovative-Medicine-pipeline/default.aspx",
    "timestamp": "unknown"
  },
  {
    "title": "Development pipeline",
    "link": "https://www.investor.jnj.com/pipeline/development-pipeline/default.aspx",
    "timestamp": "unknown"
  },
  {
    "title": "Novel therapies",
    "link": "https://www.investor.jnj.com/pipeline/novel-therapies/default.aspx",
    "timestamp": "unknown"
  },
  {
    "title": "Key events",
    "link": "https://www.investor.jnj.com/pipeline/-Key-events/default.aspx",
    "timestamp": "unknown"
  },
  {
    "title": "Patent table",
    "link": "https://s203.q4cdn.com//files/pipeline-tables/-Information-About-our-Innovative-Medicine-Patent-Portfolio-for-release-v2.pdf",
    "timestamp": "unknown"
  },
  {
    "title": "FinancialsQuarterly resultsAnnual reportsSEC filings",
    "link": "https://www.investor.jnj.com/financials/quarterly-results/default.aspx",
    "timestamp": "unknown"
  },
  {
    "title": "Quarterly results",
    "link": "https://www.investor.jnj.com/financials/quarterly-results/default.aspx",
    "timestamp": "unknown"
  },
  {
    "title": "Annual reports",
    "link": "https://www.jnj.com/about-jnj/corporate-reports",
    "timestamp": "unknown"
  },
  {
    "title": "SEC filings",
    "link": "https://www.investor.jnj.com/financials/sec-filings/default.aspx",
    "timestamp": "unknown"
  },
  {
    "title": "Events & presentations",
    "link": "https://www.investor.jnj.com/events-and-presentations/default.aspx",
    "timestamp": "unknown"
  },
  {
    "title": "Stock infoStock quoteStock chartHistorical stock quoteInvestment calculatorDividend historyStock split information",
    "link": "https://www.investor.jnj.com/stock-info/default.aspx",
    "timestamp": "unknown"
  },
  {
    "title": "Stock quote",
    "link": "https://www.investor.jnj.com/stock-info/default.aspx#stock-quote",
    "timestamp": "unknown"
  },
  {
    "title": "Stock chart",
    "link": "https://www.investor.jnj.com/stock-info/default.aspx#stock-chart",
    "timestamp": "unknown"
  },
  {
    "title": "Historical stock quote",
    "link": "https://www.investor.jnj.com/stock-info/default.aspx#stock-historical",
    "timestamp": "unknown"
  },
  {
    "title": "Investment calculator",
    "link": "https://www.investor.jnj.com/stock-info/default.aspx#calculator",
    "timestamp": "unknown"
  },
  {
    "title": "Dividend history",
    "link": "https://www.investor.jnj.com/stock-info/dividend-history/default.aspx",
    "timestamp": "unknown"
  },
  {
    "title": "Stock split information",
    "link": "https://www.investor.jnj.com/stock-info/Stock-Split-Information/default.aspx",
    "timestamp": "unknown"
  },
  {
    "title": "GovernanceCorporate governance overviewAnnual Meeting of ShareholdersBoard of DirectorsExecutive CommitteeESG resourcesHealth for Humanity ReportJanss",
    "link": "https://www.investor.jnj.com/governance/corporate-governance-overview/default.aspx",
    "timestamp": "unknown"
  },
  {
    "title": "Corporate governance overview",
    "link": "https://www.investor.jnj.com/governance/corporate-governance-overview/default.aspx",
    "timestamp": "unknown"
  },
  {
    "title": "Annual Meeting of Shareholders",
    "link": "https://www.investor.jnj.com/governance/-annual-meeting-of-shareholders/default.aspx",
    "timestamp": "unknown"
  },
  {
    "title": "Board of Directors",
    "link": "https://www.jnj.com/leadership/our-leadership-team#board-of-directors",
    "timestamp": "unknown"
  },
  {
    "title": "Executive Committee",
    "link": "https://www.jnj.com/leadership/our-leadership-team",
    "timestamp": "unknown"
  },
  {
    "title": "ESG resources",
    "link": "https://www.jnj.com/esg-resources",
    "timestamp": "unknown"
  },
  {
    "title": "Health for Humanity Report",
    "link": "https://healthforhumanityreport.jnj.com//",
    "timestamp": "unknown"
  },
  {
    "title": "Janssen Transparency Report",
    "link": "https://transparencyreport.janssen.com/",
    "timestamp": "unknown"
  },
  {
    "title": "ResourcesInvestor FAQsInformation request formInvestor email alertsInvestor contacts",
    "link": "https://www.investor.jnj.com/resources/investor-faqs/default.aspx",
    "timestamp": "unknown"
  },
  {
    "title": "Investor FAQs",
    "link": "https://www.investor.jnj.com/resources/investor-faqs/default.aspx",
    "timestamp": "unknown"
  },
  {
    "title": "Information request form",
    "link": "https://www.investor.jnj.com/resources/information-request-form/default.aspx",
    "timestamp": "unknown"
  },
  {
    "title": "Investor email alerts",
    "link": "https://www.investor.jnj.com/resources/investor-email-alerts/default.aspx",
    "timestamp": "unknown"
  },
  {
    "title": "Investor contacts",
    "link": "https://www.investor.jnj.com/resources/investor-contacts/default.aspx",
    "timestamp": "unknown"
  },
  {
    "title": "Go to jnj.com",
    "link": "https://www.jnj.com/",
    "timestamp": "unknown"
  },
  {
    "title": "Featured presentationUpcoming eventsArchived events & presentationsSelecting the value will change the page contentSelect Year:Loading...Cautionary st",
    "link": "https://www.investor.jnj.com/",
    "timestamp": "unknown"
  },
  {
    "title": "Featured presentationUpcoming eventsArchived events & presentationsSelecting the value will change the page contentSelect Year:Loading...Cautionary st",
    "link": "https://www.investor.jnj.com/",
    "timestamp": "unknown"
  },
  {
    "title": "Cautionary statementThese webcasts, presentations and transcripts contain \"forward-looking statements\" as defined in the Private Securities Litigation",
    "link": "https://www.investor.jnj.com/",
    "timestamp": "unknown"
  },
  {
    "title": "Cautionary statementThese webcasts, presentations and transcripts contain \"forward-looking statements\" as defined in the Private Securities Litigation",
    "link": "https://www.investor.jnj.com/",
    "timestamp": "unknown"
  },
  {
    "title": "Cautionary statementThese webcasts, presentations and transcripts contain \"forward-looking statements\" as defined in the Private Securities Litigation",
    "link": "https://www.investor.jnj.com/",
    "timestamp": "unknown"
  },
  {
    "title": "Cautionary statementThese webcasts, presentations and transcripts contain \"forward-looking statements\" as defined in the Private Securities Litigation",
    "link": "https://www.investor.jnj.com/",
    "timestamp": "unknown"
  },
  {
    "title": "Cautionary statementThese webcasts, presentations and transcripts contain \"forward-looking statements\" as defined in the Private Securities Litigation",
    "link": "https://www.investor.jnj.com/",
    "timestamp": "unknown"
  },
  {
    "title": "AcceptDecline",
    "link": "https://www.investor.jnj.com/",
    "timestamp": "unknown"
  },
  {
    "title": "Questions? Please contact us:---investor-relations@its.jnj.com",
    "link": "tel:---",
    "timestamp": "unknown"
  },
  {
    "title": "Questions? Please contact us:---investor-relations@its.jnj.com",
    "link": "tel:---",
    "timestamp": "unknown"
  },
  {
    "title": "Questions? Please contact us:---investor-relations@its.jnj.com",
    "link": "tel:---",
    "timestamp": "unknown"
  },
  {
    "title": "Questions? Please contact us:---investor-relations@its.jnj.com",
    "link": "tel:---",
    "timestamp": "unknown"
  },
  {
    "title": "Questions? Please contact us:---investor-relations@its.jnj.com",
    "link": "tel:---",
    "timestamp": "unknown"
  },
  {
    "title": "Questions? Please contact us:---investor-relations@its.jnj.com",
    "link": "tel:---",
    "timestamp": "unknown"
  },
  {
    "title": "About usLeadership TeamOffice of The Chief Medical OfficerAnnouncementsMedia Center",
    "link": "https://www.jnj.com/our-leadership-team",
    "timestamp": "unknown"
  },
  {
    "title": "Leadership Team",
    "link": "https://www.jnj.com/our-leadership-team",
    "timestamp": "unknown"
  },
  {
    "title": "Office of The Chief Medical Officer",
    "link": "https://www.jnj.com/office-of-the-chief-medical-officer",
    "timestamp": "unknown"
  },
  {
    "title": "Announcements",
    "link": "https://www.jnj.com/latest-news",
    "timestamp": "unknown"
  },
  {
    "title": "Media Center",
    "link": "https://www.jnj.com/media-center",
    "timestamp": "unknown"
  },
  {
    "title": "Our commitmentsCode of Business ConductEnvironment, Social, GovernanceSustainability",
    "link": "https://www.jnj.com/code-of-business-conduct",
    "timestamp": "unknown"
  },
  {
    "title": "Code of Business Conduct",
    "link": "https://www.jnj.com/code-of-business-conduct",
    "timestamp": "unknown"
  },
  {
    "title": "Environment, Social, Governance",
    "link": "https://www.jnj.com/our-societal-impact",
    "timestamp": "unknown"
  },
  {
    "title": "Sustainability",
    "link": "https://www.jnj.com/suppliers/sustainability",
    "timestamp": "unknown"
  },
  {
    "title": "Get in touchContact UsFollow us on YoutubeFollow us on FacebookFollow us on TwitterFollow us on LinkedIn",
    "link": "https://www.investor.jnj.com/resources/investor-contacts/default.aspx",
    "timestamp": "unknown"
  },
  {
    "title": "Contact Us",
    "link": "https://www.investor.jnj.com/resources/investor-contacts/default.aspx",
    "timestamp": "unknown"
  },
  {
    "title": "Follow us on Youtube",
    "link": "https://www.youtube.com/user/JNJhealth",
    "timestamp": "unknown"
  },
  {
    "title": "Follow us on Facebook",
    "link": "https://www.facebook.com/jnj",
    "timestamp": "unknown"
  },
  {
    "title": "Follow us on Twitter",
    "link": "https://twitter.com/jnjnews",
    "timestamp": "unknown"
  },
  {
    "title": "Follow us on LinkedIn",
    "link": "https://www.linkedin.com/company/johnson-&-johnson/",
    "timestamp": "unknown"
  },
  {
    "title": "You should view theNewssection and the most recent SEC Filings in the Investor section in order to receive the most current information made available",
    "link": "https://www.jnj.com/media-center",
    "timestamp": "unknown"
  },
  {
    "title": "Do Not Sell or Share My Personal InformationLimit the Use of My Sensitive Personal Information",
    "link": "https://privacyportal-cdn.onetrust.com/dsarwebform/96f23ee1-34e3-41d6-8d5a-07f0d554152b/e10a8ea9-63dd-4d22-b709-06a9b97de6b4.html?WebsiteName=www.investor.jnj.com",
    "timestamp": "unknown"
  },
  {
    "title": "Careers",
    "link": "https://www.careers.jnj.com/",
    "timestamp": "unknown"
  },
  {
    "title": "Investors",
    "link": "https://www.investor.jnj.com/",
    "timestamp": "unknown"
  },
  {
    "title": "Privacy Policy",
    "link": "https://www.investor.jnj.com/corporate/privacy-policy",
    "timestamp": "unknown"
  },
  {
    "title": "Terms of Use",
    "link": "https://www.investor.jnj.com/corporate/legal-notice",
    "timestamp": "unknown"
  },
  {
    "title": "Powered By Q4 Inc....(opens in new window)",
    "link": "https://www.q4inc.com/Powered-by-Q4/",
    "timestamp": "unknown"
  },
  {
    "title": "Powered By Q4 Inc....(opens in new window)",
    "link": "https://www.q4inc.com/Powered-by-Q4/",
    "timestamp": "unknown"
  },
  {
    "title": "Powered By Q4 Inc....(opens in new window)",
    "link": "https://www.q4inc.com/Powered-by-Q4/",
    "timestamp": "unknown"
  }
]