[
  {
    "title": "We are HiringContact UsSearch:Search ToggleToggle NavigationSearch:Search SubmitAboutAboutKezarOur CompanyOur TeamBoard of DirectorsContact UsPipeline",
    "link": "https://www.kezarlifesciences.com/careers/opportunities",
    "timestamp": "unknown"
  },
  {
    "title": "We are HiringContact UsSearch:Search ToggleToggle NavigationSearch:Search SubmitAboutAboutKezarOur CompanyOur TeamBoard of DirectorsContact UsPipeline",
    "link": "https://www.kezarlifesciences.com/careers/opportunities",
    "timestamp": "unknown"
  },
  {
    "title": "We are HiringContact UsSearch:Search Toggle",
    "link": "https://www.kezarlifesciences.com/careers/opportunities",
    "timestamp": "unknown"
  },
  {
    "title": "We are HiringContact UsSearch:Search Toggle",
    "link": "https://www.kezarlifesciences.com/careers/opportunities",
    "timestamp": "unknown"
  },
  {
    "title": "We are HiringContact UsSearch:Search Toggle",
    "link": "https://www.kezarlifesciences.com/careers/opportunities",
    "timestamp": "unknown"
  },
  {
    "title": "We are HiringContact UsSearch:Search Toggle",
    "link": "https://www.kezarlifesciences.com/careers/opportunities",
    "timestamp": "unknown"
  },
  {
    "title": "We are HiringContact UsSearch:Search Toggle",
    "link": "https://www.kezarlifesciences.com/careers/opportunities",
    "timestamp": "unknown"
  },
  {
    "title": "We are Hiring",
    "link": "https://www.kezarlifesciences.com/careers/opportunities",
    "timestamp": "unknown"
  },
  {
    "title": "Contact Us",
    "link": "https://www.kezarlifesciences.com/about/contact",
    "timestamp": "unknown"
  },
  {
    "title": "Toggle NavigationSearch:Search SubmitAboutAboutKezarOur CompanyOur TeamBoard of DirectorsContact UsPipelineOurPipelineOur PipelineZetomipzomib (KZR-)K",
    "link": "https://www.kezarlifesciences.com/",
    "timestamp": "unknown"
  },
  {
    "title": "Search:Search SubmitAboutAboutKezarOur CompanyOur TeamBoard of DirectorsContact UsPipelineOurPipelineOur PipelineZetomipzomib (KZR-)KZR-ScienceOurScie",
    "link": "https://www.kezarlifesciences.com/about",
    "timestamp": "unknown"
  },
  {
    "title": "AboutAboutKezarOur CompanyOur TeamBoard of DirectorsContact UsPipelineOurPipelineOur PipelineZetomipzomib (KZR-)KZR-ScienceOurScienceSelective Immunop",
    "link": "https://www.kezarlifesciences.com/about",
    "timestamp": "unknown"
  },
  {
    "title": "AboutKezarOur CompanyOur TeamBoard of DirectorsContact UsPipelineOurPipelineOur PipelineZetomipzomib (KZR-)KZR-ScienceOurScienceSelective Immunoprotea",
    "link": "https://www.kezarlifesciences.com/about",
    "timestamp": "unknown"
  },
  {
    "title": "AboutKezarOur CompanyOur TeamBoard of DirectorsContact Us",
    "link": "https://www.kezarlifesciences.com/about",
    "timestamp": "unknown"
  },
  {
    "title": "AboutKezar",
    "link": "https://www.kezarlifesciences.com/about",
    "timestamp": "unknown"
  },
  {
    "title": "Our Company",
    "link": "https://www.kezarlifesciences.com/about/company",
    "timestamp": "unknown"
  },
  {
    "title": "Our Team",
    "link": "https://www.kezarlifesciences.com/about/team/",
    "timestamp": "unknown"
  },
  {
    "title": "Board of Directors",
    "link": "https://www.kezarlifesciences.com/about/team/board-of-directors/",
    "timestamp": "unknown"
  },
  {
    "title": "Contact Us",
    "link": "https://www.kezarlifesciences.com/about/contact",
    "timestamp": "unknown"
  },
  {
    "title": "PipelineOurPipelineOur PipelineZetomipzomib (KZR-)KZR-ScienceOurScienceSelective Immunoproteasome InhibitionProtein Secretion InhibitionScientific Pub",
    "link": "https://www.kezarlifesciences.com/pipeline",
    "timestamp": "unknown"
  },
  {
    "title": "OurPipelineOur PipelineZetomipzomib (KZR-)KZR-ScienceOurScienceSelective Immunoproteasome InhibitionProtein Secretion InhibitionScientific Publication",
    "link": "https://www.kezarlifesciences.com/pipeline",
    "timestamp": "unknown"
  },
  {
    "title": "OurPipelineOur PipelineZetomipzomib (KZR-)KZR-",
    "link": "https://www.kezarlifesciences.com/pipeline",
    "timestamp": "unknown"
  },
  {
    "title": "OurPipeline",
    "link": "https://www.kezarlifesciences.com/pipeline",
    "timestamp": "unknown"
  },
  {
    "title": "Our Pipeline",
    "link": "https://www.kezarlifesciences.com/pipeline",
    "timestamp": "unknown"
  },
  {
    "title": "Zetomipzomib (KZR-)",
    "link": "https://www.kezarlifesciences.com/pipeline/zetomipzomib",
    "timestamp": "unknown"
  },
  {
    "title": "KZR-",
    "link": "https://www.kezarlifesciences.com/pipeline/kzr-",
    "timestamp": "unknown"
  },
  {
    "title": "ScienceOurScienceSelective Immunoproteasome InhibitionProtein Secretion InhibitionScientific PublicationsPatientsOurPatientsDisease EducationPatient A",
    "link": "https://www.kezarlifesciences.com/science",
    "timestamp": "unknown"
  },
  {
    "title": "OurScienceSelective Immunoproteasome InhibitionProtein Secretion InhibitionScientific PublicationsPatientsOurPatientsDisease EducationPatient Advocacy",
    "link": "https://www.kezarlifesciences.com/science",
    "timestamp": "unknown"
  },
  {
    "title": "OurScienceSelective Immunoproteasome InhibitionProtein Secretion InhibitionScientific Publications",
    "link": "https://www.kezarlifesciences.com/science",
    "timestamp": "unknown"
  },
  {
    "title": "OurScience",
    "link": "https://www.kezarlifesciences.com/science",
    "timestamp": "unknown"
  },
  {
    "title": "Selective Immunoproteasome Inhibition",
    "link": "https://www.kezarlifesciences.com/science/selective-immunoproteasome-inhibition",
    "timestamp": "unknown"
  },
  {
    "title": "Protein Secretion Inhibition",
    "link": "https://www.kezarlifesciences.com/science/protein-secretion-inhibition",
    "timestamp": "unknown"
  },
  {
    "title": "Scientific Publications",
    "link": "https://www.kezarlifesciences.com/science/publications",
    "timestamp": "unknown"
  },
  {
    "title": "PatientsOurPatientsDisease EducationPatient AdvocacyClinical TrialsInvestors & MediaInvestorsMediaInvestors & Media HomeNews & EventsPress ReleasesEve",
    "link": "https://www.kezarlifesciences.com/patients",
    "timestamp": "unknown"
  },
  {
    "title": "OurPatientsDisease EducationPatient AdvocacyClinical TrialsInvestors & MediaInvestorsMediaInvestors & Media HomeNews & EventsPress ReleasesEvents & Pr",
    "link": "https://www.kezarlifesciences.com/patients",
    "timestamp": "unknown"
  },
  {
    "title": "OurPatientsDisease EducationPatient AdvocacyClinical Trials",
    "link": "https://www.kezarlifesciences.com/patients",
    "timestamp": "unknown"
  },
  {
    "title": "OurPatients",
    "link": "https://www.kezarlifesciences.com/patients",
    "timestamp": "unknown"
  },
  {
    "title": "Disease Education",
    "link": "https://www.kezarlifesciences.com/patients/education",
    "timestamp": "unknown"
  },
  {
    "title": "Patient Advocacy",
    "link": "https://www.kezarlifesciences.com/patients/advocacy",
    "timestamp": "unknown"
  },
  {
    "title": "Clinical Trials",
    "link": "https://www.kezarlifesciences.com/patients/clinical-trials",
    "timestamp": "unknown"
  },
  {
    "title": "Investors & MediaInvestorsMediaInvestors & Media HomeNews & EventsPress ReleasesEvents & PresentationsStock InformationStock Quote & ChartHistoric Pri",
    "link": "https://ir.kezarlifesciences.com/investors-media",
    "timestamp": "unknown"
  },
  {
    "title": "InvestorsMediaInvestors & Media HomeNews & EventsPress ReleasesEvents & PresentationsStock InformationStock Quote & ChartHistoric Price LookupAnalyst ",
    "link": "https://ir.kezarlifesciences.com/investors-media",
    "timestamp": "unknown"
  },
  {
    "title": "InvestorsMediaInvestors & Media HomeNews & EventsPress ReleasesEvents & PresentationsStock InformationStock Quote & ChartHistoric Price LookupAnalyst ",
    "link": "https://ir.kezarlifesciences.com/investors-media",
    "timestamp": "unknown"
  },
  {
    "title": "InvestorsMedia",
    "link": "https://ir.kezarlifesciences.com/investors-media",
    "timestamp": "unknown"
  },
  {
    "title": "Investors & Media Home",
    "link": "https://ir.kezarlifesciences.com/investors-media",
    "timestamp": "unknown"
  },
  {
    "title": "News & EventsPress ReleasesEvents & Presentations",
    "link": "https://ir.kezarlifesciences.com/news-events/press-releases",
    "timestamp": "unknown"
  },
  {
    "title": "Press ReleasesEvents & Presentations",
    "link": "https://ir.kezarlifesciences.com/news-events/press-releases",
    "timestamp": "unknown"
  },
  {
    "title": "Press ReleasesEvents & Presentations",
    "link": "https://ir.kezarlifesciences.com/news-events/press-releases",
    "timestamp": "unknown"
  },
  {
    "title": "Press Releases",
    "link": "https://ir.kezarlifesciences.com/news-events/press-releases",
    "timestamp": "unknown"
  },
  {
    "title": "Events & Presentations",
    "link": "https://ir.kezarlifesciences.com/news-events/events-presentations",
    "timestamp": "unknown"
  },
  {
    "title": "Stock InformationStock Quote & ChartHistoric Price LookupAnalyst CoverageTax Information",
    "link": "https://ir.kezarlifesciences.com/stock-information/stock-quote-chart",
    "timestamp": "unknown"
  },
  {
    "title": "Stock Quote & ChartHistoric Price LookupAnalyst CoverageTax Information",
    "link": "https://ir.kezarlifesciences.com/stock-information/stock-quote-chart",
    "timestamp": "unknown"
  },
  {
    "title": "Stock Quote & ChartHistoric Price LookupAnalyst CoverageTax Information",
    "link": "https://ir.kezarlifesciences.com/stock-information/stock-quote-chart",
    "timestamp": "unknown"
  },
  {
    "title": "Stock Quote & Chart",
    "link": "https://ir.kezarlifesciences.com/stock-information/stock-quote-chart",
    "timestamp": "unknown"
  },
  {
    "title": "Historic Price Lookup",
    "link": "https://ir.kezarlifesciences.com/stock-information/historic-price-lookup",
    "timestamp": "unknown"
  },
  {
    "title": "Analyst Coverage",
    "link": "https://ir.kezarlifesciences.com/stock-information/analyst-coverage",
    "timestamp": "unknown"
  },
  {
    "title": "Tax Information",
    "link": "https://ir.kezarlifesciences.com/tax-information",
    "timestamp": "unknown"
  },
  {
    "title": "Financials & FilingsSEC Filings",
    "link": "https://ir.kezarlifesciences.com/financials-filings/sec-filings",
    "timestamp": "unknown"
  },
  {
    "title": "SEC Filings",
    "link": "https://ir.kezarlifesciences.com/financials-filings/sec-filings",
    "timestamp": "unknown"
  },
  {
    "title": "SEC Filings",
    "link": "https://ir.kezarlifesciences.com/financials-filings/sec-filings",
    "timestamp": "unknown"
  },
  {
    "title": "SEC Filings",
    "link": "https://ir.kezarlifesciences.com/financials-filings/sec-filings",
    "timestamp": "unknown"
  },
  {
    "title": "Corporate GovernanceDocuments & ChartersManagement TeamBoard of DirectorsCommittee Composition",
    "link": "https://ir.kezarlifesciences.com/corporate-governance/documents-charters",
    "timestamp": "unknown"
  },
  {
    "title": "Documents & ChartersManagement TeamBoard of DirectorsCommittee Composition",
    "link": "https://ir.kezarlifesciences.com/corporate-governance/documents-charters",
    "timestamp": "unknown"
  },
  {
    "title": "Documents & ChartersManagement TeamBoard of DirectorsCommittee Composition",
    "link": "https://ir.kezarlifesciences.com/corporate-governance/documents-charters",
    "timestamp": "unknown"
  },
  {
    "title": "Documents & Charters",
    "link": "https://ir.kezarlifesciences.com/corporate-governance/documents-charters",
    "timestamp": "unknown"
  },
  {
    "title": "Management Team",
    "link": "https://www.kezarlifesciences.com/about/team",
    "timestamp": "unknown"
  },
  {
    "title": "Board of Directors",
    "link": "https://www.kezarlifesciences.com/about/team/board-of-directors/",
    "timestamp": "unknown"
  },
  {
    "title": "Committee Composition",
    "link": "https://ir.kezarlifesciences.com/corporate-governance/committee-composition",
    "timestamp": "unknown"
  },
  {
    "title": "Investor ResourcesInvestor FAQsInvestor ContactEmail Alerts",
    "link": "https://ir.kezarlifesciences.com/investor-resources/investor-faqs",
    "timestamp": "unknown"
  },
  {
    "title": "Investor FAQsInvestor ContactEmail Alerts",
    "link": "https://ir.kezarlifesciences.com/investor-resources/investor-faqs",
    "timestamp": "unknown"
  },
  {
    "title": "Investor FAQsInvestor ContactEmail Alerts",
    "link": "https://ir.kezarlifesciences.com/investor-resources/investor-faqs",
    "timestamp": "unknown"
  },
  {
    "title": "Investor FAQs",
    "link": "https://ir.kezarlifesciences.com/investor-resources/investor-faqs",
    "timestamp": "unknown"
  },
  {
    "title": "Investor Contact",
    "link": "https://ir.kezarlifesciences.com/investor-resources/investor-contact",
    "timestamp": "unknown"
  },
  {
    "title": "Email Alerts",
    "link": "https://ir.kezarlifesciences.com/investor-resources/email-alerts",
    "timestamp": "unknown"
  },
  {
    "title": "CareersKezarCareersJoin Our TeamJob Opportunities",
    "link": "https://www.kezarlifesciences.com/careers/",
    "timestamp": "unknown"
  },
  {
    "title": "KezarCareersJoin Our TeamJob Opportunities",
    "link": "https://ir.kezarlifesciences.com/financials-filings/sec-filings",
    "timestamp": "unknown"
  },
  {
    "title": "KezarCareersJoin Our TeamJob Opportunities",
    "link": "https://ir.kezarlifesciences.com/financials-filings/sec-filings",
    "timestamp": "unknown"
  },
  {
    "title": "KezarCareers",
    "link": "https://ir.kezarlifesciences.com/financials-filings/sec-filings",
    "timestamp": "unknown"
  },
  {
    "title": "Join Our Team",
    "link": "https://www.kezarlifesciences.com/careers/",
    "timestamp": "unknown"
  },
  {
    "title": "Job Opportunities",
    "link": "https://www.kezarlifesciences.com/careers/opportunities/",
    "timestamp": "unknown"
  },
  {
    "title": "Group,,Annual FilingsCurrent ReportsMergers & AcquisitionsOtherProxy FilingsQuarterly FilingsRegistration StatementsFiling year- Any -Filing dateFormD",
    "link": "https://ir.kezarlifesciences.com/financials-filings/sec-filings?items_per_page=&order=field_nir_sec_date_filed&sort=asc",
    "timestamp": "unknown"
  },
  {
    "title": "Group,,Annual FilingsCurrent ReportsMergers & AcquisitionsOtherProxy FilingsQuarterly FilingsRegistration StatementsFiling year- Any -Filing dateFormD",
    "link": "https://ir.kezarlifesciences.com/financials-filings/sec-filings?items_per_page=&order=field_nir_sec_date_filed&sort=asc",
    "timestamp": "unknown"
  },
  {
    "title": "Group,,Annual FilingsCurrent ReportsMergers & AcquisitionsOtherProxy FilingsQuarterly FilingsRegistration StatementsFiling year- Any -Filing dateFormD",
    "link": "https://ir.kezarlifesciences.com/financials-filings/sec-filings?items_per_page=&order=field_nir_sec_date_filed&sort=asc",
    "timestamp": "unknown"
  },
  {
    "title": "Group,,Annual FilingsCurrent ReportsMergers & AcquisitionsOtherProxy FilingsQuarterly FilingsRegistration StatementsFiling year- Any -Filing dateFormD",
    "link": "https://ir.kezarlifesciences.com/financials-filings/sec-filings?items_per_page=&order=field_nir_sec_date_filed&sort=asc",
    "timestamp": "unknown"
  },
  {
    "title": "Group,,Annual FilingsCurrent ReportsMergers & AcquisitionsOtherProxy FilingsQuarterly FilingsRegistration StatementsFiling year- Any -Filing dateFormD",
    "link": "https://ir.kezarlifesciences.com/financials-filings/sec-filings?items_per_page=&order=field_nir_sec_date_filed&sort=asc",
    "timestamp": "unknown"
  },
  {
    "title": "Group,,Annual FilingsCurrent ReportsMergers & AcquisitionsOtherProxy FilingsQuarterly FilingsRegistration StatementsFiling year- Any -Filing dateFormD",
    "link": "https://ir.kezarlifesciences.com/financials-filings/sec-filings?items_per_page=&order=field_nir_sec_date_filed&sort=asc",
    "timestamp": "unknown"
  },
  {
    "title": "Group,,Annual FilingsCurrent ReportsMergers & AcquisitionsOtherProxy FilingsQuarterly FilingsRegistration StatementsFiling year- Any -Filing dateFormD",
    "link": "https://ir.kezarlifesciences.com/financials-filings/sec-filings?items_per_page=&order=field_nir_sec_date_filed&sort=asc",
    "timestamp": "unknown"
  },
  {
    "title": "Group,,Annual FilingsCurrent ReportsMergers & AcquisitionsOtherProxy FilingsQuarterly FilingsRegistration StatementsFiling year- Any -Filing dateFormD",
    "link": "https://ir.kezarlifesciences.com/financials-filings/sec-filings?items_per_page=&order=field_nir_sec_date_filed&sort=asc",
    "timestamp": "unknown"
  },
  {
    "title": "Group,,Annual FilingsCurrent ReportsMergers & AcquisitionsOtherProxy FilingsQuarterly FilingsRegistration StatementsFiling year- Any -Filing dateFormD",
    "link": "https://ir.kezarlifesciences.com/financials-filings/sec-filings?items_per_page=&order=field_nir_sec_date_filed&sort=asc",
    "timestamp": "unknown"
  },
  {
    "title": "Group,,Annual FilingsCurrent ReportsMergers & AcquisitionsOtherProxy FilingsQuarterly FilingsRegistration StatementsFiling year- Any -Filing dateFormD",
    "link": "https://ir.kezarlifesciences.com/financials-filings/sec-filings?items_per_page=&order=field_nir_sec_date_filed&sort=asc",
    "timestamp": "unknown"
  },
  {
    "title": "Group,,Annual FilingsCurrent ReportsMergers & AcquisitionsOtherProxy FilingsQuarterly FilingsRegistration StatementsFiling year- Any -Filing dateFormD",
    "link": "https://ir.kezarlifesciences.com/financials-filings/sec-filings?items_per_page=&order=field_nir_sec_date_filed&sort=asc",
    "timestamp": "unknown"
  },
  {
    "title": "Group,,Annual FilingsCurrent ReportsMergers & AcquisitionsOtherProxy FilingsQuarterly FilingsRegistration StatementsFiling year- Any -Filing dateFormD",
    "link": "https://ir.kezarlifesciences.com/financials-filings/sec-filings?items_per_page=&order=field_nir_sec_date_filed&sort=asc",
    "timestamp": "unknown"
  },
  {
    "title": "Group,,Annual FilingsCurrent ReportsMergers & AcquisitionsOtherProxy FilingsQuarterly FilingsRegistration StatementsFiling year- Any -Filing dateFormD",
    "link": "https://ir.kezarlifesciences.com/financials-filings/sec-filings?items_per_page=&order=field_nir_sec_date_filed&sort=asc",
    "timestamp": "unknown"
  },
  {
    "title": "Group,,Annual FilingsCurrent ReportsMergers & AcquisitionsOtherProxy FilingsQuarterly FilingsRegistration StatementsFiling year- Any -Filing dateFormD",
    "link": "https://ir.kezarlifesciences.com/financials-filings/sec-filings?items_per_page=&order=field_nir_sec_date_filed&sort=asc",
    "timestamp": "unknown"
  },
  {
    "title": "Group,,Annual FilingsCurrent ReportsMergers & AcquisitionsOtherProxy FilingsQuarterly FilingsRegistration StatementsFiling year- Any -Filing dateFormD",
    "link": "https://ir.kezarlifesciences.com/financials-filings/sec-filings?items_per_page=&order=field_nir_sec_date_filed&sort=asc",
    "timestamp": "unknown"
  },
  {
    "title": "Group,,Annual FilingsCurrent ReportsMergers & AcquisitionsOtherProxy FilingsQuarterly FilingsRegistration StatementsFiling year- Any -Filing dateFormD",
    "link": "https://ir.kezarlifesciences.com/financials-filings/sec-filings?items_per_page=&order=field_nir_sec_date_filed&sort=asc",
    "timestamp": "unknown"
  },
  {
    "title": "Group,,Annual FilingsCurrent ReportsMergers & AcquisitionsOtherProxy FilingsQuarterly FilingsRegistration StatementsFiling year- Any -Filing dateFormD",
    "link": "https://ir.kezarlifesciences.com/financials-filings/sec-filings?items_per_page=&order=field_nir_sec_date_filed&sort=asc",
    "timestamp": "unknown"
  },
  {
    "title": "Group,,Annual FilingsCurrent ReportsMergers & AcquisitionsOtherProxy FilingsQuarterly FilingsRegistration StatementsFiling year- Any -Filing dateFormD",
    "link": "https://ir.kezarlifesciences.com/financials-filings/sec-filings?items_per_page=&order=field_nir_sec_date_filed&sort=asc",
    "timestamp": "unknown"
  },
  {
    "title": "Group,,Annual FilingsCurrent ReportsMergers & AcquisitionsOtherProxy FilingsQuarterly FilingsRegistration StatementsFiling year- Any -Filing dateFormD",
    "link": "https://ir.kezarlifesciences.com/financials-filings/sec-filings?items_per_page=&order=field_nir_sec_date_filed&sort=asc",
    "timestamp": "unknown"
  },
  {
    "title": "Group,,Annual FilingsCurrent ReportsMergers & AcquisitionsOtherProxy FilingsQuarterly FilingsRegistration StatementsFiling year- Any -Filing dateFormD",
    "link": "https://ir.kezarlifesciences.com/financials-filings/sec-filings?items_per_page=&order=field_nir_sec_date_filed&sort=asc",
    "timestamp": "unknown"
  },
  {
    "title": "Group,,Annual FilingsCurrent ReportsMergers & AcquisitionsOtherProxy FilingsQuarterly FilingsRegistration StatementsFiling year- Any -Filing dateFormD",
    "link": "https://ir.kezarlifesciences.com/financials-filings/sec-filings?items_per_page=&order=field_nir_sec_date_filed&sort=asc",
    "timestamp": "unknown"
  },
  {
    "title": "Group,,Annual FilingsCurrent ReportsMergers & AcquisitionsOtherProxy FilingsQuarterly FilingsRegistration StatementsFiling year- Any -Filing dateFormD",
    "link": "https://ir.kezarlifesciences.com/financials-filings/sec-filings?items_per_page=&order=field_nir_sec_date_filed&sort=asc",
    "timestamp": "unknown"
  },
  {
    "title": "Filing dateFormDescriptionFiling GroupViewJuly ,Statement of changes in beneficial ownership of securities,,View HTML--.pdf--.rtf--.xlsJuly ,Statement",
    "link": "https://ir.kezarlifesciences.com/financials-filings/sec-filings?items_per_page=&order=field_nir_sec_date_filed&sort=asc",
    "timestamp": "unknown"
  },
  {
    "title": "Filing dateFormDescriptionFiling GroupView",
    "link": "https://ir.kezarlifesciences.com/financials-filings/sec-filings?items_per_page=&order=field_nir_sec_date_filed&sort=asc",
    "timestamp": "unknown"
  },
  {
    "title": "July ,Statement of changes in beneficial ownership of securities,,View HTML--.pdf--.rtf--.xls",
    "link": "https://ir.kezarlifesciences.com/sec-filings/sec-filing//--",
    "timestamp": "unknown"
  },
  {
    "title": "--.pdf",
    "link": "https://ir.kezarlifesciences.com/static-files/965ad502-9f4e-40e8--32596a15d897",
    "timestamp": "unknown"
  },
  {
    "title": "--.rtf",
    "link": "https://ir.kezarlifesciences.com/static-files/cfcdcb01-2fbe--906d-2edd4f4e6355",
    "timestamp": "unknown"
  },
  {
    "title": "--.xls",
    "link": "https://ir.kezarlifesciences.com/static-files/c1b10f75--42ea-a9ad-f9052b5f9072",
    "timestamp": "unknown"
  },
  {
    "title": "July ,Statement of changes in beneficial ownership of securities,,View HTML--.pdf--.rtf--.xls",
    "link": "https://ir.kezarlifesciences.com/sec-filings/sec-filing//--",
    "timestamp": "unknown"
  },
  {
    "title": "--.pdf",
    "link": "https://ir.kezarlifesciences.com/static-files/546249a7-371d-481e-b088-bd9042d4e1b0",
    "timestamp": "unknown"
  },
  {
    "title": "--.rtf",
    "link": "https://ir.kezarlifesciences.com/static-files/cff8843c-3fe1--84ab-5ba04e1bd294",
    "timestamp": "unknown"
  },
  {
    "title": "--.xls",
    "link": "https://ir.kezarlifesciences.com/static-files/b561d732-b7de--bba6-867f721ed3e7",
    "timestamp": "unknown"
  },
  {
    "title": "July ,Statement of changes in beneficial ownership of securities,,View HTML--.pdf--.rtf--.xls",
    "link": "https://ir.kezarlifesciences.com/sec-filings/sec-filing//--",
    "timestamp": "unknown"
  },
  {
    "title": "--.pdf",
    "link": "https://ir.kezarlifesciences.com/static-files/9f5b2149-fb6f-4bcd-8ca2-0cae6c2e6e4f",
    "timestamp": "unknown"
  },
  {
    "title": "--.rtf",
    "link": "https://ir.kezarlifesciences.com/static-files/f86a7f86-bedb-4ec5-ac8d-d3f0ba957f70",
    "timestamp": "unknown"
  },
  {
    "title": "--.xls",
    "link": "https://ir.kezarlifesciences.com/static-files/b4df7846-b4a3-41be-beec-7d29595ea926",
    "timestamp": "unknown"
  },
  {
    "title": "June ,-KReport of unscheduled material events or corporate eventCurrent ReportsView HTML--.pdf--.rtf--.xlsEX-.SCH - XBRL TAXONOMY EXTENSION SCHEMA",
    "link": "https://ir.kezarlifesciences.com/sec-filings/sec-filing/-k/--",
    "timestamp": "unknown"
  },
  {
    "title": "--.pdf",
    "link": "https://ir.kezarlifesciences.com/static-files/02c6fb5a-c89a-4d70-84f7-a92b9b8b0357",
    "timestamp": "unknown"
  },
  {
    "title": "--.rtf",
    "link": "https://ir.kezarlifesciences.com/static-files/df87097e-e0f7-47c1-a500-395403a9646e",
    "timestamp": "unknown"
  },
  {
    "title": "--.xls",
    "link": "https://ir.kezarlifesciences.com/static-files/50f6e108-0c7d-4d63-abb2-df9ffa2416f0",
    "timestamp": "unknown"
  },
  {
    "title": "June ,Statement of changes in beneficial ownership of securities,,View HTML--.pdf--.rtf--.xls",
    "link": "https://ir.kezarlifesciences.com/sec-filings/sec-filing//--",
    "timestamp": "unknown"
  },
  {
    "title": "--.pdf",
    "link": "https://ir.kezarlifesciences.com/static-files/1d13e0a9-e112-46f2-8e72-27d625e58511",
    "timestamp": "unknown"
  },
  {
    "title": "--.rtf",
    "link": "https://ir.kezarlifesciences.com/static-files/5462cdd8-105a--8b60-5dd5a55cad9f",
    "timestamp": "unknown"
  },
  {
    "title": "--.xls",
    "link": "https://ir.kezarlifesciences.com/static-files/26d7c626-99ec-4ecb-8eac-a7f8b7ae6380",
    "timestamp": "unknown"
  },
  {
    "title": "June ,Statement of changes in beneficial ownership of securities,,View HTML--.pdf--.rtf--.xls",
    "link": "https://ir.kezarlifesciences.com/sec-filings/sec-filing//--",
    "timestamp": "unknown"
  },
  {
    "title": "--.pdf",
    "link": "https://ir.kezarlifesciences.com/static-files/-c7f4-4e81-bf63-11872409295d",
    "timestamp": "unknown"
  },
  {
    "title": "--.rtf",
    "link": "https://ir.kezarlifesciences.com/static-files/75a0bd1c-bd37-4edd-b551-24c0b56692e0",
    "timestamp": "unknown"
  },
  {
    "title": "--.xls",
    "link": "https://ir.kezarlifesciences.com/static-files/1ba812fd-92b1-431e-89ce-fa67f9e4225f",
    "timestamp": "unknown"
  },
  {
    "title": "June ,Statement of changes in beneficial ownership of securities,,View HTML--.pdf--.rtf--.xls",
    "link": "https://ir.kezarlifesciences.com/sec-filings/sec-filing//--",
    "timestamp": "unknown"
  },
  {
    "title": "--.pdf",
    "link": "https://ir.kezarlifesciences.com/static-files/19c751aa--44f0-88b6-99651c34488f",
    "timestamp": "unknown"
  },
  {
    "title": "--.rtf",
    "link": "https://ir.kezarlifesciences.com/static-files/692ae4b5-7d47-413e--f3a5aa2b0f65",
    "timestamp": "unknown"
  },
  {
    "title": "--.xls",
    "link": "https://ir.kezarlifesciences.com/static-files/9ed85184--4eea--837c17dc7ed7",
    "timestamp": "unknown"
  },
  {
    "title": "June ,Statement of changes in beneficial ownership of securities,,View HTML--.pdf--.rtf--.xls",
    "link": "https://ir.kezarlifesciences.com/sec-filings/sec-filing//--",
    "timestamp": "unknown"
  },
  {
    "title": "--.pdf",
    "link": "https://ir.kezarlifesciences.com/static-files/91cdc394-ff19-441b-aa30-0e58d76fd8fe",
    "timestamp": "unknown"
  },
  {
    "title": "--.rtf",
    "link": "https://ir.kezarlifesciences.com/static-files/5a963f43-d176-44e5-b880-6fa9ff3e1fa2",
    "timestamp": "unknown"
  },
  {
    "title": "--.xls",
    "link": "https://ir.kezarlifesciences.com/static-files/da4ec243-0f77-476a--a79cbd8ca5fc",
    "timestamp": "unknown"
  },
  {
    "title": "June ,Statement of changes in beneficial ownership of securities,,View HTML--.pdf--.rtf--.xls",
    "link": "https://ir.kezarlifesciences.com/sec-filings/sec-filing//--",
    "timestamp": "unknown"
  },
  {
    "title": "--.pdf",
    "link": "https://ir.kezarlifesciences.com/static-files/6370c9e6--438a-8e96-174ded47281f",
    "timestamp": "unknown"
  },
  {
    "title": "--.rtf",
    "link": "https://ir.kezarlifesciences.com/static-files/9be5d6e9-26a2-466e--878ee701be35",
    "timestamp": "unknown"
  },
  {
    "title": "--.xls",
    "link": "https://ir.kezarlifesciences.com/static-files/623e19f5-baef--91cc-4cbe0bf6cd70",
    "timestamp": "unknown"
  },
  {
    "title": "June ,Statement of changes in beneficial ownership of securities,,View HTML--.pdf--.rtf--.xls",
    "link": "https://ir.kezarlifesciences.com/sec-filings/sec-filing//--",
    "timestamp": "unknown"
  },
  {
    "title": "--.pdf",
    "link": "https://ir.kezarlifesciences.com/static-files/--43a2-bc17-8f4c0198f0c8",
    "timestamp": "unknown"
  },
  {
    "title": "--.rtf",
    "link": "https://ir.kezarlifesciences.com/static-files/4094e42e-8c12--a260-ceafae780be1",
    "timestamp": "unknown"
  },
  {
    "title": "--.xls",
    "link": "https://ir.kezarlifesciences.com/static-files/27720ea1-c730-41b2--f26c30c1b703",
    "timestamp": "unknown"
  },
  {
    "title": "Current page",
    "link": "https://ir.kezarlifesciences.com/financials-filings/sec-filings?&field_nir_sec_cik_target_id=&field_nir_sec_date_filed_value=&&&items_per_page_toggle=&page=",
    "timestamp": "unknown"
  },
  {
    "title": "Page",
    "link": "https://ir.kezarlifesciences.com/financials-filings/sec-filings?&field_nir_sec_cik_target_id=&field_nir_sec_date_filed_value=&&&items_per_page_toggle=&page=",
    "timestamp": "unknown"
  },
  {
    "title": "Page",
    "link": "https://ir.kezarlifesciences.com/financials-filings/sec-filings?&field_nir_sec_cik_target_id=&field_nir_sec_date_filed_value=&&&items_per_page_toggle=&page=",
    "timestamp": "unknown"
  },
  {
    "title": "Page",
    "link": "https://ir.kezarlifesciences.com/financials-filings/sec-filings?&field_nir_sec_cik_target_id=&field_nir_sec_date_filed_value=&&&items_per_page_toggle=&page=",
    "timestamp": "unknown"
  },
  {
    "title": "Page",
    "link": "https://ir.kezarlifesciences.com/financials-filings/sec-filings?&field_nir_sec_cik_target_id=&field_nir_sec_date_filed_value=&&&items_per_page_toggle=&page=",
    "timestamp": "unknown"
  },
  {
    "title": "Page",
    "link": "https://ir.kezarlifesciences.com/financials-filings/sec-filings?&field_nir_sec_cik_target_id=&field_nir_sec_date_filed_value=&&&items_per_page_toggle=&page=",
    "timestamp": "unknown"
  },
  {
    "title": "Page",
    "link": "https://ir.kezarlifesciences.com/financials-filings/sec-filings?&field_nir_sec_cik_target_id=&field_nir_sec_date_filed_value=&&&items_per_page_toggle=&page=",
    "timestamp": "unknown"
  },
  {
    "title": "Page",
    "link": "https://ir.kezarlifesciences.com/financials-filings/sec-filings?&field_nir_sec_cik_target_id=&field_nir_sec_date_filed_value=&&&items_per_page_toggle=&page=",
    "timestamp": "unknown"
  },
  {
    "title": "Page",
    "link": "https://ir.kezarlifesciences.com/financials-filings/sec-filings?&field_nir_sec_cik_target_id=&field_nir_sec_date_filed_value=&&&items_per_page_toggle=&page=",
    "timestamp": "unknown"
  },
  {
    "title": "Next pageNext \u203a",
    "link": "https://ir.kezarlifesciences.com/financials-filings/sec-filings?&field_nir_sec_cik_target_id=&field_nir_sec_date_filed_value=&&&items_per_page_toggle=&page=",
    "timestamp": "unknown"
  },
  {
    "title": "Last pageLast \u00bb",
    "link": "https://ir.kezarlifesciences.com/financials-filings/sec-filings?&field_nir_sec_cik_target_id=&field_nir_sec_date_filed_value=&&&items_per_page_toggle=&page=",
    "timestamp": "unknown"
  },
  {
    "title": "Data provided byKaleidoscope.",
    "link": "https://www.kscope.io",
    "timestamp": "unknown"
  },
  {
    "title": "Data provided byKaleidoscope.",
    "link": "https://www.kscope.io",
    "timestamp": "unknown"
  },
  {
    "title": "Investors & MediaInvestors & Media HomeNews & EventsPress ReleasesEvents & PresentationsStock InformationStock Quote & ChartHistoric Price LookupAnaly",
    "link": "https://ir.kezarlifesciences.com/investors-media",
    "timestamp": "unknown"
  },
  {
    "title": "Investors & MediaInvestors & Media HomeNews & EventsPress ReleasesEvents & PresentationsStock InformationStock Quote & ChartHistoric Price LookupAnaly",
    "link": "https://ir.kezarlifesciences.com/investors-media",
    "timestamp": "unknown"
  },
  {
    "title": "Investors & Media HomeNews & EventsPress ReleasesEvents & PresentationsStock InformationStock Quote & ChartHistoric Price LookupAnalyst CoverageTax In",
    "link": "https://ir.kezarlifesciences.com/investors-media",
    "timestamp": "unknown"
  },
  {
    "title": "Investors & Media Home",
    "link": "https://ir.kezarlifesciences.com/investors-media",
    "timestamp": "unknown"
  },
  {
    "title": "News & EventsPress ReleasesEvents & Presentations",
    "link": "https://ir.kezarlifesciences.com/news-events/press-releases",
    "timestamp": "unknown"
  },
  {
    "title": "Press Releases",
    "link": "https://ir.kezarlifesciences.com/news-events/press-releases",
    "timestamp": "unknown"
  },
  {
    "title": "Events & Presentations",
    "link": "https://ir.kezarlifesciences.com/news-events/events-presentations",
    "timestamp": "unknown"
  },
  {
    "title": "Stock InformationStock Quote & ChartHistoric Price LookupAnalyst CoverageTax Information",
    "link": "https://ir.kezarlifesciences.com/stock-information/stock-quote-chart",
    "timestamp": "unknown"
  },
  {
    "title": "Stock Quote & Chart",
    "link": "https://ir.kezarlifesciences.com/stock-information/stock-quote-chart",
    "timestamp": "unknown"
  },
  {
    "title": "Historic Price Lookup",
    "link": "https://ir.kezarlifesciences.com/stock-information/historic-price-lookup",
    "timestamp": "unknown"
  },
  {
    "title": "Analyst Coverage",
    "link": "https://ir.kezarlifesciences.com/stock-information/analyst-coverage",
    "timestamp": "unknown"
  },
  {
    "title": "Tax Information",
    "link": "https://ir.kezarlifesciences.com/tax-information",
    "timestamp": "unknown"
  },
  {
    "title": "Financials & FilingsSEC Filings",
    "link": "https://ir.kezarlifesciences.com/financials-filings/sec-filings",
    "timestamp": "unknown"
  },
  {
    "title": "SEC Filings",
    "link": "https://ir.kezarlifesciences.com/financials-filings/sec-filings",
    "timestamp": "unknown"
  },
  {
    "title": "Corporate GovernanceDocuments & ChartersManagement TeamBoard of DirectorsCommittee Composition",
    "link": "https://ir.kezarlifesciences.com/corporate-governance/documents-charters",
    "timestamp": "unknown"
  },
  {
    "title": "Documents & Charters",
    "link": "https://ir.kezarlifesciences.com/corporate-governance/documents-charters",
    "timestamp": "unknown"
  },
  {
    "title": "Management Team",
    "link": "https://www.kezarlifesciences.com/about/team",
    "timestamp": "unknown"
  },
  {
    "title": "Board of Directors",
    "link": "https://www.kezarlifesciences.com/about/team/board-of-directors/",
    "timestamp": "unknown"
  },
  {
    "title": "Committee Composition",
    "link": "https://ir.kezarlifesciences.com/corporate-governance/committee-composition",
    "timestamp": "unknown"
  },
  {
    "title": "Investor ResourcesInvestor FAQsInvestor ContactEmail Alerts",
    "link": "https://ir.kezarlifesciences.com/investor-resources/investor-faqs",
    "timestamp": "unknown"
  },
  {
    "title": "Investor FAQs",
    "link": "https://ir.kezarlifesciences.com/investor-resources/investor-faqs",
    "timestamp": "unknown"
  },
  {
    "title": "Investor Contact",
    "link": "https://ir.kezarlifesciences.com/investor-resources/investor-contact",
    "timestamp": "unknown"
  },
  {
    "title": "Email Alerts",
    "link": "https://ir.kezarlifesciences.com/investor-resources/email-alerts",
    "timestamp": "unknown"
  },
  {
    "title": "contact@kezarbio.com() -Visit us on LinkedInVisit us on TwitterVisit us on YoutubeVisit us on Facebook",
    "link": "mailto:contact@kezarbio.com",
    "timestamp": "unknown"
  },
  {
    "title": "contact@kezarbio.com() -Visit us on LinkedInVisit us on TwitterVisit us on YoutubeVisit us on Facebook",
    "link": "mailto:contact@kezarbio.com",
    "timestamp": "unknown"
  },
  {
    "title": "contact@kezarbio.com() -Visit us on LinkedInVisit us on TwitterVisit us on YoutubeVisit us on Facebook",
    "link": "mailto:contact@kezarbio.com",
    "timestamp": "unknown"
  },
  {
    "title": "contact@kezarbio.com() -Visit us on LinkedInVisit us on TwitterVisit us on YoutubeVisit us on Facebook",
    "link": "mailto:contact@kezarbio.com",
    "timestamp": "unknown"
  },
  {
    "title": "contact@kezarbio.com() -",
    "link": "mailto:contact@kezarbio.com",
    "timestamp": "unknown"
  },
  {
    "title": "Visit us on LinkedInVisit us on TwitterVisit us on YoutubeVisit us on Facebook",
    "link": "https://www.linkedin.com/company/kezarlifesciences/",
    "timestamp": "unknown"
  },
  {
    "title": "Visit us on LinkedIn",
    "link": "https://www.linkedin.com/company/kezarlifesciences/",
    "timestamp": "unknown"
  },
  {
    "title": "Visit us on Twitter",
    "link": "https://twitter.com/KezarBio",
    "timestamp": "unknown"
  },
  {
    "title": "Visit us on Youtube",
    "link": "https://www.youtube.com/channel/UCYey0o6qXcSUPnQQD5i6LVw",
    "timestamp": "unknown"
  },
  {
    "title": "Visit us on Facebook",
    "link": "https://www.facebook.com/Kezarbio",
    "timestamp": "unknown"
  },
  {
    "title": "\u00a9 Kezar Life Sciences, Inc. All Rights Reserved.Privacy PolicyTerms of UseSite Map",
    "link": "https://www.kezarlifesciences.com/privacy-policy",
    "timestamp": "unknown"
  },
  {
    "title": "\u00a9 Kezar Life Sciences, Inc. All Rights Reserved.Privacy PolicyTerms of UseSite Map",
    "link": "https://www.kezarlifesciences.com/privacy-policy",
    "timestamp": "unknown"
  },
  {
    "title": "\u00a9 Kezar Life Sciences, Inc. All Rights Reserved.Privacy PolicyTerms of UseSite Map",
    "link": "https://www.kezarlifesciences.com/privacy-policy",
    "timestamp": "unknown"
  },
  {
    "title": "Privacy PolicyTerms of UseSite Map",
    "link": "https://www.kezarlifesciences.com/privacy-policy",
    "timestamp": "unknown"
  },
  {
    "title": "Privacy PolicyTerms of UseSite Map",
    "link": "https://www.kezarlifesciences.com/privacy-policy",
    "timestamp": "unknown"
  },
  {
    "title": "Privacy PolicyTerms of UseSite Map",
    "link": "https://www.kezarlifesciences.com/privacy-policy",
    "timestamp": "unknown"
  },
  {
    "title": "Privacy Policy",
    "link": "https://www.kezarlifesciences.com/privacy-policy",
    "timestamp": "unknown"
  },
  {
    "title": "Terms of Use",
    "link": "https://www.kezarlifesciences.com/terms-of-use",
    "timestamp": "unknown"
  },
  {
    "title": "Site Map",
    "link": "https://www.kezarlifesciences.com/site-map",
    "timestamp": "unknown"
  }
]