[
  {
    "title": "OverviewNews ReleasesEvents & PresentationsGovernanceGovernance OverviewBoard of DirectorsLeadership TeamCommittee CompositionFinancialsSEC FilingsSto",
    "link": "https://kyvernatx.com/",
    "timestamp": "unknown"
  },
  {
    "title": "OverviewNews ReleasesEvents & PresentationsGovernanceGovernance OverviewBoard of DirectorsLeadership TeamCommittee CompositionFinancialsSEC FilingsSto",
    "link": "https://kyvernatx.com/",
    "timestamp": "unknown"
  },
  {
    "title": "OverviewNews ReleasesEvents & PresentationsGovernanceGovernance OverviewBoard of DirectorsLeadership TeamCommittee CompositionFinancialsSEC FilingsSto",
    "link": "https://ir.kyvernatx.com/",
    "timestamp": "unknown"
  },
  {
    "title": "Overview",
    "link": "https://ir.kyvernatx.com/",
    "timestamp": "unknown"
  },
  {
    "title": "News Releases",
    "link": "https://ir.kyvernatx.com/news-releases",
    "timestamp": "unknown"
  },
  {
    "title": "Events & Presentations",
    "link": "https://ir.kyvernatx.com/presentations",
    "timestamp": "unknown"
  },
  {
    "title": "GovernanceGovernance OverviewBoard of DirectorsLeadership TeamCommittee Composition",
    "link": "https://ir.kyvernatx.com/corporate-governance/governance-overview",
    "timestamp": "unknown"
  },
  {
    "title": "Governance Overview",
    "link": "https://ir.kyvernatx.com/corporate-governance/governance-overview",
    "timestamp": "unknown"
  },
  {
    "title": "Board of Directors",
    "link": "https://kyvernatx.com/inside-kyverna/",
    "timestamp": "unknown"
  },
  {
    "title": "Leadership Team",
    "link": "https://kyvernatx.com/inside-kyverna/",
    "timestamp": "unknown"
  },
  {
    "title": "Committee Composition",
    "link": "https://ir.kyvernatx.com/corporate-governance/committee-composition",
    "timestamp": "unknown"
  },
  {
    "title": "FinancialsSEC Filings",
    "link": "https://ir.kyvernatx.com/financial-information/sec-filings",
    "timestamp": "unknown"
  },
  {
    "title": "SEC Filings",
    "link": "https://ir.kyvernatx.com/financial-information/sec-filings",
    "timestamp": "unknown"
  },
  {
    "title": "StockStock Quote & ChartAnalyst Coverage",
    "link": "https://ir.kyvernatx.com/stock-information/stock-quote-chart",
    "timestamp": "unknown"
  },
  {
    "title": "Stock Quote & Chart",
    "link": "https://ir.kyvernatx.com/stock-information/stock-quote-chart",
    "timestamp": "unknown"
  },
  {
    "title": "Analyst Coverage",
    "link": "https://ir.kyvernatx.com/stock-information/analyst-coverage",
    "timestamp": "unknown"
  },
  {
    "title": "IR ResourcesInvestor FAQsEmail AlertsContact IR",
    "link": "https://ir.kyvernatx.com/ir-resources/investor-faqs",
    "timestamp": "unknown"
  },
  {
    "title": "Investor FAQs",
    "link": "https://ir.kyvernatx.com/ir-resources/investor-faqs",
    "timestamp": "unknown"
  },
  {
    "title": "Email Alerts",
    "link": "https://ir.kyvernatx.com/ir-resources/email-alerts",
    "timestamp": "unknown"
  },
  {
    "title": "Contact IR",
    "link": "https://ir.kyvernatx.com/ir-resources/contact-ir",
    "timestamp": "unknown"
  },
  {
    "title": "Financial InformationSEC Filings",
    "link": "https://ir.kyvernatx.com/financial-information/sec-filings",
    "timestamp": "unknown"
  },
  {
    "title": "Financial InformationSEC Filings",
    "link": "https://ir.kyvernatx.com/financial-information/sec-filings",
    "timestamp": "unknown"
  },
  {
    "title": "SEC Filings",
    "link": "https://ir.kyvernatx.com/financial-information/sec-filings",
    "timestamp": "unknown"
  },
  {
    "title": "SEC Filings",
    "link": "https://ir.kyvernatx.com/financial-information/sec-filings",
    "timestamp": "unknown"
  },
  {
    "title": "Group,,Annual FilingsCurrent ReportsMergers & AcquisitionsOtherProxy FilingsQuarterly FilingsRegistration StatementsFiling yearAllFiling DateFormDescr",
    "link": "https://ir.kyvernatx.com/financial-information/sec-filings?items_per_page=&order=field_nir_sec_date_filed&sort=asc",
    "timestamp": "unknown"
  },
  {
    "title": "Group,,Annual FilingsCurrent ReportsMergers & AcquisitionsOtherProxy FilingsQuarterly FilingsRegistration StatementsFiling yearAllFiling DateFormDescr",
    "link": "https://ir.kyvernatx.com/financial-information/sec-filings?items_per_page=&order=field_nir_sec_date_filed&sort=asc",
    "timestamp": "unknown"
  },
  {
    "title": "Group,,Annual FilingsCurrent ReportsMergers & AcquisitionsOtherProxy FilingsQuarterly FilingsRegistration StatementsFiling yearAllFiling DateFormDescr",
    "link": "https://ir.kyvernatx.com/financial-information/sec-filings?items_per_page=&order=field_nir_sec_date_filed&sort=asc",
    "timestamp": "unknown"
  },
  {
    "title": "Group,,Annual FilingsCurrent ReportsMergers & AcquisitionsOtherProxy FilingsQuarterly FilingsRegistration StatementsFiling yearAllFiling DateFormDescr",
    "link": "https://ir.kyvernatx.com/financial-information/sec-filings?items_per_page=&order=field_nir_sec_date_filed&sort=asc",
    "timestamp": "unknown"
  },
  {
    "title": "Group,,Annual FilingsCurrent ReportsMergers & AcquisitionsOtherProxy FilingsQuarterly FilingsRegistration StatementsFiling yearAllFiling DateFormDescr",
    "link": "https://ir.kyvernatx.com/financial-information/sec-filings?items_per_page=&order=field_nir_sec_date_filed&sort=asc",
    "timestamp": "unknown"
  },
  {
    "title": "Group,,Annual FilingsCurrent ReportsMergers & AcquisitionsOtherProxy FilingsQuarterly FilingsRegistration StatementsFiling yearAllFiling DateFormDescr",
    "link": "https://ir.kyvernatx.com/financial-information/sec-filings?items_per_page=&order=field_nir_sec_date_filed&sort=asc",
    "timestamp": "unknown"
  },
  {
    "title": "Group,,Annual FilingsCurrent ReportsMergers & AcquisitionsOtherProxy FilingsQuarterly FilingsRegistration StatementsFiling yearAllFiling DateFormDescr",
    "link": "https://ir.kyvernatx.com/financial-information/sec-filings?items_per_page=&order=field_nir_sec_date_filed&sort=asc",
    "timestamp": "unknown"
  },
  {
    "title": "Group,,Annual FilingsCurrent ReportsMergers & AcquisitionsOtherProxy FilingsQuarterly FilingsRegistration StatementsFiling yearAllFiling DateFormDescr",
    "link": "https://ir.kyvernatx.com/financial-information/sec-filings?items_per_page=&order=field_nir_sec_date_filed&sort=asc",
    "timestamp": "unknown"
  },
  {
    "title": "Group,,Annual FilingsCurrent ReportsMergers & AcquisitionsOtherProxy FilingsQuarterly FilingsRegistration StatementsFiling yearAllFiling DateFormDescr",
    "link": "https://ir.kyvernatx.com/financial-information/sec-filings?items_per_page=&order=field_nir_sec_date_filed&sort=asc",
    "timestamp": "unknown"
  },
  {
    "title": "Group,,Annual FilingsCurrent ReportsMergers & AcquisitionsOtherProxy FilingsQuarterly FilingsRegistration StatementsFiling yearAllFiling DateFormDescr",
    "link": "https://ir.kyvernatx.com/financial-information/sec-filings?items_per_page=&order=field_nir_sec_date_filed&sort=asc",
    "timestamp": "unknown"
  },
  {
    "title": "Group,,Annual FilingsCurrent ReportsMergers & AcquisitionsOtherProxy FilingsQuarterly FilingsRegistration StatementsFiling yearAllFiling DateFormDescr",
    "link": "https://ir.kyvernatx.com/financial-information/sec-filings?items_per_page=&order=field_nir_sec_date_filed&sort=asc",
    "timestamp": "unknown"
  },
  {
    "title": "Group,,Annual FilingsCurrent ReportsMergers & AcquisitionsOtherProxy FilingsQuarterly FilingsRegistration StatementsFiling yearAllFiling DateFormDescr",
    "link": "https://ir.kyvernatx.com/financial-information/sec-filings?items_per_page=&order=field_nir_sec_date_filed&sort=asc",
    "timestamp": "unknown"
  },
  {
    "title": "Group,,Annual FilingsCurrent ReportsMergers & AcquisitionsOtherProxy FilingsQuarterly FilingsRegistration StatementsFiling yearAllFiling DateFormDescr",
    "link": "https://ir.kyvernatx.com/financial-information/sec-filings?items_per_page=&order=field_nir_sec_date_filed&sort=asc",
    "timestamp": "unknown"
  },
  {
    "title": "Group,,Annual FilingsCurrent ReportsMergers & AcquisitionsOtherProxy FilingsQuarterly FilingsRegistration StatementsFiling yearAllFiling DateFormDescr",
    "link": "https://ir.kyvernatx.com/financial-information/sec-filings?items_per_page=&order=field_nir_sec_date_filed&sort=asc",
    "timestamp": "unknown"
  },
  {
    "title": "Group,,Annual FilingsCurrent ReportsMergers & AcquisitionsOtherProxy FilingsQuarterly FilingsRegistration StatementsFiling yearAllFiling DateFormDescr",
    "link": "https://ir.kyvernatx.com/financial-information/sec-filings?items_per_page=&order=field_nir_sec_date_filed&sort=asc",
    "timestamp": "unknown"
  },
  {
    "title": "Group,,Annual FilingsCurrent ReportsMergers & AcquisitionsOtherProxy FilingsQuarterly FilingsRegistration StatementsFiling yearAllFiling DateFormDescr",
    "link": "https://ir.kyvernatx.com/financial-information/sec-filings?items_per_page=&order=field_nir_sec_date_filed&sort=asc",
    "timestamp": "unknown"
  },
  {
    "title": "Filing DateFormDescriptionFiling GroupViewJul ,Initial filing by director officer or owner of more than ten percent,,View HTML--.pdf--.rtf--.xlsJul ,S",
    "link": "https://ir.kyvernatx.com/financial-information/sec-filings?items_per_page=&order=field_nir_sec_date_filed&sort=asc",
    "timestamp": "unknown"
  },
  {
    "title": "Filing DateFormDescriptionFiling GroupView",
    "link": "https://ir.kyvernatx.com/financial-information/sec-filings?items_per_page=&order=field_nir_sec_date_filed&sort=asc",
    "timestamp": "unknown"
  },
  {
    "title": "Jul ,Initial filing by director officer or owner of more than ten percent,,View HTML--.pdf--.rtf--.xls",
    "link": "https://ir.kyvernatx.com/sec-filings/sec-filing//--",
    "timestamp": "unknown"
  },
  {
    "title": "View HTML--.pdf--.rtf--.xls",
    "link": "https://ir.kyvernatx.com/node//html",
    "timestamp": "unknown"
  },
  {
    "title": "--.pdf",
    "link": "https://ir.kyvernatx.com/static-files/38c3e603-de84-4fbf-83fd-8f8d2d9d19e7",
    "timestamp": "unknown"
  },
  {
    "title": "--.rtf",
    "link": "https://ir.kyvernatx.com/static-files/745f8d46--400a-9e27-f46be112bea0",
    "timestamp": "unknown"
  },
  {
    "title": "--.xls",
    "link": "https://ir.kyvernatx.com/static-files/0db8f857-5e17-4afa--eb635e50cabf",
    "timestamp": "unknown"
  },
  {
    "title": "Jul ,Statement of changes in beneficial ownership of securities,,View HTML--.pdf--.rtf--.xls",
    "link": "https://ir.kyvernatx.com/sec-filings/sec-filing//--",
    "timestamp": "unknown"
  },
  {
    "title": "View HTML--.pdf--.rtf--.xls",
    "link": "https://ir.kyvernatx.com/node//html",
    "timestamp": "unknown"
  },
  {
    "title": "--.pdf",
    "link": "https://ir.kyvernatx.com/static-files/bbb57138-2c06-47f8-aac0-97ae5d8207b4",
    "timestamp": "unknown"
  },
  {
    "title": "--.rtf",
    "link": "https://ir.kyvernatx.com/static-files/2bf7b7b8---be10-b8f1065dbb75",
    "timestamp": "unknown"
  },
  {
    "title": "--.xls",
    "link": "https://ir.kyvernatx.com/static-files/dc89f0c6-40bf-47c1-86ce-73b39e8c8cac",
    "timestamp": "unknown"
  },
  {
    "title": "Jun ,-KReport of unscheduled material events or corporate eventCurrent ReportsView HTML--.pdf--.rtf--.xlsEX-.SCH - XBRL TAXONOMY EXTENSION SCHEMA",
    "link": "https://ir.kyvernatx.com/sec-filings/sec-filing/-k/--",
    "timestamp": "unknown"
  },
  {
    "title": "View HTML--.pdf--.rtf--.xlsEX-.SCH - XBRL TAXONOMY EXTENSION SCHEMA",
    "link": "https://ir.kyvernatx.com/node//html",
    "timestamp": "unknown"
  },
  {
    "title": "--.pdf",
    "link": "https://ir.kyvernatx.com/static-files/24fe2778-f830-47f3-80fa-3a667465077d",
    "timestamp": "unknown"
  },
  {
    "title": "--.rtf",
    "link": "https://ir.kyvernatx.com/static-files/4fd54e58-1c4b-4b17-acb4-65e12d8628b6",
    "timestamp": "unknown"
  },
  {
    "title": "--.xls",
    "link": "https://ir.kyvernatx.com/static-files/41df8cdc-0fdc-4aaa-b775-54285ef6b8fe",
    "timestamp": "unknown"
  },
  {
    "title": "Jun ,-KReport of unscheduled material events or corporate eventCurrent ReportsView HTML--.pdf--.rtf--.xlsEX-.SCH - XBRL TAXONOMY EXTENSION SCHEMA",
    "link": "https://ir.kyvernatx.com/sec-filings/sec-filing/-k/--",
    "timestamp": "unknown"
  },
  {
    "title": "View HTML--.pdf--.rtf--.xlsEX-.SCH - XBRL TAXONOMY EXTENSION SCHEMA",
    "link": "https://ir.kyvernatx.com/node//html",
    "timestamp": "unknown"
  },
  {
    "title": "--.pdf",
    "link": "https://ir.kyvernatx.com/static-files/adc34040-3e24-41f2-8d82-3e2e276b9a9d",
    "timestamp": "unknown"
  },
  {
    "title": "--.rtf",
    "link": "https://ir.kyvernatx.com/static-files/dff73ebc-e1c9-470a-b595-7bcddbb32310",
    "timestamp": "unknown"
  },
  {
    "title": "--.xls",
    "link": "https://ir.kyvernatx.com/static-files/c22e5272-a055-4cef--f70d63eca473",
    "timestamp": "unknown"
  },
  {
    "title": "Jun ,Statement of changes in beneficial ownership of securities,,View HTML--.pdf--.rtf--.xls",
    "link": "https://ir.kyvernatx.com/sec-filings/sec-filing//--",
    "timestamp": "unknown"
  },
  {
    "title": "View HTML--.pdf--.rtf--.xls",
    "link": "https://ir.kyvernatx.com/node//html",
    "timestamp": "unknown"
  },
  {
    "title": "--.pdf",
    "link": "https://ir.kyvernatx.com/static-files/f49e84a6-75f9-494a-afd4-8a4708672314",
    "timestamp": "unknown"
  },
  {
    "title": "--.rtf",
    "link": "https://ir.kyvernatx.com/static-files/6bee029c-fed8--b613-c0f134cf0aa5",
    "timestamp": "unknown"
  },
  {
    "title": "--.xls",
    "link": "https://ir.kyvernatx.com/static-files/e405bd02-391d-43e4-987f-0c2c8e45b088",
    "timestamp": "unknown"
  },
  {
    "title": "Jun ,Statement of changes in beneficial ownership of securities,,View HTML--.pdf--.rtf--.xls",
    "link": "https://ir.kyvernatx.com/sec-filings/sec-filing//--",
    "timestamp": "unknown"
  },
  {
    "title": "View HTML--.pdf--.rtf--.xls",
    "link": "https://ir.kyvernatx.com/node//html",
    "timestamp": "unknown"
  },
  {
    "title": "--.pdf",
    "link": "https://ir.kyvernatx.com/static-files/cc520a4a-381e-4bc3-91c6-bcb8fef1815b",
    "timestamp": "unknown"
  },
  {
    "title": "--.rtf",
    "link": "https://ir.kyvernatx.com/static-files/f40627e4-4af9-49d1-b51b-bef0540db21a",
    "timestamp": "unknown"
  },
  {
    "title": "--.xls",
    "link": "https://ir.kyvernatx.com/static-files/e7a53236-3e80-4dc4-9b42-952cab482d96",
    "timestamp": "unknown"
  },
  {
    "title": "Jun ,Statement of changes in beneficial ownership of securities,,View HTML--.pdf--.rtf--.xls",
    "link": "https://ir.kyvernatx.com/sec-filings/sec-filing//--",
    "timestamp": "unknown"
  },
  {
    "title": "View HTML--.pdf--.rtf--.xls",
    "link": "https://ir.kyvernatx.com/node//html",
    "timestamp": "unknown"
  },
  {
    "title": "--.pdf",
    "link": "https://ir.kyvernatx.com/static-files/75ac0184-6bbc-488e-bab9-2e1a948939e1",
    "timestamp": "unknown"
  },
  {
    "title": "--.rtf",
    "link": "https://ir.kyvernatx.com/static-files/6a55b6e1-cb90--8ecc-32bfcc6d16e9",
    "timestamp": "unknown"
  },
  {
    "title": "--.xls",
    "link": "https://ir.kyvernatx.com/static-files/2728b7dd-cc69-4e12-8de8-788114a41966",
    "timestamp": "unknown"
  },
  {
    "title": "Jun ,Statement of changes in beneficial ownership of securities,,View HTML--.pdf--.rtf--.xls",
    "link": "https://ir.kyvernatx.com/sec-filings/sec-filing//--",
    "timestamp": "unknown"
  },
  {
    "title": "View HTML--.pdf--.rtf--.xls",
    "link": "https://ir.kyvernatx.com/node//html",
    "timestamp": "unknown"
  },
  {
    "title": "--.pdf",
    "link": "https://ir.kyvernatx.com/static-files/f001f5e2--4c49--d08fb4ba4bc6",
    "timestamp": "unknown"
  },
  {
    "title": "--.rtf",
    "link": "https://ir.kyvernatx.com/static-files/a2101817--4b1c--6fb98c7de870",
    "timestamp": "unknown"
  },
  {
    "title": "--.xls",
    "link": "https://ir.kyvernatx.com/static-files/e6ed6c50-c893-4d21-98e6-f44e6e21f199",
    "timestamp": "unknown"
  },
  {
    "title": "Jun ,Statement of changes in beneficial ownership of securities,,View HTML--.pdf--.rtf--.xls",
    "link": "https://ir.kyvernatx.com/sec-filings/sec-filing//--",
    "timestamp": "unknown"
  },
  {
    "title": "View HTML--.pdf--.rtf--.xls",
    "link": "https://ir.kyvernatx.com/node//html",
    "timestamp": "unknown"
  },
  {
    "title": "--.pdf",
    "link": "https://ir.kyvernatx.com/static-files/a08381cc-4d6e-4b18-9f41-d4ee63612560",
    "timestamp": "unknown"
  },
  {
    "title": "--.rtf",
    "link": "https://ir.kyvernatx.com/static-files/15a5d338-c621--b2a3-e73cdd70860d",
    "timestamp": "unknown"
  },
  {
    "title": "--.xls",
    "link": "https://ir.kyvernatx.com/static-files/12ffbfc3-331a-4b92-a4fc-d4af2c1fb230",
    "timestamp": "unknown"
  },
  {
    "title": "Jun ,Statement of changes in beneficial ownership of securities,,View HTML--.pdf--.rtf--.xls",
    "link": "https://ir.kyvernatx.com/sec-filings/sec-filing//--",
    "timestamp": "unknown"
  },
  {
    "title": "View HTML--.pdf--.rtf--.xls",
    "link": "https://ir.kyvernatx.com/node//html",
    "timestamp": "unknown"
  },
  {
    "title": "--.pdf",
    "link": "https://ir.kyvernatx.com/static-files/7fbf2c25-ff20-47d9-84fc-bb03567a7b60",
    "timestamp": "unknown"
  },
  {
    "title": "--.rtf",
    "link": "https://ir.kyvernatx.com/static-files/20889e13---9c03-f8ae0d946b10",
    "timestamp": "unknown"
  },
  {
    "title": "--.xls",
    "link": "https://ir.kyvernatx.com/static-files/2cd372b1-502d-43a9-9c12-e298cc9b91f4",
    "timestamp": "unknown"
  },
  {
    "title": "PaginationCurrent pagePagePage\u2026Next page\u203aLast page\u00bbDisplaying  -  of  results",
    "link": "https://ir.kyvernatx.com/financial-information/sec-filings?&field_nir_sec_cik_target_id=&field_nir_sec_date_filed_value=&&&items_per_page_toggle=&page=",
    "timestamp": "unknown"
  },
  {
    "title": "PaginationCurrent pagePagePage\u2026Next page\u203aLast page\u00bb",
    "link": "https://ir.kyvernatx.com/financial-information/sec-filings?&field_nir_sec_cik_target_id=&field_nir_sec_date_filed_value=&&&items_per_page_toggle=&page=",
    "timestamp": "unknown"
  },
  {
    "title": "Current page",
    "link": "https://ir.kyvernatx.com/financial-information/sec-filings?&field_nir_sec_cik_target_id=&field_nir_sec_date_filed_value=&&&items_per_page_toggle=&page=",
    "timestamp": "unknown"
  },
  {
    "title": "Page",
    "link": "https://ir.kyvernatx.com/financial-information/sec-filings?&field_nir_sec_cik_target_id=&field_nir_sec_date_filed_value=&&&items_per_page_toggle=&page=",
    "timestamp": "unknown"
  },
  {
    "title": "Page",
    "link": "https://ir.kyvernatx.com/financial-information/sec-filings?&field_nir_sec_cik_target_id=&field_nir_sec_date_filed_value=&&&items_per_page_toggle=&page=",
    "timestamp": "unknown"
  },
  {
    "title": "Next page\u203a",
    "link": "https://ir.kyvernatx.com/financial-information/sec-filings?&field_nir_sec_cik_target_id=&field_nir_sec_date_filed_value=&&&items_per_page_toggle=&page=",
    "timestamp": "unknown"
  },
  {
    "title": "Last page\u00bb",
    "link": "https://ir.kyvernatx.com/financial-information/sec-filings?&field_nir_sec_cik_target_id=&field_nir_sec_date_filed_value=&&&items_per_page_toggle=&page=",
    "timestamp": "unknown"
  },
  {
    "title": "Data provided byKaleidoscope.",
    "link": "https://www.kscope.io",
    "timestamp": "unknown"
  },
  {
    "title": "Data provided byKaleidoscope.",
    "link": "https://www.kscope.io",
    "timestamp": "unknown"
  },
  {
    "title": "Investor ContactdraftsInvestorRelations@kyvernatx.comdraftsMedia@kyvernatx.comphone_iphone+ ..Subscribe to our Email AlertsSubscribe",
    "link": "mailto:InvestorRelations@kyvernatx.com",
    "timestamp": "unknown"
  },
  {
    "title": "Investor ContactdraftsInvestorRelations@kyvernatx.comdraftsMedia@kyvernatx.comphone_iphone+ ..Subscribe to our Email AlertsSubscribe",
    "link": "mailto:InvestorRelations@kyvernatx.com",
    "timestamp": "unknown"
  },
  {
    "title": "Investor ContactdraftsInvestorRelations@kyvernatx.comdraftsMedia@kyvernatx.comphone_iphone+ ..Subscribe to our Email AlertsSubscribe",
    "link": "mailto:InvestorRelations@kyvernatx.com",
    "timestamp": "unknown"
  },
  {
    "title": "Investor ContactdraftsInvestorRelations@kyvernatx.comdraftsMedia@kyvernatx.comphone_iphone+ ..Subscribe to our Email AlertsSubscribe",
    "link": "mailto:InvestorRelations@kyvernatx.com",
    "timestamp": "unknown"
  },
  {
    "title": "Investor ContactdraftsInvestorRelations@kyvernatx.comdraftsMedia@kyvernatx.comphone_iphone+ ..",
    "link": "mailto:InvestorRelations@kyvernatx.com",
    "timestamp": "unknown"
  },
  {
    "title": "Investor ContactdraftsInvestorRelations@kyvernatx.comdraftsMedia@kyvernatx.comphone_iphone+ ..",
    "link": "mailto:InvestorRelations@kyvernatx.com",
    "timestamp": "unknown"
  },
  {
    "title": "Investor ContactdraftsInvestorRelations@kyvernatx.comdraftsMedia@kyvernatx.comphone_iphone+ ..",
    "link": "mailto:InvestorRelations@kyvernatx.com",
    "timestamp": "unknown"
  },
  {
    "title": "Investor ContactdraftsInvestorRelations@kyvernatx.comdraftsMedia@kyvernatx.comphone_iphone+ ..",
    "link": "mailto:InvestorRelations@kyvernatx.com",
    "timestamp": "unknown"
  },
  {
    "title": "Investor ContactdraftsInvestorRelations@kyvernatx.comdraftsMedia@kyvernatx.comphone_iphone+ ..",
    "link": "mailto:InvestorRelations@kyvernatx.com",
    "timestamp": "unknown"
  },
  {
    "title": "draftsInvestorRelations@kyvernatx.com",
    "link": "mailto:InvestorRelations@kyvernatx.com",
    "timestamp": "unknown"
  },
  {
    "title": "draftsMedia@kyvernatx.com",
    "link": "mailto:media@kyvernatx.com",
    "timestamp": "unknown"
  },
  {
    "title": "\u00a9  Kyverna TherapeuticsSocial MediaLinkedIn opens in new windowGlassdoor opens in new window",
    "link": "https://www.linkedin.com/company/kyverna/",
    "timestamp": "unknown"
  },
  {
    "title": "\u00a9  Kyverna TherapeuticsSocial MediaLinkedIn opens in new windowGlassdoor opens in new window",
    "link": "https://www.linkedin.com/company/kyverna/",
    "timestamp": "unknown"
  },
  {
    "title": "\u00a9  Kyverna TherapeuticsSocial MediaLinkedIn opens in new windowGlassdoor opens in new window",
    "link": "https://www.linkedin.com/company/kyverna/",
    "timestamp": "unknown"
  },
  {
    "title": "Social MediaLinkedIn opens in new windowGlassdoor opens in new window",
    "link": "https://www.linkedin.com/company/kyverna/",
    "timestamp": "unknown"
  },
  {
    "title": "Social MediaLinkedIn opens in new windowGlassdoor opens in new window",
    "link": "https://www.linkedin.com/company/kyverna/",
    "timestamp": "unknown"
  },
  {
    "title": "LinkedIn opens in new window",
    "link": "https://www.linkedin.com/company/kyverna/",
    "timestamp": "unknown"
  },
  {
    "title": "Glassdoor opens in new window",
    "link": "https://www.glassdoor.com/Overview/Working-at-Kyverna-Therapeutics-EI_IE6483224.,.htm",
    "timestamp": "unknown"
  }
]