[
  {
    "title": "Toggle navigation",
    "link": "https://larimartx.com",
    "timestamp": "unknown"
  },
  {
    "title": "Toggle navigation",
    "link": "https://larimartx.com",
    "timestamp": "unknown"
  },
  {
    "title": "About LarimarCompany OverviewLeadershipBoard of DirectorsCareersOur ScienceScientific ApproachPublicationsOur ProgramsPipelineCTI-Expanded Access Poli",
    "link": "https://larimartx.com",
    "timestamp": "unknown"
  },
  {
    "title": "About LarimarCompany OverviewLeadershipBoard of DirectorsCareersOur ScienceScientific ApproachPublicationsOur ProgramsPipelineCTI-Expanded Access Poli",
    "link": "https://larimartx.com",
    "timestamp": "unknown"
  },
  {
    "title": "About LarimarCompany OverviewLeadershipBoard of DirectorsCareersOur ScienceScientific ApproachPublicationsOur ProgramsPipelineCTI-Expanded Access Poli",
    "link": "https://larimartx.com",
    "timestamp": "unknown"
  },
  {
    "title": "About LarimarCompany OverviewLeadershipBoard of DirectorsCareersOur ScienceScientific ApproachPublicationsOur ProgramsPipelineCTI-Expanded Access Poli",
    "link": "https://larimartx.com",
    "timestamp": "unknown"
  },
  {
    "title": "About LarimarCompany OverviewLeadershipBoard of DirectorsCareersOur ScienceScientific ApproachPublicationsOur ProgramsPipelineCTI-Expanded Access Poli",
    "link": "https://larimartx.com",
    "timestamp": "unknown"
  },
  {
    "title": "About LarimarCompany OverviewLeadershipBoard of DirectorsCareersOur ScienceScientific ApproachPublicationsOur ProgramsPipelineCTI-Expanded Access Poli",
    "link": "https://investors.larimartx.com/financial-information/sec-filings",
    "timestamp": "unknown"
  },
  {
    "title": "About LarimarCompany OverviewLeadershipBoard of DirectorsCareersOur ScienceScientific ApproachPublicationsOur ProgramsPipelineCTI-Expanded Access Poli",
    "link": "https://investors.larimartx.com/financial-information/sec-filings",
    "timestamp": "unknown"
  },
  {
    "title": "About LarimarCompany OverviewLeadershipBoard of DirectorsCareers",
    "link": "https://investors.larimartx.com/financial-information/sec-filings",
    "timestamp": "unknown"
  },
  {
    "title": "Company Overview",
    "link": "https://larimartx.com/about-larimar/company-overview/",
    "timestamp": "unknown"
  },
  {
    "title": "Leadership",
    "link": "https://larimartx.com/about-larimar/leadership/",
    "timestamp": "unknown"
  },
  {
    "title": "Board of Directors",
    "link": "https://larimartx.com/about-larimar/board-of-directors/",
    "timestamp": "unknown"
  },
  {
    "title": "Careers",
    "link": "https://larimartx.com/about-larimar/careers/",
    "timestamp": "unknown"
  },
  {
    "title": "Our ScienceScientific ApproachPublications",
    "link": "https://investors.larimartx.com/financial-information/sec-filings",
    "timestamp": "unknown"
  },
  {
    "title": "Scientific Approach",
    "link": "https://larimartx.com/our-science/scientific-approach/",
    "timestamp": "unknown"
  },
  {
    "title": "Publications",
    "link": "https://larimartx.com/our-science/publications/",
    "timestamp": "unknown"
  },
  {
    "title": "Our ProgramsPipelineCTI-Expanded Access Policy",
    "link": "https://investors.larimartx.com/financial-information/sec-filings",
    "timestamp": "unknown"
  },
  {
    "title": "Pipeline",
    "link": "https://larimartx.com/our-programs/pipeline/",
    "timestamp": "unknown"
  },
  {
    "title": "CTI-",
    "link": "https://larimartx.com/our-programs/cti-/",
    "timestamp": "unknown"
  },
  {
    "title": "Expanded Access Policy",
    "link": "https://larimartx.com/our-programs/expanded-access-policy/",
    "timestamp": "unknown"
  },
  {
    "title": "Our Partners",
    "link": "https://larimartx.com/our-partners/",
    "timestamp": "unknown"
  },
  {
    "title": "InvestorsInvestorsPress ReleasesEvents & PresentationsCorporate GovernanceFinancials & FilingsStock InformationAnalyst CoverageInvestor FAQsContact Us",
    "link": "https://investors.larimartx.com/",
    "timestamp": "unknown"
  },
  {
    "title": "Investors",
    "link": "https://investors.larimartx.com/",
    "timestamp": "unknown"
  },
  {
    "title": "Press Releases",
    "link": "https://investors.larimartx.com/press-releases",
    "timestamp": "unknown"
  },
  {
    "title": "Events & Presentations",
    "link": "https://investors.larimartx.com/events-and-presentations",
    "timestamp": "unknown"
  },
  {
    "title": "Corporate Governance",
    "link": "https://investors.larimartx.com/corporate-governance",
    "timestamp": "unknown"
  },
  {
    "title": "Financials & Filings",
    "link": "https://investors.larimartx.com/financials-and-filings",
    "timestamp": "unknown"
  },
  {
    "title": "Stock Information",
    "link": "https://investors.larimartx.com/stock-information",
    "timestamp": "unknown"
  },
  {
    "title": "Analyst Coverage",
    "link": "https://investors.larimartx.com/stock-information/analyst-coverage",
    "timestamp": "unknown"
  },
  {
    "title": "Investor FAQs",
    "link": "https://investors.larimartx.com/investor-faqs",
    "timestamp": "unknown"
  },
  {
    "title": "Contact Us",
    "link": "https://investors.larimartx.com/contact-us",
    "timestamp": "unknown"
  },
  {
    "title": "Email Alerts",
    "link": "https://investors.larimartx.com/email-alerts",
    "timestamp": "unknown"
  },
  {
    "title": "News",
    "link": "https://larimartx.com/news/",
    "timestamp": "unknown"
  },
  {
    "title": "ContactContact UsDirections",
    "link": "https://investors.larimartx.com/financial-information/sec-filings",
    "timestamp": "unknown"
  },
  {
    "title": "Contact Us",
    "link": "https://larimartx.com/contact-us/contact/",
    "timestamp": "unknown"
  },
  {
    "title": "Directions",
    "link": "https://larimartx.com/contact-us/directions/",
    "timestamp": "unknown"
  },
  {
    "title": "About LarimarCompany OverviewLeadershipBoard of DirectorsCareersOur ScienceScientific ApproachPublicationsOur ProgramsPipelineCTI-Expanded Access Poli",
    "link": "https://investors.larimartx.com/financial-information/sec-filings",
    "timestamp": "unknown"
  },
  {
    "title": "About LarimarCompany OverviewLeadershipBoard of DirectorsCareersOur ScienceScientific ApproachPublicationsOur ProgramsPipelineCTI-Expanded Access Poli",
    "link": "https://investors.larimartx.com/financial-information/sec-filings",
    "timestamp": "unknown"
  },
  {
    "title": "About LarimarCompany OverviewLeadershipBoard of DirectorsCareersOur ScienceScientific ApproachPublicationsOur ProgramsPipelineCTI-Expanded Access Poli",
    "link": "https://investors.larimartx.com/financial-information/sec-filings",
    "timestamp": "unknown"
  },
  {
    "title": "About LarimarCompany OverviewLeadershipBoard of DirectorsCareersOur ScienceScientific ApproachPublicationsOur ProgramsPipelineCTI-Expanded Access Poli",
    "link": "https://investors.larimartx.com/financial-information/sec-filings",
    "timestamp": "unknown"
  },
  {
    "title": "About LarimarCompany OverviewLeadershipBoard of DirectorsCareersOur ScienceScientific ApproachPublicationsOur ProgramsPipelineCTI-Expanded Access Poli",
    "link": "https://investors.larimartx.com/financial-information/sec-filings",
    "timestamp": "unknown"
  },
  {
    "title": "About LarimarCompany OverviewLeadershipBoard of DirectorsCareers",
    "link": "https://investors.larimartx.com/financial-information/sec-filings",
    "timestamp": "unknown"
  },
  {
    "title": "Company Overview",
    "link": "https://larimartx.com/about-larimar/company-overview/",
    "timestamp": "unknown"
  },
  {
    "title": "Leadership",
    "link": "https://larimartx.com/about-larimar/leadership/",
    "timestamp": "unknown"
  },
  {
    "title": "Board of Directors",
    "link": "https://larimartx.com/about-larimar/board-of-directors/",
    "timestamp": "unknown"
  },
  {
    "title": "Careers",
    "link": "https://larimartx.com/about-larimar/careers/",
    "timestamp": "unknown"
  },
  {
    "title": "Our ScienceScientific ApproachPublications",
    "link": "https://investors.larimartx.com/financial-information/sec-filings",
    "timestamp": "unknown"
  },
  {
    "title": "Scientific Approach",
    "link": "https://larimartx.com/our-science/scientific-approach/",
    "timestamp": "unknown"
  },
  {
    "title": "Publications",
    "link": "https://larimartx.com/our-science/publications/",
    "timestamp": "unknown"
  },
  {
    "title": "Our ProgramsPipelineCTI-Expanded Access Policy",
    "link": "https://investors.larimartx.com/financial-information/sec-filings",
    "timestamp": "unknown"
  },
  {
    "title": "Pipeline",
    "link": "https://larimartx.com/our-programs/pipeline/",
    "timestamp": "unknown"
  },
  {
    "title": "CTI-",
    "link": "https://larimartx.com/our-programs/cti-/",
    "timestamp": "unknown"
  },
  {
    "title": "Expanded Access Policy",
    "link": "https://larimartx.com/our-programs/expanded-access-policy/",
    "timestamp": "unknown"
  },
  {
    "title": "Our Partners",
    "link": "https://larimartx.com/our-partners/",
    "timestamp": "unknown"
  },
  {
    "title": "InvestorsInvestorsPress ReleasesEvents & PresentationsCorporate GovernanceFinancials & FilingsStock InformationAnalyst CoverageInvestor FAQsContact Us",
    "link": "https://investors.larimartx.com/",
    "timestamp": "unknown"
  },
  {
    "title": "Investors",
    "link": "https://investors.larimartx.com/",
    "timestamp": "unknown"
  },
  {
    "title": "Press Releases",
    "link": "https://investors.larimartx.com/press-releases",
    "timestamp": "unknown"
  },
  {
    "title": "Events & Presentations",
    "link": "https://investors.larimartx.com/events-and-presentations",
    "timestamp": "unknown"
  },
  {
    "title": "Corporate Governance",
    "link": "https://investors.larimartx.com/corporate-governance",
    "timestamp": "unknown"
  },
  {
    "title": "Financials & Filings",
    "link": "https://investors.larimartx.com/financials-and-filings",
    "timestamp": "unknown"
  },
  {
    "title": "Stock Information",
    "link": "https://investors.larimartx.com/stock-information",
    "timestamp": "unknown"
  },
  {
    "title": "Analyst Coverage",
    "link": "https://investors.larimartx.com/stock-information/analyst-coverage",
    "timestamp": "unknown"
  },
  {
    "title": "Investor FAQs",
    "link": "https://investors.larimartx.com/investor-faqs",
    "timestamp": "unknown"
  },
  {
    "title": "Contact Us",
    "link": "https://investors.larimartx.com/contact-us",
    "timestamp": "unknown"
  },
  {
    "title": "Email Alerts",
    "link": "https://investors.larimartx.com/email-alerts",
    "timestamp": "unknown"
  },
  {
    "title": "News",
    "link": "https://larimartx.com/news/",
    "timestamp": "unknown"
  },
  {
    "title": "ContactContact UsDirections",
    "link": "https://investors.larimartx.com/financial-information/sec-filings",
    "timestamp": "unknown"
  },
  {
    "title": "Contact Us",
    "link": "https://larimartx.com/contact-us/contact/",
    "timestamp": "unknown"
  },
  {
    "title": "Directions",
    "link": "https://larimartx.com/contact-us/directions/",
    "timestamp": "unknown"
  },
  {
    "title": "SEC FilingsInvestor RelationsInvestorsPress ReleasesEvents & PresentationsUpcoming eventsPresentationsPast EventsFINANCIALS & FILINGSSEC FilingsAnnual",
    "link": "https://investors.larimartx.com/investor-relations",
    "timestamp": "unknown"
  },
  {
    "title": "SEC FilingsInvestor RelationsInvestorsPress ReleasesEvents & PresentationsUpcoming eventsPresentationsPast EventsFINANCIALS & FILINGSSEC FilingsAnnual",
    "link": "https://investors.larimartx.com/investor-relations",
    "timestamp": "unknown"
  },
  {
    "title": "SEC FilingsInvestor RelationsInvestorsPress ReleasesEvents & PresentationsUpcoming eventsPresentationsPast EventsFINANCIALS & FILINGSSEC FilingsAnnual",
    "link": "https://investors.larimartx.com/investor-relations",
    "timestamp": "unknown"
  },
  {
    "title": "Investor RelationsInvestorsPress ReleasesEvents & PresentationsUpcoming eventsPresentationsPast EventsFINANCIALS & FILINGSSEC FilingsAnnual Reports & ",
    "link": "https://investors.larimartx.com/investor-relations",
    "timestamp": "unknown"
  },
  {
    "title": "Investor RelationsInvestorsPress ReleasesEvents & PresentationsUpcoming eventsPresentationsPast EventsFINANCIALS & FILINGSSEC FilingsAnnual Reports & ",
    "link": "https://investors.larimartx.com/investor-relations",
    "timestamp": "unknown"
  },
  {
    "title": "Investor RelationsInvestorsPress ReleasesEvents & PresentationsUpcoming eventsPresentationsPast EventsFINANCIALS & FILINGSSEC FilingsAnnual Reports & ",
    "link": "https://investors.larimartx.com/investor-relations",
    "timestamp": "unknown"
  },
  {
    "title": "Investor RelationsInvestorsPress ReleasesEvents & PresentationsUpcoming eventsPresentationsPast EventsFINANCIALS & FILINGSSEC FilingsAnnual Reports & ",
    "link": "https://investors.larimartx.com/investor-relations",
    "timestamp": "unknown"
  },
  {
    "title": "Investor RelationsInvestorsPress ReleasesEvents & PresentationsUpcoming eventsPresentationsPast EventsFINANCIALS & FILINGSSEC FilingsAnnual Reports & ",
    "link": "https://investors.larimartx.com/investor-relations",
    "timestamp": "unknown"
  },
  {
    "title": "Investor RelationsInvestorsPress ReleasesEvents & PresentationsUpcoming eventsPresentationsPast EventsFINANCIALS & FILINGSSEC FilingsAnnual Reports & ",
    "link": "https://investors.larimartx.com/investor-relations",
    "timestamp": "unknown"
  },
  {
    "title": "Investor RelationsInvestorsPress ReleasesEvents & PresentationsUpcoming eventsPresentationsPast EventsFINANCIALS & FILINGSSEC FilingsAnnual Reports & ",
    "link": "https://investors.larimartx.com/investor-relations",
    "timestamp": "unknown"
  },
  {
    "title": "Investor RelationsInvestorsPress ReleasesEvents & PresentationsUpcoming eventsPresentationsPast EventsFINANCIALS & FILINGSSEC FilingsAnnual Reports & ",
    "link": "https://investors.larimartx.com/investor-relations",
    "timestamp": "unknown"
  },
  {
    "title": "Investor RelationsInvestorsPress ReleasesEvents & PresentationsUpcoming eventsPresentationsPast EventsFINANCIALS & FILINGSSEC FilingsAnnual Reports & ",
    "link": "https://investors.larimartx.com/investor-relations",
    "timestamp": "unknown"
  },
  {
    "title": "Investors",
    "link": "https://investors.larimartx.com/investor-relations",
    "timestamp": "unknown"
  },
  {
    "title": "Press Releases",
    "link": "https://investors.larimartx.com/press-releases",
    "timestamp": "unknown"
  },
  {
    "title": "Events & PresentationsUpcoming eventsPresentationsPast Events",
    "link": "https://investors.larimartx.com/events-and-presentations",
    "timestamp": "unknown"
  },
  {
    "title": "Upcoming events",
    "link": "https://investors.larimartx.com/events-and-presentations",
    "timestamp": "unknown"
  },
  {
    "title": "Presentations",
    "link": "https://investors.larimartx.com/events-and-presentations/presentations",
    "timestamp": "unknown"
  },
  {
    "title": "Past Events",
    "link": "https://investors.larimartx.com/events-and-presentations/past-events",
    "timestamp": "unknown"
  },
  {
    "title": "FINANCIALS & FILINGSSEC FilingsAnnual Reports & Proxy MaterialsForm",
    "link": "https://investors.larimartx.com/financials-and-filings",
    "timestamp": "unknown"
  },
  {
    "title": "SEC Filings",
    "link": "https://investors.larimartx.com/financial-information/sec-filings",
    "timestamp": "unknown"
  },
  {
    "title": "Annual Reports & Proxy Materials",
    "link": "https://investors.larimartx.com/financial-information/annual-reports-and-proxy-materials",
    "timestamp": "unknown"
  },
  {
    "title": "Form",
    "link": "https://investors.larimartx.com/form-",
    "timestamp": "unknown"
  },
  {
    "title": "Stock InformationStock Quote & ChartHistoric Stock Lookup",
    "link": "https://investors.larimartx.com/stock-information",
    "timestamp": "unknown"
  },
  {
    "title": "Stock Quote & Chart",
    "link": "https://investors.larimartx.com/stock-information",
    "timestamp": "unknown"
  },
  {
    "title": "Historic Stock Lookup",
    "link": "https://investors.larimartx.com/stock-information/historic-stock-lookup",
    "timestamp": "unknown"
  },
  {
    "title": "Analyst Coverage",
    "link": "https://investors.larimartx.com/stock-information/analyst-coverage",
    "timestamp": "unknown"
  },
  {
    "title": "Investor FAQs",
    "link": "https://investors.larimartx.com/investor-faqs",
    "timestamp": "unknown"
  },
  {
    "title": "Contact Us",
    "link": "https://investors.larimartx.com/contact-us",
    "timestamp": "unknown"
  },
  {
    "title": "Email Alerts",
    "link": "https://investors.larimartx.com/email-alerts",
    "timestamp": "unknown"
  },
  {
    "title": "Email Alerts",
    "link": "https://investors.larimartx.com/email-alerts",
    "timestamp": "unknown"
  },
  {
    "title": "RSS",
    "link": "https://investors.larimartx.com/rss-news-feeds",
    "timestamp": "unknown"
  },
  {
    "title": "Print",
    "link": "https://investors.larimartx.com/financial-information/sec-filings#print",
    "timestamp": "unknown"
  },
  {
    "title": "Share",
    "link": "https://investors.larimartx.com/financial-information/sec-filings#share",
    "timestamp": "unknown"
  },
  {
    "title": "FacebookGoogleLinkedInTwitterEmailRSS",
    "link": "https://investors.larimartx.com/financial-information/sec-filings",
    "timestamp": "unknown"
  },
  {
    "title": "FacebookGoogleLinkedInTwitterEmailRSS",
    "link": "https://investors.larimartx.com/financial-information/sec-filings",
    "timestamp": "unknown"
  },
  {
    "title": "FacebookGoogleLinkedInTwitterEmailRSS",
    "link": "https://investors.larimartx.com/financial-information/sec-filings",
    "timestamp": "unknown"
  },
  {
    "title": "FacebookGoogleLinkedInTwitterEmailRSS",
    "link": "https://investors.larimartx.com/financial-information/sec-filings",
    "timestamp": "unknown"
  },
  {
    "title": "Facebook",
    "link": "http://www.facebook.com/share.php?u=http://zafgen.gcs-web.com/email-alerts?&t=Events & Presentations - Zafgen",
    "timestamp": "unknown"
  },
  {
    "title": "Google",
    "link": "https://plus.google.com/share?url=http://zafgen.gcs-web.com/email-alerts?&title=Events & Presentations - Zafgen",
    "timestamp": "unknown"
  },
  {
    "title": "LinkedIn",
    "link": "http://www.linkedin.com/shareArticle?mini=true&url=http://zafgen.gcs-web.com/email-alerts?&title=Events & Presentations - Zafgen",
    "timestamp": "unknown"
  },
  {
    "title": "Twitter",
    "link": "http://twitter.com/home?status=Currently%20reading%20http://zafgen.gcs-web.com/email-alerts?",
    "timestamp": "unknown"
  },
  {
    "title": "Email",
    "link": "https://investors.larimartx.com/email-alerts",
    "timestamp": "unknown"
  },
  {
    "title": "RSS",
    "link": "https://investors.larimartx.com/rss-news-feeds",
    "timestamp": "unknown"
  },
  {
    "title": "Investor RelationsInvestorsPress ReleasesEvents & PresentationsUpcoming eventsPresentationsPast EventsFINANCIALS & FILINGSSEC FilingsAnnual Reports & ",
    "link": "https://investors.larimartx.com/investor-relations",
    "timestamp": "unknown"
  },
  {
    "title": "Investors",
    "link": "https://investors.larimartx.com/investor-relations",
    "timestamp": "unknown"
  },
  {
    "title": "Press Releases",
    "link": "https://investors.larimartx.com/press-releases",
    "timestamp": "unknown"
  },
  {
    "title": "Events & PresentationsUpcoming eventsPresentationsPast Events",
    "link": "https://investors.larimartx.com/events-and-presentations",
    "timestamp": "unknown"
  },
  {
    "title": "Upcoming events",
    "link": "https://investors.larimartx.com/events-and-presentations",
    "timestamp": "unknown"
  },
  {
    "title": "Presentations",
    "link": "https://investors.larimartx.com/events-and-presentations/presentations",
    "timestamp": "unknown"
  },
  {
    "title": "Past Events",
    "link": "https://investors.larimartx.com/events-and-presentations/past-events",
    "timestamp": "unknown"
  },
  {
    "title": "FINANCIALS & FILINGSSEC FilingsAnnual Reports & Proxy MaterialsForm",
    "link": "https://investors.larimartx.com/financials-and-filings",
    "timestamp": "unknown"
  },
  {
    "title": "SEC Filings",
    "link": "https://investors.larimartx.com/financial-information/sec-filings",
    "timestamp": "unknown"
  },
  {
    "title": "Annual Reports & Proxy Materials",
    "link": "https://investors.larimartx.com/financial-information/annual-reports-and-proxy-materials",
    "timestamp": "unknown"
  },
  {
    "title": "Form",
    "link": "https://investors.larimartx.com/form-",
    "timestamp": "unknown"
  },
  {
    "title": "Stock InformationStock Quote & ChartHistoric Stock Lookup",
    "link": "https://investors.larimartx.com/stock-information",
    "timestamp": "unknown"
  },
  {
    "title": "Stock Quote & Chart",
    "link": "https://investors.larimartx.com/stock-information",
    "timestamp": "unknown"
  },
  {
    "title": "Historic Stock Lookup",
    "link": "https://investors.larimartx.com/stock-information/historic-stock-lookup",
    "timestamp": "unknown"
  },
  {
    "title": "Analyst Coverage",
    "link": "https://investors.larimartx.com/stock-information/analyst-coverage",
    "timestamp": "unknown"
  },
  {
    "title": "Investor FAQs",
    "link": "https://investors.larimartx.com/investor-faqs",
    "timestamp": "unknown"
  },
  {
    "title": "Contact Us",
    "link": "https://investors.larimartx.com/contact-us",
    "timestamp": "unknown"
  },
  {
    "title": "Email Alerts",
    "link": "https://investors.larimartx.com/email-alerts",
    "timestamp": "unknown"
  },
  {
    "title": "SEC FilingsSEC FilingsGroup,,Annual FilingsCurrent ReportsMergers & AcquisitionsOtherProxy FilingsQuarterly FilingsRegistration StatementsFiling year-",
    "link": "https://investors.larimartx.com/financial-information/sec-filings?items_per_page=&order=field_nir_sec_date_filed&sort=asc",
    "timestamp": "unknown"
  },
  {
    "title": "SEC FilingsSEC FilingsGroup,,Annual FilingsCurrent ReportsMergers & AcquisitionsOtherProxy FilingsQuarterly FilingsRegistration StatementsFiling year-",
    "link": "https://investors.larimartx.com/financial-information/sec-filings?items_per_page=&order=field_nir_sec_date_filed&sort=asc",
    "timestamp": "unknown"
  },
  {
    "title": "SEC FilingsGroup,,Annual FilingsCurrent ReportsMergers & AcquisitionsOtherProxy FilingsQuarterly FilingsRegistration StatementsFiling year- Any -Items",
    "link": "https://investors.larimartx.com/financial-information/sec-filings?items_per_page=&order=field_nir_sec_date_filed&sort=asc",
    "timestamp": "unknown"
  },
  {
    "title": "SEC FilingsGroup,,Annual FilingsCurrent ReportsMergers & AcquisitionsOtherProxy FilingsQuarterly FilingsRegistration StatementsFiling year- Any -Items",
    "link": "https://investors.larimartx.com/financial-information/sec-filings?items_per_page=&order=field_nir_sec_date_filed&sort=asc",
    "timestamp": "unknown"
  },
  {
    "title": "SEC FilingsGroup,,Annual FilingsCurrent ReportsMergers & AcquisitionsOtherProxy FilingsQuarterly FilingsRegistration StatementsFiling year- Any -Items",
    "link": "https://investors.larimartx.com/financial-information/sec-filings?items_per_page=&order=field_nir_sec_date_filed&sort=asc",
    "timestamp": "unknown"
  },
  {
    "title": "Group,,Annual FilingsCurrent ReportsMergers & AcquisitionsOtherProxy FilingsQuarterly FilingsRegistration StatementsFiling year- Any -Items per pageFi",
    "link": "https://investors.larimartx.com/financial-information/sec-filings?items_per_page=&order=field_nir_sec_date_filed&sort=asc",
    "timestamp": "unknown"
  },
  {
    "title": "Group,,Annual FilingsCurrent ReportsMergers & AcquisitionsOtherProxy FilingsQuarterly FilingsRegistration StatementsFiling year- Any -Items per pageFi",
    "link": "https://investors.larimartx.com/financial-information/sec-filings?items_per_page=&order=field_nir_sec_date_filed&sort=asc",
    "timestamp": "unknown"
  },
  {
    "title": "Group,,Annual FilingsCurrent ReportsMergers & AcquisitionsOtherProxy FilingsQuarterly FilingsRegistration StatementsFiling year- Any -Items per pageFi",
    "link": "https://investors.larimartx.com/financial-information/sec-filings?items_per_page=&order=field_nir_sec_date_filed&sort=asc",
    "timestamp": "unknown"
  },
  {
    "title": "Group,,Annual FilingsCurrent ReportsMergers & AcquisitionsOtherProxy FilingsQuarterly FilingsRegistration StatementsFiling year- Any -Items per pageFi",
    "link": "https://investors.larimartx.com/financial-information/sec-filings?items_per_page=&order=field_nir_sec_date_filed&sort=asc",
    "timestamp": "unknown"
  },
  {
    "title": "Group,,Annual FilingsCurrent ReportsMergers & AcquisitionsOtherProxy FilingsQuarterly FilingsRegistration StatementsFiling year- Any -Items per pageFi",
    "link": "https://investors.larimartx.com/financial-information/sec-filings?items_per_page=&order=field_nir_sec_date_filed&sort=asc",
    "timestamp": "unknown"
  },
  {
    "title": "Group,,Annual FilingsCurrent ReportsMergers & AcquisitionsOtherProxy FilingsQuarterly FilingsRegistration StatementsFiling year- Any -Items per pageFi",
    "link": "https://investors.larimartx.com/financial-information/sec-filings?items_per_page=&order=field_nir_sec_date_filed&sort=asc",
    "timestamp": "unknown"
  },
  {
    "title": "Group,,Annual FilingsCurrent ReportsMergers & AcquisitionsOtherProxy FilingsQuarterly FilingsRegistration StatementsFiling year- Any -Items per pageFi",
    "link": "https://investors.larimartx.com/financial-information/sec-filings?items_per_page=&order=field_nir_sec_date_filed&sort=asc",
    "timestamp": "unknown"
  },
  {
    "title": "Group,,Annual FilingsCurrent ReportsMergers & AcquisitionsOtherProxy FilingsQuarterly FilingsRegistration StatementsFiling year- Any -Items per pageFi",
    "link": "https://investors.larimartx.com/financial-information/sec-filings?items_per_page=&order=field_nir_sec_date_filed&sort=asc",
    "timestamp": "unknown"
  },
  {
    "title": "Group,,Annual FilingsCurrent ReportsMergers & AcquisitionsOtherProxy FilingsQuarterly FilingsRegistration StatementsFiling year- Any -Items per pageFi",
    "link": "https://investors.larimartx.com/financial-information/sec-filings?items_per_page=&order=field_nir_sec_date_filed&sort=asc",
    "timestamp": "unknown"
  },
  {
    "title": "Group,,Annual FilingsCurrent ReportsMergers & AcquisitionsOtherProxy FilingsQuarterly FilingsRegistration StatementsFiling year- Any -Items per pageFi",
    "link": "https://investors.larimartx.com/financial-information/sec-filings?items_per_page=&order=field_nir_sec_date_filed&sort=asc",
    "timestamp": "unknown"
  },
  {
    "title": "Filing dateFormDescriptionViewJul ,-KReport of unscheduled material events or corporate event--.pdf--.rtf--.xlsEX-.SCH - XBRL TAXONOMY EXTENSION SCHEM",
    "link": "https://investors.larimartx.com/financial-information/sec-filings?items_per_page=&order=field_nir_sec_date_filed&sort=asc",
    "timestamp": "unknown"
  },
  {
    "title": "Filing dateFormDescriptionView",
    "link": "https://investors.larimartx.com/financial-information/sec-filings?items_per_page=&order=field_nir_sec_date_filed&sort=asc",
    "timestamp": "unknown"
  },
  {
    "title": "Jul ,-KReport of unscheduled material events or corporate event--.pdf--.rtf--.xlsEX-.SCH - XBRL TAXONOMY EXTENSION SCHEMAView HTML",
    "link": "https://investors.larimartx.com/sec-filings/sec-filing/-k/--",
    "timestamp": "unknown"
  },
  {
    "title": "--.pdf",
    "link": "https://investors.larimartx.com/static-files/bb0ae9ac-9bd7--b776-9fe2826a6f59",
    "timestamp": "unknown"
  },
  {
    "title": "--.rtf",
    "link": "https://investors.larimartx.com/static-files/9efc9065-2a5f--9be0-4144766fa38a",
    "timestamp": "unknown"
  },
  {
    "title": "--.xls",
    "link": "https://investors.larimartx.com/static-files/b62e50ef---82f9-d70785bb42c9",
    "timestamp": "unknown"
  },
  {
    "title": "Jul ,424B5Form of prospectus disclosing information, facts, events covered in both forms 424B2, 424B3--.pdf--.rtf--.xlsView HTML",
    "link": "https://investors.larimartx.com/sec-filings/sec-filing/424b5/--",
    "timestamp": "unknown"
  },
  {
    "title": "--.pdf",
    "link": "https://investors.larimartx.com/static-files/f952c867-183c--9b6a-a937eb7789c3",
    "timestamp": "unknown"
  },
  {
    "title": "--.rtf",
    "link": "https://investors.larimartx.com/static-files/aa301f8e-e48b--aa72-ae36590cb08a",
    "timestamp": "unknown"
  },
  {
    "title": "--.xls",
    "link": "https://investors.larimartx.com/static-files/43e94cb2-da08-4c62--7950d213073f",
    "timestamp": "unknown"
  },
  {
    "title": "Jul ,424B5Form of prospectus disclosing information, facts, events covered in both forms 424B2, 424B3--.pdf--.rtfView HTML",
    "link": "https://investors.larimartx.com/sec-filings/sec-filing/424b5/--",
    "timestamp": "unknown"
  },
  {
    "title": "--.pdf",
    "link": "https://investors.larimartx.com/static-files/a44377db-f368-4cf0-a8db-205849629cf5",
    "timestamp": "unknown"
  },
  {
    "title": "--.rtf",
    "link": "https://investors.larimartx.com/static-files/a7b90231---993f-aa0661e9f8ff",
    "timestamp": "unknown"
  },
  {
    "title": "Jul ,-KReport of unscheduled material events or corporate event--.pdf--.rtf--.xlsEX-.SCH - XBRL TAXONOMY EXTENSION SCHEMAView HTML",
    "link": "https://investors.larimartx.com/sec-filings/sec-filing/-k/--",
    "timestamp": "unknown"
  },
  {
    "title": "--.pdf",
    "link": "https://investors.larimartx.com/static-files/65afe1be-8a6c--a664-237041abecd7",
    "timestamp": "unknown"
  },
  {
    "title": "--.rtf",
    "link": "https://investors.larimartx.com/static-files/6c4a0c27-2b3b-42e1-813b-068f76947892",
    "timestamp": "unknown"
  },
  {
    "title": "--.xls",
    "link": "https://investors.larimartx.com/static-files/75b35cd3-832b-4b4d-b975-878a043a4bb5",
    "timestamp": "unknown"
  },
  {
    "title": "Jun ,-KReport of unscheduled material events or corporate event--.pdf--.rtf--.xlsEX-.SCH - XBRL TAXONOMY EXTENSION SCHEMAView HTML",
    "link": "https://investors.larimartx.com/sec-filings/sec-filing/-k/--",
    "timestamp": "unknown"
  },
  {
    "title": "--.pdf",
    "link": "https://investors.larimartx.com/static-files/3938b453-adb0-453f-ae9e-d0a22562a17d",
    "timestamp": "unknown"
  },
  {
    "title": "--.rtf",
    "link": "https://investors.larimartx.com/static-files/ba612081-e6b3--8e09-2cb50bad41ce",
    "timestamp": "unknown"
  },
  {
    "title": "--.xls",
    "link": "https://investors.larimartx.com/static-files/c893fa5d---8d44-5610a7d0d85b",
    "timestamp": "unknown"
  },
  {
    "title": "Jun ,-KReport of unscheduled material events or corporate event--.pdf--.rtf--.xlsEX-.SCH - XBRL TAXONOMY EXTENSION SCHEMAView HTML",
    "link": "https://investors.larimartx.com/sec-filings/sec-filing/-k/--",
    "timestamp": "unknown"
  },
  {
    "title": "--.pdf",
    "link": "https://investors.larimartx.com/static-files/deb64aec-4b2a--b26b-88a96103847d",
    "timestamp": "unknown"
  },
  {
    "title": "--.rtf",
    "link": "https://investors.larimartx.com/static-files/3295dbcf-a40a-4de9-b64f-86fd5e3ac9cb",
    "timestamp": "unknown"
  },
  {
    "title": "--.xls",
    "link": "https://investors.larimartx.com/static-files/3018a0be-373c-4e80-a67b-4c2f8b70cc1d",
    "timestamp": "unknown"
  },
  {
    "title": "Jun ,SCHEDULE 13GSCHEDULE 13G - Description--.pdf--.rtf--.xlsView HTML",
    "link": "https://investors.larimartx.com/sec-filings/sec-filing/schedule-13g/--",
    "timestamp": "unknown"
  },
  {
    "title": "--.pdf",
    "link": "https://investors.larimartx.com/static-files/d0ca939f-64bd-434b-a7ca-8095e0b60cde",
    "timestamp": "unknown"
  },
  {
    "title": "--.rtf",
    "link": "https://investors.larimartx.com/static-files/c3ebfe82-003c-44fc-95ef-dd7e4c852d2c",
    "timestamp": "unknown"
  },
  {
    "title": "--.xls",
    "link": "https://investors.larimartx.com/static-files/50b52728---9ace-0764d7c8f01d",
    "timestamp": "unknown"
  },
  {
    "title": "May ,Statement of changes in beneficial ownership of securities--.pdf--.rtf--.xlsView HTML",
    "link": "https://investors.larimartx.com/sec-filings/sec-filing//--",
    "timestamp": "unknown"
  },
  {
    "title": "--.pdf",
    "link": "https://investors.larimartx.com/static-files/03d7a71b-a5bf-4a16-aea5-9eb34d522c7d",
    "timestamp": "unknown"
  },
  {
    "title": "--.rtf",
    "link": "https://investors.larimartx.com/static-files/20f162e4-617a-46c6-828e-908e41fc9d02",
    "timestamp": "unknown"
  },
  {
    "title": "--.xls",
    "link": "https://investors.larimartx.com/static-files/654f526f-ee02-48fb-8d1d-cd8819f47abe",
    "timestamp": "unknown"
  },
  {
    "title": "May ,SCHEDULE 13G/ASCHEDULE 13G/A - Description--.pdf--.rtf--.xlsView HTML",
    "link": "https://investors.larimartx.com/sec-filings/sec-filing/schedule-13ga/--",
    "timestamp": "unknown"
  },
  {
    "title": "--.pdf",
    "link": "https://investors.larimartx.com/static-files/9d6fc2a3-3a79-4e4e-853e-cf6c00ae3e5b",
    "timestamp": "unknown"
  },
  {
    "title": "--.rtf",
    "link": "https://investors.larimartx.com/static-files/1b97eb3b--4d4c-93dd-e568c3022b96",
    "timestamp": "unknown"
  },
  {
    "title": "--.xls",
    "link": "https://investors.larimartx.com/static-files/728c5e69--49b4--3ddccb580684",
    "timestamp": "unknown"
  },
  {
    "title": "May ,Statement of changes in beneficial ownership of securities--.pdf--.rtf--.xlsView HTML",
    "link": "https://investors.larimartx.com/sec-filings/sec-filing//--",
    "timestamp": "unknown"
  },
  {
    "title": "--.pdf",
    "link": "https://investors.larimartx.com/static-files/37c97d4e-18d4-46a4-905e-d35ecfe1c864",
    "timestamp": "unknown"
  },
  {
    "title": "--.rtf",
    "link": "https://investors.larimartx.com/static-files/85379f31-8e4b-483c-a84f-378bb775204f",
    "timestamp": "unknown"
  },
  {
    "title": "--.xls",
    "link": "https://investors.larimartx.com/static-files/9a5764fc---8b20-b700a3b5e17e",
    "timestamp": "unknown"
  },
  {
    "title": "Current page",
    "link": "https://investors.larimartx.com/financial-information/sec-filings?&&field_nir_sec_date_filed_value=&&&page=",
    "timestamp": "unknown"
  },
  {
    "title": "Page",
    "link": "https://investors.larimartx.com/financial-information/sec-filings?&&field_nir_sec_date_filed_value=&&&page=",
    "timestamp": "unknown"
  },
  {
    "title": "Page",
    "link": "https://investors.larimartx.com/financial-information/sec-filings?&&field_nir_sec_date_filed_value=&&&page=",
    "timestamp": "unknown"
  },
  {
    "title": "Page",
    "link": "https://investors.larimartx.com/financial-information/sec-filings?&&field_nir_sec_date_filed_value=&&&page=",
    "timestamp": "unknown"
  },
  {
    "title": "Page",
    "link": "https://investors.larimartx.com/financial-information/sec-filings?&&field_nir_sec_date_filed_value=&&&page=",
    "timestamp": "unknown"
  },
  {
    "title": "Page",
    "link": "https://investors.larimartx.com/financial-information/sec-filings?&&field_nir_sec_date_filed_value=&&&page=",
    "timestamp": "unknown"
  },
  {
    "title": "Page",
    "link": "https://investors.larimartx.com/financial-information/sec-filings?&&field_nir_sec_date_filed_value=&&&page=",
    "timestamp": "unknown"
  },
  {
    "title": "Page",
    "link": "https://investors.larimartx.com/financial-information/sec-filings?&&field_nir_sec_date_filed_value=&&&page=",
    "timestamp": "unknown"
  },
  {
    "title": "Page",
    "link": "https://investors.larimartx.com/financial-information/sec-filings?&&field_nir_sec_date_filed_value=&&&page=",
    "timestamp": "unknown"
  },
  {
    "title": "Next pageNext \u203a",
    "link": "https://investors.larimartx.com/financial-information/sec-filings?&&field_nir_sec_date_filed_value=&&&page=",
    "timestamp": "unknown"
  },
  {
    "title": "Last pageLast \u00bb",
    "link": "https://investors.larimartx.com/financial-information/sec-filings?&&field_nir_sec_date_filed_value=&&&page=",
    "timestamp": "unknown"
  },
  {
    "title": "Data provided byKaleidoscope.",
    "link": "https://www.kscope.io",
    "timestamp": "unknown"
  },
  {
    "title": "Data provided byKaleidoscope.",
    "link": "https://www.kscope.io",
    "timestamp": "unknown"
  },
  {
    "title": "Terms of use",
    "link": "https://larimartx.com/termsofuse/",
    "timestamp": "unknown"
  },
  {
    "title": "Privacy Policy",
    "link": "https://larimartx.com/privacy-policy/",
    "timestamp": "unknown"
  },
  {
    "title": "Site Credits",
    "link": "https://www.fassino.com/",
    "timestamp": "unknown"
  }
]