[
  {
    "title": "Toggle navigation",
    "link": "https://larimartx.com",
    "timestamp": "unknown"
  },
  {
    "title": "Toggle navigation",
    "link": "https://larimartx.com",
    "timestamp": "unknown"
  },
  {
    "title": "About LarimarCompany OverviewLeadershipBoard of DirectorsCareersOur ScienceScientific ApproachPublicationsOur ProgramsPipelineCTI-Expanded Access Poli",
    "link": "https://larimartx.com",
    "timestamp": "unknown"
  },
  {
    "title": "About LarimarCompany OverviewLeadershipBoard of DirectorsCareersOur ScienceScientific ApproachPublicationsOur ProgramsPipelineCTI-Expanded Access Poli",
    "link": "https://larimartx.com",
    "timestamp": "unknown"
  },
  {
    "title": "About LarimarCompany OverviewLeadershipBoard of DirectorsCareersOur ScienceScientific ApproachPublicationsOur ProgramsPipelineCTI-Expanded Access Poli",
    "link": "https://larimartx.com",
    "timestamp": "unknown"
  },
  {
    "title": "About LarimarCompany OverviewLeadershipBoard of DirectorsCareersOur ScienceScientific ApproachPublicationsOur ProgramsPipelineCTI-Expanded Access Poli",
    "link": "https://larimartx.com",
    "timestamp": "unknown"
  },
  {
    "title": "About LarimarCompany OverviewLeadershipBoard of DirectorsCareersOur ScienceScientific ApproachPublicationsOur ProgramsPipelineCTI-Expanded Access Poli",
    "link": "https://larimartx.com",
    "timestamp": "unknown"
  },
  {
    "title": "About LarimarCompany OverviewLeadershipBoard of DirectorsCareersOur ScienceScientific ApproachPublicationsOur ProgramsPipelineCTI-Expanded Access Poli",
    "link": "https://investors.larimartx.com/events-and-presentations/past-events",
    "timestamp": "unknown"
  },
  {
    "title": "About LarimarCompany OverviewLeadershipBoard of DirectorsCareersOur ScienceScientific ApproachPublicationsOur ProgramsPipelineCTI-Expanded Access Poli",
    "link": "https://investors.larimartx.com/events-and-presentations/past-events",
    "timestamp": "unknown"
  },
  {
    "title": "About LarimarCompany OverviewLeadershipBoard of DirectorsCareers",
    "link": "https://investors.larimartx.com/events-and-presentations/past-events",
    "timestamp": "unknown"
  },
  {
    "title": "Company Overview",
    "link": "https://larimartx.com/about-larimar/company-overview/",
    "timestamp": "unknown"
  },
  {
    "title": "Leadership",
    "link": "https://larimartx.com/about-larimar/leadership/",
    "timestamp": "unknown"
  },
  {
    "title": "Board of Directors",
    "link": "https://larimartx.com/about-larimar/board-of-directors/",
    "timestamp": "unknown"
  },
  {
    "title": "Careers",
    "link": "https://larimartx.com/about-larimar/careers/",
    "timestamp": "unknown"
  },
  {
    "title": "Our ScienceScientific ApproachPublications",
    "link": "https://investors.larimartx.com/events-and-presentations/past-events",
    "timestamp": "unknown"
  },
  {
    "title": "Scientific Approach",
    "link": "https://larimartx.com/our-science/scientific-approach/",
    "timestamp": "unknown"
  },
  {
    "title": "Publications",
    "link": "https://larimartx.com/our-science/publications/",
    "timestamp": "unknown"
  },
  {
    "title": "Our ProgramsPipelineCTI-Expanded Access Policy",
    "link": "https://investors.larimartx.com/events-and-presentations/past-events",
    "timestamp": "unknown"
  },
  {
    "title": "Pipeline",
    "link": "https://larimartx.com/our-programs/pipeline/",
    "timestamp": "unknown"
  },
  {
    "title": "CTI-",
    "link": "https://larimartx.com/our-programs/cti-/",
    "timestamp": "unknown"
  },
  {
    "title": "Expanded Access Policy",
    "link": "https://larimartx.com/our-programs/expanded-access-policy/",
    "timestamp": "unknown"
  },
  {
    "title": "Our Partners",
    "link": "https://larimartx.com/our-partners/",
    "timestamp": "unknown"
  },
  {
    "title": "InvestorsInvestorsPress ReleasesEvents & PresentationsCorporate GovernanceFinancials & FilingsStock InformationInvestor FAQsContact UsEmail Alerts",
    "link": "https://investors.larimartx.com/",
    "timestamp": "unknown"
  },
  {
    "title": "Investors",
    "link": "https://investors.larimartx.com/",
    "timestamp": "unknown"
  },
  {
    "title": "Press Releases",
    "link": "https://investors.larimartx.com/press-releases",
    "timestamp": "unknown"
  },
  {
    "title": "Events & Presentations",
    "link": "https://investors.larimartx.com/events-and-presentations",
    "timestamp": "unknown"
  },
  {
    "title": "Corporate Governance",
    "link": "https://investors.larimartx.com/corporate-governance",
    "timestamp": "unknown"
  },
  {
    "title": "Financials & Filings",
    "link": "https://investors.larimartx.com/financials-and-filings",
    "timestamp": "unknown"
  },
  {
    "title": "Stock Information",
    "link": "https://investors.larimartx.com/stock-information",
    "timestamp": "unknown"
  },
  {
    "title": "Investor FAQs",
    "link": "https://investors.larimartx.com/investor-faqs",
    "timestamp": "unknown"
  },
  {
    "title": "Contact Us",
    "link": "https://investors.larimartx.com/contact-us",
    "timestamp": "unknown"
  },
  {
    "title": "Email Alerts",
    "link": "https://investors.larimartx.com/email-alerts",
    "timestamp": "unknown"
  },
  {
    "title": "News",
    "link": "https://larimartx.com/news/",
    "timestamp": "unknown"
  },
  {
    "title": "ContactContact UsDirections",
    "link": "https://investors.larimartx.com/events-and-presentations/past-events",
    "timestamp": "unknown"
  },
  {
    "title": "Contact Us",
    "link": "https://larimartx.com/contact-us/contact/",
    "timestamp": "unknown"
  },
  {
    "title": "Directions",
    "link": "https://larimartx.com/contact-us/directions/",
    "timestamp": "unknown"
  },
  {
    "title": "About LarimarCompany OverviewLeadershipBoard of DirectorsCareersOur ScienceScientific ApproachPublicationsOur ProgramsPipelineCTI-Expanded Access Poli",
    "link": "https://investors.larimartx.com/events-and-presentations/past-events",
    "timestamp": "unknown"
  },
  {
    "title": "About LarimarCompany OverviewLeadershipBoard of DirectorsCareersOur ScienceScientific ApproachPublicationsOur ProgramsPipelineCTI-Expanded Access Poli",
    "link": "https://investors.larimartx.com/events-and-presentations/past-events",
    "timestamp": "unknown"
  },
  {
    "title": "About LarimarCompany OverviewLeadershipBoard of DirectorsCareersOur ScienceScientific ApproachPublicationsOur ProgramsPipelineCTI-Expanded Access Poli",
    "link": "https://investors.larimartx.com/events-and-presentations/past-events",
    "timestamp": "unknown"
  },
  {
    "title": "About LarimarCompany OverviewLeadershipBoard of DirectorsCareersOur ScienceScientific ApproachPublicationsOur ProgramsPipelineCTI-Expanded Access Poli",
    "link": "https://investors.larimartx.com/events-and-presentations/past-events",
    "timestamp": "unknown"
  },
  {
    "title": "About LarimarCompany OverviewLeadershipBoard of DirectorsCareersOur ScienceScientific ApproachPublicationsOur ProgramsPipelineCTI-Expanded Access Poli",
    "link": "https://investors.larimartx.com/events-and-presentations/past-events",
    "timestamp": "unknown"
  },
  {
    "title": "About LarimarCompany OverviewLeadershipBoard of DirectorsCareers",
    "link": "https://investors.larimartx.com/events-and-presentations/past-events",
    "timestamp": "unknown"
  },
  {
    "title": "Company Overview",
    "link": "https://larimartx.com/about-larimar/company-overview/",
    "timestamp": "unknown"
  },
  {
    "title": "Leadership",
    "link": "https://larimartx.com/about-larimar/leadership/",
    "timestamp": "unknown"
  },
  {
    "title": "Board of Directors",
    "link": "https://larimartx.com/about-larimar/board-of-directors/",
    "timestamp": "unknown"
  },
  {
    "title": "Careers",
    "link": "https://larimartx.com/about-larimar/careers/",
    "timestamp": "unknown"
  },
  {
    "title": "Our ScienceScientific ApproachPublications",
    "link": "https://investors.larimartx.com/events-and-presentations/past-events",
    "timestamp": "unknown"
  },
  {
    "title": "Scientific Approach",
    "link": "https://larimartx.com/our-science/scientific-approach/",
    "timestamp": "unknown"
  },
  {
    "title": "Publications",
    "link": "https://larimartx.com/our-science/publications/",
    "timestamp": "unknown"
  },
  {
    "title": "Our ProgramsPipelineCTI-Expanded Access Policy",
    "link": "https://investors.larimartx.com/events-and-presentations/past-events",
    "timestamp": "unknown"
  },
  {
    "title": "Pipeline",
    "link": "https://larimartx.com/our-programs/pipeline/",
    "timestamp": "unknown"
  },
  {
    "title": "CTI-",
    "link": "https://larimartx.com/our-programs/cti-/",
    "timestamp": "unknown"
  },
  {
    "title": "Expanded Access Policy",
    "link": "https://larimartx.com/our-programs/expanded-access-policy/",
    "timestamp": "unknown"
  },
  {
    "title": "Our Partners",
    "link": "https://larimartx.com/our-partners/",
    "timestamp": "unknown"
  },
  {
    "title": "InvestorsInvestorsPress ReleasesEvents & PresentationsCorporate GovernanceFinancials & FilingsStock InformationInvestor FAQsContact UsEmail Alerts",
    "link": "https://investors.larimartx.com/",
    "timestamp": "unknown"
  },
  {
    "title": "Investors",
    "link": "https://investors.larimartx.com/",
    "timestamp": "unknown"
  },
  {
    "title": "Press Releases",
    "link": "https://investors.larimartx.com/press-releases",
    "timestamp": "unknown"
  },
  {
    "title": "Events & Presentations",
    "link": "https://investors.larimartx.com/events-and-presentations",
    "timestamp": "unknown"
  },
  {
    "title": "Corporate Governance",
    "link": "https://investors.larimartx.com/corporate-governance",
    "timestamp": "unknown"
  },
  {
    "title": "Financials & Filings",
    "link": "https://investors.larimartx.com/financials-and-filings",
    "timestamp": "unknown"
  },
  {
    "title": "Stock Information",
    "link": "https://investors.larimartx.com/stock-information",
    "timestamp": "unknown"
  },
  {
    "title": "Investor FAQs",
    "link": "https://investors.larimartx.com/investor-faqs",
    "timestamp": "unknown"
  },
  {
    "title": "Contact Us",
    "link": "https://investors.larimartx.com/contact-us",
    "timestamp": "unknown"
  },
  {
    "title": "Email Alerts",
    "link": "https://investors.larimartx.com/email-alerts",
    "timestamp": "unknown"
  },
  {
    "title": "News",
    "link": "https://larimartx.com/news/",
    "timestamp": "unknown"
  },
  {
    "title": "ContactContact UsDirections",
    "link": "https://investors.larimartx.com/events-and-presentations/past-events",
    "timestamp": "unknown"
  },
  {
    "title": "Contact Us",
    "link": "https://larimartx.com/contact-us/contact/",
    "timestamp": "unknown"
  },
  {
    "title": "Directions",
    "link": "https://larimartx.com/contact-us/directions/",
    "timestamp": "unknown"
  },
  {
    "title": "Past EventsInvestor RelationsInvestorsPress ReleasesEvents & PresentationsUpcoming eventsPresentationsPast EventsFINANCIALS & FILINGSSEC FilingsAnnual",
    "link": "https://investors.larimartx.com/investor-relations",
    "timestamp": "unknown"
  },
  {
    "title": "Past EventsInvestor RelationsInvestorsPress ReleasesEvents & PresentationsUpcoming eventsPresentationsPast EventsFINANCIALS & FILINGSSEC FilingsAnnual",
    "link": "https://investors.larimartx.com/investor-relations",
    "timestamp": "unknown"
  },
  {
    "title": "Past EventsInvestor RelationsInvestorsPress ReleasesEvents & PresentationsUpcoming eventsPresentationsPast EventsFINANCIALS & FILINGSSEC FilingsAnnual",
    "link": "https://investors.larimartx.com/investor-relations",
    "timestamp": "unknown"
  },
  {
    "title": "Investor RelationsInvestorsPress ReleasesEvents & PresentationsUpcoming eventsPresentationsPast EventsFINANCIALS & FILINGSSEC FilingsAnnual Reports & ",
    "link": "https://investors.larimartx.com/investor-relations",
    "timestamp": "unknown"
  },
  {
    "title": "Investor RelationsInvestorsPress ReleasesEvents & PresentationsUpcoming eventsPresentationsPast EventsFINANCIALS & FILINGSSEC FilingsAnnual Reports & ",
    "link": "https://investors.larimartx.com/investor-relations",
    "timestamp": "unknown"
  },
  {
    "title": "Investor RelationsInvestorsPress ReleasesEvents & PresentationsUpcoming eventsPresentationsPast EventsFINANCIALS & FILINGSSEC FilingsAnnual Reports & ",
    "link": "https://investors.larimartx.com/investor-relations",
    "timestamp": "unknown"
  },
  {
    "title": "Investor RelationsInvestorsPress ReleasesEvents & PresentationsUpcoming eventsPresentationsPast EventsFINANCIALS & FILINGSSEC FilingsAnnual Reports & ",
    "link": "https://investors.larimartx.com/investor-relations",
    "timestamp": "unknown"
  },
  {
    "title": "Investor RelationsInvestorsPress ReleasesEvents & PresentationsUpcoming eventsPresentationsPast EventsFINANCIALS & FILINGSSEC FilingsAnnual Reports & ",
    "link": "https://investors.larimartx.com/investor-relations",
    "timestamp": "unknown"
  },
  {
    "title": "Investor RelationsInvestorsPress ReleasesEvents & PresentationsUpcoming eventsPresentationsPast EventsFINANCIALS & FILINGSSEC FilingsAnnual Reports & ",
    "link": "https://investors.larimartx.com/investor-relations",
    "timestamp": "unknown"
  },
  {
    "title": "Investor RelationsInvestorsPress ReleasesEvents & PresentationsUpcoming eventsPresentationsPast EventsFINANCIALS & FILINGSSEC FilingsAnnual Reports & ",
    "link": "https://investors.larimartx.com/investor-relations",
    "timestamp": "unknown"
  },
  {
    "title": "Investor RelationsInvestorsPress ReleasesEvents & PresentationsUpcoming eventsPresentationsPast EventsFINANCIALS & FILINGSSEC FilingsAnnual Reports & ",
    "link": "https://investors.larimartx.com/investor-relations",
    "timestamp": "unknown"
  },
  {
    "title": "Investor RelationsInvestorsPress ReleasesEvents & PresentationsUpcoming eventsPresentationsPast EventsFINANCIALS & FILINGSSEC FilingsAnnual Reports & ",
    "link": "https://investors.larimartx.com/investor-relations",
    "timestamp": "unknown"
  },
  {
    "title": "Investors",
    "link": "https://investors.larimartx.com/investor-relations",
    "timestamp": "unknown"
  },
  {
    "title": "Press Releases",
    "link": "https://investors.larimartx.com/press-releases",
    "timestamp": "unknown"
  },
  {
    "title": "Events & PresentationsUpcoming eventsPresentationsPast Events",
    "link": "https://investors.larimartx.com/events-and-presentations",
    "timestamp": "unknown"
  },
  {
    "title": "Upcoming events",
    "link": "https://investors.larimartx.com/events-and-presentations",
    "timestamp": "unknown"
  },
  {
    "title": "Presentations",
    "link": "https://investors.larimartx.com/events-and-presentations/presentations",
    "timestamp": "unknown"
  },
  {
    "title": "Past Events",
    "link": "https://investors.larimartx.com/events-and-presentations/past-events",
    "timestamp": "unknown"
  },
  {
    "title": "FINANCIALS & FILINGSSEC FilingsAnnual Reports & Proxy MaterialsForm",
    "link": "https://investors.larimartx.com/financials-and-filings",
    "timestamp": "unknown"
  },
  {
    "title": "SEC Filings",
    "link": "https://investors.larimartx.com/financial-information/sec-filings",
    "timestamp": "unknown"
  },
  {
    "title": "Annual Reports & Proxy Materials",
    "link": "https://investors.larimartx.com/financial-information/annual-reports-and-proxy-materials",
    "timestamp": "unknown"
  },
  {
    "title": "Form",
    "link": "https://investors.larimartx.com/form-",
    "timestamp": "unknown"
  },
  {
    "title": "Stock InformationStock Quote & ChartHistoric Stock LookupAnalyst Coverage",
    "link": "https://investors.larimartx.com/stock-information",
    "timestamp": "unknown"
  },
  {
    "title": "Stock Quote & Chart",
    "link": "https://investors.larimartx.com/stock-information",
    "timestamp": "unknown"
  },
  {
    "title": "Historic Stock Lookup",
    "link": "https://investors.larimartx.com/stock-information/historic-stock-lookup",
    "timestamp": "unknown"
  },
  {
    "title": "Analyst Coverage",
    "link": "https://investors.larimartx.com/stock-information/analyst-coverage",
    "timestamp": "unknown"
  },
  {
    "title": "Investor FAQs",
    "link": "https://investors.larimartx.com/investor-faqs",
    "timestamp": "unknown"
  },
  {
    "title": "Contact Us",
    "link": "https://investors.larimartx.com/contact-us",
    "timestamp": "unknown"
  },
  {
    "title": "Email Alerts",
    "link": "https://investors.larimartx.com/email-alerts",
    "timestamp": "unknown"
  },
  {
    "title": "Email Alerts",
    "link": "https://investors.larimartx.com/email-alerts",
    "timestamp": "unknown"
  },
  {
    "title": "RSS",
    "link": "https://investors.larimartx.com/rss-news-feeds",
    "timestamp": "unknown"
  },
  {
    "title": "Print",
    "link": "https://investors.larimartx.com/events-and-presentations/past-events#print",
    "timestamp": "unknown"
  },
  {
    "title": "Share",
    "link": "https://investors.larimartx.com/events-and-presentations/past-events#share",
    "timestamp": "unknown"
  },
  {
    "title": "FacebookGoogleLinkedInTwitterEmailRSS",
    "link": "https://investors.larimartx.com/events-and-presentations/past-events",
    "timestamp": "unknown"
  },
  {
    "title": "FacebookGoogleLinkedInTwitterEmailRSS",
    "link": "https://investors.larimartx.com/events-and-presentations/past-events",
    "timestamp": "unknown"
  },
  {
    "title": "FacebookGoogleLinkedInTwitterEmailRSS",
    "link": "https://investors.larimartx.com/events-and-presentations/past-events",
    "timestamp": "unknown"
  },
  {
    "title": "FacebookGoogleLinkedInTwitterEmailRSS",
    "link": "https://investors.larimartx.com/events-and-presentations/past-events",
    "timestamp": "unknown"
  },
  {
    "title": "Facebook",
    "link": "http://www.facebook.com/share.php?u=http://zafgen.gcs-web.com/email-alerts?&t=Events & Presentations - Zafgen",
    "timestamp": "unknown"
  },
  {
    "title": "Google",
    "link": "https://plus.google.com/share?url=http://zafgen.gcs-web.com/email-alerts?&title=Events & Presentations - Zafgen",
    "timestamp": "unknown"
  },
  {
    "title": "LinkedIn",
    "link": "http://www.linkedin.com/shareArticle?mini=true&url=http://zafgen.gcs-web.com/email-alerts?&title=Events & Presentations - Zafgen",
    "timestamp": "unknown"
  },
  {
    "title": "Twitter",
    "link": "http://twitter.com/home?status=Currently%20reading%20http://zafgen.gcs-web.com/email-alerts?",
    "timestamp": "unknown"
  },
  {
    "title": "Email",
    "link": "https://investors.larimartx.com/email-alerts",
    "timestamp": "unknown"
  },
  {
    "title": "RSS",
    "link": "https://investors.larimartx.com/rss-news-feeds",
    "timestamp": "unknown"
  },
  {
    "title": "Investor RelationsInvestorsPress ReleasesEvents & PresentationsUpcoming eventsPresentationsPast EventsFINANCIALS & FILINGSSEC FilingsAnnual Reports & ",
    "link": "https://investors.larimartx.com/investor-relations",
    "timestamp": "unknown"
  },
  {
    "title": "Investors",
    "link": "https://investors.larimartx.com/investor-relations",
    "timestamp": "unknown"
  },
  {
    "title": "Press Releases",
    "link": "https://investors.larimartx.com/press-releases",
    "timestamp": "unknown"
  },
  {
    "title": "Events & PresentationsUpcoming eventsPresentationsPast Events",
    "link": "https://investors.larimartx.com/events-and-presentations",
    "timestamp": "unknown"
  },
  {
    "title": "Upcoming events",
    "link": "https://investors.larimartx.com/events-and-presentations",
    "timestamp": "unknown"
  },
  {
    "title": "Presentations",
    "link": "https://investors.larimartx.com/events-and-presentations/presentations",
    "timestamp": "unknown"
  },
  {
    "title": "Past Events",
    "link": "https://investors.larimartx.com/events-and-presentations/past-events",
    "timestamp": "unknown"
  },
  {
    "title": "FINANCIALS & FILINGSSEC FilingsAnnual Reports & Proxy MaterialsForm",
    "link": "https://investors.larimartx.com/financials-and-filings",
    "timestamp": "unknown"
  },
  {
    "title": "SEC Filings",
    "link": "https://investors.larimartx.com/financial-information/sec-filings",
    "timestamp": "unknown"
  },
  {
    "title": "Annual Reports & Proxy Materials",
    "link": "https://investors.larimartx.com/financial-information/annual-reports-and-proxy-materials",
    "timestamp": "unknown"
  },
  {
    "title": "Form",
    "link": "https://investors.larimartx.com/form-",
    "timestamp": "unknown"
  },
  {
    "title": "Stock InformationStock Quote & ChartHistoric Stock LookupAnalyst Coverage",
    "link": "https://investors.larimartx.com/stock-information",
    "timestamp": "unknown"
  },
  {
    "title": "Stock Quote & Chart",
    "link": "https://investors.larimartx.com/stock-information",
    "timestamp": "unknown"
  },
  {
    "title": "Historic Stock Lookup",
    "link": "https://investors.larimartx.com/stock-information/historic-stock-lookup",
    "timestamp": "unknown"
  },
  {
    "title": "Analyst Coverage",
    "link": "https://investors.larimartx.com/stock-information/analyst-coverage",
    "timestamp": "unknown"
  },
  {
    "title": "Investor FAQs",
    "link": "https://investors.larimartx.com/investor-faqs",
    "timestamp": "unknown"
  },
  {
    "title": "Contact Us",
    "link": "https://investors.larimartx.com/contact-us",
    "timestamp": "unknown"
  },
  {
    "title": "Email Alerts",
    "link": "https://investors.larimartx.com/email-alerts",
    "timestamp": "unknown"
  },
  {
    "title": "Past EventsPast EventsPast EventsJun ,  at  EDTLarimar Therapeutics June ,  Regulatory UpdateListen to webcastSupporting MaterialsLarimar Therapeutics",
    "link": "https://investors.larimartx.com/events/event-details/larimar-therapeutics-june---regulatory-update",
    "timestamp": "unknown"
  },
  {
    "title": "Past EventsPast EventsPast EventsJun ,  at  EDTLarimar Therapeutics June ,  Regulatory UpdateListen to webcastSupporting MaterialsLarimar Therapeutics",
    "link": "https://investors.larimartx.com/events/event-details/larimar-therapeutics-june---regulatory-update",
    "timestamp": "unknown"
  },
  {
    "title": "Past EventsPast EventsJun ,  at  EDTLarimar Therapeutics June ,  Regulatory UpdateListen to webcastSupporting MaterialsLarimar Therapeutics June ,  Re",
    "link": "https://investors.larimartx.com/events/event-details/larimar-therapeutics-june---regulatory-update",
    "timestamp": "unknown"
  },
  {
    "title": "Past EventsPast EventsJun ,  at  EDTLarimar Therapeutics June ,  Regulatory UpdateListen to webcastSupporting MaterialsLarimar Therapeutics June ,  Re",
    "link": "https://investors.larimartx.com/events/event-details/larimar-therapeutics-june---regulatory-update",
    "timestamp": "unknown"
  },
  {
    "title": "Past EventsPast EventsJun ,  at  EDTLarimar Therapeutics June ,  Regulatory UpdateListen to webcastSupporting MaterialsLarimar Therapeutics June ,  Re",
    "link": "https://investors.larimartx.com/events/event-details/larimar-therapeutics-june---regulatory-update",
    "timestamp": "unknown"
  },
  {
    "title": "Past EventsJun ,  at  EDTLarimar Therapeutics June ,  Regulatory UpdateListen to webcastSupporting MaterialsLarimar Therapeutics June ,  Regulatory Up",
    "link": "https://investors.larimartx.com/events/event-details/larimar-therapeutics-june---regulatory-update",
    "timestamp": "unknown"
  },
  {
    "title": "Past EventsJun ,  at  EDTLarimar Therapeutics June ,  Regulatory UpdateListen to webcastSupporting MaterialsLarimar Therapeutics June ,  Regulatory Up",
    "link": "https://investors.larimartx.com/events/event-details/larimar-therapeutics-june---regulatory-update",
    "timestamp": "unknown"
  },
  {
    "title": "Past EventsJun ,  at  EDTLarimar Therapeutics June ,  Regulatory UpdateListen to webcastSupporting MaterialsLarimar Therapeutics June ,  Regulatory Up",
    "link": "https://investors.larimartx.com/events/event-details/larimar-therapeutics-june---regulatory-update",
    "timestamp": "unknown"
  },
  {
    "title": "Past EventsJun ,  at  EDTLarimar Therapeutics June ,  Regulatory UpdateListen to webcastSupporting MaterialsLarimar Therapeutics June ,  Regulatory Up",
    "link": "https://investors.larimartx.com/events/event-details/larimar-therapeutics-june---regulatory-update",
    "timestamp": "unknown"
  },
  {
    "title": "Past EventsJun ,  at  EDTLarimar Therapeutics June ,  Regulatory UpdateListen to webcastSupporting MaterialsLarimar Therapeutics June ,  Regulatory Up",
    "link": "https://investors.larimartx.com/events/event-details/larimar-therapeutics-june---regulatory-update",
    "timestamp": "unknown"
  },
  {
    "title": "Past EventsJun ,  at  EDTLarimar Therapeutics June ,  Regulatory UpdateListen to webcastSupporting MaterialsLarimar Therapeutics June ,  Regulatory Up",
    "link": "https://investors.larimartx.com/events/event-details/larimar-therapeutics-june---regulatory-update",
    "timestamp": "unknown"
  },
  {
    "title": "Past EventsJun ,  at  EDTLarimar Therapeutics June ,  Regulatory UpdateListen to webcastSupporting MaterialsLarimar Therapeutics June ,  Regulatory Up",
    "link": "https://investors.larimartx.com/events/event-details/larimar-therapeutics-june---regulatory-update",
    "timestamp": "unknown"
  },
  {
    "title": "Past EventsJun ,  at  EDTLarimar Therapeutics June ,  Regulatory UpdateListen to webcastSupporting MaterialsLarimar Therapeutics June ,  Regulatory Up",
    "link": "https://investors.larimartx.com/events/event-details/larimar-therapeutics-june---regulatory-update",
    "timestamp": "unknown"
  },
  {
    "title": "Past EventsJun ,  at  EDTLarimar Therapeutics June ,  Regulatory UpdateListen to webcastSupporting MaterialsLarimar Therapeutics June ,  Regulatory Up",
    "link": "https://investors.larimartx.com/events/event-details/larimar-therapeutics-june---regulatory-update",
    "timestamp": "unknown"
  },
  {
    "title": "Jun ,  at  EDTLarimar Therapeutics June ,  Regulatory UpdateListen to webcastSupporting MaterialsLarimar Therapeutics June ,  Regulatory Update Presen",
    "link": "https://investors.larimartx.com/events/event-details/larimar-therapeutics-june---regulatory-update",
    "timestamp": "unknown"
  },
  {
    "title": "Jun ,  at  EDTLarimar Therapeutics June ,  Regulatory UpdateListen to webcastSupporting MaterialsLarimar Therapeutics June ,  Regulatory Update Presen",
    "link": "https://investors.larimartx.com/events/event-details/larimar-therapeutics-june---regulatory-update",
    "timestamp": "unknown"
  },
  {
    "title": "Jun ,  at  EDTLarimar Therapeutics June ,  Regulatory UpdateListen to webcastSupporting MaterialsLarimar Therapeutics June ,  Regulatory Update Presen",
    "link": "https://investors.larimartx.com/events/event-details/larimar-therapeutics-june---regulatory-update",
    "timestamp": "unknown"
  },
  {
    "title": "Larimar Therapeutics June ,  Regulatory Update",
    "link": "https://investors.larimartx.com/events/event-details/larimar-therapeutics-june---regulatory-update",
    "timestamp": "unknown"
  },
  {
    "title": "Larimar Therapeutics June ,  Regulatory Update",
    "link": "https://investors.larimartx.com/events/event-details/larimar-therapeutics-june---regulatory-update",
    "timestamp": "unknown"
  },
  {
    "title": "Larimar Therapeutics June ,  Regulatory Update",
    "link": "https://investors.larimartx.com/events/event-details/larimar-therapeutics-june---regulatory-update",
    "timestamp": "unknown"
  },
  {
    "title": "Listen to webcast",
    "link": "https://viavid.webcasts.com/starthere.jsp?ei=&tp_key=ab1e4c6d3f",
    "timestamp": "unknown"
  },
  {
    "title": "Listen to webcast",
    "link": "https://viavid.webcasts.com/starthere.jsp?ei=&tp_key=ab1e4c6d3f",
    "timestamp": "unknown"
  },
  {
    "title": "Listen to webcast",
    "link": "https://viavid.webcasts.com/starthere.jsp?ei=&tp_key=ab1e4c6d3f",
    "timestamp": "unknown"
  },
  {
    "title": "Supporting MaterialsLarimar Therapeutics June ,  Regulatory Update Presentation. KB",
    "link": "https://investors.larimartx.com/static-files/79feefdd-ce21-4db1--643e36d6564c",
    "timestamp": "unknown"
  },
  {
    "title": "Larimar Therapeutics June ,  Regulatory Update Presentation. KB",
    "link": "https://investors.larimartx.com/static-files/79feefdd-ce21-4db1--643e36d6564c",
    "timestamp": "unknown"
  },
  {
    "title": "Larimar Therapeutics June ,  Regulatory Update Presentation. KB",
    "link": "https://investors.larimartx.com/static-files/79feefdd-ce21-4db1--643e36d6564c",
    "timestamp": "unknown"
  },
  {
    "title": "Larimar Therapeutics June ,  Regulatory Update Presentation. KB",
    "link": "https://investors.larimartx.com/static-files/79feefdd-ce21-4db1--643e36d6564c",
    "timestamp": "unknown"
  },
  {
    "title": "Larimar Therapeutics June ,  Regulatory Update Presentation. KB",
    "link": "https://investors.larimartx.com/static-files/79feefdd-ce21-4db1--643e36d6564c",
    "timestamp": "unknown"
  },
  {
    "title": "Larimar Therapeutics June ,  Regulatory Update Presentation. KB",
    "link": "https://investors.larimartx.com/static-files/79feefdd-ce21-4db1--643e36d6564c",
    "timestamp": "unknown"
  },
  {
    "title": "Larimar Therapeutics June ,  Regulatory Update Presentation. KB",
    "link": "https://investors.larimartx.com/static-files/79feefdd-ce21-4db1--643e36d6564c",
    "timestamp": "unknown"
  },
  {
    "title": "Larimar Therapeutics June ,  Regulatory Update Presentation. KB",
    "link": "https://investors.larimartx.com/static-files/79feefdd-ce21-4db1--643e36d6564c",
    "timestamp": "unknown"
  },
  {
    "title": "Larimar Therapeutics June ,  Regulatory Update Presentation. KB",
    "link": "https://investors.larimartx.com/static-files/79feefdd-ce21-4db1--643e36d6564c",
    "timestamp": "unknown"
  },
  {
    "title": "Larimar Therapeutics June ,  Regulatory Update Presentation. KB",
    "link": "https://investors.larimartx.com/static-files/79feefdd-ce21-4db1--643e36d6564c",
    "timestamp": "unknown"
  },
  {
    "title": "Mar ,  at  EDTLeerink&#;s Global Healthcare ConferenceListen to webcast",
    "link": "https://investors.larimartx.com/events/event-details/leerinks-global-healthcare-conference-",
    "timestamp": "unknown"
  },
  {
    "title": "Leerink&#;s Global Healthcare Conference",
    "link": "https://investors.larimartx.com/events/event-details/leerinks-global-healthcare-conference-",
    "timestamp": "unknown"
  },
  {
    "title": "Leerink&#;s Global Healthcare Conference",
    "link": "https://investors.larimartx.com/events/event-details/leerinks-global-healthcare-conference-",
    "timestamp": "unknown"
  },
  {
    "title": "Leerink&#;s Global Healthcare Conference",
    "link": "https://investors.larimartx.com/events/event-details/leerinks-global-healthcare-conference-",
    "timestamp": "unknown"
  },
  {
    "title": "Listen to webcast",
    "link": "https://wsw.com/webcast/leerink38/register.aspx?conf=leerink38&page=lrmr&url=https%3A//wsw.com/webcast/leerink38/lrmr/",
    "timestamp": "unknown"
  },
  {
    "title": "Listen to webcast",
    "link": "https://wsw.com/webcast/leerink38/register.aspx?conf=leerink38&page=lrmr&url=https%3A//wsw.com/webcast/leerink38/lrmr/",
    "timestamp": "unknown"
  },
  {
    "title": "Listen to webcast",
    "link": "https://wsw.com/webcast/leerink38/register.aspx?conf=leerink38&page=lrmr&url=https%3A//wsw.com/webcast/leerink38/lrmr/",
    "timestamp": "unknown"
  },
  {
    "title": "Dec ,  at  ESTLarimar Mid-December  Program UpdateListen to webcast",
    "link": "https://investors.larimartx.com/events/event-details/larimar-mid-december--program-update",
    "timestamp": "unknown"
  },
  {
    "title": "Larimar Mid-December  Program Update",
    "link": "https://investors.larimartx.com/events/event-details/larimar-mid-december--program-update",
    "timestamp": "unknown"
  },
  {
    "title": "Larimar Mid-December  Program Update",
    "link": "https://investors.larimartx.com/events/event-details/larimar-mid-december--program-update",
    "timestamp": "unknown"
  },
  {
    "title": "Larimar Mid-December  Program Update",
    "link": "https://investors.larimartx.com/events/event-details/larimar-mid-december--program-update",
    "timestamp": "unknown"
  },
  {
    "title": "Listen to webcast",
    "link": "https://viavid.webcasts.com/starthere.jsp?ei=&tp_key=c71e5f97c4",
    "timestamp": "unknown"
  },
  {
    "title": "Listen to webcast",
    "link": "https://viavid.webcasts.com/starthere.jsp?ei=&tp_key=c71e5f97c4",
    "timestamp": "unknown"
  },
  {
    "title": "Listen to webcast",
    "link": "https://viavid.webcasts.com/starthere.jsp?ei=&tp_key=c71e5f97c4",
    "timestamp": "unknown"
  },
  {
    "title": "Terms of use",
    "link": "https://larimartx.com/termsofuse/",
    "timestamp": "unknown"
  },
  {
    "title": "Privacy Policy",
    "link": "https://larimartx.com/privacy-policy/",
    "timestamp": "unknown"
  },
  {
    "title": "Site Credits",
    "link": "https://www.fassino.com/",
    "timestamp": "unknown"
  }
]