[
  {
    "title": "close",
    "link": "https://www.lexeotx.com/",
    "timestamp": "unknown"
  },
  {
    "title": "close",
    "link": "https://www.lexeotx.com/",
    "timestamp": "unknown"
  },
  {
    "title": "AboutAbout LEXEOOur approachTeamPipelineOur pipelinePublicationsProgramsCardiac programsFriedreich's AtaxiaArrhythmogenic ardiomyopathyDesmoplakin car",
    "link": "https://www.lexeotx.com/",
    "timestamp": "unknown"
  },
  {
    "title": "AboutAbout LEXEOOur approachTeam",
    "link": "https://ir.lexeotx.com/financials/sec-filings",
    "timestamp": "unknown"
  },
  {
    "title": "About LEXEO",
    "link": "https://www.lexeotx.com/about/",
    "timestamp": "unknown"
  },
  {
    "title": "Our approach",
    "link": "https://www.lexeotx.com/our-approach/",
    "timestamp": "unknown"
  },
  {
    "title": "Team",
    "link": "https://www.lexeotx.com/team/",
    "timestamp": "unknown"
  },
  {
    "title": "PipelineOur pipelinePublications",
    "link": "https://ir.lexeotx.com/financials/sec-filings",
    "timestamp": "unknown"
  },
  {
    "title": "Our pipeline",
    "link": "https://www.lexeotx.com/pipeline/",
    "timestamp": "unknown"
  },
  {
    "title": "Publications",
    "link": "https://www.lexeotx.com/publications/",
    "timestamp": "unknown"
  },
  {
    "title": "ProgramsCardiac programsFriedreich's AtaxiaArrhythmogenic ardiomyopathyDesmoplakin cardiomyopathyHypertrophic cardiomyopathyCNS programsAlzheimer's",
    "link": "https://ir.lexeotx.com/financials/sec-filings",
    "timestamp": "unknown"
  },
  {
    "title": "Cardiac programsFriedreich's AtaxiaArrhythmogenic ardiomyopathyDesmoplakin cardiomyopathyHypertrophic cardiomyopathy",
    "link": "https://www.lexeotx.com/programs/cardiac-programs/",
    "timestamp": "unknown"
  },
  {
    "title": "Friedreich's Ataxia",
    "link": "https://www.lexeotx.com/programs/cardiac-programs/friedreichs-ataxia/",
    "timestamp": "unknown"
  },
  {
    "title": "Arrhythmogenic ardiomyopathy",
    "link": "https://www.lexeotx.com/programs/cardiac-programs/arrhythmogenic-cardiomyopathy/",
    "timestamp": "unknown"
  },
  {
    "title": "Desmoplakin cardiomyopathy",
    "link": "https://www.lexeotx.com/programs/cardiac-programs/desmoplakin-cardiomyopathy/",
    "timestamp": "unknown"
  },
  {
    "title": "Hypertrophic cardiomyopathy",
    "link": "https://www.lexeotx.com/programs/cardiac-programs/hypertrophic-cardiomyopathy/",
    "timestamp": "unknown"
  },
  {
    "title": "CNS programsAlzheimer's",
    "link": "https://www.lexeotx.com/programs/cns-programs/",
    "timestamp": "unknown"
  },
  {
    "title": "Alzheimer's",
    "link": "https://www.lexeotx.com/programs/cns-programs/alzheimers/",
    "timestamp": "unknown"
  },
  {
    "title": "PatientsPatient & Community portalExpanded access",
    "link": "https://ir.lexeotx.com/financials/sec-filings",
    "timestamp": "unknown"
  },
  {
    "title": "Patient & Community portal",
    "link": "https://trials.lexeotx.com/",
    "timestamp": "unknown"
  },
  {
    "title": "Expanded access",
    "link": "https://www.lexeotx.com/expanded-access-policy/",
    "timestamp": "unknown"
  },
  {
    "title": "Careers",
    "link": "https://www.lexeotx.com/careers/",
    "timestamp": "unknown"
  },
  {
    "title": "Investors",
    "link": "https://ir.lexeotx.com/",
    "timestamp": "unknown"
  }
]