[
  {
    "title": "\u4e2dEN\u9996\u9875\u5173\u4e8e\u6211\u4eec\u516c\u53f8\u6982\u51b5\u7ba1\u7406\u56e2\u961f\u4ea7\u54c1\u4ecb\u7ecd\u4ea7\u54c1\u7ba1\u7ebf\u5408\u4f5c\u4f19\u4f34\u6280\u672f\u7814\u53d1\u6280\u672f\u5e73\u53f0\u751f\u4ea7\u80fd\u529b\u65b0\u95fb\u4e2d\u5fc3\u516c\u53f8\u52a8\u6001\u52a0\u5165\u6211\u4eec\u535a\u58eb\u540e\u62db\u8058\u793e\u4f1a\u62db\u8058\u6821\u56ed\u62db\u8058\u8054\u7cfb\u6211\u4eec\u8054\u7cfb\u65b9\u5f0f",
    "link": "http://www.mab-works.com/index.html",
    "timestamp": "unknown"
  },
  {
    "title": "\u4e2dEN\u9996\u9875\u5173\u4e8e\u6211\u4eec\u516c\u53f8\u6982\u51b5\u7ba1\u7406\u56e2\u961f\u4ea7\u54c1\u4ecb\u7ecd\u4ea7\u54c1\u7ba1\u7ebf\u5408\u4f5c\u4f19\u4f34\u6280\u672f\u7814\u53d1\u6280\u672f\u5e73\u53f0\u751f\u4ea7\u80fd\u529b\u65b0\u95fb\u4e2d\u5fc3\u516c\u53f8\u52a8\u6001\u52a0\u5165\u6211\u4eec\u535a\u58eb\u540e\u62db\u8058\u793e\u4f1a\u62db\u8058\u6821\u56ed\u62db\u8058\u8054\u7cfb\u6211\u4eec\u8054\u7cfb\u65b9\u5f0f",
    "link": "http://www.mab-works.com/index.html",
    "timestamp": "unknown"
  },
  {
    "title": "\u4e2dEN",
    "link": "javascript:;",
    "timestamp": "unknown"
  },
  {
    "title": "\u9996\u9875\u5173\u4e8e\u6211\u4eec\u516c\u53f8\u6982\u51b5\u7ba1\u7406\u56e2\u961f\u4ea7\u54c1\u4ecb\u7ecd\u4ea7\u54c1\u7ba1\u7ebf\u5408\u4f5c\u4f19\u4f34\u6280\u672f\u7814\u53d1\u6280\u672f\u5e73\u53f0\u751f\u4ea7\u80fd\u529b\u65b0\u95fb\u4e2d\u5fc3\u516c\u53f8\u52a8\u6001\u52a0\u5165\u6211\u4eec\u535a\u58eb\u540e\u62db\u8058\u793e\u4f1a\u62db\u8058\u6821\u56ed\u62db\u8058\u8054\u7cfb\u6211\u4eec\u8054\u7cfb\u65b9\u5f0f",
    "link": "http://www.mab-works.com/",
    "timestamp": "unknown"
  },
  {
    "title": "\u9996\u9875",
    "link": "http://www.mab-works.com/",
    "timestamp": "unknown"
  },
  {
    "title": "\u5173\u4e8e\u6211\u4eec\u516c\u53f8\u6982\u51b5\u7ba1\u7406\u56e2\u961f",
    "link": "http://www.mab-works.com/aboutus.html",
    "timestamp": "unknown"
  },
  {
    "title": "\u516c\u53f8\u6982\u51b5\u7ba1\u7406\u56e2\u961f",
    "link": "http://www.mab-works.com/aboutus.html",
    "timestamp": "unknown"
  },
  {
    "title": "\u4ea7\u54c1\u4ecb\u7ecd\u4ea7\u54c1\u7ba1\u7ebf\u5408\u4f5c\u4f19\u4f34",
    "link": "http://www.mab-works.com/product/pipeline.html",
    "timestamp": "unknown"
  },
  {
    "title": "\u4ea7\u54c1\u7ba1\u7ebf\u5408\u4f5c\u4f19\u4f34",
    "link": "http://www.mab-works.com/product/pipeline.html",
    "timestamp": "unknown"
  },
  {
    "title": "\u6280\u672f\u7814\u53d1\u6280\u672f\u5e73\u53f0\u751f\u4ea7\u80fd\u529b",
    "link": "http://www.mab-works.com/technology.html",
    "timestamp": "unknown"
  },
  {
    "title": "\u6280\u672f\u5e73\u53f0\u751f\u4ea7\u80fd\u529b",
    "link": "http://www.mab-works.com/technology.html",
    "timestamp": "unknown"
  },
  {
    "title": "\u65b0\u95fb\u4e2d\u5fc3\u516c\u53f8\u52a8\u6001",
    "link": "http://www.mab-works.com/news.html",
    "timestamp": "unknown"
  },
  {
    "title": "\u516c\u53f8\u52a8\u6001",
    "link": "http://www.mab-works.com/news.html",
    "timestamp": "unknown"
  },
  {
    "title": "\u52a0\u5165\u6211\u4eec\u535a\u58eb\u540e\u62db\u8058\u793e\u4f1a\u62db\u8058\u6821\u56ed\u62db\u8058",
    "link": "http://www.mab-works.com/join.html?colid=",
    "timestamp": "unknown"
  },
  {
    "title": "\u535a\u58eb\u540e\u62db\u8058\u793e\u4f1a\u62db\u8058\u6821\u56ed\u62db\u8058",
    "link": "http://www.mab-works.com/join/colid/.html",
    "timestamp": "unknown"
  },
  {
    "title": "\u8054\u7cfb\u6211\u4eec\u8054\u7cfb\u65b9\u5f0f",
    "link": "http://www.mab-works.com/contactus.html",
    "timestamp": "unknown"
  },
  {
    "title": "\u8054\u7cfb\u65b9\u5f0f",
    "link": "http://www.mab-works.com/contactus.html",
    "timestamp": "unknown"
  },
  {
    "title": "\u516c\u53f8\u52a8\u6001\u6210\u4e3a\u5177\u6709\u6838\u5fc3\u4ea7\u54c1\u548c\u6301\u7eed\u521b\u65b0\u80fd\u529b\u7684\u5168\u7403\u4e00\u4f53\u5316\u7684\u751f\u7269\u5236\u836f\u516c\u53f8\u516c\u53f8\u52a8\u6001\u9996\u9875/\u65b0\u95fb\u4e2d\u5fc3/\u516c\u53f8\u52a8\u6001\u5929\u5e7f\u5b9eMIL62\u9996\u4e2a\u65b0\u836f\u4e0a\u5e02\u62df\u7eb3\u5165\u4f18\u5148\u5ba1\u8bc4\u7a0b\u5e8f\u5317\u4eac\u5929\u5e7f\u5b9e\u751f\u7269\u6280\u672f\u80a1\u4efd\u6709\u9650\u516c\u53f8\u5ba3\u5e03\u81ea\u4e3b\u7814\u53d1\u7684\u521b\u65b0\u6297\u4f53MIL62\u6cbb\u7597\u89c6\u795e\u7ecf\u810a\u9ad3\u708e\u8c31\u7cfb\u75be\u75c5\uff08NMOSD\uff09\u88ab\u56fd\u5bb6\u836f\u54c1\u76d1\u7763\u7ba1\u7406\u5c40\u62df\u7eb3\u5165\u4f18\u5148\u5ba1\u8bc4\u54c1\u79cd\u516c\u793a\u540d\u5355\uff0c\u5e76\u5c06\u572820",
    "link": "http://www.mab-works.com/news.html",
    "timestamp": "unknown"
  },
  {
    "title": "\u516c\u53f8\u52a8\u6001\u9996\u9875/\u65b0\u95fb\u4e2d\u5fc3/\u516c\u53f8\u52a8\u6001",
    "link": "http://www.mab-works.com/news.html",
    "timestamp": "unknown"
  },
  {
    "title": "\u516c\u53f8\u52a8\u6001\u9996\u9875/\u65b0\u95fb\u4e2d\u5fc3/\u516c\u53f8\u52a8\u6001",
    "link": "http://www.mab-works.com/news.html",
    "timestamp": "unknown"
  },
  {
    "title": "\u516c\u53f8\u52a8\u6001",
    "link": "http://www.mab-works.com/news.html",
    "timestamp": "unknown"
  },
  {
    "title": "\u9996\u9875/\u65b0\u95fb\u4e2d\u5fc3/\u516c\u53f8\u52a8\u6001",
    "link": "http://www.mab-works.com/",
    "timestamp": "unknown"
  },
  {
    "title": "\u5929\u5e7f\u5b9eMIL62\u9996\u4e2a\u65b0\u836f\u4e0a\u5e02\u62df\u7eb3\u5165\u4f18\u5148\u5ba1\u8bc4\u7a0b\u5e8f\u5317\u4eac\u5929\u5e7f\u5b9e\u751f\u7269\u6280\u672f\u80a1\u4efd\u6709\u9650\u516c\u53f8\u5ba3\u5e03\u81ea\u4e3b\u7814\u53d1\u7684\u521b\u65b0\u6297\u4f53MIL62\u6cbb\u7597\u89c6\u795e\u7ecf\u810a\u9ad3\u708e\u8c31\u7cfb\u75be\u75c5\uff08NMOSD\uff09\u88ab\u56fd\u5bb6\u836f\u54c1\u76d1\u7763\u7ba1\u7406\u5c40\u62df\u7eb3\u5165\u4f18\u5148\u5ba1\u8bc4\u54c1\u79cd\u516c\u793a\u540d\u5355\uff0c\u5e76\u5c06\u57282025\u5e746\u67089\u65e5\u516c\u793a\u622a\u6b62\u65e5\u540e\u6b63\u5f0f\u7eb3\u5165\u8be5\u540d\u5355\u3002\u4e86\u89e3\u66f4\u591a\u5929\u5e7f\u5b9eMIL62\u9996\u4e2a\u65b0\u836f\u4e0a\u5e02\u7533\u8bf7\u2014\u2014\u6cbb\u7597\u89c6\u795e\u7ecf",
    "link": "javascript:;",
    "timestamp": "unknown"
  },
  {
    "title": "\u5929\u5e7f\u5b9eMIL62\u9996\u4e2a\u65b0\u836f\u4e0a\u5e02\u62df\u7eb3\u5165\u4f18\u5148\u5ba1\u8bc4\u7a0b\u5e8f\u5317\u4eac\u5929\u5e7f\u5b9e\u751f\u7269\u6280\u672f\u80a1\u4efd\u6709\u9650\u516c\u53f8\u5ba3\u5e03\u81ea\u4e3b\u7814\u53d1\u7684\u521b\u65b0\u6297\u4f53MIL62\u6cbb\u7597\u89c6\u795e\u7ecf\u810a\u9ad3\u708e\u8c31\u7cfb\u75be\u75c5\uff08NMOSD\uff09\u88ab\u56fd\u5bb6\u836f\u54c1\u76d1\u7763\u7ba1\u7406\u5c40\u62df\u7eb3\u5165\u4f18\u5148\u5ba1\u8bc4\u54c1\u79cd\u516c\u793a\u540d\u5355\uff0c\u5e76\u5c06\u57282025\u5e746\u67089\u65e5\u516c\u793a\u622a\u6b62\u65e5\u540e\u6b63\u5f0f\u7eb3\u5165\u8be5\u540d\u5355\u3002\u4e86\u89e3\u66f4\u591a\u5929\u5e7f\u5b9eMIL62\u9996\u4e2a\u65b0\u836f\u4e0a\u5e02\u7533\u8bf7\u2014\u2014\u6cbb\u7597\u89c6\u795e\u7ecf",
    "link": "http://www.mab-works.com/news/show/.html",
    "timestamp": "unknown"
  },
  {
    "title": "\u5929\u5e7f\u5b9eMIL62\u9996\u4e2a\u65b0\u836f\u4e0a\u5e02\u62df\u7eb3\u5165\u4f18\u5148\u5ba1\u8bc4\u7a0b\u5e8f\u5317\u4eac\u5929\u5e7f\u5b9e\u751f\u7269\u6280\u672f\u80a1\u4efd\u6709\u9650\u516c\u53f8\u5ba3\u5e03\u81ea\u4e3b\u7814\u53d1\u7684\u521b\u65b0\u6297\u4f53MIL62\u6cbb\u7597\u89c6\u795e\u7ecf\u810a\u9ad3\u708e\u8c31\u7cfb\u75be\u75c5\uff08NMOSD\uff09\u88ab\u56fd\u5bb6\u836f\u54c1\u76d1\u7763\u7ba1\u7406\u5c40\u62df\u7eb3\u5165\u4f18\u5148\u5ba1\u8bc4\u54c1\u79cd\u516c\u793a\u540d\u5355\uff0c\u5e76\u5c06\u57282025\u5e746\u67089\u65e5\u516c\u793a\u622a\u6b62\u65e5\u540e\u6b63\u5f0f\u7eb3\u5165\u8be5\u540d\u5355\u3002\u4e86\u89e3\u66f4\u591a",
    "link": "http://www.mab-works.com/news/show/.html",
    "timestamp": "unknown"
  },
  {
    "title": "\u5929\u5e7f\u5b9eMIL62\u9996\u4e2a\u65b0\u836f\u4e0a\u5e02\u7533\u8bf7\u2014\u2014\u6cbb\u7597\u89c6\u795e\u7ecf\u810a\u9ad3\u708e\u8c31\u7cfb\u75be\u75c5NDA\u83b7\u53d7\u7406\u5317\u4eac\u5929\u5e7f\u5b9e\u751f\u7269\u6280\u672f\u80a1\u4efd\u6709\u9650\u516c\u53f8\u5ba3\u5e03\u81ea\u4e3b\u7814\u53d1\u7684\u521b\u65b0\u578b\u7b2c\u4e09\u4ee3CD20\u6297\u4f53MIL62\u6cbb\u7597\u89c6\u795e\u7ecf\u810a\u9ad3\u708e\u8c31\u7cfb\u75be\u75c5\uff08NMOSD\uff09\u7684\u65b0\u836f\u4e0a\u5e02\u8bb8\u53ef\u7533\u8bf7\uff08NDA\uff09\u5df2\u83b7\u56fd\u5bb6\u836f\u54c1\u76d1\u7763\u7ba1\u7406\u5c40\u53d7\u7406\uff0c\u6709\u671b\u6210\u4e3a\u9996\u4e2a\u83b7\u6279\u8be5\u9002\u5e94\u75c7\u7684\u56fd\u4ea7\u836f\u7269\u3002\u4e86\u89e3\u66f4\u591a",
    "link": "http://www.mab-works.com/news/show/.html",
    "timestamp": "unknown"
  },
  {
    "title": "\u884c\u4e1a\u8363\u8a89|\u5929\u5e7f\u5b9e\u8363\u767b\u201c2025\u672a\u6765\u533b\u7597100\u5f3a\u2014\u2014\u4e2d\u56fd\u521b\u65b0\u533b\u836f\u4e0e\u751f\u7269\u5236\u54c1\u699c\u201d\u65e5\u524d\uff0c\u5728\u52a8\u8109\u7f51\u4e3b\u529e\u7684\u7b2c\u4e5d\u5c4a\u672a\u6765\u533b\u7597100\u5f3a\u5927\u4f1a\u4e0a\uff0c\u201c2025\u672a\u6765\u533b\u7597100\u5f3a\u699c\u5355\u201d\u6b63\u5f0f\u63ed\u6653\u3002\u51ed\u501f\u6770\u51fa\u7684\u751f\u7269\u5927\u5206\u5b50\u9886\u57df\u7814\u53d1\u521b\u65b0\u80fd\u529b\uff0c\u5929\u5e7f\u5b9e\u518d\u6b21\u8363\u767b\u201c2025\u672a\u6765\u533b\u7597100\u5f3a\u2014\u2014\u4e2d\u56fd\u521b\u65b0\u533b\u836f\u4e0e\u751f\u7269\u5236\u54c1\u699c\u201d\uff0c\u5c55\u73b0\u51fa\u4ee4\u4eba\u77a9\u76ee\u7684\u54c1\u724c\u5b9e",
    "link": "http://www.mab-works.com/news/show/.html",
    "timestamp": "unknown"
  },
  {
    "title": "\u5929\u5e7f\u5b9eMIL62\u7b2c\u4e8c\u9879\u9002\u5e94\u75c7\u8fbe\u6210\u4e34\u5e8aIII\u671f\u91cc\u7a0b\u7891\uff1a\u6cbb\u7597\u89c6\u795e\u7ecf\u810a\u9ad3\u708e\u8c31\u7cfb\u75be\u75c5\u6210\u529f\u63ed\u76f2\u5317\u4eac\u5929\u5e7f\u5b9e\u751f\u7269\u6280\u672f\u80a1\u4efd\u6709\u9650\u516c\u53f8\u5ba3\u5e03\u81ea\u4e3b\u7814\u53d1\u7684\u521b\u65b0\u578b\u7b2c\u4e09\u4ee3CD20\u6297\u4f53MIL62\u6cbb\u7597\u89c6\u795e\u7ecf\u810a\u9ad3\u708e\u8c31\u7cfb\u75be\u75c5\uff08NMOSD\uff09\u7684\u4e34\u5e8aIII\u671f\u8bd5\u9a8c\u63d0\u524d\u8fbe\u5230\u9884\u8bbe\u7684\u7ec8\u70b9\u4e8b\u4ef6\u6570\u5e76\u5b8c\u6210\u6570\u636e\u63ed\u76f2\u3002\u516c\u53f8\u5df2\u7ecf\u53d6\u5f97\u7684\u4e3b\u8981\u7ec8\u70b9\u521d\u6b65\u5206\u6790\u6570\u636e\u663e\u793a\uff0c\u8be5",
    "link": "http://www.mab-works.com/news/show/.html",
    "timestamp": "unknown"
  },
  {
    "title": "\u8fd19\u4ebf\u7f8e\u5143\u603b\u91d1\u989d\uff0c\u5929\u5e7f\u5b9e\u4e34\u5e8a\u524d\u4ea7\u54c1MIL116\u6388\u6743\u51fa\u6d77\uff0c\u592f\u5b9e\u514d\u75ab\u6027\u80be\u75c5\u9886\u57df\u5e03\u5c40\u5317\u4eac\u5929\u5e7f\u5b9e\u751f\u7269\u6280\u672f\u80a1\u4efd\u6709\u9650\u516c\u53f8\u5ba3\u5e03\u8fd1\u671f\u4e0e\u7f8e\u56fd\u7eb3\u65af\u8fbe\u514b\u4e0a\u5e02\u516c\u53f8Climb Bio, Inc.\uff08\u8bc1\u5238\u4ee3\u7801\uff1aCLYM\uff09\u8fbe\u6210\u5408\u4f5c\u5e76\u7b7e\u7f72\u76f8\u5173\u534f\u8bae\u3002\u5929\u5e7f\u5b9e\u5c06\u6388\u6743Climb Bio\u4f7f\u7528\u5904\u4e8e\u4e34\u5e8a\u524d\u7814\u53d1\u9636\u6bb5\u7684\u521b\u65b0\u578bAPRIL\u6297\u4f53MIL116",
    "link": "http://www.mab-works.com/news/show/.html",
    "timestamp": "unknown"
  },
  {
    "title": "\u5929\u5e7f\u5b9eMIL62\u6cbb\u7597\u539f\u53d1\u6027\u819c\u6027\u80be\u75c5III\u671f\u4e34\u5e8a\u8bd5\u9a8c\u83b7\u5f97\u671f\u4e2d\u5206\u6790\u9633\u6027\u7ed3\u679c\uff0c\u8fc8\u5411\u4e0a\u5e02\u5173\u952e\u9636\u6bb5\u5317\u4eac\u5929\u5e7f\u5b9e\u751f\u7269\u6280\u672f\u80a1\u4efd\u6709\u9650\u516c\u53f8\u5ba3\u5e03\u81ea\u4e3b\u7814\u53d1\u7684\u521b\u65b0\u578b\u7b2c\u4e09\u4ee3CD20\u6297\u4f53MIL62\u6cbb\u7597\u539f\u53d1\u6027\u819c\u6027\u80be\u75c5\uff08PMN\uff09\u7684III\u671f\u4e34\u5e8a\u8bd5\u9a8c\u53d6\u5f97\u91cd\u8981\u8fdb\u5c55\u3002\u516c\u53f8\u5df2\u7ecf\u53d6\u5f97\u72ec\u7acb\u6570\u636e\u76d1\u67e5\u59d4\u5458\u4f1a\uff08IDMC\uff09\u51fa\u5177\u7684\u5efa\u8bae\u4e66\uff0c\u8be5III\u671f\u4e34\u5e8a\u8bd5\u9a8c",
    "link": "http://www.mab-works.com/news/show/.html",
    "timestamp": "unknown"
  },
  {
    "title": "\u56fd\u9645\u5316\u91cc\u7a0b\u7891\uff01\u4e09\u7279\u5f02\u6027\u6297\u4f53MBS314\uff08SC\uff09\u4e34\u5e8a\u8bd5\u9a8c\u7533\u8bf7\u83b7\u5f97\u7f8e\u56fdFDA\u6279\u51c6\u5317\u4eac\u5929\u5e7f\u5b9e\u751f\u7269\u6280\u672f\u80a1\u4efd\u6709\u9650\u516c\u53f8\u548c\u5eb7\u6e90\u535a\u521b\u751f\u7269\u79d1\u6280(\u5317\u4eac)\u6709\u9650\u516c\u53f8\u8054\u5408\u5ba3\u5e03\uff0c\u53cc\u65b9\u5408\u4f5c\u7814\u53d1\u7684\u4e09\u7279\u5f02\u6027\u6297\u4f53MBS314\uff08SC\uff09\uff08\u7ed9\u836f\u9014\u5f84\u4e3a\u76ae\u4e0b\u6ce8\u5c04\uff09I\u671f\u4e34\u5e8a\u8bd5\u9a8c\u7533\u8bf7\u4e8e\u8fd1\u65e5\u83b7\u5f97\u7f8e\u56fd\u98df\u54c1\u836f\u54c1\u76d1\u7763\u7ba1\u7406\u5c40\u6279\u51c6\uff0c\u62df\u7528\u4e8e\u6cbb\u7597\u590d\u53d1/\u96be\u6cbb\u6027\u591a\u53d1\u6027",
    "link": "http://www.mab-works.com/news/show/.html",
    "timestamp": "unknown"
  },
  {
    "title": "\u5929\u5e7f\u5b9e\u4e0e\u5eb7\u6e90\u535a\u521b\u57282024ASH\u5e74\u4f1a\u53d1\u5e03\u4e09\u7279\u5f02\u6027\u6297\u4f53MBS314\u4e34\u5e8a\u8bd5\u9a8c\u6700\u65b0\u7814\u7a76\u6570\u636e\u5317\u4eac\u5929\u5e7f\u5b9e\u751f\u7269\u6280\u672f\u80a1\u4efd\u6709\u9650\u516c\u53f8\u4e0e\u5eb7\u6e90\u535a\u521b\u751f\u7269\u79d1\u6280\uff08\u5317\u4eac\uff09\u6709\u9650\u516c\u53f8\u5ba3\u5e03\uff0c\u4e8e2024\u5e7412\u67087\u65e5\u81f310\u65e5\u5728\u7f8e\u56fd\u5723\u5730\u4e9a\u54e5\u53ec\u5f00\u76842024\u5e74\u7f8e\u56fd\u8840\u6db2\u5b66\u4f1a (ASH) \u5e74\u4f1a\u4e0a\uff0c\u53d1\u5e03\u5408\u4f5c\u7814\u53d1\u7684\u4e09\u7279\u5f02\u6027\u6297\u4f53MBS314\u4e34\u5e8a\u8bd5\u9a8cI\u671f\u6700",
    "link": "http://www.mab-works.com/news/show/.html",
    "timestamp": "unknown"
  },
  {
    "title": "\u884c\u4e1a\u8363\u8a89|\u5929\u5e7f\u5b9e\u8fde\u7eed\u56db\u5e74\u5165\u9009\u4e2d\u56fd\u533b\u836f\u521b\u65b0\u4f01\u4e1a100\u5f3a\u5317\u4eac\u5929\u5e7f\u5b9e\u751f\u7269\u6280\u672f\u80a1\u4efd\u6709\u9650\u516c\u53f8\u51ed\u501f\u521b\u65b0\u7814\u53d1\u7684\u6838\u5fc3\u4f18\u52bf\u548c\u5353\u8d8a\u8868\u73b0\u6210\u529f\u767b\u4e0a \u201c2024\u4e2d\u56fd\u533b\u836f\u521b\u65b0\u4f01\u4e1a100\u5f3a\u201d\u699c\u5355\uff0c\u6807\u5fd7\u7740\u516c\u53f8\u5728\u751f\u7269\u533b\u836f\u9886\u57df\u7684\u521b\u65b0\u5b9e\u529b\u5f97\u5230\u4e86\u4e1a\u754c\u7684\u9ad8\u5ea6\u8ba4\u53ef\u30022021\u5e74\u81f32024\u5e74\uff0c\u5929\u5e7f\u5b9e\u5df2\u8fde\u7eed\u56db\u5e74\u5165\u9009\u201c\u4e2d\u56fd\u533b\u836f\u521b\u65b0\u4f01\u4e1a100\u5f3a\u201d\u3002\u4e86\u89e3",
    "link": "http://www.mab-works.com/news/show/.html",
    "timestamp": "unknown"
  },
  {
    "title": "\u5929\u5e7f\u5b9e\u548c\u5eb7\u6e90\u535a\u521b\u4e0e\u8f89\u745e\u516c\u53f8\u8fbe\u6210\u6218\u7565\u5408\u4f5c\uff0c \u643a\u624b\u5171\u540c\u5f00\u53d1\u591a\u53d1\u6027\u9aa8\u9ad3\u7624\u521b\u65b0\u4ea7\u54c12024\u5e7411\u67086\u65e5\u4e0a\u5348\uff0c\u5728\u7b2c\u4e03\u5c4a\u4e2d\u56fd\u56fd\u9645\u8fdb\u53e3\u535a\u89c8\u4f1a\u73b0\u573a\uff0c\u5317\u4eac\u5929\u5e7f\u5b9e\u751f\u7269\u6280\u672f\u80a1\u4efd\u6709\u9650\u516c\u53f8\u548c\u5eb7\u6e90\u535a\u521b\u751f\u7269\u79d1\u6280(\u5317\u4eac)\u6709\u9650\u516c\u53f8\u8054\u5408\u5ba3\u5e03\u4e0e\u8f89\u745e\u516c\u53f8\u7b7e\u7f72\u5408\u4f5c\u5907\u5fd8\u5f55\uff0c\u6807\u5fd7\u7740\u5404\u65b9\u5c06\u5171\u540c\u81f4\u529b\u4e8e\u591a\u53d1\u6027\u9aa8\u9ad3\u7624\u60a3\u8005\u7684\u521b\u65b0\u6cbb\u7597\u65b9\u6848\u7684\u4e34\u5e8a\u5f00\u53d1\u3002\u8fd9\u662f\u8f89",
    "link": "http://www.mab-works.com/news/show/.html",
    "timestamp": "unknown"
  },
  {
    "title": "\u5173\u4e8e\u6211\u4eec\u516c\u53f8\u6982\u51b5\u7ba1\u7406\u56e2\u961f\u4ea7\u54c1\u4ecb\u7ecd\u4ea7\u54c1\u7ba1\u7ebf\u5408\u4f5c\u4f19\u4f34\u6280\u672f\u7814\u53d1\u6280\u672f\u5e73\u53f0\u751f\u4ea7\u80fd\u529b\u65b0\u95fb\u4e2d\u5fc3\u516c\u53f8\u52a8\u6001\u52a0\u5165\u6211\u4eec\u535a\u58eb\u540e\u62db\u8058\u793e\u4f1a\u62db\u8058\u6821\u56ed\u62db\u8058\u8054\u7cfb\u6211\u4eec\u8054\u7cfb\u65b9\u5f0f\u7248\u6743\u6240\u6709 \u00a9 \u5317\u4eac\u5929\u5e7f\u5b9e\u751f\u7269\u6280\u672f\u80a1\u4efd\u6709\u9650\u516c\u53f8.\u4eacICP\u5907  \u53f7\u4eac\u516c\u7f51\u5b89\u5907 11030102011411\u53f7",
    "link": "http://www.mab-works.com/aboutus.html",
    "timestamp": "unknown"
  },
  {
    "title": "\u5173\u4e8e\u6211\u4eec\u516c\u53f8\u6982\u51b5\u7ba1\u7406\u56e2\u961f\u4ea7\u54c1\u4ecb\u7ecd\u4ea7\u54c1\u7ba1\u7ebf\u5408\u4f5c\u4f19\u4f34\u6280\u672f\u7814\u53d1\u6280\u672f\u5e73\u53f0\u751f\u4ea7\u80fd\u529b\u65b0\u95fb\u4e2d\u5fc3\u516c\u53f8\u52a8\u6001\u52a0\u5165\u6211\u4eec\u535a\u58eb\u540e\u62db\u8058\u793e\u4f1a\u62db\u8058\u6821\u56ed\u62db\u8058\u8054\u7cfb\u6211\u4eec\u8054\u7cfb\u65b9\u5f0f\u7248\u6743\u6240\u6709 \u00a9 \u5317\u4eac\u5929\u5e7f\u5b9e\u751f\u7269\u6280\u672f\u80a1\u4efd\u6709\u9650\u516c\u53f8.\u4eacICP\u5907  \u53f7\u4eac\u516c\u7f51\u5b89\u5907 11030102011411\u53f7",
    "link": "http://www.mab-works.com/aboutus.html",
    "timestamp": "unknown"
  },
  {
    "title": "\u5173\u4e8e\u6211\u4eec\u516c\u53f8\u6982\u51b5\u7ba1\u7406\u56e2\u961f\u4ea7\u54c1\u4ecb\u7ecd\u4ea7\u54c1\u7ba1\u7ebf\u5408\u4f5c\u4f19\u4f34\u6280\u672f\u7814\u53d1\u6280\u672f\u5e73\u53f0\u751f\u4ea7\u80fd\u529b\u65b0\u95fb\u4e2d\u5fc3\u516c\u53f8\u52a8\u6001\u52a0\u5165\u6211\u4eec\u535a\u58eb\u540e\u62db\u8058\u793e\u4f1a\u62db\u8058\u6821\u56ed\u62db\u8058\u8054\u7cfb\u6211\u4eec\u8054\u7cfb\u65b9\u5f0f",
    "link": "http://www.mab-works.com/aboutus.html",
    "timestamp": "unknown"
  },
  {
    "title": "\u5173\u4e8e\u6211\u4eec\u516c\u53f8\u6982\u51b5\u7ba1\u7406\u56e2\u961f",
    "link": "http://www.mab-works.com/aboutus.html",
    "timestamp": "unknown"
  },
  {
    "title": "\u4ea7\u54c1\u4ecb\u7ecd\u4ea7\u54c1\u7ba1\u7ebf\u5408\u4f5c\u4f19\u4f34",
    "link": "http://www.mab-works.com/product/pipeline.html",
    "timestamp": "unknown"
  },
  {
    "title": "\u6280\u672f\u7814\u53d1\u6280\u672f\u5e73\u53f0\u751f\u4ea7\u80fd\u529b",
    "link": "http://www.mab-works.com/technology.html",
    "timestamp": "unknown"
  },
  {
    "title": "\u65b0\u95fb\u4e2d\u5fc3\u516c\u53f8\u52a8\u6001",
    "link": "http://www.mab-works.com/news.html",
    "timestamp": "unknown"
  },
  {
    "title": "\u52a0\u5165\u6211\u4eec\u535a\u58eb\u540e\u62db\u8058\u793e\u4f1a\u62db\u8058\u6821\u56ed\u62db\u8058",
    "link": "http://www.mab-works.com/join/colid/.html",
    "timestamp": "unknown"
  },
  {
    "title": "\u8054\u7cfb\u6211\u4eec\u8054\u7cfb\u65b9\u5f0f",
    "link": "http://www.mab-works.com/contactus.html",
    "timestamp": "unknown"
  },
  {
    "title": "\u7248\u6743\u6240\u6709 \u00a9 \u5317\u4eac\u5929\u5e7f\u5b9e\u751f\u7269\u6280\u672f\u80a1\u4efd\u6709\u9650\u516c\u53f8.\u4eacICP\u5907  \u53f7\u4eac\u516c\u7f51\u5b89\u5907 11030102011411\u53f7",
    "link": "https://beian.miit.gov.cn/",
    "timestamp": "unknown"
  },
  {
    "title": "\u7248\u6743\u6240\u6709 \u00a9 \u5317\u4eac\u5929\u5e7f\u5b9e\u751f\u7269\u6280\u672f\u80a1\u4efd\u6709\u9650\u516c\u53f8.\u4eacICP\u5907  \u53f7\u4eac\u516c\u7f51\u5b89\u5907 11030102011411\u53f7",
    "link": "https://beian.miit.gov.cn/",
    "timestamp": "unknown"
  },
  {
    "title": "\u7248\u6743\u6240\u6709 \u00a9 \u5317\u4eac\u5929\u5e7f\u5b9e\u751f\u7269\u6280\u672f\u80a1\u4efd\u6709\u9650\u516c\u53f8.\u4eacICP\u5907  \u53f7\u4eac\u516c\u7f51\u5b89\u5907 11030102011411\u53f7",
    "link": "https://beian.miit.gov.cn/",
    "timestamp": "unknown"
  }
]