[
  {
    "title": "Search everythingCloseMenuClose",
    "link": "https://www.merck.com/",
    "timestamp": "unknown"
  },
  {
    "title": "CompanyWho we areWhat we doStoriesHistorySustainabilitySustainability overviewPhilanthropyMerck Medical Outreach ProgramImpact Venture FundTransparenc",
    "link": "https://www.merck.com/company-overview/",
    "timestamp": "unknown"
  },
  {
    "title": "Who we are",
    "link": "https://www.merck.com/company-overview/",
    "timestamp": "unknown"
  },
  {
    "title": "What we do",
    "link": "https://www.merck.com/what-we-do/",
    "timestamp": "unknown"
  },
  {
    "title": "Stories",
    "link": "https://www.merck.com/stories/",
    "timestamp": "unknown"
  },
  {
    "title": "History",
    "link": "https://www.merck.com/company-overview/history/",
    "timestamp": "unknown"
  },
  {
    "title": "SustainabilitySustainability overviewPhilanthropyMerck Medical Outreach ProgramImpact Venture FundTransparency disclosuresSustainability resources",
    "link": "https://www.merck.com/company-overview/sustainability/",
    "timestamp": "unknown"
  },
  {
    "title": "Sustainability overview",
    "link": "https://www.merck.com/company-overview/sustainability/",
    "timestamp": "unknown"
  },
  {
    "title": "Philanthropy",
    "link": "https://www.merck.com/company-overview/sustainability/philanthropy/",
    "timestamp": "unknown"
  },
  {
    "title": "Merck Medical Outreach Program",
    "link": "https://www.merck.com/company-overview/sustainability/merck-medical-outreach-program/",
    "timestamp": "unknown"
  },
  {
    "title": "Impact Venture Fund",
    "link": "https://www.merck.com/company-overview/sustainability/impact-venture-fund/",
    "timestamp": "unknown"
  },
  {
    "title": "Transparency disclosures",
    "link": "https://www.merck.com/company-overview/sustainability/transparency-disclosures/",
    "timestamp": "unknown"
  },
  {
    "title": "Sustainability resources",
    "link": "https://www.merck.com/company-overview/sustainability/sustainability-resources/",
    "timestamp": "unknown"
  },
  {
    "title": "LeadershipLeadership overviewBoard of directorsExecutive team",
    "link": "https://www.merck.com/company-overview/leadership/",
    "timestamp": "unknown"
  },
  {
    "title": "Leadership overview",
    "link": "https://www.merck.com/company-overview/leadership/",
    "timestamp": "unknown"
  },
  {
    "title": "Board of directors",
    "link": "https://www.merck.com/company-overview/leadership/board-of-directors/",
    "timestamp": "unknown"
  },
  {
    "title": "Executive team",
    "link": "https://www.merck.com/company-overview/leadership/executive-team/",
    "timestamp": "unknown"
  },
  {
    "title": "Culture & valuesCulture &#; values overviewCode of conduct, ethics & compliance",
    "link": "https://www.merck.com/company-overview/culture-and-values/",
    "timestamp": "unknown"
  },
  {
    "title": "Culture &#; values overview",
    "link": "https://www.merck.com/company-overview/culture-and-values/",
    "timestamp": "unknown"
  },
  {
    "title": "Code of conduct, ethics & compliance",
    "link": "https://www.merck.com/company-overview/culture-and-values/code-of-conduct/",
    "timestamp": "unknown"
  },
  {
    "title": "Diversity and inclusion",
    "link": "https://www.merck.com/company-overview/diversity-and-inclusion/",
    "timestamp": "unknown"
  },
  {
    "title": "Policies and positions",
    "link": "https://www.merck.com/company-overview/policies-and-positions/",
    "timestamp": "unknown"
  },
  {
    "title": "SuppliersSuppliers overviewSupplier registrationSupplier help for Ariba",
    "link": "https://www.merck.com/company-overview/suppliers/",
    "timestamp": "unknown"
  },
  {
    "title": "Suppliers overview",
    "link": "https://www.merck.com/company-overview/suppliers/",
    "timestamp": "unknown"
  },
  {
    "title": "Supplier registration",
    "link": "https://msd.quantumsds.com/",
    "timestamp": "unknown"
  },
  {
    "title": "Supplier help for Ariba",
    "link": "https://suppliers.msd.com/",
    "timestamp": "unknown"
  },
  {
    "title": "Research overview",
    "link": "https://www.merck.com/research/",
    "timestamp": "unknown"
  },
  {
    "title": "Areas of focusOncologyVaccinesInfectious diseasesCardio-metabolic disordersImmunologyNeuroscienceOphthalmology",
    "link": "https://www.merck.com/investor-relations/financial-information/sec-filings/",
    "timestamp": "unknown"
  },
  {
    "title": "Oncology",
    "link": "https://www.merck.com/research/oncology/",
    "timestamp": "unknown"
  },
  {
    "title": "Vaccines",
    "link": "https://www.merck.com/research/vaccines/",
    "timestamp": "unknown"
  },
  {
    "title": "Infectious diseases",
    "link": "https://www.merck.com/research/infectious-diseases/",
    "timestamp": "unknown"
  },
  {
    "title": "Cardio-metabolic disorders",
    "link": "https://www.merck.com/research/cardio-metabolic-disorders/",
    "timestamp": "unknown"
  },
  {
    "title": "Immunology",
    "link": "https://www.merck.com/research/immunology/",
    "timestamp": "unknown"
  },
  {
    "title": "Neuroscience",
    "link": "https://www.merck.com/research/neuroscience/",
    "timestamp": "unknown"
  },
  {
    "title": "Ophthalmology",
    "link": "https://www.merck.com/research/ophthalmology/",
    "timestamp": "unknown"
  },
  {
    "title": "Areas of innovationData science and artificial intelligenceGreen and sustainable science",
    "link": "https://www.merck.com/investor-relations/financial-information/sec-filings/",
    "timestamp": "unknown"
  },
  {
    "title": "Data science and artificial intelligence",
    "link": "https://www.merck.com/research/areas-of-innovation/data-science-and-artificial-intelligence/",
    "timestamp": "unknown"
  },
  {
    "title": "Green and sustainable science",
    "link": "https://www.merck.com/research/areas-of-innovation/green-and-sustainable-science/",
    "timestamp": "unknown"
  },
  {
    "title": "Pipeline",
    "link": "https://www.merck.com/research/product-pipeline/",
    "timestamp": "unknown"
  },
  {
    "title": "Business development and licensing (BD&L)",
    "link": "https://www.merck.com/research/business-development-and-licensing/",
    "timestamp": "unknown"
  },
  {
    "title": "Clinical trialsClinical trials overviewFind a trialDiversity in clinical trials",
    "link": "https://www.merck.com/research/clinical-trials/",
    "timestamp": "unknown"
  },
  {
    "title": "Clinical trials overview",
    "link": "https://www.merck.com/research/clinical-trials/",
    "timestamp": "unknown"
  },
  {
    "title": "Find a trial",
    "link": "https://www.merckclinicaltrials.com/",
    "timestamp": "unknown"
  },
  {
    "title": "Diversity in clinical trials",
    "link": "https://www.merck.com/research/diversity-in-clinical-trials/",
    "timestamp": "unknown"
  }
]