[
  {
    "title": "Your HealthTherapeutic AreasTD AwarenessOur SciencePipelineClinical StudiesEmerging FieldsMedicinesOur CompanyAbout UsLeadershipNews & MediaOur Respon",
    "link": "https://neurocrine.com",
    "timestamp": "unknown"
  },
  {
    "title": "Your HealthTherapeutic AreasTD AwarenessOur SciencePipelineClinical StudiesEmerging FieldsMedicinesOur CompanyAbout UsLeadershipNews & MediaOur Respon",
    "link": "https://neurocrine.com",
    "timestamp": "unknown"
  },
  {
    "title": "Your HealthTherapeutic AreasTD AwarenessOur SciencePipelineClinical StudiesEmerging FieldsMedicinesOur CompanyAbout UsLeadershipNews & MediaOur Respon",
    "link": "https://neurocrine.com",
    "timestamp": "unknown"
  },
  {
    "title": "Your HealthTherapeutic AreasTD AwarenessOur SciencePipelineClinical StudiesEmerging FieldsMedicinesOur CompanyAbout UsLeadershipNews & MediaOur Respon",
    "link": "https://neurocrine.com/therapeutic-areas/",
    "timestamp": "unknown"
  },
  {
    "title": "Your HealthTherapeutic AreasTD Awareness",
    "link": "https://neurocrine.com/therapeutic-areas/",
    "timestamp": "unknown"
  },
  {
    "title": "Therapeutic Areas",
    "link": "https://neurocrine.com/therapeutic-areas/",
    "timestamp": "unknown"
  },
  {
    "title": "TD Awareness",
    "link": "https://neurocrine.com/td-awareness/",
    "timestamp": "unknown"
  },
  {
    "title": "Our SciencePipelineClinical StudiesEmerging Fields",
    "link": "https://neurocrine.com/pipeline/",
    "timestamp": "unknown"
  },
  {
    "title": "Pipeline",
    "link": "https://neurocrine.com/pipeline/",
    "timestamp": "unknown"
  },
  {
    "title": "Clinical Studies",
    "link": "https://neurocrine.com/clinical-studies/",
    "timestamp": "unknown"
  },
  {
    "title": "Emerging Fields",
    "link": "https://neurocrine.com/emerging-fields/",
    "timestamp": "unknown"
  },
  {
    "title": "Medicines",
    "link": "https://neurocrine.com/approved-medicines/",
    "timestamp": "unknown"
  },
  {
    "title": "Our CompanyAbout UsLeadershipNews & MediaOur ResponsibilityDE&IFunding & Support Requests PortalBusiness Development",
    "link": "https://neurocrine.com/about-us/",
    "timestamp": "unknown"
  },
  {
    "title": "About Us",
    "link": "https://neurocrine.com/about-us/",
    "timestamp": "unknown"
  },
  {
    "title": "Leadership",
    "link": "https://neurocrine.com/leadership/",
    "timestamp": "unknown"
  },
  {
    "title": "News & Media",
    "link": "https://neurocrine.com/news-media/",
    "timestamp": "unknown"
  },
  {
    "title": "Our Responsibility",
    "link": "https://neurocrine.com/our-responsibility/",
    "timestamp": "unknown"
  },
  {
    "title": "DE&I",
    "link": "https://neurocrine.com/dei/",
    "timestamp": "unknown"
  },
  {
    "title": "Funding & Support Requests Portal",
    "link": "https://neurocrine.com/funding-support-requests-portal/",
    "timestamp": "unknown"
  },
  {
    "title": "Business Development",
    "link": "https://neurocrine.com/business-development/",
    "timestamp": "unknown"
  },
  {
    "title": "CareersMeet Our PeopleWork With UsTotal Rewards",
    "link": "https://neurocrine.com/meet-our-people/",
    "timestamp": "unknown"
  },
  {
    "title": "Meet Our People",
    "link": "https://neurocrine.com/meet-our-people/",
    "timestamp": "unknown"
  },
  {
    "title": "Work With Us",
    "link": "https://neurocrine.com/work-with-us/",
    "timestamp": "unknown"
  },
  {
    "title": "Total Rewards",
    "link": "https://neurocrine.com/explore-our-benefits/",
    "timestamp": "unknown"
  },
  {
    "title": "Investors",
    "link": "https://www.neurocrine.com/investors/",
    "timestamp": "unknown"
  },
  {
    "title": "Home>Investors>Placeholder",
    "link": "https://neurocrine.com/",
    "timestamp": "unknown"
  },
  {
    "title": "Home>",
    "link": "https://neurocrine.com/",
    "timestamp": "unknown"
  },
  {
    "title": "Investors>",
    "link": "https://www.neurocrine.com/investors/",
    "timestamp": "unknown"
  },
  {
    "title": "InvestorsNews ReleasesWebcasts & PresentationsFinancial CommunicationsSEC FilingsAnnual MeetingsAnnual ReportsCorporate GovernanceSustainabilityStock ",
    "link": "https://neurocrine.gcs-web.com/investors/news-releases",
    "timestamp": "unknown"
  },
  {
    "title": "News Releases",
    "link": "https://neurocrine.gcs-web.com/investors/news-releases",
    "timestamp": "unknown"
  },
  {
    "title": "Webcasts & Presentations",
    "link": "https://neurocrine.com/investors/webcasts-presentations/",
    "timestamp": "unknown"
  },
  {
    "title": "Financial CommunicationsSEC FilingsAnnual MeetingsAnnual Reports",
    "link": "https://neurocrine.gcs-web.com/investors/sec-filings",
    "timestamp": "unknown"
  },
  {
    "title": "SEC Filings",
    "link": "https://neurocrine.gcs-web.com/investors/sec-filings",
    "timestamp": "unknown"
  },
  {
    "title": "Annual Meetings",
    "link": "https://neurocrine.com/investors/annual-meetings/",
    "timestamp": "unknown"
  },
  {
    "title": "Annual Reports",
    "link": "https://neurocrine.com/investors/annual-reports/",
    "timestamp": "unknown"
  },
  {
    "title": "Corporate Governance",
    "link": "https://neurocrine.com/investors/corporate-governance/",
    "timestamp": "unknown"
  },
  {
    "title": "Sustainability",
    "link": "https://neurocrine.com/investors/sustainability/",
    "timestamp": "unknown"
  },
  {
    "title": "Stock InformationStock QuoteShareholder ContactsAnalyst Coverage",
    "link": "https://neurocrine.gcs-web.com/investors/stock-quote",
    "timestamp": "unknown"
  },
  {
    "title": "Stock Quote",
    "link": "https://neurocrine.gcs-web.com/investors/stock-quote",
    "timestamp": "unknown"
  },
  {
    "title": "Shareholder Contacts",
    "link": "https://neurocrine.gcs-web.com/investors/shareholder-contacts",
    "timestamp": "unknown"
  },
  {
    "title": "Analyst Coverage",
    "link": "https://neurocrine.gcs-web.com/investors/analyst-coverage",
    "timestamp": "unknown"
  },
  {
    "title": "Home>Investors>Placeholder",
    "link": "https://neurocrine.com/",
    "timestamp": "unknown"
  },
  {
    "title": "Home>",
    "link": "https://neurocrine.com/",
    "timestamp": "unknown"
  },
  {
    "title": "Investors>",
    "link": "https://www.neurocrine.com/investors/",
    "timestamp": "unknown"
  },
  {
    "title": "SEC Filing SearchSEC Filing Keyword SearchGroupAll,,Annual FilingsCurrent ReportsMergers & AcquisitionsOtherProxy FilingsQuarterly FilingsRegistration",
    "link": "https://neurocrine.gcs-web.com/investors/sec-filings?items_per_page=&order=field_nir_sec_date_filed&sort=asc",
    "timestamp": "unknown"
  },
  {
    "title": "SEC Filing SearchSEC Filing Keyword SearchGroupAll,,Annual FilingsCurrent ReportsMergers & AcquisitionsOtherProxy FilingsQuarterly FilingsRegistration",
    "link": "https://neurocrine.gcs-web.com/investors/sec-filings?items_per_page=&order=field_nir_sec_date_filed&sort=asc",
    "timestamp": "unknown"
  },
  {
    "title": "SEC Filing SearchSEC Filing Keyword SearchGroupAll,,Annual FilingsCurrent ReportsMergers & AcquisitionsOtherProxy FilingsQuarterly FilingsRegistration",
    "link": "https://neurocrine.gcs-web.com/investors/sec-filings?items_per_page=&order=field_nir_sec_date_filed&sort=asc",
    "timestamp": "unknown"
  },
  {
    "title": "SEC Filing SearchSEC Filing Keyword SearchGroupAll,,Annual FilingsCurrent ReportsMergers & AcquisitionsOtherProxy FilingsQuarterly FilingsRegistration",
    "link": "https://neurocrine.gcs-web.com/investors/sec-filings?items_per_page=&order=field_nir_sec_date_filed&sort=asc",
    "timestamp": "unknown"
  },
  {
    "title": "SEC Filing SearchSEC Filing Keyword SearchGroupAll,,Annual FilingsCurrent ReportsMergers & AcquisitionsOtherProxy FilingsQuarterly FilingsRegistration",
    "link": "https://neurocrine.gcs-web.com/investors/sec-filings?items_per_page=&order=field_nir_sec_date_filed&sort=asc",
    "timestamp": "unknown"
  },
  {
    "title": "SEC Filing SearchSEC Filing Keyword SearchGroupAll,,Annual FilingsCurrent ReportsMergers & AcquisitionsOtherProxy FilingsQuarterly FilingsRegistration",
    "link": "https://neurocrine.gcs-web.com/investors/sec-filings?items_per_page=&order=field_nir_sec_date_filed&sort=asc",
    "timestamp": "unknown"
  },
  {
    "title": "SEC Filing SearchSEC Filing Keyword SearchGroupAll,,Annual FilingsCurrent ReportsMergers & AcquisitionsOtherProxy FilingsQuarterly FilingsRegistration",
    "link": "https://neurocrine.gcs-web.com/investors/sec-filings?items_per_page=&order=field_nir_sec_date_filed&sort=asc",
    "timestamp": "unknown"
  },
  {
    "title": "SEC Filing Keyword SearchGroupAll,,Annual FilingsCurrent ReportsMergers & AcquisitionsOtherProxy FilingsQuarterly FilingsRegistration StatementsFiling",
    "link": "https://neurocrine.gcs-web.com/investors/sec-filings?items_per_page=&order=field_nir_sec_date_filed&sort=asc",
    "timestamp": "unknown"
  },
  {
    "title": "SEC Filing Keyword SearchGroupAll,,Annual FilingsCurrent ReportsMergers & AcquisitionsOtherProxy FilingsQuarterly FilingsRegistration StatementsFiling",
    "link": "https://neurocrine.gcs-web.com/investors/sec-filings?items_per_page=&order=field_nir_sec_date_filed&sort=asc",
    "timestamp": "unknown"
  },
  {
    "title": "SEC Filing Keyword SearchGroupAll,,Annual FilingsCurrent ReportsMergers & AcquisitionsOtherProxy FilingsQuarterly FilingsRegistration StatementsFiling",
    "link": "https://neurocrine.gcs-web.com/investors/sec-filings?items_per_page=&order=field_nir_sec_date_filed&sort=asc",
    "timestamp": "unknown"
  },
  {
    "title": "GroupAll,,Annual FilingsCurrent ReportsMergers & AcquisitionsOtherProxy FilingsQuarterly FilingsRegistration StatementsFiling yearAllFiling DateFormDe",
    "link": "https://neurocrine.gcs-web.com/investors/sec-filings?items_per_page=&order=field_nir_sec_date_filed&sort=asc",
    "timestamp": "unknown"
  },
  {
    "title": "GroupAll,,Annual FilingsCurrent ReportsMergers & AcquisitionsOtherProxy FilingsQuarterly FilingsRegistration StatementsFiling yearAllFiling DateFormDe",
    "link": "https://neurocrine.gcs-web.com/investors/sec-filings?items_per_page=&order=field_nir_sec_date_filed&sort=asc",
    "timestamp": "unknown"
  },
  {
    "title": "GroupAll,,Annual FilingsCurrent ReportsMergers & AcquisitionsOtherProxy FilingsQuarterly FilingsRegistration StatementsFiling yearAllFiling DateFormDe",
    "link": "https://neurocrine.gcs-web.com/investors/sec-filings?items_per_page=&order=field_nir_sec_date_filed&sort=asc",
    "timestamp": "unknown"
  },
  {
    "title": "Filing DateFormDescriptionFiling GroupView//-QQuarterly report which provides a continuing view of a company's financial positionQuarterly Filings--.r",
    "link": "https://neurocrine.gcs-web.com/investors/sec-filings?items_per_page=&order=field_nir_sec_date_filed&sort=asc",
    "timestamp": "unknown"
  },
  {
    "title": "Filing DateFormDescriptionFiling GroupView",
    "link": "https://neurocrine.gcs-web.com/investors/sec-filings?items_per_page=&order=field_nir_sec_date_filed&sort=asc",
    "timestamp": "unknown"
  },
  {
    "title": "//-QQuarterly report which provides a continuing view of a company's financial positionQuarterly Filings--.rtf--.xls--.pdf",
    "link": "https://neurocrine.gcs-web.com/sec-filings/sec-filing/-q/--",
    "timestamp": "unknown"
  },
  {
    "title": "--.rtf--.xls--.pdf",
    "link": "https://neurocrine.gcs-web.com/static-files/e42ef441-9a6f-4fcf-94dd-417e717128bd",
    "timestamp": "unknown"
  },
  {
    "title": "--.rtf",
    "link": "https://neurocrine.gcs-web.com/static-files/e42ef441-9a6f-4fcf-94dd-417e717128bd",
    "timestamp": "unknown"
  },
  {
    "title": "--.xls",
    "link": "https://neurocrine.gcs-web.com/static-files/3aa5f9db-fb87-463a-8d26-65c9ecd3f1c8",
    "timestamp": "unknown"
  },
  {
    "title": "--.pdf",
    "link": "https://neurocrine.gcs-web.com/static-files/d393a12d--4e51-bced-0ea8d0b6befc",
    "timestamp": "unknown"
  },
  {
    "title": "//-KReport of unscheduled material events or corporate eventCurrent Reports--.rtf--.xls--.pdf",
    "link": "https://neurocrine.gcs-web.com/sec-filings/sec-filing/-k/--",
    "timestamp": "unknown"
  },
  {
    "title": "--.rtf--.xls--.pdf",
    "link": "https://neurocrine.gcs-web.com/static-files/80b91eb8--4dab-89b2-3c54c9cf46e6",
    "timestamp": "unknown"
  },
  {
    "title": "--.rtf",
    "link": "https://neurocrine.gcs-web.com/static-files/80b91eb8--4dab-89b2-3c54c9cf46e6",
    "timestamp": "unknown"
  },
  {
    "title": "--.xls",
    "link": "https://neurocrine.gcs-web.com/static-files/494386bc-592f-4bbc-bcbc-eb600ed970d9",
    "timestamp": "unknown"
  },
  {
    "title": "--.pdf",
    "link": "https://neurocrine.gcs-web.com/static-files/03172f27-303c-46a1-a14b-6bb723372990",
    "timestamp": "unknown"
  },
  {
    "title": "//Statement of changes in beneficial ownership of securities,,--.rtf--.xls--.pdf",
    "link": "https://neurocrine.gcs-web.com/sec-filings/sec-filing//--",
    "timestamp": "unknown"
  },
  {
    "title": "--.rtf--.xls--.pdf",
    "link": "https://neurocrine.gcs-web.com/static-files/9851ebeb-f9e4-44b5-b44d-4677dceb7005",
    "timestamp": "unknown"
  },
  {
    "title": "--.rtf",
    "link": "https://neurocrine.gcs-web.com/static-files/9851ebeb-f9e4-44b5-b44d-4677dceb7005",
    "timestamp": "unknown"
  },
  {
    "title": "--.xls",
    "link": "https://neurocrine.gcs-web.com/static-files/b0812632-6bc7-48c7-b7b9-f277099cfbb3",
    "timestamp": "unknown"
  },
  {
    "title": "--.pdf",
    "link": "https://neurocrine.gcs-web.com/static-files/4763e108-f927-40ed-bc45-15073c64630d",
    "timestamp": "unknown"
  },
  {
    "title": "//Statement of changes in beneficial ownership of securities,,--.rtf--.xls--.pdf",
    "link": "https://neurocrine.gcs-web.com/sec-filings/sec-filing//--",
    "timestamp": "unknown"
  },
  {
    "title": "--.rtf--.xls--.pdf",
    "link": "https://neurocrine.gcs-web.com/static-files/5a214703-3b03-473a--a554cbf5c76d",
    "timestamp": "unknown"
  },
  {
    "title": "--.rtf",
    "link": "https://neurocrine.gcs-web.com/static-files/5a214703-3b03-473a--a554cbf5c76d",
    "timestamp": "unknown"
  },
  {
    "title": "--.xls",
    "link": "https://neurocrine.gcs-web.com/static-files/09b5c29a-f273--a9bd-63dd4db9af81",
    "timestamp": "unknown"
  },
  {
    "title": "--.pdf",
    "link": "https://neurocrine.gcs-web.com/static-files/8847a4c7-1e23--877c-c06f2e907c38",
    "timestamp": "unknown"
  },
  {
    "title": "//Filed by \"insiders\" prior intended sale of restricted stock. Non-EDGAR filingOther--.rtf--.pdf",
    "link": "https://neurocrine.gcs-web.com/sec-filings/sec-filing//--",
    "timestamp": "unknown"
  },
  {
    "title": "--.rtf--.pdf",
    "link": "https://neurocrine.gcs-web.com/static-files/99223a23-d6e3-4ad5-966b-02238d13b00a",
    "timestamp": "unknown"
  },
  {
    "title": "--.rtf",
    "link": "https://neurocrine.gcs-web.com/static-files/99223a23-d6e3-4ad5-966b-02238d13b00a",
    "timestamp": "unknown"
  },
  {
    "title": "--.pdf",
    "link": "https://neurocrine.gcs-web.com/static-files/afc8d8b9-e803-4d89--2cb4cd82c68b",
    "timestamp": "unknown"
  },
  {
    "title": "//Statement of changes in beneficial ownership of securities,,--.rtf--.xls--.pdf",
    "link": "https://neurocrine.gcs-web.com/sec-filings/sec-filing//--",
    "timestamp": "unknown"
  },
  {
    "title": "--.rtf--.xls--.pdf",
    "link": "https://neurocrine.gcs-web.com/static-files/d84a0dcc-d5d2-47ec-ad18-f8da6bd80f96",
    "timestamp": "unknown"
  },
  {
    "title": "--.rtf",
    "link": "https://neurocrine.gcs-web.com/static-files/d84a0dcc-d5d2-47ec-ad18-f8da6bd80f96",
    "timestamp": "unknown"
  },
  {
    "title": "--.xls",
    "link": "https://neurocrine.gcs-web.com/static-files/6ed87fa6-45d5--be62-fea93da5e6ff",
    "timestamp": "unknown"
  },
  {
    "title": "--.pdf",
    "link": "https://neurocrine.gcs-web.com/static-files/c012bf03-f9e2-4ec8-a206-f14734b8b017",
    "timestamp": "unknown"
  },
  {
    "title": "//Filed by \"insiders\" prior intended sale of restricted stock. Non-EDGAR filingOther--.rtf--.pdf",
    "link": "https://neurocrine.gcs-web.com/sec-filings/sec-filing//--",
    "timestamp": "unknown"
  },
  {
    "title": "--.rtf--.pdf",
    "link": "https://neurocrine.gcs-web.com/static-files/eac840fe-5acb-4ca3-9fb8-0b5174392383",
    "timestamp": "unknown"
  },
  {
    "title": "--.rtf",
    "link": "https://neurocrine.gcs-web.com/static-files/eac840fe-5acb-4ca3-9fb8-0b5174392383",
    "timestamp": "unknown"
  },
  {
    "title": "--.pdf",
    "link": "https://neurocrine.gcs-web.com/static-files/95d53691-be38-4f47-a0cf-46e2b891dd8e",
    "timestamp": "unknown"
  },
  {
    "title": "//Initial filing by director officer or owner of more than ten percent,,--.rtf--.xls--.pdf",
    "link": "https://neurocrine.gcs-web.com/sec-filings/sec-filing//--",
    "timestamp": "unknown"
  },
  {
    "title": "--.rtf--.xls--.pdf",
    "link": "https://neurocrine.gcs-web.com/static-files/7b7b59cd-c627--ab3a-",
    "timestamp": "unknown"
  },
  {
    "title": "--.rtf",
    "link": "https://neurocrine.gcs-web.com/static-files/7b7b59cd-c627--ab3a-",
    "timestamp": "unknown"
  },
  {
    "title": "--.xls",
    "link": "https://neurocrine.gcs-web.com/static-files/135510b8-5db9--80f2-a203dae04061",
    "timestamp": "unknown"
  },
  {
    "title": "--.pdf",
    "link": "https://neurocrine.gcs-web.com/static-files/250491ef-5f85---4e9d33786185",
    "timestamp": "unknown"
  },
  {
    "title": "//Statement of changes in beneficial ownership of securities,,--.rtf--.xls--.pdf",
    "link": "https://neurocrine.gcs-web.com/sec-filings/sec-filing//--",
    "timestamp": "unknown"
  },
  {
    "title": "--.rtf--.xls--.pdf",
    "link": "https://neurocrine.gcs-web.com/static-files/bd960e3a---8e24-ad4325852f3d",
    "timestamp": "unknown"
  },
  {
    "title": "--.rtf",
    "link": "https://neurocrine.gcs-web.com/static-files/bd960e3a---8e24-ad4325852f3d",
    "timestamp": "unknown"
  },
  {
    "title": "--.xls",
    "link": "https://neurocrine.gcs-web.com/static-files/ce3bc58d-dee4-4cc8-8a5a-e13a94883b86",
    "timestamp": "unknown"
  },
  {
    "title": "--.pdf",
    "link": "https://neurocrine.gcs-web.com/static-files/363a606a---a657-935fcec00b82",
    "timestamp": "unknown"
  },
  {
    "title": "//-KReport of unscheduled material events or corporate eventCurrent Reports--.rtf--.xls--.pdf",
    "link": "https://neurocrine.gcs-web.com/sec-filings/sec-filing/-k/--",
    "timestamp": "unknown"
  },
  {
    "title": "--.rtf--.xls--.pdf",
    "link": "https://neurocrine.gcs-web.com/static-files/4c2832f3-9eee--939a-8a558d70776b",
    "timestamp": "unknown"
  },
  {
    "title": "--.rtf",
    "link": "https://neurocrine.gcs-web.com/static-files/4c2832f3-9eee--939a-8a558d70776b",
    "timestamp": "unknown"
  },
  {
    "title": "--.xls",
    "link": "https://neurocrine.gcs-web.com/static-files/5ba7c212---892f-21b773048b23",
    "timestamp": "unknown"
  },
  {
    "title": "--.pdf",
    "link": "https://neurocrine.gcs-web.com/static-files/afddab6d-1c85-43de-9b0c-18b9e243ff18",
    "timestamp": "unknown"
  },
  {
    "title": "Current pagePagePage\u2026Next page\u203aLast page\u00bb",
    "link": "https://neurocrine.gcs-web.com/investors/sec-filings?&field_nir_sec_cik_target_id=&field_nir_sec_date_filed_value=&&&items_per_page_toggle=&page=",
    "timestamp": "unknown"
  },
  {
    "title": "Current pagePagePage\u2026Next page\u203aLast page\u00bb",
    "link": "https://neurocrine.gcs-web.com/investors/sec-filings?&field_nir_sec_cik_target_id=&field_nir_sec_date_filed_value=&&&items_per_page_toggle=&page=",
    "timestamp": "unknown"
  },
  {
    "title": "Current page",
    "link": "https://neurocrine.gcs-web.com/investors/sec-filings?&field_nir_sec_cik_target_id=&field_nir_sec_date_filed_value=&&&items_per_page_toggle=&page=",
    "timestamp": "unknown"
  },
  {
    "title": "Page",
    "link": "https://neurocrine.gcs-web.com/investors/sec-filings?&field_nir_sec_cik_target_id=&field_nir_sec_date_filed_value=&&&items_per_page_toggle=&page=",
    "timestamp": "unknown"
  },
  {
    "title": "Page",
    "link": "https://neurocrine.gcs-web.com/investors/sec-filings?&field_nir_sec_cik_target_id=&field_nir_sec_date_filed_value=&&&items_per_page_toggle=&page=",
    "timestamp": "unknown"
  },
  {
    "title": "Next page\u203a",
    "link": "https://neurocrine.gcs-web.com/investors/sec-filings?&field_nir_sec_cik_target_id=&field_nir_sec_date_filed_value=&&&items_per_page_toggle=&page=",
    "timestamp": "unknown"
  },
  {
    "title": "Last page\u00bb",
    "link": "https://neurocrine.gcs-web.com/investors/sec-filings?&field_nir_sec_cik_target_id=&field_nir_sec_date_filed_value=&&&items_per_page_toggle=&page=",
    "timestamp": "unknown"
  },
  {
    "title": "Data provided byKaleidoscope.",
    "link": "https://www.kscope.io",
    "timestamp": "unknown"
  },
  {
    "title": "Data provided byKaleidoscope.",
    "link": "https://www.kscope.io",
    "timestamp": "unknown"
  },
  {
    "title": "ResourcesEmail AlertsAnnual ReportWebcasts & Presentations",
    "link": "https://neurocrine.gcs-web.com/investors/email-alerts",
    "timestamp": "unknown"
  },
  {
    "title": "ResourcesEmail AlertsAnnual ReportWebcasts & Presentations",
    "link": "https://neurocrine.gcs-web.com/investors/email-alerts",
    "timestamp": "unknown"
  },
  {
    "title": "Email AlertsAnnual ReportWebcasts & Presentations",
    "link": "https://neurocrine.gcs-web.com/investors/email-alerts",
    "timestamp": "unknown"
  },
  {
    "title": "Email Alerts",
    "link": "https://neurocrine.gcs-web.com/investors/email-alerts",
    "timestamp": "unknown"
  },
  {
    "title": "Annual Report",
    "link": "https://neurocrine.gcs-web.com/static-files/50fee019-44d1-489d-b4ea-0c21d8935748",
    "timestamp": "unknown"
  },
  {
    "title": "Webcasts & Presentations",
    "link": "https://www.neurocrine.com/investors/webcasts-presentations/",
    "timestamp": "unknown"
  },
  {
    "title": "Contact",
    "link": "https://neurocrine.com/contact-us/",
    "timestamp": "unknown"
  },
  {
    "title": "Terms & Conditions",
    "link": "https://neurocrine.com/terms-conditions/",
    "timestamp": "unknown"
  },
  {
    "title": "Privacy Policy",
    "link": "https://neurocrine.com/privacy-policy/",
    "timestamp": "unknown"
  },
  {
    "title": "Accessibility",
    "link": "https://neurocrine.com/accessibility/",
    "timestamp": "unknown"
  },
  {
    "title": "Sitemap",
    "link": "https://neurocrine.com/sitemap/",
    "timestamp": "unknown"
  },
  {
    "title": "Follow us",
    "link": "https://www.facebook.com/Neurocrine/",
    "timestamp": "unknown"
  }
]