[
  {
    "title": "Contact usAA\u65e5\u672c\u8a9e\u65e5\u672c\u8a9eSearchAbout Our GroupOur BusinessesInvestor RelationsSustainability",
    "link": "https://www.otsuka.com/en/",
    "timestamp": "unknown"
  },
  {
    "title": "Contact usAA\u65e5\u672c\u8a9e\u65e5\u672c\u8a9eSearchAbout Our GroupOur BusinessesInvestor RelationsSustainability",
    "link": "https://www.otsuka.com/en/contact/",
    "timestamp": "unknown"
  },
  {
    "title": "Contact usAA\u65e5\u672c\u8a9e\u65e5\u672c\u8a9eSearch",
    "link": "https://www.otsuka.com/en/contact/",
    "timestamp": "unknown"
  },
  {
    "title": "Contact us",
    "link": "https://www.otsuka.com/en/contact/",
    "timestamp": "unknown"
  },
  {
    "title": "Contact us",
    "link": "https://www.otsuka.com/en/contact/",
    "timestamp": "unknown"
  },
  {
    "title": "AA",
    "link": "javascript:void();",
    "timestamp": "unknown"
  },
  {
    "title": "A",
    "link": "javascript:void();",
    "timestamp": "unknown"
  },
  {
    "title": "A",
    "link": "javascript:void();",
    "timestamp": "unknown"
  },
  {
    "title": "\u65e5\u672c\u8a9e\u65e5\u672c\u8a9e",
    "link": "javascript:jump();",
    "timestamp": "unknown"
  },
  {
    "title": "Search",
    "link": "javascript:void();",
    "timestamp": "unknown"
  },
  {
    "title": "Search",
    "link": "javascript:void();",
    "timestamp": "unknown"
  },
  {
    "title": "About Our Group",
    "link": "https://www.otsuka.com/en/company/",
    "timestamp": "unknown"
  },
  {
    "title": "Our Businesses",
    "link": "https://www.otsuka.com/en/rd/",
    "timestamp": "unknown"
  },
  {
    "title": "Investor Relations",
    "link": "https://www.otsuka.com/en/ir/",
    "timestamp": "unknown"
  },
  {
    "title": "Sustainability",
    "link": "https://www.otsuka.com/en/sustainability/",
    "timestamp": "unknown"
  },
  {
    "title": "HOMEAbout Our GroupAbout Our GroupAbout Our GroupCorporate PhilosophyMessage from the CEOOtsuka Group Global Code of Business EthicsCorporate ProfileT",
    "link": "https://www.otsuka.com/en/",
    "timestamp": "unknown"
  },
  {
    "title": "HOMEAbout Our GroupAbout Our GroupAbout Our GroupCorporate PhilosophyMessage from the CEOOtsuka Group Global Code of Business EthicsCorporate ProfileT",
    "link": "https://www.otsuka.com/en/",
    "timestamp": "unknown"
  },
  {
    "title": "HOME",
    "link": "https://www.otsuka.com/en/",
    "timestamp": "unknown"
  },
  {
    "title": "About Our GroupAbout Our GroupAbout Our GroupCorporate PhilosophyMessage from the CEOOtsuka Group Global Code of Business EthicsCorporate ProfileThe O",
    "link": "https://www.otsuka.com/en/company/",
    "timestamp": "unknown"
  },
  {
    "title": "About Our GroupAbout Our Group",
    "link": "https://www.otsuka.com/en/company/",
    "timestamp": "unknown"
  },
  {
    "title": "About Our GroupAbout Our Group",
    "link": "https://www.otsuka.com/en/company/",
    "timestamp": "unknown"
  },
  {
    "title": "About Our GroupCorporate PhilosophyMessage from the CEOOtsuka Group Global Code of Business EthicsCorporate ProfileThe Otsuka Group at a GlanceMain Op",
    "link": "https://www.otsuka.com/en/company/",
    "timestamp": "unknown"
  },
  {
    "title": "About Our GroupCorporate PhilosophyMessage from the CEOOtsuka Group Global Code of Business EthicsCorporate ProfileThe Otsuka Group at a GlanceMain Op",
    "link": "https://www.otsuka.com/en/company/",
    "timestamp": "unknown"
  },
  {
    "title": "About Our Group",
    "link": "https://www.otsuka.com/en/company/",
    "timestamp": "unknown"
  },
  {
    "title": "Corporate Philosophy",
    "link": "https://www.otsuka.com/en/company/philosophy/",
    "timestamp": "unknown"
  },
  {
    "title": "Message from the CEO",
    "link": "https://www.otsuka.com/en/company/topmessage/",
    "timestamp": "unknown"
  },
  {
    "title": "Otsuka Group Global Code of Business Ethics",
    "link": "https://www.otsuka.com/en/company/conduct/",
    "timestamp": "unknown"
  },
  {
    "title": "Corporate Profile",
    "link": "https://www.otsuka.com/en/company/overview/",
    "timestamp": "unknown"
  },
  {
    "title": "The Otsuka Group at a Glance",
    "link": "https://www.otsuka.com/en/ir/individual/ataglance.html",
    "timestamp": "unknown"
  },
  {
    "title": "Main Operating Companies",
    "link": "https://www.otsuka.com/en/company/corebusiness/",
    "timestamp": "unknown"
  },
  {
    "title": "Group Companies",
    "link": "https://www.otsuka.com/en/company/group/",
    "timestamp": "unknown"
  },
  {
    "title": "History",
    "link": "https://www.otsuka.com/en/company/history/",
    "timestamp": "unknown"
  },
  {
    "title": "Careers",
    "link": "https://www.otsuka.com/en/company/recruit/",
    "timestamp": "unknown"
  },
  {
    "title": "Initiatives and Commitments",
    "link": "https://www.otsuka.com/en/company/commitment/",
    "timestamp": "unknown"
  },
  {
    "title": "Message from the CEOHistory",
    "link": "https://www.otsuka.com/en/company/topmessage/",
    "timestamp": "unknown"
  },
  {
    "title": "Message from the CEO",
    "link": "https://www.otsuka.com/en/company/topmessage/",
    "timestamp": "unknown"
  },
  {
    "title": "History",
    "link": "https://www.otsuka.com/en/company/history/",
    "timestamp": "unknown"
  },
  {
    "title": "Our BusinessesOur BusinessesOur BusinessesOtsuka's StrengthsMedium-Term Management PlanOtsuka's GrowthOur Four Businesses and R&DOtsuka's StrengthsOur",
    "link": "https://www.otsuka.com/en/rd/",
    "timestamp": "unknown"
  },
  {
    "title": "Our BusinessesOur Businesses",
    "link": "https://www.otsuka.com/en/rd/",
    "timestamp": "unknown"
  },
  {
    "title": "Our BusinessesOur Businesses",
    "link": "https://www.otsuka.com/en/rd/",
    "timestamp": "unknown"
  },
  {
    "title": "Our BusinessesOtsuka's StrengthsMedium-Term Management PlanOtsuka's GrowthOur Four Businesses and R&DOtsuka's StrengthsOur Four Businesses and R&D",
    "link": "https://www.otsuka.com/en/rd/",
    "timestamp": "unknown"
  },
  {
    "title": "Our BusinessesOtsuka's StrengthsMedium-Term Management PlanOtsuka's GrowthOur Four Businesses and R&D",
    "link": "https://www.otsuka.com/en/rd/",
    "timestamp": "unknown"
  },
  {
    "title": "Our Businesses",
    "link": "https://www.otsuka.com/en/rd/",
    "timestamp": "unknown"
  },
  {
    "title": "Otsuka's Strengths",
    "link": "https://www.otsuka.com/en/rd/strength/",
    "timestamp": "unknown"
  },
  {
    "title": "Medium-Term Management Plan",
    "link": "https://www.otsuka.com/en/ir/management/plan.html",
    "timestamp": "unknown"
  },
  {
    "title": "Otsuka's Growth",
    "link": "https://www.otsuka.com/en/rd/growth/",
    "timestamp": "unknown"
  },
  {
    "title": "Our Four Businesses and R&D",
    "link": "https://www.otsuka.com/en/rd/business/",
    "timestamp": "unknown"
  },
  {
    "title": "Otsuka's StrengthsOur Four Businesses and R&D",
    "link": "https://www.otsuka.com/en/rd/strength/",
    "timestamp": "unknown"
  },
  {
    "title": "Otsuka's Strengths",
    "link": "https://www.otsuka.com/en/rd/strength/",
    "timestamp": "unknown"
  },
  {
    "title": "Our Four Businesses and R&D",
    "link": "https://www.otsuka.com/en/rd/business/",
    "timestamp": "unknown"
  },
  {
    "title": "Investor RelationsInvestor RelationsInvestor RelationsIR NewsManagement Policies and StrategiesGovernanceGet to Know the Otsuka GroupIR CalendarBusine",
    "link": "https://www.otsuka.com/en/ir/",
    "timestamp": "unknown"
  },
  {
    "title": "Investor RelationsInvestor Relations",
    "link": "https://www.otsuka.com/en/ir/",
    "timestamp": "unknown"
  },
  {
    "title": "Investor RelationsInvestor Relations",
    "link": "https://www.otsuka.com/en/ir/",
    "timestamp": "unknown"
  },
  {
    "title": "Investor RelationsIR NewsManagement Policies and StrategiesGovernanceGet to Know the Otsuka GroupIR CalendarBusiness Performance and Financial DataIR ",
    "link": "https://www.otsuka.com/en/ir/",
    "timestamp": "unknown"
  },
  {
    "title": "Investor RelationsIR NewsManagement Policies and StrategiesGovernanceGet to Know the Otsuka GroupIR CalendarBusiness Performance and Financial DataIR ",
    "link": "https://www.otsuka.com/en/ir/",
    "timestamp": "unknown"
  },
  {
    "title": "Investor Relations",
    "link": "https://www.otsuka.com/en/ir/",
    "timestamp": "unknown"
  },
  {
    "title": "IR News",
    "link": "https://www.otsuka.com/en/ir/news/",
    "timestamp": "unknown"
  },
  {
    "title": "Management Policies and Strategies",
    "link": "https://www.otsuka.com/en/ir/management/",
    "timestamp": "unknown"
  },
  {
    "title": "Governance",
    "link": "https://www.otsuka.com/en/sustainability/governance/",
    "timestamp": "unknown"
  },
  {
    "title": "Get to Know the Otsuka Group",
    "link": "https://www.otsuka.com/en/ir/individual/",
    "timestamp": "unknown"
  },
  {
    "title": "IR Calendar",
    "link": "https://www.otsuka.com/en/ir/calendar/",
    "timestamp": "unknown"
  },
  {
    "title": "Business Performance and Financial Data",
    "link": "https://www.otsuka.com/en/ir/finance/",
    "timestamp": "unknown"
  },
  {
    "title": "IR Materials",
    "link": "https://www.otsuka.com/en/ir/library/",
    "timestamp": "unknown"
  },
  {
    "title": "Stock Information",
    "link": "https://www.otsuka.com/en/ir/stock/",
    "timestamp": "unknown"
  },
  {
    "title": "Disclaimer",
    "link": "https://www.otsuka.com/en/ir/disclaimer/",
    "timestamp": "unknown"
  },
  {
    "title": "IR Site Map",
    "link": "https://www.otsuka.com/en/ir/sitemap/",
    "timestamp": "unknown"
  },
  {
    "title": "Management MessageIntegrated Report",
    "link": "https://www.otsuka.com/en/ir/management/message/",
    "timestamp": "unknown"
  },
  {
    "title": "Management Message",
    "link": "https://www.otsuka.com/en/ir/management/message/",
    "timestamp": "unknown"
  },
  {
    "title": "Integrated Report",
    "link": "https://www.otsuka.com/en/ir/library/annual.html",
    "timestamp": "unknown"
  },
  {
    "title": "SustainabilitySustainabilitySustainabilitySustainability ManagementSocietyEnvironmentGovernanceEnvironmental ReportLibrarySustainability DataGRI Stand",
    "link": "https://www.otsuka.com/en/sustainability/",
    "timestamp": "unknown"
  },
  {
    "title": "SustainabilitySustainability",
    "link": "https://www.otsuka.com/en/sustainability/",
    "timestamp": "unknown"
  },
  {
    "title": "SustainabilitySustainability",
    "link": "https://www.otsuka.com/en/sustainability/",
    "timestamp": "unknown"
  },
  {
    "title": "SustainabilitySustainability ManagementSocietyEnvironmentGovernanceEnvironmental ReportLibrarySustainability DataGRI Standards Content IndexManagement",
    "link": "https://www.otsuka.com/en/sustainability/",
    "timestamp": "unknown"
  },
  {
    "title": "SustainabilitySustainability ManagementSocietyEnvironmentGovernanceEnvironmental ReportLibrarySustainability DataGRI Standards Content Index",
    "link": "https://www.otsuka.com/en/sustainability/",
    "timestamp": "unknown"
  },
  {
    "title": "Sustainability",
    "link": "https://www.otsuka.com/en/sustainability/",
    "timestamp": "unknown"
  },
  {
    "title": "Sustainability Management",
    "link": "https://www.otsuka.com/en/sustainability/hd_activity/",
    "timestamp": "unknown"
  },
  {
    "title": "Society",
    "link": "https://www.otsuka.com/en/sustainability/society/",
    "timestamp": "unknown"
  },
  {
    "title": "Environment",
    "link": "https://www.otsuka.com/en/sustainability/environment/",
    "timestamp": "unknown"
  },
  {
    "title": "Governance",
    "link": "https://www.otsuka.com/en/sustainability/governance/",
    "timestamp": "unknown"
  },
  {
    "title": "Environmental Report",
    "link": "https://www.otsuka.com/en/sustainability/environmental_report.html",
    "timestamp": "unknown"
  },
  {
    "title": "Library",
    "link": "https://www.otsuka.com/en/sustainability/library/",
    "timestamp": "unknown"
  },
  {
    "title": "Sustainability Data",
    "link": "https://www.otsuka.com/en/sustainability/data/",
    "timestamp": "unknown"
  },
  {
    "title": "GRI Standards Content Index",
    "link": "https://www.otsuka.com/en/sustainability/gri_content_index.html",
    "timestamp": "unknown"
  },
  {
    "title": "Management and Sustainability of Otsuka GroupMateriality",
    "link": "https://www.otsuka.com/en/sustainability/hd_activity/sustainability.html",
    "timestamp": "unknown"
  },
  {
    "title": "Management and Sustainability of Otsuka Group",
    "link": "https://www.otsuka.com/en/sustainability/hd_activity/sustainability.html",
    "timestamp": "unknown"
  },
  {
    "title": "Materiality",
    "link": "https://www.otsuka.com/en/sustainability/hd_activity/materiality.html",
    "timestamp": "unknown"
  },
  {
    "title": "\u65e5\u672c\u8a9eContact Us",
    "link": "https://www.otsuka.com/jp/",
    "timestamp": "unknown"
  },
  {
    "title": "\u65e5\u672c\u8a9e",
    "link": "https://www.otsuka.com/jp/",
    "timestamp": "unknown"
  },
  {
    "title": "Contact Us",
    "link": "https://www.otsuka.com/en/contact/",
    "timestamp": "unknown"
  },
  {
    "title": "CLOSE",
    "link": "javascript:void();",
    "timestamp": "unknown"
  },
  {
    "title": "HOMEOtsuka Group News",
    "link": "https://www.otsuka.com/en/",
    "timestamp": "unknown"
  },
  {
    "title": "HOMEOtsuka Group News",
    "link": "https://www.otsuka.com/en/",
    "timestamp": "unknown"
  },
  {
    "title": "HOME",
    "link": "https://www.otsuka.com/en/",
    "timestamp": "unknown"
  },
  {
    "title": "PRINT",
    "link": "javascript:window.print();",
    "timestamp": "unknown"
  },
  {
    "title": "Keyword searchAdd search criteriaSearch by companyOtsuka HoldingsOtsuka PharmaceuticalOtsuka Pharmaceutical FactoryTaiho PharmaceuticalOtsuka Warehous",
    "link": "javascript:void();",
    "timestamp": "unknown"
  },
  {
    "title": "Keyword searchAdd search criteriaSearch by companyOtsuka HoldingsOtsuka PharmaceuticalOtsuka Pharmaceutical FactoryTaiho PharmaceuticalOtsuka Warehous",
    "link": "javascript:void();",
    "timestamp": "unknown"
  },
  {
    "title": "Keyword searchAdd search criteriaSearch by companyOtsuka HoldingsOtsuka PharmaceuticalOtsuka Pharmaceutical FactoryTaiho PharmaceuticalOtsuka Warehous",
    "link": "javascript:void();",
    "timestamp": "unknown"
  },
  {
    "title": "Keyword searchAdd search criteriaSearch by companyOtsuka HoldingsOtsuka PharmaceuticalOtsuka Pharmaceutical FactoryTaiho PharmaceuticalOtsuka Warehous",
    "link": "javascript:void();",
    "timestamp": "unknown"
  },
  {
    "title": "Add search criteria",
    "link": "javascript:void();",
    "timestamp": "unknown"
  },
  {
    "title": "Add search criteria",
    "link": "javascript:void();",
    "timestamp": "unknown"
  },
  {
    "title": "July ,Otsuka HoldingsOtsuka Holdings Launches Otsuka Digital Academy to Further Accelerate the Development of Digital Human ResourcesJuly ,Otsuka Phar",
    "link": "https://www.otsuka.com/en/group_news/detail.php?id=",
    "timestamp": "unknown"
  },
  {
    "title": "July ,Otsuka HoldingsOtsuka Holdings Launches Otsuka Digital Academy to Further Accelerate the Development of Digital Human Resources",
    "link": "https://www.otsuka.com/en/group_news/detail.php?id=",
    "timestamp": "unknown"
  },
  {
    "title": "Otsuka Holdings Launches Otsuka Digital Academy to Further Accelerate the Development of Digital Human Resources",
    "link": "https://www.otsuka.com/en/group_news/detail.php?id=",
    "timestamp": "unknown"
  },
  {
    "title": "July ,Otsuka PharmaceuticalFree Outdoor Live Music Event \u201cEXCITING SUMMER in WAJIKI \u201d  Live Stage Will Run on Solar Power  Promoting More Sustainable ",
    "link": "https://www.otsuka.co.jp/en/company/newsreleases//20250723_1.html",
    "timestamp": "unknown"
  },
  {
    "title": "Free Outdoor Live Music Event \u201cEXCITING SUMMER in WAJIKI \u201d  Live Stage Will Run on Solar Power  Promoting More Sustainable Event Experience",
    "link": "https://www.otsuka.co.jp/en/company/newsreleases//20250723_1.html",
    "timestamp": "unknown"
  },
  {
    "title": "July ,Otsuka PharmaceuticalOtsuka and Lundbeck Issue Statement on U.S. Food and Drug Administration (FDA) Advisory Committee Meeting on REXULTI\u00ae (brex",
    "link": "https://www.otsuka.co.jp/en/company/newsreleases//20250719_1.html",
    "timestamp": "unknown"
  },
  {
    "title": "Otsuka and Lundbeck Issue Statement on U.S. Food and Drug Administration (FDA) Advisory Committee Meeting on REXULTI\u00ae (brexpiprazole) in Combination w",
    "link": "https://www.otsuka.co.jp/en/company/newsreleases//20250719_1.html",
    "timestamp": "unknown"
  },
  {
    "title": "July ,Otsuka PharmaceuticalOtsuka Acquires Worldwide Rights to Cantargia\u2019s CAN10 for Development and Commercialization as a Potential Treatment for Au",
    "link": "https://www.otsuka.co.jp/en/company/newsreleases//20250715_1.html",
    "timestamp": "unknown"
  },
  {
    "title": "Otsuka Acquires Worldwide Rights to Cantargia\u2019s CAN10 for Development and Commercialization as a Potential Treatment for Autoimmune Diseases",
    "link": "https://www.otsuka.co.jp/en/company/newsreleases//20250715_1.html",
    "timestamp": "unknown"
  },
  {
    "title": "July ,Otsuka HoldingsOtsuka Holdings Selected as a Constituent of ESG Investment Indexes: FTSE4Good Index Series, FTSE Blossom Japan Index, and FTSE B",
    "link": "https://www.otsuka.com/en/group_news/detail.php?id=",
    "timestamp": "unknown"
  },
  {
    "title": "Otsuka Holdings Selected as a Constituent of ESG Investment Indexes: FTSE4Good Index Series, FTSE Blossom Japan Index, and FTSE Blossom Japan Sector R",
    "link": "https://www.otsuka.com/en/group_news/detail.php?id=",
    "timestamp": "unknown"
  },
  {
    "title": "July ,Taiho PharmaceuticalTaiho Pharmaceutical and Taiho Oncology Announce U.S. FDA Acceptance of Supplemental New Drug Application for INQOVI\u00ae in Com",
    "link": "https://www.taiho.co.jp/en/release//.html",
    "timestamp": "unknown"
  },
  {
    "title": "Taiho Pharmaceutical and Taiho Oncology Announce U.S. FDA Acceptance of Supplemental New Drug Application for INQOVI\u00ae in Combination with Venetoclax t",
    "link": "https://www.taiho.co.jp/en/release//.html",
    "timestamp": "unknown"
  },
  {
    "title": "July ,Otsuka PharmaceuticalOtsuka Pharmaceutical Launches Sales of POCARI SWEAT in India Expanding the Nutraceutical Business Globally",
    "link": "https://www.otsuka.co.jp/en/company/newsreleases//20250709_1.html",
    "timestamp": "unknown"
  },
  {
    "title": "Otsuka Pharmaceutical Launches Sales of POCARI SWEAT in India Expanding the Nutraceutical Business Globally",
    "link": "https://www.otsuka.co.jp/en/company/newsreleases//20250709_1.html",
    "timestamp": "unknown"
  },
  {
    "title": "July ,Taiho PharmaceuticalPhase III Clinical Study with Therapeutic Drug for Duchenne Muscular Dystrophy  (TAS-) in Japan Did Not Meet Its Primary End",
    "link": "https://www.taiho.co.jp/en/release//.html",
    "timestamp": "unknown"
  },
  {
    "title": "Phase III Clinical Study with Therapeutic Drug for Duchenne Muscular Dystrophy  (TAS-) in Japan Did Not Meet Its Primary Endpoint",
    "link": "https://www.taiho.co.jp/en/release//.html",
    "timestamp": "unknown"
  },
  {
    "title": "July ,Otsuka PharmaceuticaleMind, Tohoku University, and Otsuka Pharmaceutical Launch Epilepsy Smart Medical Joint Research Project (Phase II)  Aiming",
    "link": "https://www.otsuka.co.jp/en/company/newsreleases//20250703_1.html",
    "timestamp": "unknown"
  },
  {
    "title": "eMind, Tohoku University, and Otsuka Pharmaceutical Launch Epilepsy Smart Medical Joint Research Project (Phase II)  Aiming to Start and Expand Epilep",
    "link": "https://www.otsuka.co.jp/en/company/newsreleases//20250703_1.html",
    "timestamp": "unknown"
  },
  {
    "title": "July ,Otsuka PharmaceuticalOtsuka Launches Comprehensive Support Program for Families of People with Severe Social Withdrawal (Hikikomori) in Collabor",
    "link": "https://www.otsuka.co.jp/en/company/newsreleases//20250701_1.html",
    "timestamp": "unknown"
  },
  {
    "title": "Otsuka Launches Comprehensive Support Program for Families of People with Severe Social Withdrawal (Hikikomori) in Collaboration with Hokkaido Univers",
    "link": "https://www.otsuka.co.jp/en/company/newsreleases//20250701_1.html",
    "timestamp": "unknown"
  },
  {
    "title": "June ,Otsuka PharmaceuticalOtsuka Pharmaceutical Launches Portal for Corporate Health Services Empowering Employee Health Through Several Service Opti",
    "link": "https://www.otsuka.co.jp/en/company/newsreleases//20250630_1.html",
    "timestamp": "unknown"
  },
  {
    "title": "Otsuka Pharmaceutical Launches Portal for Corporate Health Services Empowering Employee Health Through Several Service Options",
    "link": "https://www.otsuka.co.jp/en/company/newsreleases//20250630_1.html",
    "timestamp": "unknown"
  },
  {
    "title": "June ,Otsuka FoodsOtsuka Foods to Launch \u201cBon Curry GOLD Uma-Kara Butter Chicken Style: Summer Extra Hot\u201d A Special Limited-Edition Curry Offering \u201cSp",
    "link": "https://www.otsukafoods.co.jp/en/news/.html",
    "timestamp": "unknown"
  },
  {
    "title": "Otsuka Foods to Launch \u201cBon Curry GOLD Uma-Kara Butter Chicken Style: Summer Extra Hot\u201d A Special Limited-Edition Curry Offering \u201cSpiciness with Deep ",
    "link": "https://www.otsukafoods.co.jp/en/news/.html",
    "timestamp": "unknown"
  },
  {
    "title": "June ,Otsuka PharmaceuticalPOCARI SWEAT ICE SLURRY Adopted as a New Heat Illness Prevention at Expo  Osaka, Kansai, Japan, Supporting the Safe and Sec",
    "link": "https://www.otsuka.co.jp/en/company/newsreleases//20250625_1.html",
    "timestamp": "unknown"
  },
  {
    "title": "POCARI SWEAT ICE SLURRY Adopted as a New Heat Illness Prevention at Expo  Osaka, Kansai, Japan, Supporting the Safe and Secure Operation of the Expo",
    "link": "https://www.otsuka.co.jp/en/company/newsreleases//20250625_1.html",
    "timestamp": "unknown"
  },
  {
    "title": "June ,Otsuka PharmaceuticalOtsuka Obtains Exclusive License from Harbour BioMed for HBM7020: A Novel BCMAxCD3 Bispecific T-Cell Engager",
    "link": "https://www.otsuka.co.jp/en/company/newsreleases//20250623_1.html",
    "timestamp": "unknown"
  },
  {
    "title": "Otsuka Obtains Exclusive License from Harbour BioMed for HBM7020: A Novel BCMAxCD3 Bispecific T-Cell Engager",
    "link": "https://www.otsuka.co.jp/en/company/newsreleases//20250623_1.html",
    "timestamp": "unknown"
  },
  {
    "title": "June ,Otsuka PharmaceuticalNew smartphone app, Rejoyn\u00ae, launched in Great Britain as a treatment for those living with depressive disorder",
    "link": "https://www.otsuka.co.jp/en/company/newsreleases//20250617_1.html",
    "timestamp": "unknown"
  },
  {
    "title": "New smartphone app, Rejoyn\u00ae, launched in Great Britain as a treatment for those living with depressive disorder",
    "link": "https://www.otsuka.co.jp/en/company/newsreleases//20250617_1.html",
    "timestamp": "unknown"
  },
  {
    "title": "June ,Otsuka PharmaceuticalOtsuka Sibeprenlimab Phase  Data Show a Statistically Significant and  Clinically Meaningful Proteinuria Reduction for the ",
    "link": "https://www.otsuka.co.jp/en/company/newsreleases//20250606_1.html",
    "timestamp": "unknown"
  },
  {
    "title": "Otsuka Sibeprenlimab Phase  Data Show a Statistically Significant and  Clinically Meaningful Proteinuria Reduction for the Treatment of Immunoglobulin",
    "link": "https://www.otsuka.co.jp/en/company/newsreleases//20250606_1.html",
    "timestamp": "unknown"
  },
  {
    "title": "June ,Taiho PharmaceuticalTaiho Pharmaceutical and SyntheticGestalt Implements Technology Validation Towards Generative AI-Driven Expansion of Cystein",
    "link": "https://www.taiho.co.jp/en/release//.html",
    "timestamp": "unknown"
  },
  {
    "title": "Taiho Pharmaceutical and SyntheticGestalt Implements Technology Validation Towards Generative AI-Driven Expansion of Cysteinomix Drug Discovery Platfo",
    "link": "https://www.taiho.co.jp/en/release//.html",
    "timestamp": "unknown"
  },
  {
    "title": "June ,Taiho PharmaceuticalTaiho Pharmaceutical Out-Licenses LSD1 Inhibitor, TAS1440 to Benz Sciences",
    "link": "https://www.taiho.co.jp/en/release//.html",
    "timestamp": "unknown"
  },
  {
    "title": "Taiho Pharmaceutical Out-Licenses LSD1 Inhibitor, TAS1440 to Benz Sciences",
    "link": "https://www.taiho.co.jp/en/release//.html",
    "timestamp": "unknown"
  },
  {
    "title": "May ,Otsuka PharmaceuticalOtsuka Announces FDA Acceptance and Priority Review of Biologics License Application (BLA) for Sibeprenlimab in the Treatmen",
    "link": "https://www.otsuka.co.jp/en/company/newsreleases//20250526_1.html",
    "timestamp": "unknown"
  },
  {
    "title": "Otsuka Announces FDA Acceptance and Priority Review of Biologics License Application (BLA) for Sibeprenlimab in the Treatment of Immunoglobulin A Neph",
    "link": "https://www.otsuka.co.jp/en/company/newsreleases//20250526_1.html",
    "timestamp": "unknown"
  },
  {
    "title": "May ,Taiho PharmaceuticalCullinan Therapeutics, Taiho Pharmaceutical, and Taiho Oncology to Present Positive Results from Pivotal Phase 2b REZILIENT1 ",
    "link": "https://www.taiho.co.jp/en/release//20250523_1.html",
    "timestamp": "unknown"
  },
  {
    "title": "Cullinan Therapeutics, Taiho Pharmaceutical, and Taiho Oncology to Present Positive Results from Pivotal Phase 2b REZILIENT1 Trial of Zipalertinib at ",
    "link": "https://www.taiho.co.jp/en/release//20250523_1.html",
    "timestamp": "unknown"
  },
  {
    "title": "May ,Taiho PharmaceuticalResults of Clinical Study of the Combination Regimen of Decitabine and Cedazuridine Plus Venetoclax   for Acute Myeloid Leuke",
    "link": "https://www.taiho.co.jp/en/release//.html",
    "timestamp": "unknown"
  },
  {
    "title": "Results of Clinical Study of the Combination Regimen of Decitabine and Cedazuridine Plus Venetoclax   for Acute Myeloid Leukemia Announced at the Amer",
    "link": "https://www.taiho.co.jp/en/release//.html",
    "timestamp": "unknown"
  },
  {
    "title": "May ,Otsuka Pharmaceutical FactoryOtsuka Pharmaceutical Factory launches \"HINEX Jelly Aqua,\" a concentrated liquid diet product to assist hydration",
    "link": "https://www.otsukakj.jp/en/news_release/.html",
    "timestamp": "unknown"
  },
  {
    "title": "Otsuka Pharmaceutical Factory launches \"HINEX Jelly Aqua,\" a concentrated liquid diet product to assist hydration",
    "link": "https://www.otsukakj.jp/en/news_release/.html",
    "timestamp": "unknown"
  },
  {
    "title": "May ,Otsuka PharmaceuticalPharmavite Established a New Facility in Ohio, US, Dedicated to The Manufacturing of Gummy Supplements  Facilitating the Res",
    "link": "https://www.otsuka.co.jp/en/company/newsreleases//20250509_1.html",
    "timestamp": "unknown"
  },
  {
    "title": "Pharmavite Established a New Facility in Ohio, US, Dedicated to The Manufacturing of Gummy Supplements  Facilitating the Research and Development of G",
    "link": "https://www.otsuka.co.jp/en/company/newsreleases//20250509_1.html",
    "timestamp": "unknown"
  },
  {
    "title": "May ,Otsuka PharmaceuticalOtsuka Signs Joint Research Agreement with Keio University Industry-academia collaboration for infrastructure development to",
    "link": "https://www.otsuka.co.jp/en/company/newsreleases//20250508_1.html",
    "timestamp": "unknown"
  },
  {
    "title": "Otsuka Signs Joint Research Agreement with Keio University Industry-academia collaboration for infrastructure development toward the social implementa",
    "link": "https://www.otsuka.co.jp/en/company/newsreleases//20250508_1.html",
    "timestamp": "unknown"
  },
  {
    "title": "May ,Otsuka Pharmaceutical FactoryOtsuka Pharmaceutical Factory America, Inc. Acquires % Interest in Otsuka ICU Medical LLC and Subsidiarizes",
    "link": "https://www.otsukakj.jp/en/news_release/.html",
    "timestamp": "unknown"
  },
  {
    "title": "Otsuka Pharmaceutical Factory America, Inc. Acquires % Interest in Otsuka ICU Medical LLC and Subsidiarizes",
    "link": "https://www.otsukakj.jp/en/news_release/.html",
    "timestamp": "unknown"
  },
  {
    "title": "April ,Otsuka PharmaceuticalOtsuka Pharmaceutical Opens First POCARI SWEAT Factory in Vietnam Supporting Health and Meeting Growing Demand",
    "link": "https://www.otsuka.co.jp/en/company/newsreleases//20250415_1.html",
    "timestamp": "unknown"
  },
  {
    "title": "Otsuka Pharmaceutical Opens First POCARI SWEAT Factory in Vietnam Supporting Health and Meeting Growing Demand",
    "link": "https://www.otsuka.co.jp/en/company/newsreleases//20250415_1.html",
    "timestamp": "unknown"
  },
  {
    "title": "April ,Otsuka PharmaceuticalOtsuka Pharmaceutical is Focusing on \"Water, Nutrition, and Oxygen\" to Tap into Human Potential Provide \"Wellness Energy\" ",
    "link": "https://www.otsuka.co.jp/en/company/newsreleases//20250402_1.html",
    "timestamp": "unknown"
  },
  {
    "title": "Otsuka Pharmaceutical is Focusing on \"Water, Nutrition, and Oxygen\" to Tap into Human Potential Provide \"Wellness Energy\" at Expo  in Osaka, Kansai, J",
    "link": "https://www.otsuka.co.jp/en/company/newsreleases//20250402_1.html",
    "timestamp": "unknown"
  },
  {
    "title": "March ,Otsuka Pharmaceutical FactoryJ.O. Pharma installs electricity from renewable sources to contribute to a decarbonized society",
    "link": "https://www.otsukakj.jp/en/news_release/.html",
    "timestamp": "unknown"
  },
  {
    "title": "J.O. Pharma installs electricity from renewable sources to contribute to a decarbonized society",
    "link": "https://www.otsukakj.jp/en/news_release/.html",
    "timestamp": "unknown"
  },
  {
    "title": "March ,Otsuka PharmaceuticalOtsuka Files Biologics License Application (BLA) for Sibeprenlimab in the Treatment of Immunoglobulin A Nephropathy",
    "link": "https://www.otsuka.co.jp/en/company/newsreleases//20250331_1.html",
    "timestamp": "unknown"
  },
  {
    "title": "Otsuka Files Biologics License Application (BLA) for Sibeprenlimab in the Treatment of Immunoglobulin A Nephropathy",
    "link": "https://www.otsuka.co.jp/en/company/newsreleases//20250331_1.html",
    "timestamp": "unknown"
  },
  {
    "title": "March ,Otsuka HoldingsOtsuka Holdings appoints Board Members and Auditors and Supervisory Board Members",
    "link": "https://www.otsuka.com/en/group_news/filedownload.php?name=83241728825684f2964fa459a847b4bd.pdf",
    "timestamp": "unknown"
  },
  {
    "title": "Otsuka Holdings appoints Board Members and Auditors and Supervisory Board Members",
    "link": "https://www.otsuka.com/en/group_news/filedownload.php?name=83241728825684f2964fa459a847b4bd.pdf",
    "timestamp": "unknown"
  },
  {
    "title": "Otsuka Group NewsFirst  results",
    "link": "https://www.otsuka.com/en/group_news/",
    "timestamp": "unknown"
  },
  {
    "title": "Otsuka Group News",
    "link": "https://www.otsuka.com/en/group_news/",
    "timestamp": "unknown"
  },
  {
    "title": "First  results",
    "link": "https://www.otsuka.com/en/group_news/index.php",
    "timestamp": "unknown"
  },
  {
    "title": "HOMEOtsuka Group News",
    "link": "https://www.otsuka.com/en/",
    "timestamp": "unknown"
  },
  {
    "title": "HOMEOtsuka Group News",
    "link": "https://www.otsuka.com/en/",
    "timestamp": "unknown"
  },
  {
    "title": "HOME",
    "link": "https://www.otsuka.com/en/",
    "timestamp": "unknown"
  },
  {
    "title": "HOMEAbout Our GroupOur BusinessesInvestor RelationsSustainability",
    "link": "https://www.otsuka.com/en/",
    "timestamp": "unknown"
  },
  {
    "title": "HOME",
    "link": "https://www.otsuka.com/en/",
    "timestamp": "unknown"
  },
  {
    "title": "About Our Group",
    "link": "https://www.otsuka.com/en/company/",
    "timestamp": "unknown"
  },
  {
    "title": "Our Businesses",
    "link": "https://www.otsuka.com/en/rd/",
    "timestamp": "unknown"
  },
  {
    "title": "Investor Relations",
    "link": "https://www.otsuka.com/en/ir/",
    "timestamp": "unknown"
  },
  {
    "title": "Sustainability",
    "link": "https://www.otsuka.com/en/sustainability/",
    "timestamp": "unknown"
  },
  {
    "title": "Contact Us",
    "link": "https://www.otsuka.com/en/contact/",
    "timestamp": "unknown"
  },
  {
    "title": "Contact Us",
    "link": "https://www.otsuka.com/en/contact/",
    "timestamp": "unknown"
  },
  {
    "title": "Privacy Policy",
    "link": "https://www.otsuka.com/en/privacy/",
    "timestamp": "unknown"
  },
  {
    "title": "Terms of Use",
    "link": "https://www.otsuka.com/en/assist/",
    "timestamp": "unknown"
  },
  {
    "title": "Site Map",
    "link": "https://www.otsuka.com/en/sitemap/",
    "timestamp": "unknown"
  },
  {
    "title": "Otsuka PharmaceuticalOtsuka Pharmaceutical FactoryTaiho PharmaceuticalOtsuka WarehouseOtsuka ChemicalOtsuka FoodsOtsuka Medical Devices\u00a9 Otsuka Holdin",
    "link": "https://www.otsuka.co.jp/en/",
    "timestamp": "unknown"
  },
  {
    "title": "Otsuka Pharmaceutical",
    "link": "https://www.otsuka.co.jp/en/",
    "timestamp": "unknown"
  },
  {
    "title": "Otsuka Pharmaceutical Factory",
    "link": "https://www.otsukakj.jp/en/",
    "timestamp": "unknown"
  },
  {
    "title": "Taiho Pharmaceutical",
    "link": "https://www.taiho.co.jp/en/",
    "timestamp": "unknown"
  },
  {
    "title": "Otsuka Warehouse",
    "link": "https://www.otsukawh.co.jp/english/",
    "timestamp": "unknown"
  },
  {
    "title": "Otsuka Chemical",
    "link": "https://www.otsukac.co.jp/en/",
    "timestamp": "unknown"
  },
  {
    "title": "Otsuka Foods",
    "link": "http://www.otsukafoods.co.jp/",
    "timestamp": "unknown"
  },
  {
    "title": "Otsuka Medical Devices",
    "link": "https://www.omd.otsuka.com/en/",
    "timestamp": "unknown"
  },
  {
    "title": "TOP",
    "link": "javascript:void();",
    "timestamp": "unknown"
  }
]