[
  {
    "title": "Search:SubmitAbout PTCBackLeadershipOur ResponsibilityGlobal Compliance ProgramGrants and DonationsLocationsOur ScienceBackSplicingInflammation & Ferr",
    "link": "https://www.ptcbio.com/about-ptc/",
    "timestamp": "unknown"
  },
  {
    "title": "About PTCBackLeadershipOur ResponsibilityGlobal Compliance ProgramGrants and DonationsLocations",
    "link": "https://www.ptcbio.com/about-ptc/",
    "timestamp": "unknown"
  },
  {
    "title": "Leadership",
    "link": "https://www.ptcbio.com/about-ptc/leadership/",
    "timestamp": "unknown"
  },
  {
    "title": "Our Responsibility",
    "link": "https://www.ptcbio.com/about-ptc/our-responsibility/",
    "timestamp": "unknown"
  },
  {
    "title": "Global Compliance Program",
    "link": "https://www.ptcbio.com/global-compliance-program/",
    "timestamp": "unknown"
  },
  {
    "title": "Grants and Donations",
    "link": "https://www.ptcbio.com/grants-and-donations/",
    "timestamp": "unknown"
  },
  {
    "title": "Locations",
    "link": "https://www.ptcbio.com/contact-us/",
    "timestamp": "unknown"
  },
  {
    "title": "Our ScienceBackSplicingInflammation & Ferroptosis",
    "link": "https://www.ptcbio.com/our-science/",
    "timestamp": "unknown"
  },
  {
    "title": "Splicing",
    "link": "https://www.ptcbio.com/our-science/splicing/",
    "timestamp": "unknown"
  },
  {
    "title": "Inflammation & Ferroptosis",
    "link": "https://www.ptcbio.com/our-science/inflammation-and-ferroptosis/",
    "timestamp": "unknown"
  },
  {
    "title": "Our Products",
    "link": "https://www.ptcbio.com/our-products/",
    "timestamp": "unknown"
  },
  {
    "title": "Therapeutic AreasBackMetabolismBackFamilial chylomicronemia syndrome (FCS)Familial partial lipodystrophy (FPL)Phenylketonuria (PKU)NeurologyBackAromat",
    "link": "https://www.ptcbio.com/therapeutic-areas/",
    "timestamp": "unknown"
  },
  {
    "title": "MetabolismBackFamilial chylomicronemia syndrome (FCS)Familial partial lipodystrophy (FPL)Phenylketonuria (PKU)",
    "link": "https://ir.ptcbio.com/press-releases?mobile=1",
    "timestamp": "unknown"
  },
  {
    "title": "Familial chylomicronemia syndrome (FCS)",
    "link": "https://www.ptcbio.com/therapeutic-areas/familial-chylomicronemia-syndrome/",
    "timestamp": "unknown"
  },
  {
    "title": "Familial partial lipodystrophy (FPL)",
    "link": "https://www.ptcbio.com/therapeutic-areas/familial-partial-lipodystrophy/",
    "timestamp": "unknown"
  },
  {
    "title": "Phenylketonuria (PKU)",
    "link": "https://www.ptcbio.com/therapeutic-areas/phenylketonuria/",
    "timestamp": "unknown"
  },
  {
    "title": "NeurologyBackAromatic l-amino acid decarboxylase (AADC) deficiencyDuchenne muscular dystrophy (DMD)Friedreich ataxia (FA)Hereditary Transthyretin Amyl",
    "link": "https://ir.ptcbio.com/press-releases?mobile=1",
    "timestamp": "unknown"
  },
  {
    "title": "Aromatic l-amino acid decarboxylase (AADC) deficiency",
    "link": "https://www.ptcbio.com/aromatic-l-amino-acid-decarboxylase-deficiency/",
    "timestamp": "unknown"
  },
  {
    "title": "Duchenne muscular dystrophy (DMD)",
    "link": "https://www.ptcbio.com/duchenne-muscular-dystrophy/",
    "timestamp": "unknown"
  },
  {
    "title": "Friedreich ataxia (FA)",
    "link": "https://www.ptcbio.com/therapeutic-areas/friedreich-ataxia/",
    "timestamp": "unknown"
  },
  {
    "title": "Hereditary Transthyretin Amyloidosis (hATTR)",
    "link": "https://www.ptcbio.com/therapeutic-areas/hereditary-transthyretin-amyloidosis/",
    "timestamp": "unknown"
  },
  {
    "title": "Huntington&#;s Disease (HD)",
    "link": "https://www.ptcbio.com/huntingtons-disease/",
    "timestamp": "unknown"
  },
  {
    "title": "Spinal muscular atrophy (SMA)",
    "link": "https://www.ptcbio.com/therapeutic-areas/spinal-muscular-atrophy/",
    "timestamp": "unknown"
  },
  {
    "title": "Careers",
    "link": "https://www.ptcbio.com/careers/",
    "timestamp": "unknown"
  },
  {
    "title": "United StatesBackStart of ColumnAmericasUnited StatesStart of ColumnEuropeAustriaGermanyIrelandItalySpainSweden (EN)SwedenSwitzerlandUnited Kingdom",
    "link": "https://www.ptcbio.com/",
    "timestamp": "unknown"
  },
  {
    "title": "Start of ColumnAmericasUnited StatesStart of ColumnEuropeAustriaGermanyIrelandItalySpainSweden (EN)SwedenSwitzerlandUnited Kingdom",
    "link": "https://www.ptcbio.com/",
    "timestamp": "unknown"
  },
  {
    "title": "Start of ColumnAmericasUnited States",
    "link": "https://www.ptcbio.com/",
    "timestamp": "unknown"
  },
  {
    "title": "AmericasUnited States",
    "link": "https://www.ptcbio.com/",
    "timestamp": "unknown"
  },
  {
    "title": "United States",
    "link": "https://www.ptcbio.com/",
    "timestamp": "unknown"
  },
  {
    "title": "Start of ColumnEuropeAustriaGermanyIrelandItalySpainSweden (EN)SwedenSwitzerlandUnited Kingdom",
    "link": "https://www.ptcbio.at/",
    "timestamp": "unknown"
  },
  {
    "title": "EuropeAustriaGermanyIrelandItalySpainSweden (EN)SwedenSwitzerlandUnited Kingdom",
    "link": "https://www.ptcbio.at/",
    "timestamp": "unknown"
  },
  {
    "title": "Austria",
    "link": "https://www.ptcbio.at/",
    "timestamp": "unknown"
  },
  {
    "title": "Germany",
    "link": "https://www.ptcbio.de/",
    "timestamp": "unknown"
  },
  {
    "title": "Ireland",
    "link": "https://www.ptcbio.ie/",
    "timestamp": "unknown"
  },
  {
    "title": "Italy",
    "link": "https://www.ptcbio.it/",
    "timestamp": "unknown"
  },
  {
    "title": "Spain",
    "link": "https://www.ptcbio.es/",
    "timestamp": "unknown"
  },
  {
    "title": "Sweden (EN)",
    "link": "https://www.ptcbio-en.se/",
    "timestamp": "unknown"
  },
  {
    "title": "Sweden",
    "link": "https://www.ptcbio.se/",
    "timestamp": "unknown"
  },
  {
    "title": "Switzerland",
    "link": "https://www.ptcbio.ch/",
    "timestamp": "unknown"
  },
  {
    "title": "United Kingdom",
    "link": "https://www.ptcbio.co.uk/",
    "timestamp": "unknown"
  },
  {
    "title": "InvestorsHealthcare ProvidersPatients & Caregivers",
    "link": "https://ir.ptcbio.com/",
    "timestamp": "unknown"
  },
  {
    "title": "Investors",
    "link": "https://ir.ptcbio.com/",
    "timestamp": "unknown"
  },
  {
    "title": "Healthcare Providers",
    "link": "https://www.ptcbio.com/healthcare-providers-resources/",
    "timestamp": "unknown"
  },
  {
    "title": "Patients & Caregivers",
    "link": "https://www.ptcbio.com/patients-caregivers-resources/",
    "timestamp": "unknown"
  },
  {
    "title": "United StatesStart of ColumnAmericasUnited StatesStart of ColumnEuropeAustriaGermanyIrelandItalySpainSweden (EN)SwedenSwitzerlandUnited KingdomInvesto",
    "link": "https://www.ptcbio.com/",
    "timestamp": "unknown"
  },
  {
    "title": "United StatesStart of ColumnAmericasUnited StatesStart of ColumnEuropeAustriaGermanyIrelandItalySpainSweden (EN)SwedenSwitzerlandUnited KingdomInvesto",
    "link": "https://www.ptcbio.com/",
    "timestamp": "unknown"
  },
  {
    "title": "United StatesStart of ColumnAmericasUnited StatesStart of ColumnEuropeAustriaGermanyIrelandItalySpainSweden (EN)SwedenSwitzerlandUnited Kingdom",
    "link": "https://www.ptcbio.com/",
    "timestamp": "unknown"
  },
  {
    "title": "United StatesStart of ColumnAmericasUnited StatesStart of ColumnEuropeAustriaGermanyIrelandItalySpainSweden (EN)SwedenSwitzerlandUnited Kingdom",
    "link": "https://www.ptcbio.com/",
    "timestamp": "unknown"
  },
  {
    "title": "Start of ColumnAmericasUnited StatesStart of ColumnEuropeAustriaGermanyIrelandItalySpainSweden (EN)SwedenSwitzerlandUnited Kingdom",
    "link": "https://www.ptcbio.com/",
    "timestamp": "unknown"
  },
  {
    "title": "Start of ColumnAmericasUnited States",
    "link": "https://www.ptcbio.com/",
    "timestamp": "unknown"
  },
  {
    "title": "AmericasUnited States",
    "link": "https://www.ptcbio.com/",
    "timestamp": "unknown"
  },
  {
    "title": "United States",
    "link": "https://www.ptcbio.com/",
    "timestamp": "unknown"
  },
  {
    "title": "Start of ColumnEuropeAustriaGermanyIrelandItalySpainSweden (EN)SwedenSwitzerlandUnited Kingdom",
    "link": "https://www.ptcbio.at/",
    "timestamp": "unknown"
  },
  {
    "title": "EuropeAustriaGermanyIrelandItalySpainSweden (EN)SwedenSwitzerlandUnited Kingdom",
    "link": "https://www.ptcbio.at/",
    "timestamp": "unknown"
  },
  {
    "title": "Austria",
    "link": "https://www.ptcbio.at/",
    "timestamp": "unknown"
  },
  {
    "title": "Germany",
    "link": "https://www.ptcbio.de/",
    "timestamp": "unknown"
  },
  {
    "title": "Ireland",
    "link": "https://www.ptcbio.ie/",
    "timestamp": "unknown"
  },
  {
    "title": "Italy",
    "link": "https://www.ptcbio.it/",
    "timestamp": "unknown"
  },
  {
    "title": "Spain",
    "link": "https://www.ptcbio.es/",
    "timestamp": "unknown"
  },
  {
    "title": "Sweden (EN)",
    "link": "https://www.ptcbio-en.se/",
    "timestamp": "unknown"
  },
  {
    "title": "Sweden",
    "link": "https://www.ptcbio.se/",
    "timestamp": "unknown"
  },
  {
    "title": "Switzerland",
    "link": "https://www.ptcbio.ch/",
    "timestamp": "unknown"
  },
  {
    "title": "United Kingdom",
    "link": "https://www.ptcbio.co.uk/",
    "timestamp": "unknown"
  },
  {
    "title": "InvestorsHealthcare ProvidersPatients & Caregivers",
    "link": "https://ir.ptcbio.com/",
    "timestamp": "unknown"
  },
  {
    "title": "Investors",
    "link": "https://ir.ptcbio.com/",
    "timestamp": "unknown"
  },
  {
    "title": "Healthcare Providers",
    "link": "https://www.ptcbio.com/healthcare-providers-resources/",
    "timestamp": "unknown"
  },
  {
    "title": "Patients & Caregivers",
    "link": "https://www.ptcbio.com/patients-caregivers-resources/",
    "timestamp": "unknown"
  },
  {
    "title": "Press ReleasesPTC is committed to serving the interests of all our stakeholders.Pam & KelseyLiving with PKU, United StatesInvestors MenuInvestor Relat",
    "link": "https://ir.ptcbio.com/",
    "timestamp": "unknown"
  },
  {
    "title": "Investors MenuInvestor RelationsOverviewPress ReleasesEvents & PresentationsGovernance / ComplianceGovernance OverviewManagementBoard of DirectorsComm",
    "link": "https://ir.ptcbio.com/",
    "timestamp": "unknown"
  },
  {
    "title": "Investors MenuInvestor RelationsOverviewPress ReleasesEvents & PresentationsGovernance / ComplianceGovernance OverviewManagementBoard of DirectorsComm",
    "link": "https://ir.ptcbio.com/",
    "timestamp": "unknown"
  },
  {
    "title": "Investors MenuInvestor RelationsOverviewPress ReleasesEvents & PresentationsGovernance / ComplianceGovernance OverviewManagementBoard of DirectorsComm",
    "link": "https://ir.ptcbio.com/",
    "timestamp": "unknown"
  },
  {
    "title": "Investors MenuInvestor RelationsOverviewPress ReleasesEvents & PresentationsGovernance / ComplianceGovernance OverviewManagementBoard of DirectorsComm",
    "link": "https://ir.ptcbio.com/",
    "timestamp": "unknown"
  },
  {
    "title": "Investors MenuInvestor RelationsOverviewPress ReleasesEvents & PresentationsGovernance / ComplianceGovernance OverviewManagementBoard of DirectorsComm",
    "link": "https://ir.ptcbio.com/",
    "timestamp": "unknown"
  },
  {
    "title": "Investors MenuInvestor RelationsOverviewPress ReleasesEvents & PresentationsGovernance / ComplianceGovernance OverviewManagementBoard of DirectorsComm",
    "link": "https://ir.ptcbio.com/",
    "timestamp": "unknown"
  },
  {
    "title": "Investor RelationsOverviewPress ReleasesEvents & PresentationsGovernance / ComplianceGovernance OverviewManagementBoard of DirectorsCommittee Composit",
    "link": "https://ir.ptcbio.com/",
    "timestamp": "unknown"
  },
  {
    "title": "Overview",
    "link": "https://ir.ptcbio.com/",
    "timestamp": "unknown"
  },
  {
    "title": "Press Releases",
    "link": "https://ir.ptcbio.com/press-releases",
    "timestamp": "unknown"
  },
  {
    "title": "Events & Presentations",
    "link": "https://ir.ptcbio.com/events-presentations",
    "timestamp": "unknown"
  },
  {
    "title": "Governance / ComplianceGovernance OverviewManagementBoard of DirectorsCommittee CompositionContact the Board",
    "link": "https://ir.ptcbio.com/governance/governance-overview",
    "timestamp": "unknown"
  },
  {
    "title": "Governance OverviewManagementBoard of DirectorsCommittee CompositionContact the Board",
    "link": "https://ir.ptcbio.com/governance/governance-overview",
    "timestamp": "unknown"
  },
  {
    "title": "Financial InformationOverviewSEC Filings",
    "link": "https://ir.ptcbio.com/financial-information",
    "timestamp": "unknown"
  },
  {
    "title": "OverviewSEC Filings",
    "link": "https://ir.ptcbio.com/financial-information",
    "timestamp": "unknown"
  },
  {
    "title": "Annual Report & ProxyAnnual ReportsProxy StatementsSustainability Reports",
    "link": "https://ir.ptcbio.com/annual-reports-and-proxy/annual-reports",
    "timestamp": "unknown"
  },
  {
    "title": "Annual ReportsProxy StatementsSustainability Reports",
    "link": "https://ir.ptcbio.com/annual-reports-and-proxy/annual-reports",
    "timestamp": "unknown"
  },
  {
    "title": "Stock InformationStock Quote & ChartHistoric Price LookupInvestment CalculatorAnalyst Coverage",
    "link": "https://ir.ptcbio.com/stock-information",
    "timestamp": "unknown"
  },
  {
    "title": "Stock Quote & ChartHistoric Price LookupInvestment CalculatorAnalyst Coverage",
    "link": "https://ir.ptcbio.com/stock-information",
    "timestamp": "unknown"
  },
  {
    "title": "Investor FAQs",
    "link": "https://ir.ptcbio.com/investor-faqs",
    "timestamp": "unknown"
  },
  {
    "title": "Contact Us",
    "link": "https://ir.ptcbio.com/contact-us",
    "timestamp": "unknown"
  },
  {
    "title": "Printed MaterialsEmail AlertsRSSPrint",
    "link": "https://ir.ptcbio.com/printed-materials",
    "timestamp": "unknown"
  },
  {
    "title": "Printed Materials",
    "link": "https://ir.ptcbio.com/printed-materials",
    "timestamp": "unknown"
  },
  {
    "title": "Email Alerts",
    "link": "https://ir.ptcbio.com/email-alerts",
    "timestamp": "unknown"
  },
  {
    "title": "RSS",
    "link": "https://ir.ptcbio.com/rss-news-feeds",
    "timestamp": "unknown"
  },
  {
    "title": "Print",
    "link": "https://ir.ptcbio.com/press-releases?mobile=1",
    "timestamp": "unknown"
  },
  {
    "title": "The press releases contained in this archive section are provided for historical purposes only. The information contained in each press release is acc",
    "link": "https://ir.ptcbio.com/news-releases/news-release-details/ptc-therapeutics-announces-fda-approval-sephiencetm-sepiapterin",
    "timestamp": "unknown"
  },
  {
    "title": "The press releases contained in this archive section are provided for historical purposes only. The information contained in each press release is acc",
    "link": "https://ir.ptcbio.com/news-releases/news-release-details/ptc-therapeutics-announces-fda-approval-sephiencetm-sepiapterin",
    "timestamp": "unknown"
  },
  {
    "title": "The press releases contained in this archive section are provided for historical purposes only. The information contained in each press release is acc",
    "link": "https://ir.ptcbio.com/news-releases/news-release-details/ptc-therapeutics-announces-fda-approval-sephiencetm-sepiapterin",
    "timestamp": "unknown"
  },
  {
    "title": "The press releases contained in this archive section are provided for historical purposes only. The information contained in each press release is acc",
    "link": "https://ir.ptcbio.com/news-releases/news-release-details/ptc-therapeutics-announces-fda-approval-sephiencetm-sepiapterin",
    "timestamp": "unknown"
  },
  {
    "title": "The press releases contained in this archive section are provided for historical purposes only. The information contained in each press release is acc",
    "link": "https://ir.ptcbio.com/news-releases/news-release-details/ptc-therapeutics-announces-fda-approval-sephiencetm-sepiapterin",
    "timestamp": "unknown"
  },
  {
    "title": "The press releases contained in this archive section are provided for historical purposes only. The information contained in each press release is acc",
    "link": "https://ir.ptcbio.com/news-releases/news-release-details/ptc-therapeutics-announces-fda-approval-sephiencetm-sepiapterin",
    "timestamp": "unknown"
  },
  {
    "title": "The press releases contained in this archive section are provided for historical purposes only. The information contained in each press release is acc",
    "link": "https://ir.ptcbio.com/news-releases/news-release-details/ptc-therapeutics-announces-fda-approval-sephiencetm-sepiapterin",
    "timestamp": "unknown"
  },
  {
    "title": "The press releases contained in this archive section are provided for historical purposes only. The information contained in each press release is acc",
    "link": "https://ir.ptcbio.com/news-releases/news-release-details/ptc-therapeutics-announces-fda-approval-sephiencetm-sepiapterin",
    "timestamp": "unknown"
  },
  {
    "title": "The press releases contained in this archive section are provided for historical purposes only. The information contained in each press release is acc",
    "link": "https://ir.ptcbio.com/news-releases/news-release-details/ptc-therapeutics-announces-fda-approval-sephiencetm-sepiapterin",
    "timestamp": "unknown"
  },
  {
    "title": "The press releases contained in this archive section are provided for historical purposes only. The information contained in each press release is acc",
    "link": "https://ir.ptcbio.com/news-releases/news-release-details/ptc-therapeutics-announces-fda-approval-sephiencetm-sepiapterin",
    "timestamp": "unknown"
  },
  {
    "title": "The press releases contained in this archive section are provided for historical purposes only. The information contained in each press release is acc",
    "link": "https://ir.ptcbio.com/news-releases/news-release-details/ptc-therapeutics-announces-fda-approval-sephiencetm-sepiapterin",
    "timestamp": "unknown"
  },
  {
    "title": "The press releases contained in this archive section are provided for historical purposes only. The information contained in each press release is acc",
    "link": "https://ir.ptcbio.com/news-releases/news-release-details/ptc-therapeutics-announces-fda-approval-sephiencetm-sepiapterin",
    "timestamp": "unknown"
  },
  {
    "title": "The press releases contained in this archive section are provided for historical purposes only. The information contained in each press release is acc",
    "link": "https://ir.ptcbio.com/news-releases/news-release-details/ptc-therapeutics-announces-fda-approval-sephiencetm-sepiapterin",
    "timestamp": "unknown"
  },
  {
    "title": "The press releases contained in this archive section are provided for historical purposes only. The information contained in each press release is acc",
    "link": "https://ir.ptcbio.com/news-releases/news-release-details/ptc-therapeutics-announces-fda-approval-sephiencetm-sepiapterin",
    "timestamp": "unknown"
  },
  {
    "title": "YearAllJul ,PTC Therapeutics Announces FDA Approval of Sephience\u2122 (sepiapterin) for the Treatment of Children and Adults Living with Phenylketonuria (",
    "link": "https://ir.ptcbio.com/news-releases/news-release-details/ptc-therapeutics-announces-fda-approval-sephiencetm-sepiapterin",
    "timestamp": "unknown"
  },
  {
    "title": "YearAllJul ,PTC Therapeutics Announces FDA Approval of Sephience\u2122 (sepiapterin) for the Treatment of Children and Adults Living with Phenylketonuria (",
    "link": "https://ir.ptcbio.com/news-releases/news-release-details/ptc-therapeutics-announces-fda-approval-sephiencetm-sepiapterin",
    "timestamp": "unknown"
  },
  {
    "title": "YearAllJul ,PTC Therapeutics Announces FDA Approval of Sephience\u2122 (sepiapterin) for the Treatment of Children and Adults Living with Phenylketonuria (",
    "link": "https://ir.ptcbio.com/news-releases/news-release-details/ptc-therapeutics-announces-fda-approval-sephiencetm-sepiapterin",
    "timestamp": "unknown"
  },
  {
    "title": "YearAllJul ,PTC Therapeutics Announces FDA Approval of Sephience\u2122 (sepiapterin) for the Treatment of Children and Adults Living with Phenylketonuria (",
    "link": "https://ir.ptcbio.com/news-releases/news-release-details/ptc-therapeutics-announces-fda-approval-sephiencetm-sepiapterin",
    "timestamp": "unknown"
  },
  {
    "title": "YearAllJul ,PTC Therapeutics Announces FDA Approval of Sephience\u2122 (sepiapterin) for the Treatment of Children and Adults Living with Phenylketonuria (",
    "link": "https://ir.ptcbio.com/news-releases/news-release-details/ptc-therapeutics-announces-fda-approval-sephiencetm-sepiapterin",
    "timestamp": "unknown"
  },
  {
    "title": "Jul ,PTC Therapeutics Announces FDA Approval of Sephience\u2122 (sepiapterin) for the Treatment of Children and Adults Living with Phenylketonuria (PKU)- B",
    "link": "https://ir.ptcbio.com/news-releases/news-release-details/ptc-therapeutics-announces-fda-approval-sephiencetm-sepiapterin",
    "timestamp": "unknown"
  },
  {
    "title": "Jul ,PTC Therapeutics Announces FDA Approval of Sephience\u2122 (sepiapterin) for the Treatment of Children and Adults Living with Phenylketonuria (PKU)- B",
    "link": "https://ir.ptcbio.com/news-releases/news-release-details/ptc-therapeutics-announces-fda-approval-sephiencetm-sepiapterin",
    "timestamp": "unknown"
  },
  {
    "title": "Jul ,PTC Therapeutics Announces FDA Approval of Sephience\u2122 (sepiapterin) for the Treatment of Children and Adults Living with Phenylketonuria (PKU)- B",
    "link": "https://ir.ptcbio.com/news-releases/news-release-details/ptc-therapeutics-announces-fda-approval-sephiencetm-sepiapterin",
    "timestamp": "unknown"
  },
  {
    "title": "Jul ,PTC Therapeutics Announces FDA Approval of Sephience\u2122 (sepiapterin) for the Treatment of Children and Adults Living with Phenylketonuria (PKU)- B",
    "link": "https://ir.ptcbio.com/news-releases/news-release-details/ptc-therapeutics-announces-fda-approval-sephiencetm-sepiapterin",
    "timestamp": "unknown"
  },
  {
    "title": "Jul ,PTC Therapeutics Announces FDA Approval of Sephience\u2122 (sepiapterin) for the Treatment of Children and Adults Living with Phenylketonuria (PKU)- B",
    "link": "https://ir.ptcbio.com/news-releases/news-release-details/ptc-therapeutics-announces-fda-approval-sephiencetm-sepiapterin",
    "timestamp": "unknown"
  },
  {
    "title": "PTC Therapeutics Announces FDA Approval of Sephience\u2122 (sepiapterin) for the Treatment of Children and Adults Living with Phenylketonuria (PKU)- Broad ",
    "link": "https://ir.ptcbio.com/news-releases/news-release-details/ptc-therapeutics-announces-fda-approval-sephiencetm-sepiapterin",
    "timestamp": "unknown"
  },
  {
    "title": "PTC Therapeutics Announces FDA Approval of Sephience\u2122 (sepiapterin) for the Treatment of Children and Adults Living with Phenylketonuria (PKU)",
    "link": "https://ir.ptcbio.com/news-releases/news-release-details/ptc-therapeutics-announces-fda-approval-sephiencetm-sepiapterin",
    "timestamp": "unknown"
  },
  {
    "title": "Read More",
    "link": "https://ir.ptcbio.com/news-releases/news-release-details/ptc-therapeutics-announces-fda-approval-sephiencetm-sepiapterin",
    "timestamp": "unknown"
  },
  {
    "title": "Jul ,PTC Therapeutics to Host Conference Call to Discuss Second Quarter  Financial ResultsWARREN, N.J. , July ,  /PRNewswire/ -- PTC Therapeutics, Inc",
    "link": "https://ir.ptcbio.com/news-releases/news-release-details/ptc-therapeutics-host-conference-call-discuss-second-quarter-",
    "timestamp": "unknown"
  },
  {
    "title": "Jul ,PTC Therapeutics to Host Conference Call to Discuss Second Quarter  Financial ResultsWARREN, N.J. , July ,  /PRNewswire/ -- PTC Therapeutics, Inc",
    "link": "https://ir.ptcbio.com/news-releases/news-release-details/ptc-therapeutics-host-conference-call-discuss-second-quarter-",
    "timestamp": "unknown"
  },
  {
    "title": "Jul ,PTC Therapeutics to Host Conference Call to Discuss Second Quarter  Financial ResultsWARREN, N.J. , July ,  /PRNewswire/ -- PTC Therapeutics, Inc",
    "link": "https://ir.ptcbio.com/news-releases/news-release-details/ptc-therapeutics-host-conference-call-discuss-second-quarter-",
    "timestamp": "unknown"
  },
  {
    "title": "Jul ,PTC Therapeutics to Host Conference Call to Discuss Second Quarter  Financial ResultsWARREN, N.J. , July ,  /PRNewswire/ -- PTC Therapeutics, Inc",
    "link": "https://ir.ptcbio.com/news-releases/news-release-details/ptc-therapeutics-host-conference-call-discuss-second-quarter-",
    "timestamp": "unknown"
  },
  {
    "title": "PTC Therapeutics to Host Conference Call to Discuss Second Quarter  Financial ResultsWARREN, N.J. , July ,  /PRNewswire/ -- PTC Therapeutics, Inc. (NA",
    "link": "https://ir.ptcbio.com/news-releases/news-release-details/ptc-therapeutics-host-conference-call-discuss-second-quarter-",
    "timestamp": "unknown"
  },
  {
    "title": "PTC Therapeutics to Host Conference Call to Discuss Second Quarter  Financial Results",
    "link": "https://ir.ptcbio.com/news-releases/news-release-details/ptc-therapeutics-host-conference-call-discuss-second-quarter-",
    "timestamp": "unknown"
  },
  {
    "title": "Read More",
    "link": "https://ir.ptcbio.com/news-releases/news-release-details/ptc-therapeutics-host-conference-call-discuss-second-quarter-",
    "timestamp": "unknown"
  },
  {
    "title": "Jun ,Sephience\u2122 (sepiapterin) Granted Marketing Authorization by the European Commission for the Treatment of Children and Adults Living with Phenylke",
    "link": "https://ir.ptcbio.com/news-releases/news-release-details/sephiencetm-sepiapterin-granted-marketing-authorization-european",
    "timestamp": "unknown"
  },
  {
    "title": "Jun ,Sephience\u2122 (sepiapterin) Granted Marketing Authorization by the European Commission for the Treatment of Children and Adults Living with Phenylke",
    "link": "https://ir.ptcbio.com/news-releases/news-release-details/sephiencetm-sepiapterin-granted-marketing-authorization-european",
    "timestamp": "unknown"
  },
  {
    "title": "Jun ,Sephience\u2122 (sepiapterin) Granted Marketing Authorization by the European Commission for the Treatment of Children and Adults Living with Phenylke",
    "link": "https://ir.ptcbio.com/news-releases/news-release-details/sephiencetm-sepiapterin-granted-marketing-authorization-european",
    "timestamp": "unknown"
  },
  {
    "title": "Jun ,Sephience\u2122 (sepiapterin) Granted Marketing Authorization by the European Commission for the Treatment of Children and Adults Living with Phenylke",
    "link": "https://ir.ptcbio.com/news-releases/news-release-details/sephiencetm-sepiapterin-granted-marketing-authorization-european",
    "timestamp": "unknown"
  },
  {
    "title": "Sephience\u2122 (sepiapterin) Granted Marketing Authorization by the European Commission for the Treatment of Children and Adults Living with Phenylketonur",
    "link": "https://ir.ptcbio.com/news-releases/news-release-details/sephiencetm-sepiapterin-granted-marketing-authorization-european",
    "timestamp": "unknown"
  },
  {
    "title": "Sephience\u2122 (sepiapterin) Granted Marketing Authorization by the European Commission for the Treatment of Children and Adults Living with Phenylketonur",
    "link": "https://ir.ptcbio.com/news-releases/news-release-details/sephiencetm-sepiapterin-granted-marketing-authorization-european",
    "timestamp": "unknown"
  },
  {
    "title": "Read More",
    "link": "https://ir.ptcbio.com/news-releases/news-release-details/sephiencetm-sepiapterin-granted-marketing-authorization-european",
    "timestamp": "unknown"
  },
  {
    "title": "Jun ,PTC Therapeutics Reports Inducement Grants Under Nasdaq Listing Rule (c)()WARREN, N.J. , June ,  /PRNewswire/ --\u00a0PTC Therapeutics, Inc. (NASDAQ: ",
    "link": "https://ir.ptcbio.com/news-releases/news-release-details/ptc-therapeutics-reports-inducement-grants-under-nasdaq-",
    "timestamp": "unknown"
  },
  {
    "title": "Jun ,PTC Therapeutics Reports Inducement Grants Under Nasdaq Listing Rule (c)()WARREN, N.J. , June ,  /PRNewswire/ --\u00a0PTC Therapeutics, Inc. (NASDAQ: ",
    "link": "https://ir.ptcbio.com/news-releases/news-release-details/ptc-therapeutics-reports-inducement-grants-under-nasdaq-",
    "timestamp": "unknown"
  },
  {
    "title": "Jun ,PTC Therapeutics Reports Inducement Grants Under Nasdaq Listing Rule (c)()WARREN, N.J. , June ,  /PRNewswire/ --\u00a0PTC Therapeutics, Inc. (NASDAQ: ",
    "link": "https://ir.ptcbio.com/news-releases/news-release-details/ptc-therapeutics-reports-inducement-grants-under-nasdaq-",
    "timestamp": "unknown"
  },
  {
    "title": "Jun ,PTC Therapeutics Reports Inducement Grants Under Nasdaq Listing Rule (c)()WARREN, N.J. , June ,  /PRNewswire/ --\u00a0PTC Therapeutics, Inc. (NASDAQ: ",
    "link": "https://ir.ptcbio.com/news-releases/news-release-details/ptc-therapeutics-reports-inducement-grants-under-nasdaq-",
    "timestamp": "unknown"
  },
  {
    "title": "PTC Therapeutics Reports Inducement Grants Under Nasdaq Listing Rule (c)()WARREN, N.J. , June ,  /PRNewswire/ --\u00a0PTC Therapeutics, Inc. (NASDAQ: PTCT)",
    "link": "https://ir.ptcbio.com/news-releases/news-release-details/ptc-therapeutics-reports-inducement-grants-under-nasdaq-",
    "timestamp": "unknown"
  },
  {
    "title": "PTC Therapeutics Reports Inducement Grants Under Nasdaq Listing Rule (c)()",
    "link": "https://ir.ptcbio.com/news-releases/news-release-details/ptc-therapeutics-reports-inducement-grants-under-nasdaq-",
    "timestamp": "unknown"
  },
  {
    "title": "Read More",
    "link": "https://ir.ptcbio.com/news-releases/news-release-details/ptc-therapeutics-reports-inducement-grants-under-nasdaq-",
    "timestamp": "unknown"
  },
  {
    "title": "May ,PTC Therapeutics Provides Corporate Update and Reports First Quarter  Financial Results\u2013 Strong revenue performance of $ million \u2013\u00a0 \u2013 Positive CH",
    "link": "https://ir.ptcbio.com/news-releases/news-release-details/ptc-therapeutics-provides-corporate-update-and-reports-first-",
    "timestamp": "unknown"
  },
  {
    "title": "May ,PTC Therapeutics Provides Corporate Update and Reports First Quarter  Financial Results\u2013 Strong revenue performance of $ million \u2013\u00a0 \u2013 Positive CH",
    "link": "https://ir.ptcbio.com/news-releases/news-release-details/ptc-therapeutics-provides-corporate-update-and-reports-first-",
    "timestamp": "unknown"
  },
  {
    "title": "May ,PTC Therapeutics Provides Corporate Update and Reports First Quarter  Financial Results\u2013 Strong revenue performance of $ million \u2013\u00a0 \u2013 Positive CH",
    "link": "https://ir.ptcbio.com/news-releases/news-release-details/ptc-therapeutics-provides-corporate-update-and-reports-first-",
    "timestamp": "unknown"
  },
  {
    "title": "May ,PTC Therapeutics Provides Corporate Update and Reports First Quarter  Financial Results\u2013 Strong revenue performance of $ million \u2013\u00a0 \u2013 Positive CH",
    "link": "https://ir.ptcbio.com/news-releases/news-release-details/ptc-therapeutics-provides-corporate-update-and-reports-first-",
    "timestamp": "unknown"
  },
  {
    "title": "PTC Therapeutics Provides Corporate Update and Reports First Quarter  Financial Results\u2013 Strong revenue performance of $ million \u2013\u00a0 \u2013 Positive CHMP op",
    "link": "https://ir.ptcbio.com/news-releases/news-release-details/ptc-therapeutics-provides-corporate-update-and-reports-first-",
    "timestamp": "unknown"
  },
  {
    "title": "PTC Therapeutics Provides Corporate Update and Reports First Quarter  Financial Results",
    "link": "https://ir.ptcbio.com/news-releases/news-release-details/ptc-therapeutics-provides-corporate-update-and-reports-first-",
    "timestamp": "unknown"
  },
  {
    "title": "Read More",
    "link": "https://ir.ptcbio.com/news-releases/news-release-details/ptc-therapeutics-provides-corporate-update-and-reports-first-",
    "timestamp": "unknown"
  },
  {
    "title": "May ,PTC518 PIVOT-HD Study Achieves Primary Endpoint- Study met primary endpoint with dose-dependent blood HTT protein lowering at Week  - - Favorable",
    "link": "https://ir.ptcbio.com/news-releases/news-release-details/ptc518-pivot-hd-study-achieves-primary-endpoint",
    "timestamp": "unknown"
  },
  {
    "title": "May ,PTC518 PIVOT-HD Study Achieves Primary Endpoint- Study met primary endpoint with dose-dependent blood HTT protein lowering at Week  - - Favorable",
    "link": "https://ir.ptcbio.com/news-releases/news-release-details/ptc518-pivot-hd-study-achieves-primary-endpoint",
    "timestamp": "unknown"
  },
  {
    "title": "May ,PTC518 PIVOT-HD Study Achieves Primary Endpoint- Study met primary endpoint with dose-dependent blood HTT protein lowering at Week  - - Favorable",
    "link": "https://ir.ptcbio.com/news-releases/news-release-details/ptc518-pivot-hd-study-achieves-primary-endpoint",
    "timestamp": "unknown"
  },
  {
    "title": "May ,PTC518 PIVOT-HD Study Achieves Primary Endpoint- Study met primary endpoint with dose-dependent blood HTT protein lowering at Week  - - Favorable",
    "link": "https://ir.ptcbio.com/news-releases/news-release-details/ptc518-pivot-hd-study-achieves-primary-endpoint",
    "timestamp": "unknown"
  },
  {
    "title": "PTC518 PIVOT-HD Study Achieves Primary Endpoint- Study met primary endpoint with dose-dependent blood HTT protein lowering at Week  - - Favorable dose",
    "link": "https://ir.ptcbio.com/news-releases/news-release-details/ptc518-pivot-hd-study-achieves-primary-endpoint",
    "timestamp": "unknown"
  },
  {
    "title": "PTC518 PIVOT-HD Study Achieves Primary Endpoint",
    "link": "https://ir.ptcbio.com/news-releases/news-release-details/ptc518-pivot-hd-study-achieves-primary-endpoint",
    "timestamp": "unknown"
  },
  {
    "title": "Read More",
    "link": "https://ir.ptcbio.com/news-releases/news-release-details/ptc518-pivot-hd-study-achieves-primary-endpoint",
    "timestamp": "unknown"
  },
  {
    "title": "May ,PTC Therapeutics Reports Inducement Grants Under Nasdaq Listing Rule (c)()WARREN, N.J. , May ,  /PRNewswire/ --\u00a0PTC Therapeutics, Inc. (NASDAQ: P",
    "link": "https://ir.ptcbio.com/news-releases/news-release-details/ptc-therapeutics-reports-inducement-grants-under-nasdaq-",
    "timestamp": "unknown"
  },
  {
    "title": "May ,PTC Therapeutics Reports Inducement Grants Under Nasdaq Listing Rule (c)()WARREN, N.J. , May ,  /PRNewswire/ --\u00a0PTC Therapeutics, Inc. (NASDAQ: P",
    "link": "https://ir.ptcbio.com/news-releases/news-release-details/ptc-therapeutics-reports-inducement-grants-under-nasdaq-",
    "timestamp": "unknown"
  },
  {
    "title": "May ,PTC Therapeutics Reports Inducement Grants Under Nasdaq Listing Rule (c)()WARREN, N.J. , May ,  /PRNewswire/ --\u00a0PTC Therapeutics, Inc. (NASDAQ: P",
    "link": "https://ir.ptcbio.com/news-releases/news-release-details/ptc-therapeutics-reports-inducement-grants-under-nasdaq-",
    "timestamp": "unknown"
  },
  {
    "title": "May ,PTC Therapeutics Reports Inducement Grants Under Nasdaq Listing Rule (c)()WARREN, N.J. , May ,  /PRNewswire/ --\u00a0PTC Therapeutics, Inc. (NASDAQ: P",
    "link": "https://ir.ptcbio.com/news-releases/news-release-details/ptc-therapeutics-reports-inducement-grants-under-nasdaq-",
    "timestamp": "unknown"
  },
  {
    "title": "PTC Therapeutics Reports Inducement Grants Under Nasdaq Listing Rule (c)()WARREN, N.J. , May ,  /PRNewswire/ --\u00a0PTC Therapeutics, Inc. (NASDAQ: PTCT) ",
    "link": "https://ir.ptcbio.com/news-releases/news-release-details/ptc-therapeutics-reports-inducement-grants-under-nasdaq-",
    "timestamp": "unknown"
  },
  {
    "title": "PTC Therapeutics Reports Inducement Grants Under Nasdaq Listing Rule (c)()",
    "link": "https://ir.ptcbio.com/news-releases/news-release-details/ptc-therapeutics-reports-inducement-grants-under-nasdaq-",
    "timestamp": "unknown"
  },
  {
    "title": "Read More",
    "link": "https://ir.ptcbio.com/news-releases/news-release-details/ptc-therapeutics-reports-inducement-grants-under-nasdaq-",
    "timestamp": "unknown"
  },
  {
    "title": "Apr ,PTC Therapeutics Receives Positive CHMP Opinion for Sephience\u2122 (sepiapterin) for the Treatment of Children and Adults Living with Phenylketonuria",
    "link": "https://ir.ptcbio.com/news-releases/news-release-details/ptc-therapeutics-receives-positive-chmp-opinion-sephiencetm",
    "timestamp": "unknown"
  },
  {
    "title": "Apr ,PTC Therapeutics Receives Positive CHMP Opinion for Sephience\u2122 (sepiapterin) for the Treatment of Children and Adults Living with Phenylketonuria",
    "link": "https://ir.ptcbio.com/news-releases/news-release-details/ptc-therapeutics-receives-positive-chmp-opinion-sephiencetm",
    "timestamp": "unknown"
  },
  {
    "title": "Apr ,PTC Therapeutics Receives Positive CHMP Opinion for Sephience\u2122 (sepiapterin) for the Treatment of Children and Adults Living with Phenylketonuria",
    "link": "https://ir.ptcbio.com/news-releases/news-release-details/ptc-therapeutics-receives-positive-chmp-opinion-sephiencetm",
    "timestamp": "unknown"
  },
  {
    "title": "Apr ,PTC Therapeutics Receives Positive CHMP Opinion for Sephience\u2122 (sepiapterin) for the Treatment of Children and Adults Living with Phenylketonuria",
    "link": "https://ir.ptcbio.com/news-releases/news-release-details/ptc-therapeutics-receives-positive-chmp-opinion-sephiencetm",
    "timestamp": "unknown"
  },
  {
    "title": "PTC Therapeutics Receives Positive CHMP Opinion for Sephience\u2122 (sepiapterin) for the Treatment of Children and Adults Living with Phenylketonuria (PKU",
    "link": "https://ir.ptcbio.com/news-releases/news-release-details/ptc-therapeutics-receives-positive-chmp-opinion-sephiencetm",
    "timestamp": "unknown"
  },
  {
    "title": "PTC Therapeutics Receives Positive CHMP Opinion for Sephience\u2122 (sepiapterin) for the Treatment of Children and Adults Living with Phenylketonuria (PKU",
    "link": "https://ir.ptcbio.com/news-releases/news-release-details/ptc-therapeutics-receives-positive-chmp-opinion-sephiencetm",
    "timestamp": "unknown"
  },
  {
    "title": "Read More",
    "link": "https://ir.ptcbio.com/news-releases/news-release-details/ptc-therapeutics-receives-positive-chmp-opinion-sephiencetm",
    "timestamp": "unknown"
  },
  {
    "title": "Apr ,PTC Therapeutics to Participate at Upcoming Investor ConferencesWARREN, N.J. , April ,  /PRNewswire/ -- PTC Therapeutics, Inc. (NASDAQ: PTCT) tod",
    "link": "https://ir.ptcbio.com/news-releases/news-release-details/ptc-therapeutics-participate-upcoming-investor-conferences-",
    "timestamp": "unknown"
  },
  {
    "title": "Apr ,PTC Therapeutics to Participate at Upcoming Investor ConferencesWARREN, N.J. , April ,  /PRNewswire/ -- PTC Therapeutics, Inc. (NASDAQ: PTCT) tod",
    "link": "https://ir.ptcbio.com/news-releases/news-release-details/ptc-therapeutics-participate-upcoming-investor-conferences-",
    "timestamp": "unknown"
  },
  {
    "title": "Apr ,PTC Therapeutics to Participate at Upcoming Investor ConferencesWARREN, N.J. , April ,  /PRNewswire/ -- PTC Therapeutics, Inc. (NASDAQ: PTCT) tod",
    "link": "https://ir.ptcbio.com/news-releases/news-release-details/ptc-therapeutics-participate-upcoming-investor-conferences-",
    "timestamp": "unknown"
  },
  {
    "title": "Apr ,PTC Therapeutics to Participate at Upcoming Investor ConferencesWARREN, N.J. , April ,  /PRNewswire/ -- PTC Therapeutics, Inc. (NASDAQ: PTCT) tod",
    "link": "https://ir.ptcbio.com/news-releases/news-release-details/ptc-therapeutics-participate-upcoming-investor-conferences-",
    "timestamp": "unknown"
  },
  {
    "title": "PTC Therapeutics to Participate at Upcoming Investor ConferencesWARREN, N.J. , April ,  /PRNewswire/ -- PTC Therapeutics, Inc. (NASDAQ: PTCT) today an",
    "link": "https://ir.ptcbio.com/news-releases/news-release-details/ptc-therapeutics-participate-upcoming-investor-conferences-",
    "timestamp": "unknown"
  },
  {
    "title": "PTC Therapeutics to Participate at Upcoming Investor Conferences",
    "link": "https://ir.ptcbio.com/news-releases/news-release-details/ptc-therapeutics-participate-upcoming-investor-conferences-",
    "timestamp": "unknown"
  },
  {
    "title": "Read More",
    "link": "https://ir.ptcbio.com/news-releases/news-release-details/ptc-therapeutics-participate-upcoming-investor-conferences-",
    "timestamp": "unknown"
  },
  {
    "title": "Apr ,PTC Therapeutics to Host Conference Call to Discuss First Quarter  Financial ResultsWARREN, N.J. , April ,  /PRNewswire/ --\u00a0PTC Therapeutics, Inc",
    "link": "https://ir.ptcbio.com/news-releases/news-release-details/ptc-therapeutics-host-conference-call-discuss-first-quarter-",
    "timestamp": "unknown"
  },
  {
    "title": "Apr ,PTC Therapeutics to Host Conference Call to Discuss First Quarter  Financial ResultsWARREN, N.J. , April ,  /PRNewswire/ --\u00a0PTC Therapeutics, Inc",
    "link": "https://ir.ptcbio.com/news-releases/news-release-details/ptc-therapeutics-host-conference-call-discuss-first-quarter-",
    "timestamp": "unknown"
  },
  {
    "title": "Apr ,PTC Therapeutics to Host Conference Call to Discuss First Quarter  Financial ResultsWARREN, N.J. , April ,  /PRNewswire/ --\u00a0PTC Therapeutics, Inc",
    "link": "https://ir.ptcbio.com/news-releases/news-release-details/ptc-therapeutics-host-conference-call-discuss-first-quarter-",
    "timestamp": "unknown"
  },
  {
    "title": "Apr ,PTC Therapeutics to Host Conference Call to Discuss First Quarter  Financial ResultsWARREN, N.J. , April ,  /PRNewswire/ --\u00a0PTC Therapeutics, Inc",
    "link": "https://ir.ptcbio.com/news-releases/news-release-details/ptc-therapeutics-host-conference-call-discuss-first-quarter-",
    "timestamp": "unknown"
  },
  {
    "title": "PTC Therapeutics to Host Conference Call to Discuss First Quarter  Financial ResultsWARREN, N.J. , April ,  /PRNewswire/ --\u00a0PTC Therapeutics, Inc. (NA",
    "link": "https://ir.ptcbio.com/news-releases/news-release-details/ptc-therapeutics-host-conference-call-discuss-first-quarter-",
    "timestamp": "unknown"
  },
  {
    "title": "PTC Therapeutics to Host Conference Call to Discuss First Quarter  Financial Results",
    "link": "https://ir.ptcbio.com/news-releases/news-release-details/ptc-therapeutics-host-conference-call-discuss-first-quarter-",
    "timestamp": "unknown"
  },
  {
    "title": "Read More",
    "link": "https://ir.ptcbio.com/news-releases/news-release-details/ptc-therapeutics-host-conference-call-discuss-first-quarter-",
    "timestamp": "unknown"
  },
  {
    "title": "PaginationCurrent pagePagePage\u2026Next page\u203aLast page\u00bb",
    "link": "https://ir.ptcbio.com/press-releases?mobile=&page=",
    "timestamp": "unknown"
  },
  {
    "title": "PaginationCurrent pagePagePage\u2026Next page\u203aLast page\u00bb",
    "link": "https://ir.ptcbio.com/press-releases?mobile=&page=",
    "timestamp": "unknown"
  },
  {
    "title": "PaginationCurrent pagePagePage\u2026Next page\u203aLast page\u00bb",
    "link": "https://ir.ptcbio.com/press-releases?mobile=&page=",
    "timestamp": "unknown"
  },
  {
    "title": "Current page",
    "link": "https://ir.ptcbio.com/press-releases?mobile=&page=",
    "timestamp": "unknown"
  },
  {
    "title": "Page",
    "link": "https://ir.ptcbio.com/press-releases?mobile=&page=",
    "timestamp": "unknown"
  },
  {
    "title": "Page",
    "link": "https://ir.ptcbio.com/press-releases?mobile=&page=",
    "timestamp": "unknown"
  },
  {
    "title": "Next page\u203a",
    "link": "https://ir.ptcbio.com/press-releases?mobile=&page=",
    "timestamp": "unknown"
  },
  {
    "title": "Last page\u00bb",
    "link": "https://ir.ptcbio.com/press-releases?mobile=&page=",
    "timestamp": "unknown"
  },
  {
    "title": "Printed MaterialsEmail AlertsRSSPrint",
    "link": "https://ir.ptcbio.com/printed-materials",
    "timestamp": "unknown"
  },
  {
    "title": "Printed Materials",
    "link": "https://ir.ptcbio.com/printed-materials",
    "timestamp": "unknown"
  },
  {
    "title": "Email Alerts",
    "link": "https://ir.ptcbio.com/email-alerts",
    "timestamp": "unknown"
  },
  {
    "title": "RSS",
    "link": "https://ir.ptcbio.com/rss-news-feeds",
    "timestamp": "unknown"
  },
  {
    "title": "Print",
    "link": "https://ir.ptcbio.com/press-releases?mobile=1",
    "timestamp": "unknown"
  },
  {
    "title": "Get to know PTCLeadership TeamOur ResponsibilityGrants and DonationsPTC NewsroomGlobal ComplianceFor PatientsPTC CaresInsightful MomentsRare JourneysP",
    "link": "https://www.ptcbio.com/",
    "timestamp": "unknown"
  },
  {
    "title": "Get to know PTCLeadership TeamOur ResponsibilityGrants and DonationsPTC NewsroomGlobal Compliance",
    "link": "https://www.ptcbio.com/about-ptc/leadership/",
    "timestamp": "unknown"
  },
  {
    "title": "Leadership Team",
    "link": "https://www.ptcbio.com/about-ptc/leadership/",
    "timestamp": "unknown"
  },
  {
    "title": "Our Responsibility",
    "link": "https://www.ptcbio.com/about-ptc/our-responsibility/",
    "timestamp": "unknown"
  },
  {
    "title": "Grants and Donations",
    "link": "https://www.ptcbio.com/grants-and-donations/",
    "timestamp": "unknown"
  },
  {
    "title": "PTC Newsroom",
    "link": "https://www.ptcbio.com/newsroom/",
    "timestamp": "unknown"
  },
  {
    "title": "Global Compliance",
    "link": "https://www.ptcbio.com/global-compliance-program/",
    "timestamp": "unknown"
  },
  {
    "title": "For PatientsPTC CaresInsightful MomentsRare JourneysPatient & Caregiver Resources",
    "link": "https://ptccares.com/",
    "timestamp": "unknown"
  },
  {
    "title": "PTC Cares",
    "link": "https://ptccares.com/",
    "timestamp": "unknown"
  },
  {
    "title": "Insightful Moments",
    "link": "https://www.ptcbio.com/insightful-moments/",
    "timestamp": "unknown"
  },
  {
    "title": "Rare Journeys",
    "link": "https://www.ptcbio.com/rare-journeys/",
    "timestamp": "unknown"
  },
  {
    "title": "Patient & Caregiver Resources",
    "link": "https://www.ptcbio.com/patients-caregivers-resources/",
    "timestamp": "unknown"
  },
  {
    "title": "Clinical TrialsCareersOur ProductsInvestor Relations",
    "link": "https://clinicaltrials.ptcbio.com",
    "timestamp": "unknown"
  },
  {
    "title": "Clinical Trials",
    "link": "https://clinicaltrials.ptcbio.com",
    "timestamp": "unknown"
  },
  {
    "title": "Careers",
    "link": "https://www.ptcbio.com/careers/",
    "timestamp": "unknown"
  },
  {
    "title": "Our Products",
    "link": "https://www.ptcbio.com/our-products/",
    "timestamp": "unknown"
  },
  {
    "title": "Investor Relations",
    "link": "https://ir.ptcbio.com/",
    "timestamp": "unknown"
  },
  {
    "title": "Have Questions?Contact UsFollow Us On:",
    "link": "https://www.ptcbio.com/contact-us/",
    "timestamp": "unknown"
  },
  {
    "title": "Contact Us",
    "link": "https://www.ptcbio.com/contact-us/",
    "timestamp": "unknown"
  }
]