[
  {
    "title": "Search:SubmitAbout PTCBackLeadershipOur ResponsibilityGlobal Compliance ProgramGrants and DonationsLocationsOur ScienceBackSplicingInflammation & Ferr",
    "link": "https://www.ptcbio.com/about-ptc/",
    "timestamp": "unknown"
  },
  {
    "title": "About PTCBackLeadershipOur ResponsibilityGlobal Compliance ProgramGrants and DonationsLocations",
    "link": "https://www.ptcbio.com/about-ptc/",
    "timestamp": "unknown"
  },
  {
    "title": "Leadership",
    "link": "https://www.ptcbio.com/about-ptc/leadership/",
    "timestamp": "unknown"
  },
  {
    "title": "Our Responsibility",
    "link": "https://www.ptcbio.com/about-ptc/our-responsibility/",
    "timestamp": "unknown"
  },
  {
    "title": "Global Compliance Program",
    "link": "https://www.ptcbio.com/global-compliance-program/",
    "timestamp": "unknown"
  },
  {
    "title": "Grants and Donations",
    "link": "https://www.ptcbio.com/grants-and-donations/",
    "timestamp": "unknown"
  },
  {
    "title": "Locations",
    "link": "https://www.ptcbio.com/contact-us/",
    "timestamp": "unknown"
  },
  {
    "title": "Our ScienceBackSplicingInflammation & Ferroptosis",
    "link": "https://www.ptcbio.com/our-science/",
    "timestamp": "unknown"
  },
  {
    "title": "Splicing",
    "link": "https://www.ptcbio.com/our-science/splicing/",
    "timestamp": "unknown"
  },
  {
    "title": "Inflammation & Ferroptosis",
    "link": "https://www.ptcbio.com/our-science/inflammation-and-ferroptosis/",
    "timestamp": "unknown"
  },
  {
    "title": "Our Products",
    "link": "https://www.ptcbio.com/our-products/",
    "timestamp": "unknown"
  },
  {
    "title": "Therapeutic AreasBackMetabolismBackFamilial chylomicronemia syndrome (FCS)Familial partial lipodystrophy (FPL)Phenylketonuria (PKU)NeurologyBackAromat",
    "link": "https://www.ptcbio.com/therapeutic-areas/",
    "timestamp": "unknown"
  },
  {
    "title": "MetabolismBackFamilial chylomicronemia syndrome (FCS)Familial partial lipodystrophy (FPL)Phenylketonuria (PKU)",
    "link": "https://ir.ptcbio.com/financial-information/sec-filings",
    "timestamp": "unknown"
  },
  {
    "title": "Familial chylomicronemia syndrome (FCS)",
    "link": "https://www.ptcbio.com/therapeutic-areas/familial-chylomicronemia-syndrome/",
    "timestamp": "unknown"
  },
  {
    "title": "Familial partial lipodystrophy (FPL)",
    "link": "https://www.ptcbio.com/therapeutic-areas/familial-partial-lipodystrophy/",
    "timestamp": "unknown"
  },
  {
    "title": "Phenylketonuria (PKU)",
    "link": "https://www.ptcbio.com/therapeutic-areas/phenylketonuria/",
    "timestamp": "unknown"
  },
  {
    "title": "NeurologyBackAromatic l-amino acid decarboxylase (AADC) deficiencyDuchenne muscular dystrophy (DMD)Friedreich ataxia (FA)Hereditary Transthyretin Amyl",
    "link": "https://ir.ptcbio.com/financial-information/sec-filings",
    "timestamp": "unknown"
  },
  {
    "title": "Aromatic l-amino acid decarboxylase (AADC) deficiency",
    "link": "https://www.ptcbio.com/aromatic-l-amino-acid-decarboxylase-deficiency/",
    "timestamp": "unknown"
  },
  {
    "title": "Duchenne muscular dystrophy (DMD)",
    "link": "https://www.ptcbio.com/duchenne-muscular-dystrophy/",
    "timestamp": "unknown"
  },
  {
    "title": "Friedreich ataxia (FA)",
    "link": "https://www.ptcbio.com/therapeutic-areas/friedreich-ataxia/",
    "timestamp": "unknown"
  },
  {
    "title": "Hereditary Transthyretin Amyloidosis (hATTR)",
    "link": "https://www.ptcbio.com/therapeutic-areas/hereditary-transthyretin-amyloidosis/",
    "timestamp": "unknown"
  },
  {
    "title": "Huntington&#;s Disease (HD)",
    "link": "https://www.ptcbio.com/huntingtons-disease/",
    "timestamp": "unknown"
  },
  {
    "title": "Spinal muscular atrophy (SMA)",
    "link": "https://www.ptcbio.com/therapeutic-areas/spinal-muscular-atrophy/",
    "timestamp": "unknown"
  },
  {
    "title": "Careers",
    "link": "https://www.ptcbio.com/careers/",
    "timestamp": "unknown"
  },
  {
    "title": "United StatesBackStart of ColumnAmericasUnited StatesStart of ColumnEuropeAustriaGermanyIrelandItalySpainSweden (EN)SwedenSwitzerlandUnited Kingdom",
    "link": "https://www.ptcbio.com/",
    "timestamp": "unknown"
  },
  {
    "title": "Start of ColumnAmericasUnited StatesStart of ColumnEuropeAustriaGermanyIrelandItalySpainSweden (EN)SwedenSwitzerlandUnited Kingdom",
    "link": "https://www.ptcbio.com/",
    "timestamp": "unknown"
  },
  {
    "title": "Start of ColumnAmericasUnited States",
    "link": "https://www.ptcbio.com/",
    "timestamp": "unknown"
  },
  {
    "title": "AmericasUnited States",
    "link": "https://www.ptcbio.com/",
    "timestamp": "unknown"
  },
  {
    "title": "United States",
    "link": "https://www.ptcbio.com/",
    "timestamp": "unknown"
  },
  {
    "title": "Start of ColumnEuropeAustriaGermanyIrelandItalySpainSweden (EN)SwedenSwitzerlandUnited Kingdom",
    "link": "https://www.ptcbio.at/",
    "timestamp": "unknown"
  },
  {
    "title": "EuropeAustriaGermanyIrelandItalySpainSweden (EN)SwedenSwitzerlandUnited Kingdom",
    "link": "https://www.ptcbio.at/",
    "timestamp": "unknown"
  },
  {
    "title": "Austria",
    "link": "https://www.ptcbio.at/",
    "timestamp": "unknown"
  },
  {
    "title": "Germany",
    "link": "https://www.ptcbio.de/",
    "timestamp": "unknown"
  },
  {
    "title": "Ireland",
    "link": "https://www.ptcbio.ie/",
    "timestamp": "unknown"
  },
  {
    "title": "Italy",
    "link": "https://www.ptcbio.it/",
    "timestamp": "unknown"
  },
  {
    "title": "Spain",
    "link": "https://www.ptcbio.es/",
    "timestamp": "unknown"
  },
  {
    "title": "Sweden (EN)",
    "link": "https://www.ptcbio-en.se/",
    "timestamp": "unknown"
  },
  {
    "title": "Sweden",
    "link": "https://www.ptcbio.se/",
    "timestamp": "unknown"
  },
  {
    "title": "Switzerland",
    "link": "https://www.ptcbio.ch/",
    "timestamp": "unknown"
  },
  {
    "title": "United Kingdom",
    "link": "https://www.ptcbio.co.uk/",
    "timestamp": "unknown"
  },
  {
    "title": "InvestorsHealthcare ProvidersPatients & Caregivers",
    "link": "https://ir.ptcbio.com/",
    "timestamp": "unknown"
  },
  {
    "title": "Investors",
    "link": "https://ir.ptcbio.com/",
    "timestamp": "unknown"
  },
  {
    "title": "Healthcare Providers",
    "link": "https://www.ptcbio.com/healthcare-providers-resources/",
    "timestamp": "unknown"
  },
  {
    "title": "Patients & Caregivers",
    "link": "https://www.ptcbio.com/patients-caregivers-resources/",
    "timestamp": "unknown"
  },
  {
    "title": "United StatesStart of ColumnAmericasUnited StatesStart of ColumnEuropeAustriaGermanyIrelandItalySpainSweden (EN)SwedenSwitzerlandUnited KingdomInvesto",
    "link": "https://www.ptcbio.com/",
    "timestamp": "unknown"
  },
  {
    "title": "United StatesStart of ColumnAmericasUnited StatesStart of ColumnEuropeAustriaGermanyIrelandItalySpainSweden (EN)SwedenSwitzerlandUnited KingdomInvesto",
    "link": "https://www.ptcbio.com/",
    "timestamp": "unknown"
  },
  {
    "title": "United StatesStart of ColumnAmericasUnited StatesStart of ColumnEuropeAustriaGermanyIrelandItalySpainSweden (EN)SwedenSwitzerlandUnited Kingdom",
    "link": "https://www.ptcbio.com/",
    "timestamp": "unknown"
  },
  {
    "title": "United StatesStart of ColumnAmericasUnited StatesStart of ColumnEuropeAustriaGermanyIrelandItalySpainSweden (EN)SwedenSwitzerlandUnited Kingdom",
    "link": "https://www.ptcbio.com/",
    "timestamp": "unknown"
  },
  {
    "title": "Start of ColumnAmericasUnited StatesStart of ColumnEuropeAustriaGermanyIrelandItalySpainSweden (EN)SwedenSwitzerlandUnited Kingdom",
    "link": "https://www.ptcbio.com/",
    "timestamp": "unknown"
  },
  {
    "title": "Start of ColumnAmericasUnited States",
    "link": "https://www.ptcbio.com/",
    "timestamp": "unknown"
  },
  {
    "title": "AmericasUnited States",
    "link": "https://www.ptcbio.com/",
    "timestamp": "unknown"
  },
  {
    "title": "United States",
    "link": "https://www.ptcbio.com/",
    "timestamp": "unknown"
  },
  {
    "title": "Start of ColumnEuropeAustriaGermanyIrelandItalySpainSweden (EN)SwedenSwitzerlandUnited Kingdom",
    "link": "https://www.ptcbio.at/",
    "timestamp": "unknown"
  },
  {
    "title": "EuropeAustriaGermanyIrelandItalySpainSweden (EN)SwedenSwitzerlandUnited Kingdom",
    "link": "https://www.ptcbio.at/",
    "timestamp": "unknown"
  },
  {
    "title": "Austria",
    "link": "https://www.ptcbio.at/",
    "timestamp": "unknown"
  },
  {
    "title": "Germany",
    "link": "https://www.ptcbio.de/",
    "timestamp": "unknown"
  },
  {
    "title": "Ireland",
    "link": "https://www.ptcbio.ie/",
    "timestamp": "unknown"
  },
  {
    "title": "Italy",
    "link": "https://www.ptcbio.it/",
    "timestamp": "unknown"
  },
  {
    "title": "Spain",
    "link": "https://www.ptcbio.es/",
    "timestamp": "unknown"
  },
  {
    "title": "Sweden (EN)",
    "link": "https://www.ptcbio-en.se/",
    "timestamp": "unknown"
  },
  {
    "title": "Sweden",
    "link": "https://www.ptcbio.se/",
    "timestamp": "unknown"
  },
  {
    "title": "Switzerland",
    "link": "https://www.ptcbio.ch/",
    "timestamp": "unknown"
  },
  {
    "title": "United Kingdom",
    "link": "https://www.ptcbio.co.uk/",
    "timestamp": "unknown"
  },
  {
    "title": "InvestorsHealthcare ProvidersPatients & Caregivers",
    "link": "https://ir.ptcbio.com/",
    "timestamp": "unknown"
  },
  {
    "title": "Investors",
    "link": "https://ir.ptcbio.com/",
    "timestamp": "unknown"
  },
  {
    "title": "Healthcare Providers",
    "link": "https://www.ptcbio.com/healthcare-providers-resources/",
    "timestamp": "unknown"
  },
  {
    "title": "Patients & Caregivers",
    "link": "https://www.ptcbio.com/patients-caregivers-resources/",
    "timestamp": "unknown"
  },
  {
    "title": "SEC FilingsPTC is committed to serving the interests of all our stakeholders.Pam & KelseyLiving with PKU, United StatesInvestors MenuInvestor Relation",
    "link": "https://ir.ptcbio.com/",
    "timestamp": "unknown"
  },
  {
    "title": "Investors MenuInvestor RelationsOverviewPress ReleasesEvents & PresentationsGovernance / ComplianceGovernance OverviewManagementBoard of DirectorsComm",
    "link": "https://ir.ptcbio.com/",
    "timestamp": "unknown"
  },
  {
    "title": "Investors MenuInvestor RelationsOverviewPress ReleasesEvents & PresentationsGovernance / ComplianceGovernance OverviewManagementBoard of DirectorsComm",
    "link": "https://ir.ptcbio.com/",
    "timestamp": "unknown"
  },
  {
    "title": "Investors MenuInvestor RelationsOverviewPress ReleasesEvents & PresentationsGovernance / ComplianceGovernance OverviewManagementBoard of DirectorsComm",
    "link": "https://ir.ptcbio.com/",
    "timestamp": "unknown"
  },
  {
    "title": "Investors MenuInvestor RelationsOverviewPress ReleasesEvents & PresentationsGovernance / ComplianceGovernance OverviewManagementBoard of DirectorsComm",
    "link": "https://ir.ptcbio.com/",
    "timestamp": "unknown"
  },
  {
    "title": "Investors MenuInvestor RelationsOverviewPress ReleasesEvents & PresentationsGovernance / ComplianceGovernance OverviewManagementBoard of DirectorsComm",
    "link": "https://ir.ptcbio.com/",
    "timestamp": "unknown"
  },
  {
    "title": "Investors MenuInvestor RelationsOverviewPress ReleasesEvents & PresentationsGovernance / ComplianceGovernance OverviewManagementBoard of DirectorsComm",
    "link": "https://ir.ptcbio.com/",
    "timestamp": "unknown"
  },
  {
    "title": "Investor RelationsOverviewPress ReleasesEvents & PresentationsGovernance / ComplianceGovernance OverviewManagementBoard of DirectorsCommittee Composit",
    "link": "https://ir.ptcbio.com/",
    "timestamp": "unknown"
  },
  {
    "title": "Overview",
    "link": "https://ir.ptcbio.com/",
    "timestamp": "unknown"
  },
  {
    "title": "Press Releases",
    "link": "https://ir.ptcbio.com/press-releases",
    "timestamp": "unknown"
  },
  {
    "title": "Events & Presentations",
    "link": "https://ir.ptcbio.com/events-presentations",
    "timestamp": "unknown"
  },
  {
    "title": "Governance / ComplianceGovernance OverviewManagementBoard of DirectorsCommittee CompositionContact the Board",
    "link": "https://ir.ptcbio.com/governance/governance-overview",
    "timestamp": "unknown"
  },
  {
    "title": "Governance OverviewManagementBoard of DirectorsCommittee CompositionContact the Board",
    "link": "https://ir.ptcbio.com/governance/governance-overview",
    "timestamp": "unknown"
  },
  {
    "title": "Financial InformationOverviewSEC Filings",
    "link": "https://ir.ptcbio.com/financial-information",
    "timestamp": "unknown"
  },
  {
    "title": "OverviewSEC Filings",
    "link": "https://ir.ptcbio.com/financial-information",
    "timestamp": "unknown"
  },
  {
    "title": "Annual Report & ProxyAnnual ReportsProxy StatementsSustainability Reports",
    "link": "https://ir.ptcbio.com/annual-reports-and-proxy/annual-reports",
    "timestamp": "unknown"
  },
  {
    "title": "Annual ReportsProxy StatementsSustainability Reports",
    "link": "https://ir.ptcbio.com/annual-reports-and-proxy/annual-reports",
    "timestamp": "unknown"
  },
  {
    "title": "Stock InformationStock Quote & ChartHistoric Price LookupInvestment CalculatorAnalyst Coverage",
    "link": "https://ir.ptcbio.com/stock-information",
    "timestamp": "unknown"
  },
  {
    "title": "Stock Quote & ChartHistoric Price LookupInvestment CalculatorAnalyst Coverage",
    "link": "https://ir.ptcbio.com/stock-information",
    "timestamp": "unknown"
  },
  {
    "title": "Investor FAQs",
    "link": "https://ir.ptcbio.com/investor-faqs",
    "timestamp": "unknown"
  },
  {
    "title": "Contact Us",
    "link": "https://ir.ptcbio.com/contact-us",
    "timestamp": "unknown"
  },
  {
    "title": "Printed MaterialsEmail AlertsRSSPrint",
    "link": "https://ir.ptcbio.com/printed-materials",
    "timestamp": "unknown"
  },
  {
    "title": "Printed Materials",
    "link": "https://ir.ptcbio.com/printed-materials",
    "timestamp": "unknown"
  },
  {
    "title": "Email Alerts",
    "link": "https://ir.ptcbio.com/email-alerts",
    "timestamp": "unknown"
  },
  {
    "title": "RSS",
    "link": "https://ir.ptcbio.com/rss-news-feeds",
    "timestamp": "unknown"
  },
  {
    "title": "Print",
    "link": "https://ir.ptcbio.com/financial-information/sec-filings",
    "timestamp": "unknown"
  },
  {
    "title": "GroupAll,,Annual FilingsCurrent ReportsMergers & AcquisitionsOtherProxy FilingsQuarterly FilingsRegistration StatementsFiling yearAllItems per pageFil",
    "link": "https://ir.ptcbio.com/financial-information/sec-filings?items_per_page=&order=field_nir_sec_date_filed&sort=asc",
    "timestamp": "unknown"
  },
  {
    "title": "GroupAll,,Annual FilingsCurrent ReportsMergers & AcquisitionsOtherProxy FilingsQuarterly FilingsRegistration StatementsFiling yearAllItems per pageFil",
    "link": "https://ir.ptcbio.com/financial-information/sec-filings?items_per_page=&order=field_nir_sec_date_filed&sort=asc",
    "timestamp": "unknown"
  },
  {
    "title": "GroupAll,,Annual FilingsCurrent ReportsMergers & AcquisitionsOtherProxy FilingsQuarterly FilingsRegistration StatementsFiling yearAllItems per pageFil",
    "link": "https://ir.ptcbio.com/financial-information/sec-filings?items_per_page=&order=field_nir_sec_date_filed&sort=asc",
    "timestamp": "unknown"
  },
  {
    "title": "GroupAll,,Annual FilingsCurrent ReportsMergers & AcquisitionsOtherProxy FilingsQuarterly FilingsRegistration StatementsFiling yearAllItems per pageFil",
    "link": "https://ir.ptcbio.com/financial-information/sec-filings?items_per_page=&order=field_nir_sec_date_filed&sort=asc",
    "timestamp": "unknown"
  },
  {
    "title": "GroupAll,,Annual FilingsCurrent ReportsMergers & AcquisitionsOtherProxy FilingsQuarterly FilingsRegistration StatementsFiling yearAllItems per pageFil",
    "link": "https://ir.ptcbio.com/financial-information/sec-filings?items_per_page=&order=field_nir_sec_date_filed&sort=asc",
    "timestamp": "unknown"
  },
  {
    "title": "GroupAll,,Annual FilingsCurrent ReportsMergers & AcquisitionsOtherProxy FilingsQuarterly FilingsRegistration StatementsFiling yearAllItems per pageFil",
    "link": "https://ir.ptcbio.com/financial-information/sec-filings?items_per_page=&order=field_nir_sec_date_filed&sort=asc",
    "timestamp": "unknown"
  },
  {
    "title": "GroupAll,,Annual FilingsCurrent ReportsMergers & AcquisitionsOtherProxy FilingsQuarterly FilingsRegistration StatementsFiling yearAllItems per pageFil",
    "link": "https://ir.ptcbio.com/financial-information/sec-filings?items_per_page=&order=field_nir_sec_date_filed&sort=asc",
    "timestamp": "unknown"
  },
  {
    "title": "GroupAll,,Annual FilingsCurrent ReportsMergers & AcquisitionsOtherProxy FilingsQuarterly FilingsRegistration StatementsFiling yearAllItems per pageFil",
    "link": "https://ir.ptcbio.com/financial-information/sec-filings?items_per_page=&order=field_nir_sec_date_filed&sort=asc",
    "timestamp": "unknown"
  },
  {
    "title": "GroupAll,,Annual FilingsCurrent ReportsMergers & AcquisitionsOtherProxy FilingsQuarterly FilingsRegistration StatementsFiling yearAllItems per pageFil",
    "link": "https://ir.ptcbio.com/financial-information/sec-filings?items_per_page=&order=field_nir_sec_date_filed&sort=asc",
    "timestamp": "unknown"
  },
  {
    "title": "GroupAll,,Annual FilingsCurrent ReportsMergers & AcquisitionsOtherProxy FilingsQuarterly FilingsRegistration StatementsFiling yearAllItems per pageFil",
    "link": "https://ir.ptcbio.com/financial-information/sec-filings?items_per_page=&order=field_nir_sec_date_filed&sort=asc",
    "timestamp": "unknown"
  },
  {
    "title": "GroupAll,,Annual FilingsCurrent ReportsMergers & AcquisitionsOtherProxy FilingsQuarterly FilingsRegistration StatementsFiling yearAllItems per pageFil",
    "link": "https://ir.ptcbio.com/financial-information/sec-filings?items_per_page=&order=field_nir_sec_date_filed&sort=asc",
    "timestamp": "unknown"
  },
  {
    "title": "GroupAll,,Annual FilingsCurrent ReportsMergers & AcquisitionsOtherProxy FilingsQuarterly FilingsRegistration StatementsFiling yearAllItems per pageFil",
    "link": "https://ir.ptcbio.com/financial-information/sec-filings?items_per_page=&order=field_nir_sec_date_filed&sort=asc",
    "timestamp": "unknown"
  },
  {
    "title": "GroupAll,,Annual FilingsCurrent ReportsMergers & AcquisitionsOtherProxy FilingsQuarterly FilingsRegistration StatementsFiling yearAllItems per pageFil",
    "link": "https://ir.ptcbio.com/financial-information/sec-filings?items_per_page=&order=field_nir_sec_date_filed&sort=asc",
    "timestamp": "unknown"
  },
  {
    "title": "GroupAll,,Annual FilingsCurrent ReportsMergers & AcquisitionsOtherProxy FilingsQuarterly FilingsRegistration StatementsFiling yearAllItems per pageFil",
    "link": "https://ir.ptcbio.com/financial-information/sec-filings?items_per_page=&order=field_nir_sec_date_filed&sort=asc",
    "timestamp": "unknown"
  },
  {
    "title": "GroupAll,,Annual FilingsCurrent ReportsMergers & AcquisitionsOtherProxy FilingsQuarterly FilingsRegistration StatementsFiling yearAllItems per pageFil",
    "link": "https://ir.ptcbio.com/financial-information/sec-filings?items_per_page=&order=field_nir_sec_date_filed&sort=asc",
    "timestamp": "unknown"
  },
  {
    "title": "GroupAll,,Annual FilingsCurrent ReportsMergers & AcquisitionsOtherProxy FilingsQuarterly FilingsRegistration StatementsFiling yearAllItems per pageFil",
    "link": "https://ir.ptcbio.com/financial-information/sec-filings?items_per_page=&order=field_nir_sec_date_filed&sort=asc",
    "timestamp": "unknown"
  },
  {
    "title": "GroupAll,,Annual FilingsCurrent ReportsMergers & AcquisitionsOtherProxy FilingsQuarterly FilingsRegistration StatementsFiling yearAllItems per pageFil",
    "link": "https://ir.ptcbio.com/financial-information/sec-filings?items_per_page=&order=field_nir_sec_date_filed&sort=asc",
    "timestamp": "unknown"
  },
  {
    "title": "Filing DateDescriptionFormViewJul ,Report of unscheduled material events or corporate event-KView HTML--.pdf--.xlsEX-.SCH - XBRL TAXONOMY EXTENSION SC",
    "link": "https://ir.ptcbio.com/financial-information/sec-filings?items_per_page=&order=field_nir_sec_date_filed&sort=asc",
    "timestamp": "unknown"
  },
  {
    "title": "Filing DateDescriptionFormView",
    "link": "https://ir.ptcbio.com/financial-information/sec-filings?items_per_page=&order=field_nir_sec_date_filed&sort=asc",
    "timestamp": "unknown"
  },
  {
    "title": "Jul ,Report of unscheduled material events or corporate event-KView HTML--.pdf--.xlsEX-.SCH - XBRL TAXONOMY EXTENSION SCHEMA",
    "link": "https://ir.ptcbio.com/sec-filings/sec-filing/-k/--",
    "timestamp": "unknown"
  },
  {
    "title": "View HTML--.pdf--.xlsEX-.SCH - XBRL TAXONOMY EXTENSION SCHEMA",
    "link": "https://ir.ptcbio.com/node//html",
    "timestamp": "unknown"
  },
  {
    "title": "--.pdf",
    "link": "https://ir.ptcbio.com/static-files/e0f4050d--4bf6-83dd-102f18f318b8",
    "timestamp": "unknown"
  },
  {
    "title": "--.xls",
    "link": "https://ir.ptcbio.com/static-files/e1ebd516-8e69---81ef2930f14c",
    "timestamp": "unknown"
  },
  {
    "title": "Jul ,Statement of changes in beneficial ownership of securitiesView HTML--.pdf--.xls",
    "link": "https://ir.ptcbio.com/sec-filings/sec-filing//--",
    "timestamp": "unknown"
  },
  {
    "title": "View HTML--.pdf--.xls",
    "link": "https://ir.ptcbio.com/node//html",
    "timestamp": "unknown"
  },
  {
    "title": "--.pdf",
    "link": "https://ir.ptcbio.com/static-files/ca06c6de-31ab-4b5e-a861-0876391b41dc",
    "timestamp": "unknown"
  },
  {
    "title": "--.xls",
    "link": "https://ir.ptcbio.com/static-files/7456b7a6-0ea5-4a30-971f-095cd08fde3b",
    "timestamp": "unknown"
  },
  {
    "title": "Jul ,Filed by \"insiders\" prior intended sale of restricted stock. Non-EDGAR filingView HTML--.pdf",
    "link": "https://ir.ptcbio.com/sec-filings/sec-filing//--",
    "timestamp": "unknown"
  },
  {
    "title": "View HTML--.pdf",
    "link": "https://ir.ptcbio.com/node//html",
    "timestamp": "unknown"
  },
  {
    "title": "--.pdf",
    "link": "https://ir.ptcbio.com/static-files/3a4eaa47-0e75-45fd-a77a-d6bd1f6a3797",
    "timestamp": "unknown"
  },
  {
    "title": "Jun ,Report of unscheduled material events or corporate event-KView HTML--.pdf--.xlsEX-.SCH - XBRL TAXONOMY EXTENSION SCHEMA",
    "link": "https://ir.ptcbio.com/sec-filings/sec-filing/-k/--",
    "timestamp": "unknown"
  },
  {
    "title": "View HTML--.pdf--.xlsEX-.SCH - XBRL TAXONOMY EXTENSION SCHEMA",
    "link": "https://ir.ptcbio.com/node//html",
    "timestamp": "unknown"
  },
  {
    "title": "--.pdf",
    "link": "https://ir.ptcbio.com/static-files/515342bc-bf3a---8e37452bc9ab",
    "timestamp": "unknown"
  },
  {
    "title": "--.xls",
    "link": "https://ir.ptcbio.com/static-files/b6408b8d-96b0-42d5-b3af-1669d90f0c24",
    "timestamp": "unknown"
  },
  {
    "title": "May ,Statement of changes in beneficial ownership of securitiesView HTML--.pdf--.xls",
    "link": "https://ir.ptcbio.com/sec-filings/sec-filing//--",
    "timestamp": "unknown"
  },
  {
    "title": "View HTML--.pdf--.xls",
    "link": "https://ir.ptcbio.com/node//html",
    "timestamp": "unknown"
  },
  {
    "title": "--.pdf",
    "link": "https://ir.ptcbio.com/static-files/-997d-439e-8e78-edbc29b72721",
    "timestamp": "unknown"
  },
  {
    "title": "--.xls",
    "link": "https://ir.ptcbio.com/static-files/20fa856e-3fec-475e-aabb-194bfa1c4ba7",
    "timestamp": "unknown"
  },
  {
    "title": "May ,Filed by \"insiders\" prior intended sale of restricted stock. Non-EDGAR filingView HTML--.pdf--.xls",
    "link": "https://ir.ptcbio.com/sec-filings/sec-filing//--",
    "timestamp": "unknown"
  },
  {
    "title": "View HTML--.pdf--.xls",
    "link": "https://ir.ptcbio.com/node//html",
    "timestamp": "unknown"
  },
  {
    "title": "--.pdf",
    "link": "https://ir.ptcbio.com/static-files/0099b2e2-2e94--a3b7-96cdbe29e70e",
    "timestamp": "unknown"
  },
  {
    "title": "--.xls",
    "link": "https://ir.ptcbio.com/static-files/fade83e8-3ded-47bd-bdf3-6f3762392c96",
    "timestamp": "unknown"
  },
  {
    "title": "May ,SCHEDULE 13G/A - DescriptionSCHEDULE 13G/AView HTML--.pdf--.xls",
    "link": "https://ir.ptcbio.com/sec-filings/sec-filing/schedule-13ga/--",
    "timestamp": "unknown"
  },
  {
    "title": "View HTML--.pdf--.xls",
    "link": "https://ir.ptcbio.com/node//html",
    "timestamp": "unknown"
  },
  {
    "title": "--.pdf",
    "link": "https://ir.ptcbio.com/static-files/ff80849c-59a5-4b3f-a4d8-13424d745ede",
    "timestamp": "unknown"
  },
  {
    "title": "--.xls",
    "link": "https://ir.ptcbio.com/static-files/e62c4d1f--40fc-bbf7-19a79fa165c6",
    "timestamp": "unknown"
  },
  {
    "title": "May ,Filed by \"insiders\" prior intended sale of restricted stock. Non-EDGAR filingView HTML--.pdf--.xls",
    "link": "https://ir.ptcbio.com/sec-filings/sec-filing//--",
    "timestamp": "unknown"
  },
  {
    "title": "View HTML--.pdf--.xls",
    "link": "https://ir.ptcbio.com/node//html",
    "timestamp": "unknown"
  },
  {
    "title": "--.pdf",
    "link": "https://ir.ptcbio.com/static-files/2896ea50-8fd7-447c-a32c-a32fca48cd57",
    "timestamp": "unknown"
  },
  {
    "title": "--.xls",
    "link": "https://ir.ptcbio.com/static-files/bd171ebc-446b--b64c-e03cfa24a9d4",
    "timestamp": "unknown"
  },
  {
    "title": "May ,Report of unscheduled material events or corporate event-KView HTML--.pdf--.xlsEX-.SCH - XBRL TAXONOMY EXTENSION SCHEMA",
    "link": "https://ir.ptcbio.com/sec-filings/sec-filing/-k/--",
    "timestamp": "unknown"
  },
  {
    "title": "View HTML--.pdf--.xlsEX-.SCH - XBRL TAXONOMY EXTENSION SCHEMA",
    "link": "https://ir.ptcbio.com/node//html",
    "timestamp": "unknown"
  },
  {
    "title": "--.pdf",
    "link": "https://ir.ptcbio.com/static-files/038ad940-aaa9-4cd8-a933-29bd8f723042",
    "timestamp": "unknown"
  },
  {
    "title": "--.xls",
    "link": "https://ir.ptcbio.com/static-files/56235ebf-9f5a-421d--4f6311d3bdd9",
    "timestamp": "unknown"
  },
  {
    "title": "May ,Quarterly report which provides a continuing view of a company's financial position-QView HTML--.pdf--.xlsEX-.SCH - XBRL TAXONOMY EXTENSION SCHEM",
    "link": "https://ir.ptcbio.com/sec-filings/sec-filing/-q/--",
    "timestamp": "unknown"
  },
  {
    "title": "View HTML--.pdf--.xlsEX-.SCH - XBRL TAXONOMY EXTENSION SCHEMA",
    "link": "https://ir.ptcbio.com/node//html",
    "timestamp": "unknown"
  },
  {
    "title": "--.pdf",
    "link": "https://ir.ptcbio.com/static-files/dadea2a5-76df-46af-8b43-66f6a3991ff2",
    "timestamp": "unknown"
  },
  {
    "title": "--.xls",
    "link": "https://ir.ptcbio.com/static-files/e386d352-724f--86a1-ddb6d6e6a734",
    "timestamp": "unknown"
  },
  {
    "title": "PaginationCurrent pagePagePage\u2026Next page\u203aLast page\u00bb",
    "link": "https://ir.ptcbio.com/financial-information/sec-filings?&field_nir_sec_cik_target_id=&field_nir_sec_date_filed_value=&&&items_per_page_toggle=&page=",
    "timestamp": "unknown"
  },
  {
    "title": "PaginationCurrent pagePagePage\u2026Next page\u203aLast page\u00bb",
    "link": "https://ir.ptcbio.com/financial-information/sec-filings?&field_nir_sec_cik_target_id=&field_nir_sec_date_filed_value=&&&items_per_page_toggle=&page=",
    "timestamp": "unknown"
  },
  {
    "title": "Current page",
    "link": "https://ir.ptcbio.com/financial-information/sec-filings?&field_nir_sec_cik_target_id=&field_nir_sec_date_filed_value=&&&items_per_page_toggle=&page=",
    "timestamp": "unknown"
  },
  {
    "title": "Page",
    "link": "https://ir.ptcbio.com/financial-information/sec-filings?&field_nir_sec_cik_target_id=&field_nir_sec_date_filed_value=&&&items_per_page_toggle=&page=",
    "timestamp": "unknown"
  },
  {
    "title": "Page",
    "link": "https://ir.ptcbio.com/financial-information/sec-filings?&field_nir_sec_cik_target_id=&field_nir_sec_date_filed_value=&&&items_per_page_toggle=&page=",
    "timestamp": "unknown"
  },
  {
    "title": "Next page\u203a",
    "link": "https://ir.ptcbio.com/financial-information/sec-filings?&field_nir_sec_cik_target_id=&field_nir_sec_date_filed_value=&&&items_per_page_toggle=&page=",
    "timestamp": "unknown"
  },
  {
    "title": "Last page\u00bb",
    "link": "https://ir.ptcbio.com/financial-information/sec-filings?&field_nir_sec_cik_target_id=&field_nir_sec_date_filed_value=&&&items_per_page_toggle=&page=",
    "timestamp": "unknown"
  },
  {
    "title": "Data provided byKaleidoscope.",
    "link": "https://www.kscope.io",
    "timestamp": "unknown"
  },
  {
    "title": "Data provided byKaleidoscope.",
    "link": "https://www.kscope.io",
    "timestamp": "unknown"
  },
  {
    "title": "Printed MaterialsEmail AlertsRSSPrint",
    "link": "https://ir.ptcbio.com/printed-materials",
    "timestamp": "unknown"
  },
  {
    "title": "Printed Materials",
    "link": "https://ir.ptcbio.com/printed-materials",
    "timestamp": "unknown"
  },
  {
    "title": "Email Alerts",
    "link": "https://ir.ptcbio.com/email-alerts",
    "timestamp": "unknown"
  },
  {
    "title": "RSS",
    "link": "https://ir.ptcbio.com/rss-news-feeds",
    "timestamp": "unknown"
  },
  {
    "title": "Print",
    "link": "https://ir.ptcbio.com/financial-information/sec-filings",
    "timestamp": "unknown"
  },
  {
    "title": "Get to know PTCLeadership TeamOur ResponsibilityGrants and DonationsPTC NewsroomGlobal ComplianceFor PatientsPTC CaresInsightful MomentsRare JourneysP",
    "link": "https://www.ptcbio.com/",
    "timestamp": "unknown"
  },
  {
    "title": "Get to know PTCLeadership TeamOur ResponsibilityGrants and DonationsPTC NewsroomGlobal Compliance",
    "link": "https://www.ptcbio.com/about-ptc/leadership/",
    "timestamp": "unknown"
  },
  {
    "title": "Leadership Team",
    "link": "https://www.ptcbio.com/about-ptc/leadership/",
    "timestamp": "unknown"
  },
  {
    "title": "Our Responsibility",
    "link": "https://www.ptcbio.com/about-ptc/our-responsibility/",
    "timestamp": "unknown"
  },
  {
    "title": "Grants and Donations",
    "link": "https://www.ptcbio.com/grants-and-donations/",
    "timestamp": "unknown"
  },
  {
    "title": "PTC Newsroom",
    "link": "https://www.ptcbio.com/newsroom/",
    "timestamp": "unknown"
  },
  {
    "title": "Global Compliance",
    "link": "https://www.ptcbio.com/global-compliance-program/",
    "timestamp": "unknown"
  },
  {
    "title": "For PatientsPTC CaresInsightful MomentsRare JourneysPatient & Caregiver Resources",
    "link": "https://ptccares.com/",
    "timestamp": "unknown"
  },
  {
    "title": "PTC Cares",
    "link": "https://ptccares.com/",
    "timestamp": "unknown"
  },
  {
    "title": "Insightful Moments",
    "link": "https://www.ptcbio.com/insightful-moments/",
    "timestamp": "unknown"
  },
  {
    "title": "Rare Journeys",
    "link": "https://www.ptcbio.com/rare-journeys/",
    "timestamp": "unknown"
  },
  {
    "title": "Patient & Caregiver Resources",
    "link": "https://www.ptcbio.com/patients-caregivers-resources/",
    "timestamp": "unknown"
  },
  {
    "title": "Clinical TrialsCareersOur ProductsInvestor Relations",
    "link": "https://clinicaltrials.ptcbio.com",
    "timestamp": "unknown"
  },
  {
    "title": "Clinical Trials",
    "link": "https://clinicaltrials.ptcbio.com",
    "timestamp": "unknown"
  },
  {
    "title": "Careers",
    "link": "https://www.ptcbio.com/careers/",
    "timestamp": "unknown"
  },
  {
    "title": "Our Products",
    "link": "https://www.ptcbio.com/our-products/",
    "timestamp": "unknown"
  },
  {
    "title": "Investor Relations",
    "link": "https://ir.ptcbio.com/",
    "timestamp": "unknown"
  },
  {
    "title": "Have Questions?Contact UsFollow Us On:",
    "link": "https://www.ptcbio.com/contact-us/",
    "timestamp": "unknown"
  },
  {
    "title": "Contact Us",
    "link": "https://www.ptcbio.com/contact-us/",
    "timestamp": "unknown"
  }
]