[
  {
    "title": "Search:SubmitAbout PTCBackLeadershipOur ResponsibilityGlobal Compliance ProgramGrants and DonationsLocationsOur ScienceBackSplicingInflammation & Ferr",
    "link": "https://www.ptcbio.com/about-ptc/",
    "timestamp": "unknown"
  },
  {
    "title": "About PTCBackLeadershipOur ResponsibilityGlobal Compliance ProgramGrants and DonationsLocations",
    "link": "https://www.ptcbio.com/about-ptc/",
    "timestamp": "unknown"
  },
  {
    "title": "Leadership",
    "link": "https://www.ptcbio.com/about-ptc/leadership/",
    "timestamp": "unknown"
  },
  {
    "title": "Our Responsibility",
    "link": "https://www.ptcbio.com/about-ptc/our-responsibility/",
    "timestamp": "unknown"
  },
  {
    "title": "Global Compliance Program",
    "link": "https://www.ptcbio.com/global-compliance-program/",
    "timestamp": "unknown"
  },
  {
    "title": "Grants and Donations",
    "link": "https://www.ptcbio.com/grants-and-donations/",
    "timestamp": "unknown"
  },
  {
    "title": "Locations",
    "link": "https://www.ptcbio.com/contact-us/",
    "timestamp": "unknown"
  },
  {
    "title": "Our ScienceBackSplicingInflammation & Ferroptosis",
    "link": "https://www.ptcbio.com/our-science/",
    "timestamp": "unknown"
  },
  {
    "title": "Splicing",
    "link": "https://www.ptcbio.com/our-science/splicing/",
    "timestamp": "unknown"
  },
  {
    "title": "Inflammation & Ferroptosis",
    "link": "https://www.ptcbio.com/our-science/inflammation-and-ferroptosis/",
    "timestamp": "unknown"
  },
  {
    "title": "Our Products",
    "link": "https://www.ptcbio.com/our-products/",
    "timestamp": "unknown"
  },
  {
    "title": "Therapeutic AreasBackMetabolismBackFamilial chylomicronemia syndrome (FCS)Familial partial lipodystrophy (FPL)Phenylketonuria (PKU)NeurologyBackAromat",
    "link": "https://www.ptcbio.com/therapeutic-areas/",
    "timestamp": "unknown"
  },
  {
    "title": "MetabolismBackFamilial chylomicronemia syndrome (FCS)Familial partial lipodystrophy (FPL)Phenylketonuria (PKU)",
    "link": "https://ir.ptcbio.com/events-presentations",
    "timestamp": "unknown"
  },
  {
    "title": "Familial chylomicronemia syndrome (FCS)",
    "link": "https://www.ptcbio.com/therapeutic-areas/familial-chylomicronemia-syndrome/",
    "timestamp": "unknown"
  },
  {
    "title": "Familial partial lipodystrophy (FPL)",
    "link": "https://www.ptcbio.com/therapeutic-areas/familial-partial-lipodystrophy/",
    "timestamp": "unknown"
  },
  {
    "title": "Phenylketonuria (PKU)",
    "link": "https://www.ptcbio.com/therapeutic-areas/phenylketonuria/",
    "timestamp": "unknown"
  },
  {
    "title": "NeurologyBackAromatic l-amino acid decarboxylase (AADC) deficiencyDuchenne muscular dystrophy (DMD)Friedreich ataxia (FA)Hereditary Transthyretin Amyl",
    "link": "https://ir.ptcbio.com/events-presentations",
    "timestamp": "unknown"
  },
  {
    "title": "Aromatic l-amino acid decarboxylase (AADC) deficiency",
    "link": "https://www.ptcbio.com/aromatic-l-amino-acid-decarboxylase-deficiency/",
    "timestamp": "unknown"
  },
  {
    "title": "Duchenne muscular dystrophy (DMD)",
    "link": "https://www.ptcbio.com/duchenne-muscular-dystrophy/",
    "timestamp": "unknown"
  },
  {
    "title": "Friedreich ataxia (FA)",
    "link": "https://www.ptcbio.com/therapeutic-areas/friedreich-ataxia/",
    "timestamp": "unknown"
  },
  {
    "title": "Hereditary Transthyretin Amyloidosis (hATTR)",
    "link": "https://www.ptcbio.com/therapeutic-areas/hereditary-transthyretin-amyloidosis/",
    "timestamp": "unknown"
  },
  {
    "title": "Huntington&#;s Disease (HD)",
    "link": "https://www.ptcbio.com/huntingtons-disease/",
    "timestamp": "unknown"
  },
  {
    "title": "Spinal muscular atrophy (SMA)",
    "link": "https://www.ptcbio.com/therapeutic-areas/spinal-muscular-atrophy/",
    "timestamp": "unknown"
  },
  {
    "title": "Careers",
    "link": "https://www.ptcbio.com/careers/",
    "timestamp": "unknown"
  },
  {
    "title": "United StatesBackStart of ColumnAmericasUnited StatesStart of ColumnEuropeAustriaGermanyIrelandItalySpainSweden (EN)SwedenSwitzerlandUnited Kingdom",
    "link": "https://www.ptcbio.com/",
    "timestamp": "unknown"
  },
  {
    "title": "Start of ColumnAmericasUnited StatesStart of ColumnEuropeAustriaGermanyIrelandItalySpainSweden (EN)SwedenSwitzerlandUnited Kingdom",
    "link": "https://www.ptcbio.com/",
    "timestamp": "unknown"
  },
  {
    "title": "Start of ColumnAmericasUnited States",
    "link": "https://www.ptcbio.com/",
    "timestamp": "unknown"
  },
  {
    "title": "AmericasUnited States",
    "link": "https://www.ptcbio.com/",
    "timestamp": "unknown"
  },
  {
    "title": "United States",
    "link": "https://www.ptcbio.com/",
    "timestamp": "unknown"
  },
  {
    "title": "Start of ColumnEuropeAustriaGermanyIrelandItalySpainSweden (EN)SwedenSwitzerlandUnited Kingdom",
    "link": "https://www.ptcbio.at/",
    "timestamp": "unknown"
  },
  {
    "title": "EuropeAustriaGermanyIrelandItalySpainSweden (EN)SwedenSwitzerlandUnited Kingdom",
    "link": "https://www.ptcbio.at/",
    "timestamp": "unknown"
  },
  {
    "title": "Austria",
    "link": "https://www.ptcbio.at/",
    "timestamp": "unknown"
  },
  {
    "title": "Germany",
    "link": "https://www.ptcbio.de/",
    "timestamp": "unknown"
  },
  {
    "title": "Ireland",
    "link": "https://www.ptcbio.ie/",
    "timestamp": "unknown"
  },
  {
    "title": "Italy",
    "link": "https://www.ptcbio.it/",
    "timestamp": "unknown"
  },
  {
    "title": "Spain",
    "link": "https://www.ptcbio.es/",
    "timestamp": "unknown"
  },
  {
    "title": "Sweden (EN)",
    "link": "https://www.ptcbio-en.se/",
    "timestamp": "unknown"
  },
  {
    "title": "Sweden",
    "link": "https://www.ptcbio.se/",
    "timestamp": "unknown"
  },
  {
    "title": "Switzerland",
    "link": "https://www.ptcbio.ch/",
    "timestamp": "unknown"
  },
  {
    "title": "United Kingdom",
    "link": "https://www.ptcbio.co.uk/",
    "timestamp": "unknown"
  },
  {
    "title": "InvestorsHealthcare ProvidersPatients & Caregivers",
    "link": "https://ir.ptcbio.com/",
    "timestamp": "unknown"
  },
  {
    "title": "Investors",
    "link": "https://ir.ptcbio.com/",
    "timestamp": "unknown"
  },
  {
    "title": "Healthcare Providers",
    "link": "https://www.ptcbio.com/healthcare-providers-resources/",
    "timestamp": "unknown"
  },
  {
    "title": "Patients & Caregivers",
    "link": "https://www.ptcbio.com/patients-caregivers-resources/",
    "timestamp": "unknown"
  },
  {
    "title": "United StatesStart of ColumnAmericasUnited StatesStart of ColumnEuropeAustriaGermanyIrelandItalySpainSweden (EN)SwedenSwitzerlandUnited KingdomInvesto",
    "link": "https://www.ptcbio.com/",
    "timestamp": "unknown"
  },
  {
    "title": "United StatesStart of ColumnAmericasUnited StatesStart of ColumnEuropeAustriaGermanyIrelandItalySpainSweden (EN)SwedenSwitzerlandUnited KingdomInvesto",
    "link": "https://www.ptcbio.com/",
    "timestamp": "unknown"
  },
  {
    "title": "United StatesStart of ColumnAmericasUnited StatesStart of ColumnEuropeAustriaGermanyIrelandItalySpainSweden (EN)SwedenSwitzerlandUnited Kingdom",
    "link": "https://www.ptcbio.com/",
    "timestamp": "unknown"
  },
  {
    "title": "United StatesStart of ColumnAmericasUnited StatesStart of ColumnEuropeAustriaGermanyIrelandItalySpainSweden (EN)SwedenSwitzerlandUnited Kingdom",
    "link": "https://www.ptcbio.com/",
    "timestamp": "unknown"
  },
  {
    "title": "Start of ColumnAmericasUnited StatesStart of ColumnEuropeAustriaGermanyIrelandItalySpainSweden (EN)SwedenSwitzerlandUnited Kingdom",
    "link": "https://www.ptcbio.com/",
    "timestamp": "unknown"
  },
  {
    "title": "Start of ColumnAmericasUnited States",
    "link": "https://www.ptcbio.com/",
    "timestamp": "unknown"
  },
  {
    "title": "AmericasUnited States",
    "link": "https://www.ptcbio.com/",
    "timestamp": "unknown"
  },
  {
    "title": "United States",
    "link": "https://www.ptcbio.com/",
    "timestamp": "unknown"
  },
  {
    "title": "Start of ColumnEuropeAustriaGermanyIrelandItalySpainSweden (EN)SwedenSwitzerlandUnited Kingdom",
    "link": "https://www.ptcbio.at/",
    "timestamp": "unknown"
  },
  {
    "title": "EuropeAustriaGermanyIrelandItalySpainSweden (EN)SwedenSwitzerlandUnited Kingdom",
    "link": "https://www.ptcbio.at/",
    "timestamp": "unknown"
  },
  {
    "title": "Austria",
    "link": "https://www.ptcbio.at/",
    "timestamp": "unknown"
  },
  {
    "title": "Germany",
    "link": "https://www.ptcbio.de/",
    "timestamp": "unknown"
  },
  {
    "title": "Ireland",
    "link": "https://www.ptcbio.ie/",
    "timestamp": "unknown"
  },
  {
    "title": "Italy",
    "link": "https://www.ptcbio.it/",
    "timestamp": "unknown"
  },
  {
    "title": "Spain",
    "link": "https://www.ptcbio.es/",
    "timestamp": "unknown"
  },
  {
    "title": "Sweden (EN)",
    "link": "https://www.ptcbio-en.se/",
    "timestamp": "unknown"
  },
  {
    "title": "Sweden",
    "link": "https://www.ptcbio.se/",
    "timestamp": "unknown"
  },
  {
    "title": "Switzerland",
    "link": "https://www.ptcbio.ch/",
    "timestamp": "unknown"
  },
  {
    "title": "United Kingdom",
    "link": "https://www.ptcbio.co.uk/",
    "timestamp": "unknown"
  },
  {
    "title": "InvestorsHealthcare ProvidersPatients & Caregivers",
    "link": "https://ir.ptcbio.com/",
    "timestamp": "unknown"
  },
  {
    "title": "Investors",
    "link": "https://ir.ptcbio.com/",
    "timestamp": "unknown"
  },
  {
    "title": "Healthcare Providers",
    "link": "https://www.ptcbio.com/healthcare-providers-resources/",
    "timestamp": "unknown"
  },
  {
    "title": "Patients & Caregivers",
    "link": "https://www.ptcbio.com/patients-caregivers-resources/",
    "timestamp": "unknown"
  },
  {
    "title": "Events & PresentationsPTC is committed to serving the interests of all our stakeholders.Pam & KelseyLiving with PKU, United StatesInvestors MenuInvest",
    "link": "https://ir.ptcbio.com/",
    "timestamp": "unknown"
  },
  {
    "title": "Investors MenuInvestor RelationsOverviewPress ReleasesEvents & PresentationsGovernance / ComplianceGovernance OverviewManagementBoard of DirectorsComm",
    "link": "https://ir.ptcbio.com/",
    "timestamp": "unknown"
  },
  {
    "title": "Investors MenuInvestor RelationsOverviewPress ReleasesEvents & PresentationsGovernance / ComplianceGovernance OverviewManagementBoard of DirectorsComm",
    "link": "https://ir.ptcbio.com/",
    "timestamp": "unknown"
  },
  {
    "title": "Investors MenuInvestor RelationsOverviewPress ReleasesEvents & PresentationsGovernance / ComplianceGovernance OverviewManagementBoard of DirectorsComm",
    "link": "https://ir.ptcbio.com/",
    "timestamp": "unknown"
  },
  {
    "title": "Investors MenuInvestor RelationsOverviewPress ReleasesEvents & PresentationsGovernance / ComplianceGovernance OverviewManagementBoard of DirectorsComm",
    "link": "https://ir.ptcbio.com/",
    "timestamp": "unknown"
  },
  {
    "title": "Investors MenuInvestor RelationsOverviewPress ReleasesEvents & PresentationsGovernance / ComplianceGovernance OverviewManagementBoard of DirectorsComm",
    "link": "https://ir.ptcbio.com/",
    "timestamp": "unknown"
  },
  {
    "title": "Investors MenuInvestor RelationsOverviewPress ReleasesEvents & PresentationsGovernance / ComplianceGovernance OverviewManagementBoard of DirectorsComm",
    "link": "https://ir.ptcbio.com/",
    "timestamp": "unknown"
  },
  {
    "title": "Investor RelationsOverviewPress ReleasesEvents & PresentationsGovernance / ComplianceGovernance OverviewManagementBoard of DirectorsCommittee Composit",
    "link": "https://ir.ptcbio.com/",
    "timestamp": "unknown"
  },
  {
    "title": "Overview",
    "link": "https://ir.ptcbio.com/",
    "timestamp": "unknown"
  },
  {
    "title": "Press Releases",
    "link": "https://ir.ptcbio.com/press-releases",
    "timestamp": "unknown"
  },
  {
    "title": "Events & Presentations",
    "link": "https://ir.ptcbio.com/events-presentations",
    "timestamp": "unknown"
  },
  {
    "title": "Governance / ComplianceGovernance OverviewManagementBoard of DirectorsCommittee CompositionContact the Board",
    "link": "https://ir.ptcbio.com/governance/governance-overview",
    "timestamp": "unknown"
  },
  {
    "title": "Governance OverviewManagementBoard of DirectorsCommittee CompositionContact the Board",
    "link": "https://ir.ptcbio.com/governance/governance-overview",
    "timestamp": "unknown"
  },
  {
    "title": "Financial InformationOverviewSEC Filings",
    "link": "https://ir.ptcbio.com/financial-information",
    "timestamp": "unknown"
  },
  {
    "title": "OverviewSEC Filings",
    "link": "https://ir.ptcbio.com/financial-information",
    "timestamp": "unknown"
  },
  {
    "title": "Annual Report & ProxyAnnual ReportsProxy StatementsSustainability Reports",
    "link": "https://ir.ptcbio.com/annual-reports-and-proxy/annual-reports",
    "timestamp": "unknown"
  },
  {
    "title": "Annual ReportsProxy StatementsSustainability Reports",
    "link": "https://ir.ptcbio.com/annual-reports-and-proxy/annual-reports",
    "timestamp": "unknown"
  },
  {
    "title": "Stock InformationStock Quote & ChartHistoric Price LookupInvestment CalculatorAnalyst Coverage",
    "link": "https://ir.ptcbio.com/stock-information",
    "timestamp": "unknown"
  },
  {
    "title": "Stock Quote & ChartHistoric Price LookupInvestment CalculatorAnalyst Coverage",
    "link": "https://ir.ptcbio.com/stock-information",
    "timestamp": "unknown"
  },
  {
    "title": "Investor FAQs",
    "link": "https://ir.ptcbio.com/investor-faqs",
    "timestamp": "unknown"
  },
  {
    "title": "Contact Us",
    "link": "https://ir.ptcbio.com/contact-us",
    "timestamp": "unknown"
  },
  {
    "title": "Printed MaterialsEmail AlertsRSSPrint",
    "link": "https://ir.ptcbio.com/printed-materials",
    "timestamp": "unknown"
  },
  {
    "title": "Printed Materials",
    "link": "https://ir.ptcbio.com/printed-materials",
    "timestamp": "unknown"
  },
  {
    "title": "Email Alerts",
    "link": "https://ir.ptcbio.com/email-alerts",
    "timestamp": "unknown"
  },
  {
    "title": "RSS",
    "link": "https://ir.ptcbio.com/rss-news-feeds",
    "timestamp": "unknown"
  },
  {
    "title": "Print",
    "link": "https://ir.ptcbio.com/events-presentations",
    "timestamp": "unknown"
  },
  {
    "title": "PresentationsCorporate Presentation \u2013 JulyPIVOT-HD Results \u2013 MayAPHENITY Genetic Variant AnalysisAPHENITY Topline Results Updated PresentationPKU Deep",
    "link": "https://ir.ptcbio.com/static-files/724be7c0--43c9--49e74533592b",
    "timestamp": "unknown"
  },
  {
    "title": "PresentationsCorporate Presentation \u2013 JulyPIVOT-HD Results \u2013 MayAPHENITY Genetic Variant AnalysisAPHENITY Topline Results Updated PresentationPKU Deep",
    "link": "https://ir.ptcbio.com/static-files/724be7c0--43c9--49e74533592b",
    "timestamp": "unknown"
  },
  {
    "title": "PresentationsCorporate Presentation \u2013 JulyPIVOT-HD Results \u2013 MayAPHENITY Genetic Variant AnalysisAPHENITY Topline Results Updated PresentationPKU Deep",
    "link": "https://ir.ptcbio.com/static-files/724be7c0--43c9--49e74533592b",
    "timestamp": "unknown"
  },
  {
    "title": "PresentationsCorporate Presentation \u2013 JulyPIVOT-HD Results \u2013 MayAPHENITY Genetic Variant AnalysisAPHENITY Topline Results Updated PresentationPKU Deep",
    "link": "https://ir.ptcbio.com/static-files/724be7c0--43c9--49e74533592b",
    "timestamp": "unknown"
  },
  {
    "title": "PresentationsCorporate Presentation \u2013 JulyPIVOT-HD Results \u2013 MayAPHENITY Genetic Variant AnalysisAPHENITY Topline Results Updated PresentationPKU Deep",
    "link": "https://ir.ptcbio.com/static-files/724be7c0--43c9--49e74533592b",
    "timestamp": "unknown"
  },
  {
    "title": "PresentationsCorporate Presentation \u2013 JulyPIVOT-HD Results \u2013 MayAPHENITY Genetic Variant AnalysisAPHENITY Topline Results Updated PresentationPKU Deep",
    "link": "https://ir.ptcbio.com/static-files/724be7c0--43c9--49e74533592b",
    "timestamp": "unknown"
  },
  {
    "title": "PresentationsCorporate Presentation \u2013 JulyPIVOT-HD Results \u2013 MayAPHENITY Genetic Variant AnalysisAPHENITY Topline Results Updated PresentationPKU Deep",
    "link": "https://ir.ptcbio.com/static-files/724be7c0--43c9--49e74533592b",
    "timestamp": "unknown"
  },
  {
    "title": "PresentationsCorporate Presentation \u2013 JulyPIVOT-HD Results \u2013 MayAPHENITY Genetic Variant AnalysisAPHENITY Topline Results Updated PresentationPKU Deep",
    "link": "https://ir.ptcbio.com/static-files/724be7c0--43c9--49e74533592b",
    "timestamp": "unknown"
  },
  {
    "title": "PresentationsCorporate Presentation \u2013 JulyPIVOT-HD Results \u2013 MayAPHENITY Genetic Variant AnalysisAPHENITY Topline Results Updated PresentationPKU Deep",
    "link": "https://ir.ptcbio.com/static-files/724be7c0--43c9--49e74533592b",
    "timestamp": "unknown"
  },
  {
    "title": "PresentationsCorporate Presentation \u2013 JulyPIVOT-HD Results \u2013 MayAPHENITY Genetic Variant AnalysisAPHENITY Topline Results Updated PresentationPKU Deep",
    "link": "https://ir.ptcbio.com/static-files/724be7c0--43c9--49e74533592b",
    "timestamp": "unknown"
  },
  {
    "title": "PresentationsCorporate Presentation \u2013 JulyPIVOT-HD Results \u2013 MayAPHENITY Genetic Variant AnalysisAPHENITY Topline Results Updated PresentationPKU Deep",
    "link": "https://ir.ptcbio.com/static-files/724be7c0--43c9--49e74533592b",
    "timestamp": "unknown"
  },
  {
    "title": "PresentationsCorporate Presentation \u2013 JulyPIVOT-HD Results \u2013 MayAPHENITY Genetic Variant AnalysisAPHENITY Topline Results Updated PresentationPKU Deep",
    "link": "https://ir.ptcbio.com/static-files/724be7c0--43c9--49e74533592b",
    "timestamp": "unknown"
  },
  {
    "title": "PresentationsCorporate Presentation \u2013 JulyPIVOT-HD Results \u2013 MayAPHENITY Genetic Variant AnalysisAPHENITY Topline Results Updated PresentationPKU Deep",
    "link": "https://ir.ptcbio.com/static-files/724be7c0--43c9--49e74533592b",
    "timestamp": "unknown"
  },
  {
    "title": "PresentationsCorporate Presentation \u2013 JulyPIVOT-HD Results \u2013 MayAPHENITY Genetic Variant AnalysisAPHENITY Topline Results Updated PresentationPKU Deep",
    "link": "https://ir.ptcbio.com/static-files/724be7c0--43c9--49e74533592b",
    "timestamp": "unknown"
  },
  {
    "title": "PresentationsCorporate Presentation \u2013 JulyPIVOT-HD Results \u2013 MayAPHENITY Genetic Variant AnalysisAPHENITY Topline Results Updated PresentationPKU Deep",
    "link": "https://ir.ptcbio.com/static-files/724be7c0--43c9--49e74533592b",
    "timestamp": "unknown"
  },
  {
    "title": "PresentationsCorporate Presentation \u2013 JulyPIVOT-HD Results \u2013 MayAPHENITY Genetic Variant AnalysisAPHENITY Topline Results Updated PresentationPKU Deep",
    "link": "https://ir.ptcbio.com/static-files/724be7c0--43c9--49e74533592b",
    "timestamp": "unknown"
  },
  {
    "title": "PresentationsCorporate Presentation \u2013 JulyPIVOT-HD Results \u2013 MayAPHENITY Genetic Variant AnalysisAPHENITY Topline Results Updated PresentationPKU Deep",
    "link": "https://ir.ptcbio.com/static-files/724be7c0--43c9--49e74533592b",
    "timestamp": "unknown"
  },
  {
    "title": "PresentationsCorporate Presentation \u2013 JulyPIVOT-HD Results \u2013 MayAPHENITY Genetic Variant AnalysisAPHENITY Topline Results Updated PresentationPKU Deep",
    "link": "https://ir.ptcbio.com/static-files/724be7c0--43c9--49e74533592b",
    "timestamp": "unknown"
  },
  {
    "title": "Corporate Presentation \u2013 JulyPIVOT-HD Results \u2013 MayAPHENITY Genetic Variant AnalysisAPHENITY Topline Results Updated PresentationPKU Deep Dive Present",
    "link": "https://ir.ptcbio.com/static-files/724be7c0--43c9--49e74533592b",
    "timestamp": "unknown"
  },
  {
    "title": "Corporate Presentation \u2013 JulyPIVOT-HD Results \u2013 MayAPHENITY Genetic Variant AnalysisAPHENITY Topline Results Updated PresentationPKU Deep Dive Present",
    "link": "https://ir.ptcbio.com/static-files/724be7c0--43c9--49e74533592b",
    "timestamp": "unknown"
  },
  {
    "title": "Corporate Presentation \u2013 July",
    "link": "https://ir.ptcbio.com/static-files/724be7c0--43c9--49e74533592b",
    "timestamp": "unknown"
  },
  {
    "title": "Corporate Presentation \u2013 July",
    "link": "https://ir.ptcbio.com/static-files/724be7c0--43c9--49e74533592b",
    "timestamp": "unknown"
  },
  {
    "title": "Corporate Presentation \u2013 July",
    "link": "https://ir.ptcbio.com/static-files/724be7c0--43c9--49e74533592b",
    "timestamp": "unknown"
  },
  {
    "title": "Corporate Presentation \u2013 July",
    "link": "https://ir.ptcbio.com/static-files/724be7c0--43c9--49e74533592b",
    "timestamp": "unknown"
  },
  {
    "title": "Corporate Presentation \u2013 July",
    "link": "https://ir.ptcbio.com/static-files/724be7c0--43c9--49e74533592b",
    "timestamp": "unknown"
  },
  {
    "title": "Corporate Presentation \u2013 July",
    "link": "https://ir.ptcbio.com/static-files/724be7c0--43c9--49e74533592b",
    "timestamp": "unknown"
  },
  {
    "title": "Corporate Presentation \u2013 July",
    "link": "https://ir.ptcbio.com/static-files/724be7c0--43c9--49e74533592b",
    "timestamp": "unknown"
  },
  {
    "title": "PIVOT-HD Results \u2013 May",
    "link": "https://ir.ptcbio.com/static-files/c0babb34-ab5f-442b-8a92-8733a00efebf",
    "timestamp": "unknown"
  },
  {
    "title": "PIVOT-HD Results \u2013 May",
    "link": "https://ir.ptcbio.com/static-files/c0babb34-ab5f-442b-8a92-8733a00efebf",
    "timestamp": "unknown"
  },
  {
    "title": "PIVOT-HD Results \u2013 May",
    "link": "https://ir.ptcbio.com/static-files/c0babb34-ab5f-442b-8a92-8733a00efebf",
    "timestamp": "unknown"
  },
  {
    "title": "PIVOT-HD Results \u2013 May",
    "link": "https://ir.ptcbio.com/static-files/c0babb34-ab5f-442b-8a92-8733a00efebf",
    "timestamp": "unknown"
  },
  {
    "title": "PIVOT-HD Results \u2013 May",
    "link": "https://ir.ptcbio.com/static-files/c0babb34-ab5f-442b-8a92-8733a00efebf",
    "timestamp": "unknown"
  },
  {
    "title": "PIVOT-HD Results \u2013 May",
    "link": "https://ir.ptcbio.com/static-files/c0babb34-ab5f-442b-8a92-8733a00efebf",
    "timestamp": "unknown"
  },
  {
    "title": "PIVOT-HD Results \u2013 May",
    "link": "https://ir.ptcbio.com/static-files/c0babb34-ab5f-442b-8a92-8733a00efebf",
    "timestamp": "unknown"
  },
  {
    "title": "APHENITY Genetic Variant Analysis",
    "link": "https://ir.ptcbio.com/static-files/2431f234-a9ed-4d73-9e36-379bf0700c75",
    "timestamp": "unknown"
  },
  {
    "title": "APHENITY Genetic Variant Analysis",
    "link": "https://ir.ptcbio.com/static-files/2431f234-a9ed-4d73-9e36-379bf0700c75",
    "timestamp": "unknown"
  },
  {
    "title": "APHENITY Genetic Variant Analysis",
    "link": "https://ir.ptcbio.com/static-files/2431f234-a9ed-4d73-9e36-379bf0700c75",
    "timestamp": "unknown"
  },
  {
    "title": "APHENITY Genetic Variant Analysis",
    "link": "https://ir.ptcbio.com/static-files/2431f234-a9ed-4d73-9e36-379bf0700c75",
    "timestamp": "unknown"
  },
  {
    "title": "APHENITY Genetic Variant Analysis",
    "link": "https://ir.ptcbio.com/static-files/2431f234-a9ed-4d73-9e36-379bf0700c75",
    "timestamp": "unknown"
  },
  {
    "title": "APHENITY Genetic Variant Analysis",
    "link": "https://ir.ptcbio.com/static-files/2431f234-a9ed-4d73-9e36-379bf0700c75",
    "timestamp": "unknown"
  },
  {
    "title": "APHENITY Genetic Variant Analysis",
    "link": "https://ir.ptcbio.com/static-files/2431f234-a9ed-4d73-9e36-379bf0700c75",
    "timestamp": "unknown"
  },
  {
    "title": "APHENITY Topline Results Updated Presentation",
    "link": "https://ir.ptcbio.com/static-files/ae7ba799-0d48-4e88-ad9c-44bb3c15f9f0",
    "timestamp": "unknown"
  },
  {
    "title": "APHENITY Topline Results Updated Presentation",
    "link": "https://ir.ptcbio.com/static-files/ae7ba799-0d48-4e88-ad9c-44bb3c15f9f0",
    "timestamp": "unknown"
  },
  {
    "title": "APHENITY Topline Results Updated Presentation",
    "link": "https://ir.ptcbio.com/static-files/ae7ba799-0d48-4e88-ad9c-44bb3c15f9f0",
    "timestamp": "unknown"
  },
  {
    "title": "APHENITY Topline Results Updated Presentation",
    "link": "https://ir.ptcbio.com/static-files/ae7ba799-0d48-4e88-ad9c-44bb3c15f9f0",
    "timestamp": "unknown"
  },
  {
    "title": "APHENITY Topline Results Updated Presentation",
    "link": "https://ir.ptcbio.com/static-files/ae7ba799-0d48-4e88-ad9c-44bb3c15f9f0",
    "timestamp": "unknown"
  },
  {
    "title": "APHENITY Topline Results Updated Presentation",
    "link": "https://ir.ptcbio.com/static-files/ae7ba799-0d48-4e88-ad9c-44bb3c15f9f0",
    "timestamp": "unknown"
  },
  {
    "title": "APHENITY Topline Results Updated Presentation",
    "link": "https://ir.ptcbio.com/static-files/ae7ba799-0d48-4e88-ad9c-44bb3c15f9f0",
    "timestamp": "unknown"
  },
  {
    "title": "PKU Deep Dive Presentation",
    "link": "https://ir.ptcbio.com/static-files/bafa3754-05fe--94b1-fb204adb0f8c",
    "timestamp": "unknown"
  },
  {
    "title": "PKU Deep Dive Presentation",
    "link": "https://ir.ptcbio.com/static-files/bafa3754-05fe--94b1-fb204adb0f8c",
    "timestamp": "unknown"
  },
  {
    "title": "PKU Deep Dive Presentation",
    "link": "https://ir.ptcbio.com/static-files/bafa3754-05fe--94b1-fb204adb0f8c",
    "timestamp": "unknown"
  },
  {
    "title": "PKU Deep Dive Presentation",
    "link": "https://ir.ptcbio.com/static-files/bafa3754-05fe--94b1-fb204adb0f8c",
    "timestamp": "unknown"
  },
  {
    "title": "PKU Deep Dive Presentation",
    "link": "https://ir.ptcbio.com/static-files/bafa3754-05fe--94b1-fb204adb0f8c",
    "timestamp": "unknown"
  },
  {
    "title": "PKU Deep Dive Presentation",
    "link": "https://ir.ptcbio.com/static-files/bafa3754-05fe--94b1-fb204adb0f8c",
    "timestamp": "unknown"
  },
  {
    "title": "PKU Deep Dive Presentation",
    "link": "https://ir.ptcbio.com/static-files/bafa3754-05fe--94b1-fb204adb0f8c",
    "timestamp": "unknown"
  },
  {
    "title": "MOVE-FA Topline Results Presentation",
    "link": "https://ir.ptcbio.com/static-files/13448bcb-111c-4c98-a716-d1ed989a7290",
    "timestamp": "unknown"
  },
  {
    "title": "MOVE-FA Topline Results Presentation",
    "link": "https://ir.ptcbio.com/static-files/13448bcb-111c-4c98-a716-d1ed989a7290",
    "timestamp": "unknown"
  },
  {
    "title": "MOVE-FA Topline Results Presentation",
    "link": "https://ir.ptcbio.com/static-files/13448bcb-111c-4c98-a716-d1ed989a7290",
    "timestamp": "unknown"
  },
  {
    "title": "MOVE-FA Topline Results Presentation",
    "link": "https://ir.ptcbio.com/static-files/13448bcb-111c-4c98-a716-d1ed989a7290",
    "timestamp": "unknown"
  },
  {
    "title": "MOVE-FA Topline Results Presentation",
    "link": "https://ir.ptcbio.com/static-files/13448bcb-111c-4c98-a716-d1ed989a7290",
    "timestamp": "unknown"
  },
  {
    "title": "MOVE-FA Topline Results Presentation",
    "link": "https://ir.ptcbio.com/static-files/13448bcb-111c-4c98-a716-d1ed989a7290",
    "timestamp": "unknown"
  },
  {
    "title": "MOVE-FA Topline Results Presentation",
    "link": "https://ir.ptcbio.com/static-files/13448bcb-111c-4c98-a716-d1ed989a7290",
    "timestamp": "unknown"
  },
  {
    "title": "Upcoming EventsAug ,EDTPTC 2nd Quarter  Financial ResultsListen to webcastAdd to OutlookAdd to Google Calendar",
    "link": "https://ir.ptcbio.com/events/event-details/ptc-2nd-quarter--financial-results",
    "timestamp": "unknown"
  },
  {
    "title": "Upcoming EventsAug ,EDTPTC 2nd Quarter  Financial ResultsListen to webcastAdd to OutlookAdd to Google Calendar",
    "link": "https://ir.ptcbio.com/events/event-details/ptc-2nd-quarter--financial-results",
    "timestamp": "unknown"
  },
  {
    "title": "Upcoming EventsAug ,EDTPTC 2nd Quarter  Financial ResultsListen to webcastAdd to OutlookAdd to Google Calendar",
    "link": "https://ir.ptcbio.com/events/event-details/ptc-2nd-quarter--financial-results",
    "timestamp": "unknown"
  },
  {
    "title": "Upcoming EventsAug ,EDTPTC 2nd Quarter  Financial ResultsListen to webcastAdd to OutlookAdd to Google Calendar",
    "link": "https://ir.ptcbio.com/events/event-details/ptc-2nd-quarter--financial-results",
    "timestamp": "unknown"
  },
  {
    "title": "Aug ,EDTPTC 2nd Quarter  Financial ResultsListen to webcastAdd to OutlookAdd to Google Calendar",
    "link": "https://ir.ptcbio.com/events/event-details/ptc-2nd-quarter--financial-results",
    "timestamp": "unknown"
  },
  {
    "title": "Aug ,EDTPTC 2nd Quarter  Financial ResultsListen to webcastAdd to OutlookAdd to Google Calendar",
    "link": "https://ir.ptcbio.com/events/event-details/ptc-2nd-quarter--financial-results",
    "timestamp": "unknown"
  },
  {
    "title": "Aug ,EDTPTC 2nd Quarter  Financial ResultsListen to webcastAdd to OutlookAdd to Google Calendar",
    "link": "https://ir.ptcbio.com/events/event-details/ptc-2nd-quarter--financial-results",
    "timestamp": "unknown"
  },
  {
    "title": "Aug ,EDTPTC 2nd Quarter  Financial ResultsListen to webcastAdd to OutlookAdd to Google Calendar",
    "link": "https://ir.ptcbio.com/events/event-details/ptc-2nd-quarter--financial-results",
    "timestamp": "unknown"
  },
  {
    "title": "Aug ,EDTPTC 2nd Quarter  Financial ResultsListen to webcastAdd to OutlookAdd to Google Calendar",
    "link": "https://ir.ptcbio.com/events/event-details/ptc-2nd-quarter--financial-results",
    "timestamp": "unknown"
  },
  {
    "title": "Aug ,EDTPTC 2nd Quarter  Financial ResultsListen to webcastAdd to OutlookAdd to Google Calendar",
    "link": "https://ir.ptcbio.com/events/event-details/ptc-2nd-quarter--financial-results",
    "timestamp": "unknown"
  },
  {
    "title": "PTC 2nd Quarter  Financial Results",
    "link": "https://ir.ptcbio.com/events/event-details/ptc-2nd-quarter--financial-results",
    "timestamp": "unknown"
  },
  {
    "title": "PTC 2nd Quarter  Financial Results",
    "link": "https://ir.ptcbio.com/events/event-details/ptc-2nd-quarter--financial-results",
    "timestamp": "unknown"
  },
  {
    "title": "PTC 2nd Quarter  Financial Results",
    "link": "https://ir.ptcbio.com/events/event-details/ptc-2nd-quarter--financial-results",
    "timestamp": "unknown"
  },
  {
    "title": "Listen to webcast",
    "link": "https://edge.media-server.com/mmc/p/84oevvvy",
    "timestamp": "unknown"
  },
  {
    "title": "Listen to webcast",
    "link": "https://edge.media-server.com/mmc/p/84oevvvy",
    "timestamp": "unknown"
  },
  {
    "title": "Listen to webcast",
    "link": "https://edge.media-server.com/mmc/p/84oevvvy",
    "timestamp": "unknown"
  },
  {
    "title": "Add to OutlookAdd to Google Calendar",
    "link": "https://ir.ptcbio.com/node//ics",
    "timestamp": "unknown"
  },
  {
    "title": "Add to Outlook",
    "link": "https://ir.ptcbio.com/node//ics",
    "timestamp": "unknown"
  },
  {
    "title": "Add to Outlook",
    "link": "https://ir.ptcbio.com/node//ics",
    "timestamp": "unknown"
  },
  {
    "title": "Add to Outlook",
    "link": "https://ir.ptcbio.com/node//ics",
    "timestamp": "unknown"
  },
  {
    "title": "Add to Google Calendar",
    "link": "https://www.google.com/calendar/render?action=TEMPLATE&text=PTC%20Therapeutics%2C%20Inc.%-%20PTC%202nd%20Quarter%%20Financial%20Results&dates=20250807T203000Z/20250807T203000Z&details=Event%20Details%3A%20https%3A//ir.ptcbio.com/events/event-details/ptc-2nd-quarter--financial-results%0A%0AWebcast%3A%20https%3A//edge.media-server.com/mmc/p/84oevvvy&location=&trp=false&sprop=name%3A",
    "timestamp": "unknown"
  },
  {
    "title": "Add to Google Calendar",
    "link": "https://www.google.com/calendar/render?action=TEMPLATE&text=PTC%20Therapeutics%2C%20Inc.%-%20PTC%202nd%20Quarter%%20Financial%20Results&dates=20250807T203000Z/20250807T203000Z&details=Event%20Details%3A%20https%3A//ir.ptcbio.com/events/event-details/ptc-2nd-quarter--financial-results%0A%0AWebcast%3A%20https%3A//edge.media-server.com/mmc/p/84oevvvy&location=&trp=false&sprop=name%3A",
    "timestamp": "unknown"
  },
  {
    "title": "Add to Google Calendar",
    "link": "https://www.google.com/calendar/render?action=TEMPLATE&text=PTC%20Therapeutics%2C%20Inc.%-%20PTC%202nd%20Quarter%%20Financial%20Results&dates=20250807T203000Z/20250807T203000Z&details=Event%20Details%3A%20https%3A//ir.ptcbio.com/events/event-details/ptc-2nd-quarter--financial-results%0A%0AWebcast%3A%20https%3A//edge.media-server.com/mmc/p/84oevvvy&location=&trp=false&sprop=name%3A",
    "timestamp": "unknown"
  },
  {
    "title": "Archived EventsPTC Sephience FDA Approval Announcement CallJul ,EDTListen to webcastSephience Approval Call FLS. KBGoldman Sachs 46th Annual Global He",
    "link": "https://edge.media-server.com/mmc/p/8bko5vq6/",
    "timestamp": "unknown"
  },
  {
    "title": "Archived EventsPTC Sephience FDA Approval Announcement CallJul ,EDTListen to webcastSephience Approval Call FLS. KBGoldman Sachs 46th Annual Global He",
    "link": "https://edge.media-server.com/mmc/p/8bko5vq6/",
    "timestamp": "unknown"
  },
  {
    "title": "Archived EventsPTC Sephience FDA Approval Announcement CallJul ,EDTListen to webcastSephience Approval Call FLS. KBGoldman Sachs 46th Annual Global He",
    "link": "https://edge.media-server.com/mmc/p/8bko5vq6/",
    "timestamp": "unknown"
  },
  {
    "title": "Archived EventsPTC Sephience FDA Approval Announcement CallJul ,EDTListen to webcastSephience Approval Call FLS. KBGoldman Sachs 46th Annual Global He",
    "link": "https://edge.media-server.com/mmc/p/8bko5vq6/",
    "timestamp": "unknown"
  },
  {
    "title": "PTC Sephience FDA Approval Announcement CallJul ,EDTListen to webcastSephience Approval Call FLS. KBGoldman Sachs 46th Annual Global Healthcare Confer",
    "link": "https://edge.media-server.com/mmc/p/8bko5vq6/",
    "timestamp": "unknown"
  },
  {
    "title": "PTC Sephience FDA Approval Announcement CallJul ,EDTListen to webcastSephience Approval Call FLS. KBGoldman Sachs 46th Annual Global Healthcare Confer",
    "link": "https://edge.media-server.com/mmc/p/8bko5vq6/",
    "timestamp": "unknown"
  },
  {
    "title": "PTC Sephience FDA Approval Announcement CallJul ,EDTListen to webcastSephience Approval Call FLS. KB",
    "link": "https://edge.media-server.com/mmc/p/8bko5vq6/",
    "timestamp": "unknown"
  },
  {
    "title": "PTC Sephience FDA Approval Announcement CallJul ,EDTListen to webcastSephience Approval Call FLS. KB",
    "link": "https://edge.media-server.com/mmc/p/8bko5vq6/",
    "timestamp": "unknown"
  },
  {
    "title": "Listen to webcastSephience Approval Call FLS. KB",
    "link": "https://edge.media-server.com/mmc/p/8bko5vq6/",
    "timestamp": "unknown"
  },
  {
    "title": "Listen to webcast",
    "link": "https://edge.media-server.com/mmc/p/8bko5vq6/",
    "timestamp": "unknown"
  },
  {
    "title": "Listen to webcast",
    "link": "https://edge.media-server.com/mmc/p/8bko5vq6/",
    "timestamp": "unknown"
  },
  {
    "title": "Listen to webcast",
    "link": "https://edge.media-server.com/mmc/p/8bko5vq6/",
    "timestamp": "unknown"
  },
  {
    "title": "Sephience Approval Call FLS. KB",
    "link": "https://ir.ptcbio.com/static-files/fd936c6e-71fd-4e4d-8b1d-8132c0aca7f2",
    "timestamp": "unknown"
  },
  {
    "title": "Sephience Approval Call FLS. KB",
    "link": "https://ir.ptcbio.com/static-files/fd936c6e-71fd-4e4d-8b1d-8132c0aca7f2",
    "timestamp": "unknown"
  },
  {
    "title": "Sephience Approval Call FLS. KB",
    "link": "https://ir.ptcbio.com/static-files/fd936c6e-71fd-4e4d-8b1d-8132c0aca7f2",
    "timestamp": "unknown"
  },
  {
    "title": "Sephience Approval Call FLS. KB",
    "link": "https://ir.ptcbio.com/static-files/fd936c6e-71fd-4e4d-8b1d-8132c0aca7f2",
    "timestamp": "unknown"
  },
  {
    "title": "Sephience Approval Call FLS. KB",
    "link": "https://ir.ptcbio.com/static-files/fd936c6e-71fd-4e4d-8b1d-8132c0aca7f2",
    "timestamp": "unknown"
  },
  {
    "title": "Sephience Approval Call FLS. KB",
    "link": "https://ir.ptcbio.com/static-files/fd936c6e-71fd-4e4d-8b1d-8132c0aca7f2",
    "timestamp": "unknown"
  },
  {
    "title": "Sephience Approval Call FLS. KB",
    "link": "https://ir.ptcbio.com/static-files/fd936c6e-71fd-4e4d-8b1d-8132c0aca7f2",
    "timestamp": "unknown"
  },
  {
    "title": "Sephience Approval Call FLS. KB",
    "link": "https://ir.ptcbio.com/static-files/fd936c6e-71fd-4e4d-8b1d-8132c0aca7f2",
    "timestamp": "unknown"
  },
  {
    "title": "Sephience Approval Call FLS. KB",
    "link": "https://ir.ptcbio.com/static-files/fd936c6e-71fd-4e4d-8b1d-8132c0aca7f2",
    "timestamp": "unknown"
  },
  {
    "title": "Sephience Approval Call FLS. KB",
    "link": "https://ir.ptcbio.com/static-files/fd936c6e-71fd-4e4d-8b1d-8132c0aca7f2",
    "timestamp": "unknown"
  },
  {
    "title": "Goldman Sachs 46th Annual Global Healthcare ConferenceJun ,EDTListen to webcast",
    "link": "https://cc.webcasts.com/gold006/060925a_js/?entity=20_WDOLG7M",
    "timestamp": "unknown"
  },
  {
    "title": "Goldman Sachs 46th Annual Global Healthcare ConferenceJun ,EDTListen to webcast",
    "link": "https://cc.webcasts.com/gold006/060925a_js/?entity=20_WDOLG7M",
    "timestamp": "unknown"
  },
  {
    "title": "Listen to webcast",
    "link": "https://cc.webcasts.com/gold006/060925a_js/?entity=20_WDOLG7M",
    "timestamp": "unknown"
  },
  {
    "title": "Listen to webcast",
    "link": "https://cc.webcasts.com/gold006/060925a_js/?entity=20_WDOLG7M",
    "timestamp": "unknown"
  },
  {
    "title": "Listen to webcast",
    "link": "https://cc.webcasts.com/gold006/060925a_js/?entity=20_WDOLG7M",
    "timestamp": "unknown"
  },
  {
    "title": "Listen to webcast",
    "link": "https://cc.webcasts.com/gold006/060925a_js/?entity=20_WDOLG7M",
    "timestamp": "unknown"
  },
  {
    "title": "William Blair 45th Annual Growth Stock ConferenceJun ,EDTListen to webcast",
    "link": "https://event.summitcast.com/view/d33hYDasjRy97oS2SZxBz4/a5W9UPnmkTogKyKaPWZJxq",
    "timestamp": "unknown"
  },
  {
    "title": "William Blair 45th Annual Growth Stock ConferenceJun ,EDTListen to webcast",
    "link": "https://event.summitcast.com/view/d33hYDasjRy97oS2SZxBz4/a5W9UPnmkTogKyKaPWZJxq",
    "timestamp": "unknown"
  },
  {
    "title": "Listen to webcast",
    "link": "https://event.summitcast.com/view/d33hYDasjRy97oS2SZxBz4/a5W9UPnmkTogKyKaPWZJxq",
    "timestamp": "unknown"
  },
  {
    "title": "Listen to webcast",
    "link": "https://event.summitcast.com/view/d33hYDasjRy97oS2SZxBz4/a5W9UPnmkTogKyKaPWZJxq",
    "timestamp": "unknown"
  },
  {
    "title": "Listen to webcast",
    "link": "https://event.summitcast.com/view/d33hYDasjRy97oS2SZxBz4/a5W9UPnmkTogKyKaPWZJxq",
    "timestamp": "unknown"
  },
  {
    "title": "Listen to webcast",
    "link": "https://event.summitcast.com/view/d33hYDasjRy97oS2SZxBz4/a5W9UPnmkTogKyKaPWZJxq",
    "timestamp": "unknown"
  },
  {
    "title": "PTC 1st Quarter  Financial ResultsMay ,EDTListen to webcastQ1  FLS. KB",
    "link": "https://edge.media-server.com/mmc/p/ghto84pg",
    "timestamp": "unknown"
  },
  {
    "title": "PTC 1st Quarter  Financial ResultsMay ,EDTListen to webcastQ1  FLS. KB",
    "link": "https://edge.media-server.com/mmc/p/ghto84pg",
    "timestamp": "unknown"
  },
  {
    "title": "Listen to webcastQ1  FLS. KB",
    "link": "https://edge.media-server.com/mmc/p/ghto84pg",
    "timestamp": "unknown"
  },
  {
    "title": "Listen to webcast",
    "link": "https://edge.media-server.com/mmc/p/ghto84pg",
    "timestamp": "unknown"
  },
  {
    "title": "Listen to webcast",
    "link": "https://edge.media-server.com/mmc/p/ghto84pg",
    "timestamp": "unknown"
  },
  {
    "title": "Listen to webcast",
    "link": "https://edge.media-server.com/mmc/p/ghto84pg",
    "timestamp": "unknown"
  },
  {
    "title": "Q1  FLS. KB",
    "link": "https://ir.ptcbio.com/static-files/b70b7d8e-149f--ac5d-bd061f33d2f2",
    "timestamp": "unknown"
  },
  {
    "title": "Q1  FLS. KB",
    "link": "https://ir.ptcbio.com/static-files/b70b7d8e-149f--ac5d-bd061f33d2f2",
    "timestamp": "unknown"
  },
  {
    "title": "Q1  FLS. KB",
    "link": "https://ir.ptcbio.com/static-files/b70b7d8e-149f--ac5d-bd061f33d2f2",
    "timestamp": "unknown"
  },
  {
    "title": "Q1  FLS. KB",
    "link": "https://ir.ptcbio.com/static-files/b70b7d8e-149f--ac5d-bd061f33d2f2",
    "timestamp": "unknown"
  },
  {
    "title": "Q1  FLS. KB",
    "link": "https://ir.ptcbio.com/static-files/b70b7d8e-149f--ac5d-bd061f33d2f2",
    "timestamp": "unknown"
  },
  {
    "title": "Q1  FLS. KB",
    "link": "https://ir.ptcbio.com/static-files/b70b7d8e-149f--ac5d-bd061f33d2f2",
    "timestamp": "unknown"
  },
  {
    "title": "Q1  FLS. KB",
    "link": "https://ir.ptcbio.com/static-files/b70b7d8e-149f--ac5d-bd061f33d2f2",
    "timestamp": "unknown"
  },
  {
    "title": "Q1  FLS. KB",
    "link": "https://ir.ptcbio.com/static-files/b70b7d8e-149f--ac5d-bd061f33d2f2",
    "timestamp": "unknown"
  },
  {
    "title": "Q1  FLS. KB",
    "link": "https://ir.ptcbio.com/static-files/b70b7d8e-149f--ac5d-bd061f33d2f2",
    "timestamp": "unknown"
  },
  {
    "title": "Q1  FLS. KB",
    "link": "https://ir.ptcbio.com/static-files/b70b7d8e-149f--ac5d-bd061f33d2f2",
    "timestamp": "unknown"
  },
  {
    "title": "PIVOT-HD Results Conference CallMay ,Listen to webcastPIVOT-HD Results \u2013 May. KB",
    "link": "https://edge.media-server.com/mmc/p/cwx78gut",
    "timestamp": "unknown"
  },
  {
    "title": "PIVOT-HD Results Conference CallMay ,Listen to webcastPIVOT-HD Results \u2013 May. KB",
    "link": "https://edge.media-server.com/mmc/p/cwx78gut",
    "timestamp": "unknown"
  },
  {
    "title": "Listen to webcastPIVOT-HD Results \u2013 May. KB",
    "link": "https://edge.media-server.com/mmc/p/cwx78gut",
    "timestamp": "unknown"
  },
  {
    "title": "Listen to webcast",
    "link": "https://edge.media-server.com/mmc/p/cwx78gut",
    "timestamp": "unknown"
  },
  {
    "title": "Listen to webcast",
    "link": "https://edge.media-server.com/mmc/p/cwx78gut",
    "timestamp": "unknown"
  },
  {
    "title": "Listen to webcast",
    "link": "https://edge.media-server.com/mmc/p/cwx78gut",
    "timestamp": "unknown"
  },
  {
    "title": "PIVOT-HD Results \u2013 May. KB",
    "link": "https://ir.ptcbio.com/static-files/c0babb34-ab5f-442b-8a92-8733a00efebf",
    "timestamp": "unknown"
  },
  {
    "title": "PIVOT-HD Results \u2013 May. KB",
    "link": "https://ir.ptcbio.com/static-files/c0babb34-ab5f-442b-8a92-8733a00efebf",
    "timestamp": "unknown"
  },
  {
    "title": "PIVOT-HD Results \u2013 May. KB",
    "link": "https://ir.ptcbio.com/static-files/c0babb34-ab5f-442b-8a92-8733a00efebf",
    "timestamp": "unknown"
  },
  {
    "title": "PIVOT-HD Results \u2013 May. KB",
    "link": "https://ir.ptcbio.com/static-files/c0babb34-ab5f-442b-8a92-8733a00efebf",
    "timestamp": "unknown"
  },
  {
    "title": "PIVOT-HD Results \u2013 May. KB",
    "link": "https://ir.ptcbio.com/static-files/c0babb34-ab5f-442b-8a92-8733a00efebf",
    "timestamp": "unknown"
  },
  {
    "title": "PIVOT-HD Results \u2013 May. KB",
    "link": "https://ir.ptcbio.com/static-files/c0babb34-ab5f-442b-8a92-8733a00efebf",
    "timestamp": "unknown"
  },
  {
    "title": "PIVOT-HD Results \u2013 May. KB",
    "link": "https://ir.ptcbio.com/static-files/c0babb34-ab5f-442b-8a92-8733a00efebf",
    "timestamp": "unknown"
  },
  {
    "title": "PIVOT-HD Results \u2013 May. KB",
    "link": "https://ir.ptcbio.com/static-files/c0babb34-ab5f-442b-8a92-8733a00efebf",
    "timestamp": "unknown"
  },
  {
    "title": "PIVOT-HD Results \u2013 May. KB",
    "link": "https://ir.ptcbio.com/static-files/c0babb34-ab5f-442b-8a92-8733a00efebf",
    "timestamp": "unknown"
  },
  {
    "title": "PIVOT-HD Results \u2013 May. KB",
    "link": "https://ir.ptcbio.com/static-files/c0babb34-ab5f-442b-8a92-8733a00efebf",
    "timestamp": "unknown"
  },
  {
    "title": "Printed MaterialsEmail AlertsRSSPrint",
    "link": "https://ir.ptcbio.com/printed-materials",
    "timestamp": "unknown"
  },
  {
    "title": "Printed Materials",
    "link": "https://ir.ptcbio.com/printed-materials",
    "timestamp": "unknown"
  },
  {
    "title": "Email Alerts",
    "link": "https://ir.ptcbio.com/email-alerts",
    "timestamp": "unknown"
  },
  {
    "title": "RSS",
    "link": "https://ir.ptcbio.com/rss-news-feeds",
    "timestamp": "unknown"
  },
  {
    "title": "Print",
    "link": "https://ir.ptcbio.com/events-presentations",
    "timestamp": "unknown"
  },
  {
    "title": "Get to know PTCLeadership TeamOur ResponsibilityGrants and DonationsPTC NewsroomGlobal ComplianceFor PatientsPTC CaresInsightful MomentsRare JourneysP",
    "link": "https://www.ptcbio.com/",
    "timestamp": "unknown"
  },
  {
    "title": "Get to know PTCLeadership TeamOur ResponsibilityGrants and DonationsPTC NewsroomGlobal Compliance",
    "link": "https://www.ptcbio.com/about-ptc/leadership/",
    "timestamp": "unknown"
  },
  {
    "title": "Leadership Team",
    "link": "https://www.ptcbio.com/about-ptc/leadership/",
    "timestamp": "unknown"
  },
  {
    "title": "Our Responsibility",
    "link": "https://www.ptcbio.com/about-ptc/our-responsibility/",
    "timestamp": "unknown"
  },
  {
    "title": "Grants and Donations",
    "link": "https://www.ptcbio.com/grants-and-donations/",
    "timestamp": "unknown"
  },
  {
    "title": "PTC Newsroom",
    "link": "https://www.ptcbio.com/newsroom/",
    "timestamp": "unknown"
  },
  {
    "title": "Global Compliance",
    "link": "https://www.ptcbio.com/global-compliance-program/",
    "timestamp": "unknown"
  },
  {
    "title": "For PatientsPTC CaresInsightful MomentsRare JourneysPatient & Caregiver Resources",
    "link": "https://ptccares.com/",
    "timestamp": "unknown"
  },
  {
    "title": "PTC Cares",
    "link": "https://ptccares.com/",
    "timestamp": "unknown"
  },
  {
    "title": "Insightful Moments",
    "link": "https://www.ptcbio.com/insightful-moments/",
    "timestamp": "unknown"
  },
  {
    "title": "Rare Journeys",
    "link": "https://www.ptcbio.com/rare-journeys/",
    "timestamp": "unknown"
  },
  {
    "title": "Patient & Caregiver Resources",
    "link": "https://www.ptcbio.com/patients-caregivers-resources/",
    "timestamp": "unknown"
  },
  {
    "title": "Clinical TrialsCareersOur ProductsInvestor Relations",
    "link": "https://clinicaltrials.ptcbio.com",
    "timestamp": "unknown"
  },
  {
    "title": "Clinical Trials",
    "link": "https://clinicaltrials.ptcbio.com",
    "timestamp": "unknown"
  },
  {
    "title": "Careers",
    "link": "https://www.ptcbio.com/careers/",
    "timestamp": "unknown"
  },
  {
    "title": "Our Products",
    "link": "https://www.ptcbio.com/our-products/",
    "timestamp": "unknown"
  },
  {
    "title": "Investor Relations",
    "link": "https://ir.ptcbio.com/",
    "timestamp": "unknown"
  },
  {
    "title": "Have Questions?Contact UsFollow Us On:",
    "link": "https://www.ptcbio.com/contact-us/",
    "timestamp": "unknown"
  },
  {
    "title": "Contact Us",
    "link": "https://www.ptcbio.com/contact-us/",
    "timestamp": "unknown"
  }
]