[
  {
    "title": "OverviewNews & EventsNews ReleasesEvents & PresentationsFinancials & FilingsSEC FilingsStock InformationStock Quote & ChartAnalyst CoverageCorporate G",
    "link": "https://www.q32bio.com/",
    "timestamp": "unknown"
  },
  {
    "title": "OverviewNews & EventsNews ReleasesEvents & PresentationsFinancials & FilingsSEC FilingsStock InformationStock Quote & ChartAnalyst CoverageCorporate G",
    "link": "https://www.q32bio.com/",
    "timestamp": "unknown"
  },
  {
    "title": "OverviewNews & EventsNews ReleasesEvents & PresentationsFinancials & FilingsSEC FilingsStock InformationStock Quote & ChartAnalyst CoverageCorporate G",
    "link": "https://ir.q32bio.com/investor-relations",
    "timestamp": "unknown"
  },
  {
    "title": "Overview",
    "link": "https://ir.q32bio.com/investor-relations",
    "timestamp": "unknown"
  },
  {
    "title": "News & EventsNews ReleasesEvents & Presentations",
    "link": "https://ir.q32bio.com/news-and-events/news-releases",
    "timestamp": "unknown"
  },
  {
    "title": "News Releases",
    "link": "https://ir.q32bio.com/news-and-events/news-releases",
    "timestamp": "unknown"
  },
  {
    "title": "Events & Presentations",
    "link": "https://ir.q32bio.com/news-and-events/events-presentations",
    "timestamp": "unknown"
  },
  {
    "title": "Financials & FilingsSEC Filings",
    "link": "https://ir.q32bio.com/financial-and-filings/sec-filings",
    "timestamp": "unknown"
  },
  {
    "title": "SEC Filings",
    "link": "https://ir.q32bio.com/financial-and-filings/sec-filings",
    "timestamp": "unknown"
  },
  {
    "title": "Stock InformationStock Quote & Chart",
    "link": "https://ir.q32bio.com/stock-information/stock-quote-and-chart",
    "timestamp": "unknown"
  },
  {
    "title": "Stock Quote & Chart",
    "link": "https://ir.q32bio.com/stock-information/stock-quote-and-chart",
    "timestamp": "unknown"
  },
  {
    "title": "Analyst Coverage",
    "link": "https://ir.q32bio.com/analyst-coverage",
    "timestamp": "unknown"
  },
  {
    "title": "Corporate GovernanceDocuments & ChartersManagement TeamBoard of DirectorsCommittee Composition",
    "link": "https://ir.q32bio.com/corporate-governance/documents-charters",
    "timestamp": "unknown"
  },
  {
    "title": "Documents & Charters",
    "link": "https://ir.q32bio.com/corporate-governance/documents-charters",
    "timestamp": "unknown"
  },
  {
    "title": "Management Team",
    "link": "https://www.q32bio.com/our-team/",
    "timestamp": "unknown"
  },
  {
    "title": "Board of Directors",
    "link": "https://www.q32bio.com/our-team/",
    "timestamp": "unknown"
  },
  {
    "title": "Committee Composition",
    "link": "https://ir.q32bio.com/corporate-governance/committee-composition",
    "timestamp": "unknown"
  },
  {
    "title": "Investor ResourcesInvestor FAQsInvestor Email AlertsContact IR",
    "link": "https://ir.q32bio.com/investor-resources/investor-email-alerts",
    "timestamp": "unknown"
  },
  {
    "title": "Investor FAQs",
    "link": "https://ir.q32bio.com/investor-resources/investor-faqs",
    "timestamp": "unknown"
  },
  {
    "title": "Investor Email Alerts",
    "link": "https://ir.q32bio.com/investor-resources/investor-email-alerts",
    "timestamp": "unknown"
  },
  {
    "title": "Contact IR",
    "link": "https://ir.q32bio.com/investor-resources/contact-ir",
    "timestamp": "unknown"
  },
  {
    "title": "Investor PresentationMay ,Corporate Presentation. MBUpcoming EventsThere are no Upcoming Events scheduled at this time.Past EventsLeerink Partners Glo",
    "link": "https://ir.q32bio.com/static-files/6f6befaf-c7cd-4bf9-955b-a410f13fe2ef",
    "timestamp": "unknown"
  },
  {
    "title": "Investor PresentationMay ,Corporate Presentation. MBUpcoming EventsThere are no Upcoming Events scheduled at this time.Past EventsLeerink Partners Glo",
    "link": "https://ir.q32bio.com/static-files/6f6befaf-c7cd-4bf9-955b-a410f13fe2ef",
    "timestamp": "unknown"
  },
  {
    "title": "Investor PresentationMay ,Corporate Presentation. MBUpcoming EventsThere are no Upcoming Events scheduled at this time.Past EventsLeerink Partners Glo",
    "link": "https://ir.q32bio.com/static-files/6f6befaf-c7cd-4bf9-955b-a410f13fe2ef",
    "timestamp": "unknown"
  },
  {
    "title": "Investor PresentationMay ,Corporate Presentation. MBUpcoming EventsThere are no Upcoming Events scheduled at this time.Past EventsLeerink Partners Glo",
    "link": "https://ir.q32bio.com/static-files/6f6befaf-c7cd-4bf9-955b-a410f13fe2ef",
    "timestamp": "unknown"
  },
  {
    "title": "Investor PresentationMay ,Corporate Presentation. MBUpcoming EventsThere are no Upcoming Events scheduled at this time.Past EventsLeerink Partners Glo",
    "link": "https://ir.q32bio.com/static-files/6f6befaf-c7cd-4bf9-955b-a410f13fe2ef",
    "timestamp": "unknown"
  },
  {
    "title": "Investor PresentationMay ,Corporate Presentation. MBUpcoming EventsThere are no Upcoming Events scheduled at this time.Past EventsLeerink Partners Glo",
    "link": "https://ir.q32bio.com/static-files/6f6befaf-c7cd-4bf9-955b-a410f13fe2ef",
    "timestamp": "unknown"
  },
  {
    "title": "Investor PresentationMay ,Corporate Presentation. MBUpcoming EventsThere are no Upcoming Events scheduled at this time.Past EventsLeerink Partners Glo",
    "link": "https://ir.q32bio.com/static-files/6f6befaf-c7cd-4bf9-955b-a410f13fe2ef",
    "timestamp": "unknown"
  },
  {
    "title": "Investor PresentationMay ,Corporate Presentation. MBUpcoming EventsThere are no Upcoming Events scheduled at this time.Past EventsLeerink Partners Glo",
    "link": "https://ir.q32bio.com/static-files/6f6befaf-c7cd-4bf9-955b-a410f13fe2ef",
    "timestamp": "unknown"
  },
  {
    "title": "Investor PresentationMay ,Corporate Presentation. MBUpcoming EventsThere are no Upcoming Events scheduled at this time.Past EventsLeerink Partners Glo",
    "link": "https://ir.q32bio.com/static-files/6f6befaf-c7cd-4bf9-955b-a410f13fe2ef",
    "timestamp": "unknown"
  },
  {
    "title": "Investor PresentationMay ,Corporate Presentation. MBUpcoming EventsThere are no Upcoming Events scheduled at this time.Past EventsLeerink Partners Glo",
    "link": "https://ir.q32bio.com/static-files/6f6befaf-c7cd-4bf9-955b-a410f13fe2ef",
    "timestamp": "unknown"
  },
  {
    "title": "Investor PresentationMay ,Corporate Presentation. MBUpcoming EventsThere are no Upcoming Events scheduled at this time.Past EventsLeerink Partners Glo",
    "link": "https://ir.q32bio.com/static-files/6f6befaf-c7cd-4bf9-955b-a410f13fe2ef",
    "timestamp": "unknown"
  },
  {
    "title": "Investor PresentationMay ,Corporate Presentation. MBUpcoming EventsThere are no Upcoming Events scheduled at this time.Past EventsLeerink Partners Glo",
    "link": "https://ir.q32bio.com/static-files/6f6befaf-c7cd-4bf9-955b-a410f13fe2ef",
    "timestamp": "unknown"
  },
  {
    "title": "Investor PresentationMay ,Corporate Presentation. MBUpcoming EventsThere are no Upcoming Events scheduled at this time.Past EventsLeerink Partners Glo",
    "link": "https://ir.q32bio.com/static-files/6f6befaf-c7cd-4bf9-955b-a410f13fe2ef",
    "timestamp": "unknown"
  },
  {
    "title": "Investor PresentationMay ,Corporate Presentation. MB",
    "link": "https://ir.q32bio.com/static-files/6f6befaf-c7cd-4bf9-955b-a410f13fe2ef",
    "timestamp": "unknown"
  },
  {
    "title": "Investor PresentationMay ,Corporate Presentation. MB",
    "link": "https://ir.q32bio.com/static-files/6f6befaf-c7cd-4bf9-955b-a410f13fe2ef",
    "timestamp": "unknown"
  },
  {
    "title": "Investor PresentationMay ,Corporate Presentation. MB",
    "link": "https://ir.q32bio.com/static-files/6f6befaf-c7cd-4bf9-955b-a410f13fe2ef",
    "timestamp": "unknown"
  },
  {
    "title": "Investor PresentationMay ,Corporate Presentation. MB",
    "link": "https://ir.q32bio.com/static-files/6f6befaf-c7cd-4bf9-955b-a410f13fe2ef",
    "timestamp": "unknown"
  },
  {
    "title": "May ,Corporate Presentation. MB",
    "link": "https://ir.q32bio.com/static-files/6f6befaf-c7cd-4bf9-955b-a410f13fe2ef",
    "timestamp": "unknown"
  },
  {
    "title": "May ,Corporate Presentation. MB",
    "link": "https://ir.q32bio.com/static-files/6f6befaf-c7cd-4bf9-955b-a410f13fe2ef",
    "timestamp": "unknown"
  },
  {
    "title": "May ,Corporate Presentation. MB",
    "link": "https://ir.q32bio.com/static-files/6f6befaf-c7cd-4bf9-955b-a410f13fe2ef",
    "timestamp": "unknown"
  },
  {
    "title": "May ,Corporate Presentation. MB",
    "link": "https://ir.q32bio.com/static-files/6f6befaf-c7cd-4bf9-955b-a410f13fe2ef",
    "timestamp": "unknown"
  },
  {
    "title": "May ,Corporate Presentation. MB",
    "link": "https://ir.q32bio.com/static-files/6f6befaf-c7cd-4bf9-955b-a410f13fe2ef",
    "timestamp": "unknown"
  },
  {
    "title": "May ,Corporate Presentation. MB",
    "link": "https://ir.q32bio.com/static-files/6f6befaf-c7cd-4bf9-955b-a410f13fe2ef",
    "timestamp": "unknown"
  },
  {
    "title": "Corporate Presentation. MB",
    "link": "https://ir.q32bio.com/static-files/6f6befaf-c7cd-4bf9-955b-a410f13fe2ef",
    "timestamp": "unknown"
  },
  {
    "title": "Corporate Presentation. MB",
    "link": "https://ir.q32bio.com/static-files/6f6befaf-c7cd-4bf9-955b-a410f13fe2ef",
    "timestamp": "unknown"
  },
  {
    "title": "Corporate Presentation. MB",
    "link": "https://ir.q32bio.com/static-files/6f6befaf-c7cd-4bf9-955b-a410f13fe2ef",
    "timestamp": "unknown"
  },
  {
    "title": "Corporate Presentation. MB",
    "link": "https://ir.q32bio.com/static-files/6f6befaf-c7cd-4bf9-955b-a410f13fe2ef",
    "timestamp": "unknown"
  },
  {
    "title": "Corporate Presentation. MB",
    "link": "https://ir.q32bio.com/static-files/6f6befaf-c7cd-4bf9-955b-a410f13fe2ef",
    "timestamp": "unknown"
  },
  {
    "title": "Corporate Presentation. MB",
    "link": "https://ir.q32bio.com/static-files/6f6befaf-c7cd-4bf9-955b-a410f13fe2ef",
    "timestamp": "unknown"
  },
  {
    "title": "Corporate Presentation. MB",
    "link": "https://ir.q32bio.com/static-files/6f6befaf-c7cd-4bf9-955b-a410f13fe2ef",
    "timestamp": "unknown"
  },
  {
    "title": "Corporate Presentation. MB",
    "link": "https://ir.q32bio.com/static-files/6f6befaf-c7cd-4bf9-955b-a410f13fe2ef",
    "timestamp": "unknown"
  },
  {
    "title": "Past EventsLeerink Partners Global Healthcare ConferenceMarch ,EDTWebcastTD Cowen 45th Annual Health Care ConferenceMarch ,ESTWebcastOppenheimer 35th ",
    "link": "https://ir.q32bio.com/events/event-details/leerink-partners-global-healthcare-conference",
    "timestamp": "unknown"
  },
  {
    "title": "Past EventsLeerink Partners Global Healthcare ConferenceMarch ,EDTWebcastTD Cowen 45th Annual Health Care ConferenceMarch ,ESTWebcastOppenheimer 35th ",
    "link": "https://ir.q32bio.com/events/event-details/leerink-partners-global-healthcare-conference",
    "timestamp": "unknown"
  },
  {
    "title": "Past EventsLeerink Partners Global Healthcare ConferenceMarch ,EDTWebcastTD Cowen 45th Annual Health Care ConferenceMarch ,ESTWebcastOppenheimer 35th ",
    "link": "https://ir.q32bio.com/events/event-details/leerink-partners-global-healthcare-conference",
    "timestamp": "unknown"
  },
  {
    "title": "Past EventsLeerink Partners Global Healthcare ConferenceMarch ,EDTWebcastTD Cowen 45th Annual Health Care ConferenceMarch ,ESTWebcastOppenheimer 35th ",
    "link": "https://ir.q32bio.com/events/event-details/leerink-partners-global-healthcare-conference",
    "timestamp": "unknown"
  },
  {
    "title": "Leerink Partners Global Healthcare ConferenceMarch ,EDTWebcastTD Cowen 45th Annual Health Care ConferenceMarch ,ESTWebcastOppenheimer 35th Annual Heal",
    "link": "https://ir.q32bio.com/events/event-details/leerink-partners-global-healthcare-conference",
    "timestamp": "unknown"
  },
  {
    "title": "Leerink Partners Global Healthcare ConferenceMarch ,EDTWebcastTD Cowen 45th Annual Health Care ConferenceMarch ,ESTWebcastOppenheimer 35th Annual Heal",
    "link": "https://ir.q32bio.com/events/event-details/leerink-partners-global-healthcare-conference",
    "timestamp": "unknown"
  },
  {
    "title": "Leerink Partners Global Healthcare ConferenceMarch ,EDTWebcast",
    "link": "https://ir.q32bio.com/events/event-details/leerink-partners-global-healthcare-conference",
    "timestamp": "unknown"
  },
  {
    "title": "Leerink Partners Global Healthcare ConferenceMarch ,EDTWebcast",
    "link": "https://ir.q32bio.com/events/event-details/leerink-partners-global-healthcare-conference",
    "timestamp": "unknown"
  },
  {
    "title": "Leerink Partners Global Healthcare ConferenceMarch ,EDT",
    "link": "https://ir.q32bio.com/events/event-details/leerink-partners-global-healthcare-conference",
    "timestamp": "unknown"
  },
  {
    "title": "Leerink Partners Global Healthcare ConferenceMarch ,EDT",
    "link": "https://ir.q32bio.com/events/event-details/leerink-partners-global-healthcare-conference",
    "timestamp": "unknown"
  },
  {
    "title": "Leerink Partners Global Healthcare ConferenceMarch ,EDT",
    "link": "https://ir.q32bio.com/events/event-details/leerink-partners-global-healthcare-conference",
    "timestamp": "unknown"
  },
  {
    "title": "Leerink Partners Global Healthcare ConferenceMarch ,EDT",
    "link": "https://ir.q32bio.com/events/event-details/leerink-partners-global-healthcare-conference",
    "timestamp": "unknown"
  },
  {
    "title": "Leerink Partners Global Healthcare Conference",
    "link": "https://ir.q32bio.com/events/event-details/leerink-partners-global-healthcare-conference",
    "timestamp": "unknown"
  },
  {
    "title": "Leerink Partners Global Healthcare Conference",
    "link": "https://ir.q32bio.com/events/event-details/leerink-partners-global-healthcare-conference",
    "timestamp": "unknown"
  },
  {
    "title": "Leerink Partners Global Healthcare Conference",
    "link": "https://ir.q32bio.com/events/event-details/leerink-partners-global-healthcare-conference",
    "timestamp": "unknown"
  },
  {
    "title": "Webcast",
    "link": "https://wsw.com/webcast/leerink38/qttb/",
    "timestamp": "unknown"
  },
  {
    "title": "Webcast",
    "link": "https://wsw.com/webcast/leerink38/qttb/",
    "timestamp": "unknown"
  },
  {
    "title": "Webcast",
    "link": "https://wsw.com/webcast/leerink38/qttb/",
    "timestamp": "unknown"
  },
  {
    "title": "Webcast",
    "link": "https://wsw.com/webcast/leerink38/qttb/",
    "timestamp": "unknown"
  },
  {
    "title": "TD Cowen 45th Annual Health Care ConferenceMarch ,ESTWebcast",
    "link": "https://ir.q32bio.com/events/event-details/td-cowen-45th-annual-health-care-conference",
    "timestamp": "unknown"
  },
  {
    "title": "TD Cowen 45th Annual Health Care ConferenceMarch ,ESTWebcast",
    "link": "https://ir.q32bio.com/events/event-details/td-cowen-45th-annual-health-care-conference",
    "timestamp": "unknown"
  },
  {
    "title": "TD Cowen 45th Annual Health Care ConferenceMarch ,EST",
    "link": "https://ir.q32bio.com/events/event-details/td-cowen-45th-annual-health-care-conference",
    "timestamp": "unknown"
  },
  {
    "title": "TD Cowen 45th Annual Health Care ConferenceMarch ,EST",
    "link": "https://ir.q32bio.com/events/event-details/td-cowen-45th-annual-health-care-conference",
    "timestamp": "unknown"
  },
  {
    "title": "TD Cowen 45th Annual Health Care ConferenceMarch ,EST",
    "link": "https://ir.q32bio.com/events/event-details/td-cowen-45th-annual-health-care-conference",
    "timestamp": "unknown"
  },
  {
    "title": "TD Cowen 45th Annual Health Care ConferenceMarch ,EST",
    "link": "https://ir.q32bio.com/events/event-details/td-cowen-45th-annual-health-care-conference",
    "timestamp": "unknown"
  },
  {
    "title": "TD Cowen 45th Annual Health Care Conference",
    "link": "https://ir.q32bio.com/events/event-details/td-cowen-45th-annual-health-care-conference",
    "timestamp": "unknown"
  },
  {
    "title": "TD Cowen 45th Annual Health Care Conference",
    "link": "https://ir.q32bio.com/events/event-details/td-cowen-45th-annual-health-care-conference",
    "timestamp": "unknown"
  },
  {
    "title": "TD Cowen 45th Annual Health Care Conference",
    "link": "https://ir.q32bio.com/events/event-details/td-cowen-45th-annual-health-care-conference",
    "timestamp": "unknown"
  },
  {
    "title": "Webcast",
    "link": "https://wsw.com/webcast/cowen177/qttb/",
    "timestamp": "unknown"
  },
  {
    "title": "Webcast",
    "link": "https://wsw.com/webcast/cowen177/qttb/",
    "timestamp": "unknown"
  },
  {
    "title": "Webcast",
    "link": "https://wsw.com/webcast/cowen177/qttb/",
    "timestamp": "unknown"
  },
  {
    "title": "Webcast",
    "link": "https://wsw.com/webcast/cowen177/qttb/",
    "timestamp": "unknown"
  },
  {
    "title": "Oppenheimer 35th Annual Healthcare Life Sciences ConferenceFebruary ,ESTWebcast",
    "link": "https://ir.q32bio.com/events/event-details/oppenheimer-35th-annual-healthcare-life-sciences-conference",
    "timestamp": "unknown"
  },
  {
    "title": "Oppenheimer 35th Annual Healthcare Life Sciences ConferenceFebruary ,ESTWebcast",
    "link": "https://ir.q32bio.com/events/event-details/oppenheimer-35th-annual-healthcare-life-sciences-conference",
    "timestamp": "unknown"
  },
  {
    "title": "Oppenheimer 35th Annual Healthcare Life Sciences ConferenceFebruary ,EST",
    "link": "https://ir.q32bio.com/events/event-details/oppenheimer-35th-annual-healthcare-life-sciences-conference",
    "timestamp": "unknown"
  },
  {
    "title": "Oppenheimer 35th Annual Healthcare Life Sciences ConferenceFebruary ,EST",
    "link": "https://ir.q32bio.com/events/event-details/oppenheimer-35th-annual-healthcare-life-sciences-conference",
    "timestamp": "unknown"
  },
  {
    "title": "Oppenheimer 35th Annual Healthcare Life Sciences ConferenceFebruary ,EST",
    "link": "https://ir.q32bio.com/events/event-details/oppenheimer-35th-annual-healthcare-life-sciences-conference",
    "timestamp": "unknown"
  },
  {
    "title": "Oppenheimer 35th Annual Healthcare Life Sciences ConferenceFebruary ,EST",
    "link": "https://ir.q32bio.com/events/event-details/oppenheimer-35th-annual-healthcare-life-sciences-conference",
    "timestamp": "unknown"
  },
  {
    "title": "Oppenheimer 35th Annual Healthcare Life Sciences Conference",
    "link": "https://ir.q32bio.com/events/event-details/oppenheimer-35th-annual-healthcare-life-sciences-conference",
    "timestamp": "unknown"
  },
  {
    "title": "Oppenheimer 35th Annual Healthcare Life Sciences Conference",
    "link": "https://ir.q32bio.com/events/event-details/oppenheimer-35th-annual-healthcare-life-sciences-conference",
    "timestamp": "unknown"
  },
  {
    "title": "Oppenheimer 35th Annual Healthcare Life Sciences Conference",
    "link": "https://ir.q32bio.com/events/event-details/oppenheimer-35th-annual-healthcare-life-sciences-conference",
    "timestamp": "unknown"
  },
  {
    "title": "Webcast",
    "link": "https://wsw.com/webcast/oppenheimer39/register.aspx?conf=oppenheimer39&page=q32&url=https%3A//wsw.com/webcast/oppenheimer39/q32/",
    "timestamp": "unknown"
  },
  {
    "title": "Webcast",
    "link": "https://wsw.com/webcast/oppenheimer39/register.aspx?conf=oppenheimer39&page=q32&url=https%3A//wsw.com/webcast/oppenheimer39/q32/",
    "timestamp": "unknown"
  },
  {
    "title": "Webcast",
    "link": "https://wsw.com/webcast/oppenheimer39/register.aspx?conf=oppenheimer39&page=q32&url=https%3A//wsw.com/webcast/oppenheimer39/q32/",
    "timestamp": "unknown"
  },
  {
    "title": "Webcast",
    "link": "https://wsw.com/webcast/oppenheimer39/register.aspx?conf=oppenheimer39&page=q32&url=https%3A//wsw.com/webcast/oppenheimer39/q32/",
    "timestamp": "unknown"
  },
  {
    "title": "Guggenheim Securities Healthcare Innovation ConferenceNovember ,ESTClick here for webcast",
    "link": "https://ir.q32bio.com/events/event-details/guggenheim-securities-healthcare-innovation-conference",
    "timestamp": "unknown"
  },
  {
    "title": "Guggenheim Securities Healthcare Innovation ConferenceNovember ,ESTClick here for webcast",
    "link": "https://ir.q32bio.com/events/event-details/guggenheim-securities-healthcare-innovation-conference",
    "timestamp": "unknown"
  },
  {
    "title": "Guggenheim Securities Healthcare Innovation ConferenceNovember ,EST",
    "link": "https://ir.q32bio.com/events/event-details/guggenheim-securities-healthcare-innovation-conference",
    "timestamp": "unknown"
  },
  {
    "title": "Guggenheim Securities Healthcare Innovation ConferenceNovember ,EST",
    "link": "https://ir.q32bio.com/events/event-details/guggenheim-securities-healthcare-innovation-conference",
    "timestamp": "unknown"
  },
  {
    "title": "Guggenheim Securities Healthcare Innovation ConferenceNovember ,EST",
    "link": "https://ir.q32bio.com/events/event-details/guggenheim-securities-healthcare-innovation-conference",
    "timestamp": "unknown"
  },
  {
    "title": "Guggenheim Securities Healthcare Innovation ConferenceNovember ,EST",
    "link": "https://ir.q32bio.com/events/event-details/guggenheim-securities-healthcare-innovation-conference",
    "timestamp": "unknown"
  },
  {
    "title": "Guggenheim Securities Healthcare Innovation Conference",
    "link": "https://ir.q32bio.com/events/event-details/guggenheim-securities-healthcare-innovation-conference",
    "timestamp": "unknown"
  },
  {
    "title": "Guggenheim Securities Healthcare Innovation Conference",
    "link": "https://ir.q32bio.com/events/event-details/guggenheim-securities-healthcare-innovation-conference",
    "timestamp": "unknown"
  },
  {
    "title": "Guggenheim Securities Healthcare Innovation Conference",
    "link": "https://ir.q32bio.com/events/event-details/guggenheim-securities-healthcare-innovation-conference",
    "timestamp": "unknown"
  },
  {
    "title": "Click here for webcast",
    "link": "https://wsw.com/webcast/guggen/q32/",
    "timestamp": "unknown"
  },
  {
    "title": "Click here for webcast",
    "link": "https://wsw.com/webcast/guggen/q32/",
    "timestamp": "unknown"
  },
  {
    "title": "Click here for webcast",
    "link": "https://wsw.com/webcast/guggen/q32/",
    "timestamp": "unknown"
  },
  {
    "title": "Click here for webcast",
    "link": "https://wsw.com/webcast/guggen/q32/",
    "timestamp": "unknown"
  },
  {
    "title": "Stifel  Virtual Immunology and Inflammation SummitSeptember ,EDTWebcast",
    "link": "https://ir.q32bio.com/events/event-details/stifel--virtual-immunology-and-inflammation-summit",
    "timestamp": "unknown"
  },
  {
    "title": "Stifel  Virtual Immunology and Inflammation SummitSeptember ,EDTWebcast",
    "link": "https://ir.q32bio.com/events/event-details/stifel--virtual-immunology-and-inflammation-summit",
    "timestamp": "unknown"
  },
  {
    "title": "Stifel  Virtual Immunology and Inflammation SummitSeptember ,EDT",
    "link": "https://ir.q32bio.com/events/event-details/stifel--virtual-immunology-and-inflammation-summit",
    "timestamp": "unknown"
  },
  {
    "title": "Stifel  Virtual Immunology and Inflammation SummitSeptember ,EDT",
    "link": "https://ir.q32bio.com/events/event-details/stifel--virtual-immunology-and-inflammation-summit",
    "timestamp": "unknown"
  },
  {
    "title": "Stifel  Virtual Immunology and Inflammation SummitSeptember ,EDT",
    "link": "https://ir.q32bio.com/events/event-details/stifel--virtual-immunology-and-inflammation-summit",
    "timestamp": "unknown"
  },
  {
    "title": "Stifel  Virtual Immunology and Inflammation SummitSeptember ,EDT",
    "link": "https://ir.q32bio.com/events/event-details/stifel--virtual-immunology-and-inflammation-summit",
    "timestamp": "unknown"
  },
  {
    "title": "Stifel  Virtual Immunology and Inflammation Summit",
    "link": "https://ir.q32bio.com/events/event-details/stifel--virtual-immunology-and-inflammation-summit",
    "timestamp": "unknown"
  },
  {
    "title": "Stifel  Virtual Immunology and Inflammation Summit",
    "link": "https://ir.q32bio.com/events/event-details/stifel--virtual-immunology-and-inflammation-summit",
    "timestamp": "unknown"
  },
  {
    "title": "Stifel  Virtual Immunology and Inflammation Summit",
    "link": "https://ir.q32bio.com/events/event-details/stifel--virtual-immunology-and-inflammation-summit",
    "timestamp": "unknown"
  },
  {
    "title": "Webcast",
    "link": "https://wsw.com/webcast/stifel95/q32/",
    "timestamp": "unknown"
  },
  {
    "title": "Webcast",
    "link": "https://wsw.com/webcast/stifel95/q32/",
    "timestamp": "unknown"
  },
  {
    "title": "Webcast",
    "link": "https://wsw.com/webcast/stifel95/q32/",
    "timestamp": "unknown"
  },
  {
    "title": "Webcast",
    "link": "https://wsw.com/webcast/stifel95/q32/",
    "timestamp": "unknown"
  },
  {
    "title": "Cantor Fitzgerald Global Healthcare ConferenceSeptember ,EDTWebcast",
    "link": "https://ir.q32bio.com/events/event-details/-cantor-fitzgerald-global-healthcare-conference",
    "timestamp": "unknown"
  },
  {
    "title": "Cantor Fitzgerald Global Healthcare ConferenceSeptember ,EDTWebcast",
    "link": "https://ir.q32bio.com/events/event-details/-cantor-fitzgerald-global-healthcare-conference",
    "timestamp": "unknown"
  },
  {
    "title": "Cantor Fitzgerald Global Healthcare ConferenceSeptember ,EDT",
    "link": "https://ir.q32bio.com/events/event-details/-cantor-fitzgerald-global-healthcare-conference",
    "timestamp": "unknown"
  },
  {
    "title": "Cantor Fitzgerald Global Healthcare ConferenceSeptember ,EDT",
    "link": "https://ir.q32bio.com/events/event-details/-cantor-fitzgerald-global-healthcare-conference",
    "timestamp": "unknown"
  },
  {
    "title": "Cantor Fitzgerald Global Healthcare ConferenceSeptember ,EDT",
    "link": "https://ir.q32bio.com/events/event-details/-cantor-fitzgerald-global-healthcare-conference",
    "timestamp": "unknown"
  },
  {
    "title": "Cantor Fitzgerald Global Healthcare ConferenceSeptember ,EDT",
    "link": "https://ir.q32bio.com/events/event-details/-cantor-fitzgerald-global-healthcare-conference",
    "timestamp": "unknown"
  },
  {
    "title": "Cantor Fitzgerald Global Healthcare Conference",
    "link": "https://ir.q32bio.com/events/event-details/-cantor-fitzgerald-global-healthcare-conference",
    "timestamp": "unknown"
  },
  {
    "title": "Cantor Fitzgerald Global Healthcare Conference",
    "link": "https://ir.q32bio.com/events/event-details/-cantor-fitzgerald-global-healthcare-conference",
    "timestamp": "unknown"
  },
  {
    "title": "Cantor Fitzgerald Global Healthcare Conference",
    "link": "https://ir.q32bio.com/events/event-details/-cantor-fitzgerald-global-healthcare-conference",
    "timestamp": "unknown"
  },
  {
    "title": "Webcast",
    "link": "https://wsw.com/webcast/cantor22/q32/",
    "timestamp": "unknown"
  },
  {
    "title": "Webcast",
    "link": "https://wsw.com/webcast/cantor22/q32/",
    "timestamp": "unknown"
  },
  {
    "title": "Webcast",
    "link": "https://wsw.com/webcast/cantor22/q32/",
    "timestamp": "unknown"
  },
  {
    "title": "Webcast",
    "link": "https://wsw.com/webcast/cantor22/q32/",
    "timestamp": "unknown"
  },
  {
    "title": "Investor ContactArgot PartnersdraftsQ32Bio@argotpartners.comphone_iphone+ -Subscribe to our Email AlertsSubmit",
    "link": "mailto:Q32Bio@argotpartners.com",
    "timestamp": "unknown"
  },
  {
    "title": "Investor ContactArgot PartnersdraftsQ32Bio@argotpartners.comphone_iphone+ -Subscribe to our Email AlertsSubmit",
    "link": "mailto:Q32Bio@argotpartners.com",
    "timestamp": "unknown"
  },
  {
    "title": "Investor ContactArgot PartnersdraftsQ32Bio@argotpartners.comphone_iphone+ -",
    "link": "mailto:Q32Bio@argotpartners.com",
    "timestamp": "unknown"
  },
  {
    "title": "Investor ContactArgot PartnersdraftsQ32Bio@argotpartners.comphone_iphone+ -",
    "link": "mailto:Q32Bio@argotpartners.com",
    "timestamp": "unknown"
  },
  {
    "title": "Investor ContactArgot PartnersdraftsQ32Bio@argotpartners.comphone_iphone+ -",
    "link": "mailto:Q32Bio@argotpartners.com",
    "timestamp": "unknown"
  },
  {
    "title": "Investor ContactArgot PartnersdraftsQ32Bio@argotpartners.comphone_iphone+ -",
    "link": "mailto:Q32Bio@argotpartners.com",
    "timestamp": "unknown"
  },
  {
    "title": "Investor ContactArgot PartnersdraftsQ32Bio@argotpartners.comphone_iphone+ -",
    "link": "mailto:Q32Bio@argotpartners.com",
    "timestamp": "unknown"
  },
  {
    "title": "draftsQ32Bio@argotpartners.com",
    "link": "mailto:Q32Bio@argotpartners.com",
    "timestamp": "unknown"
  },
  {
    "title": "\u00a9  Q32 Bio Inc.Site - Social MediaTwitter opens in new windowLinkedin opens in new window",
    "link": "https://twitter.com/Q32Bio",
    "timestamp": "unknown"
  },
  {
    "title": "\u00a9  Q32 Bio Inc.Site - Social MediaTwitter opens in new windowLinkedin opens in new window",
    "link": "https://twitter.com/Q32Bio",
    "timestamp": "unknown"
  },
  {
    "title": "\u00a9  Q32 Bio Inc.Site - Social MediaTwitter opens in new windowLinkedin opens in new window",
    "link": "https://twitter.com/Q32Bio",
    "timestamp": "unknown"
  },
  {
    "title": "Site - Social MediaTwitter opens in new windowLinkedin opens in new window",
    "link": "https://twitter.com/Q32Bio",
    "timestamp": "unknown"
  },
  {
    "title": "Site - Social MediaTwitter opens in new windowLinkedin opens in new window",
    "link": "https://twitter.com/Q32Bio",
    "timestamp": "unknown"
  },
  {
    "title": "Twitter opens in new window",
    "link": "https://twitter.com/Q32Bio",
    "timestamp": "unknown"
  },
  {
    "title": "Linkedin opens in new window",
    "link": "https://www.linkedin.com/company/q32-bio-inc",
    "timestamp": "unknown"
  }
]