[
  {
    "title": "OverviewNews & EventsNews ReleasesEvents & PresentationsFinancials & FilingsSEC FilingsStock InformationStock Quote & ChartAnalyst CoverageCorporate G",
    "link": "https://www.q32bio.com/",
    "timestamp": "unknown"
  },
  {
    "title": "OverviewNews & EventsNews ReleasesEvents & PresentationsFinancials & FilingsSEC FilingsStock InformationStock Quote & ChartAnalyst CoverageCorporate G",
    "link": "https://www.q32bio.com/",
    "timestamp": "unknown"
  },
  {
    "title": "OverviewNews & EventsNews ReleasesEvents & PresentationsFinancials & FilingsSEC FilingsStock InformationStock Quote & ChartAnalyst CoverageCorporate G",
    "link": "https://ir.q32bio.com/investor-relations",
    "timestamp": "unknown"
  },
  {
    "title": "Overview",
    "link": "https://ir.q32bio.com/investor-relations",
    "timestamp": "unknown"
  },
  {
    "title": "News & EventsNews ReleasesEvents & Presentations",
    "link": "https://ir.q32bio.com/news-and-events/news-releases",
    "timestamp": "unknown"
  },
  {
    "title": "News Releases",
    "link": "https://ir.q32bio.com/news-and-events/news-releases",
    "timestamp": "unknown"
  },
  {
    "title": "Events & Presentations",
    "link": "https://ir.q32bio.com/news-and-events/events-presentations",
    "timestamp": "unknown"
  },
  {
    "title": "Financials & FilingsSEC Filings",
    "link": "https://ir.q32bio.com/financial-and-filings/sec-filings",
    "timestamp": "unknown"
  },
  {
    "title": "SEC Filings",
    "link": "https://ir.q32bio.com/financial-and-filings/sec-filings",
    "timestamp": "unknown"
  },
  {
    "title": "Stock InformationStock Quote & Chart",
    "link": "https://ir.q32bio.com/stock-information/stock-quote-and-chart",
    "timestamp": "unknown"
  },
  {
    "title": "Stock Quote & Chart",
    "link": "https://ir.q32bio.com/stock-information/stock-quote-and-chart",
    "timestamp": "unknown"
  },
  {
    "title": "Analyst Coverage",
    "link": "https://ir.q32bio.com/analyst-coverage",
    "timestamp": "unknown"
  },
  {
    "title": "Corporate GovernanceDocuments & ChartersManagement TeamBoard of DirectorsCommittee Composition",
    "link": "https://ir.q32bio.com/corporate-governance/documents-charters",
    "timestamp": "unknown"
  },
  {
    "title": "Documents & Charters",
    "link": "https://ir.q32bio.com/corporate-governance/documents-charters",
    "timestamp": "unknown"
  },
  {
    "title": "Management Team",
    "link": "https://www.q32bio.com/our-team/",
    "timestamp": "unknown"
  },
  {
    "title": "Board of Directors",
    "link": "https://www.q32bio.com/our-team/",
    "timestamp": "unknown"
  },
  {
    "title": "Committee Composition",
    "link": "https://ir.q32bio.com/corporate-governance/committee-composition",
    "timestamp": "unknown"
  },
  {
    "title": "Investor ResourcesInvestor FAQsInvestor Email AlertsContact IR",
    "link": "https://ir.q32bio.com/investor-resources/investor-email-alerts",
    "timestamp": "unknown"
  },
  {
    "title": "Investor FAQs",
    "link": "https://ir.q32bio.com/investor-resources/investor-faqs",
    "timestamp": "unknown"
  },
  {
    "title": "Investor Email Alerts",
    "link": "https://ir.q32bio.com/investor-resources/investor-email-alerts",
    "timestamp": "unknown"
  },
  {
    "title": "Contact IR",
    "link": "https://ir.q32bio.com/investor-resources/contact-ir",
    "timestamp": "unknown"
  },
  {
    "title": "YearAllJun ,Q32 Bio Appoints Adrien Sipos, M.D., Ph.D., as Interim Chief Medical OfficerPDF VersionMay ,Q32 Bio Reports First Quarter  Financial Resul",
    "link": "https://ir.q32bio.com/news-releases/news-release-details/q32-bio-appoints-adrien-sipos-md-phd-interim-chief-medical",
    "timestamp": "unknown"
  },
  {
    "title": "YearAllJun ,Q32 Bio Appoints Adrien Sipos, M.D., Ph.D., as Interim Chief Medical OfficerPDF VersionMay ,Q32 Bio Reports First Quarter  Financial Resul",
    "link": "https://ir.q32bio.com/news-releases/news-release-details/q32-bio-appoints-adrien-sipos-md-phd-interim-chief-medical",
    "timestamp": "unknown"
  },
  {
    "title": "YearAllJun ,Q32 Bio Appoints Adrien Sipos, M.D., Ph.D., as Interim Chief Medical OfficerPDF VersionMay ,Q32 Bio Reports First Quarter  Financial Resul",
    "link": "https://ir.q32bio.com/news-releases/news-release-details/q32-bio-appoints-adrien-sipos-md-phd-interim-chief-medical",
    "timestamp": "unknown"
  },
  {
    "title": "YearAllJun ,Q32 Bio Appoints Adrien Sipos, M.D., Ph.D., as Interim Chief Medical OfficerPDF VersionMay ,Q32 Bio Reports First Quarter  Financial Resul",
    "link": "https://ir.q32bio.com/news-releases/news-release-details/q32-bio-appoints-adrien-sipos-md-phd-interim-chief-medical",
    "timestamp": "unknown"
  },
  {
    "title": "YearAllJun ,Q32 Bio Appoints Adrien Sipos, M.D., Ph.D., as Interim Chief Medical OfficerPDF VersionMay ,Q32 Bio Reports First Quarter  Financial Resul",
    "link": "https://ir.q32bio.com/news-releases/news-release-details/q32-bio-appoints-adrien-sipos-md-phd-interim-chief-medical",
    "timestamp": "unknown"
  },
  {
    "title": "YearAllJun ,Q32 Bio Appoints Adrien Sipos, M.D., Ph.D., as Interim Chief Medical OfficerPDF VersionMay ,Q32 Bio Reports First Quarter  Financial Resul",
    "link": "https://ir.q32bio.com/news-releases/news-release-details/q32-bio-appoints-adrien-sipos-md-phd-interim-chief-medical",
    "timestamp": "unknown"
  },
  {
    "title": "YearAllJun ,Q32 Bio Appoints Adrien Sipos, M.D., Ph.D., as Interim Chief Medical OfficerPDF VersionMay ,Q32 Bio Reports First Quarter  Financial Resul",
    "link": "https://ir.q32bio.com/news-releases/news-release-details/q32-bio-appoints-adrien-sipos-md-phd-interim-chief-medical",
    "timestamp": "unknown"
  },
  {
    "title": "YearAllJun ,Q32 Bio Appoints Adrien Sipos, M.D., Ph.D., as Interim Chief Medical OfficerPDF VersionMay ,Q32 Bio Reports First Quarter  Financial Resul",
    "link": "https://ir.q32bio.com/news-releases/news-release-details/q32-bio-appoints-adrien-sipos-md-phd-interim-chief-medical",
    "timestamp": "unknown"
  },
  {
    "title": "YearAllJun ,Q32 Bio Appoints Adrien Sipos, M.D., Ph.D., as Interim Chief Medical OfficerPDF VersionMay ,Q32 Bio Reports First Quarter  Financial Resul",
    "link": "https://ir.q32bio.com/news-releases/news-release-details/q32-bio-appoints-adrien-sipos-md-phd-interim-chief-medical",
    "timestamp": "unknown"
  },
  {
    "title": "YearAllJun ,Q32 Bio Appoints Adrien Sipos, M.D., Ph.D., as Interim Chief Medical OfficerPDF VersionMay ,Q32 Bio Reports First Quarter  Financial Resul",
    "link": "https://ir.q32bio.com/news-releases/news-release-details/q32-bio-appoints-adrien-sipos-md-phd-interim-chief-medical",
    "timestamp": "unknown"
  },
  {
    "title": "YearAllJun ,Q32 Bio Appoints Adrien Sipos, M.D., Ph.D., as Interim Chief Medical OfficerPDF VersionMay ,Q32 Bio Reports First Quarter  Financial Resul",
    "link": "https://ir.q32bio.com/news-releases/news-release-details/q32-bio-appoints-adrien-sipos-md-phd-interim-chief-medical",
    "timestamp": "unknown"
  },
  {
    "title": "YearAllJun ,Q32 Bio Appoints Adrien Sipos, M.D., Ph.D., as Interim Chief Medical OfficerPDF VersionMay ,Q32 Bio Reports First Quarter  Financial Resul",
    "link": "https://ir.q32bio.com/news-releases/news-release-details/q32-bio-appoints-adrien-sipos-md-phd-interim-chief-medical",
    "timestamp": "unknown"
  },
  {
    "title": "YearAllJun ,Q32 Bio Appoints Adrien Sipos, M.D., Ph.D., as Interim Chief Medical OfficerPDF VersionMay ,Q32 Bio Reports First Quarter  Financial Resul",
    "link": "https://ir.q32bio.com/news-releases/news-release-details/q32-bio-appoints-adrien-sipos-md-phd-interim-chief-medical",
    "timestamp": "unknown"
  },
  {
    "title": "YearAllJun ,Q32 Bio Appoints Adrien Sipos, M.D., Ph.D., as Interim Chief Medical OfficerPDF VersionMay ,Q32 Bio Reports First Quarter  Financial Resul",
    "link": "https://ir.q32bio.com/news-releases/news-release-details/q32-bio-appoints-adrien-sipos-md-phd-interim-chief-medical",
    "timestamp": "unknown"
  },
  {
    "title": "YearAllJun ,Q32 Bio Appoints Adrien Sipos, M.D., Ph.D., as Interim Chief Medical OfficerPDF VersionMay ,Q32 Bio Reports First Quarter  Financial Resul",
    "link": "https://ir.q32bio.com/news-releases/news-release-details/q32-bio-appoints-adrien-sipos-md-phd-interim-chief-medical",
    "timestamp": "unknown"
  },
  {
    "title": "YearAllJun ,Q32 Bio Appoints Adrien Sipos, M.D., Ph.D., as Interim Chief Medical OfficerPDF VersionMay ,Q32 Bio Reports First Quarter  Financial Resul",
    "link": "https://ir.q32bio.com/news-releases/news-release-details/q32-bio-appoints-adrien-sipos-md-phd-interim-chief-medical",
    "timestamp": "unknown"
  },
  {
    "title": "YearAllJun ,Q32 Bio Appoints Adrien Sipos, M.D., Ph.D., as Interim Chief Medical OfficerPDF VersionMay ,Q32 Bio Reports First Quarter  Financial Resul",
    "link": "https://ir.q32bio.com/news-releases/news-release-details/q32-bio-appoints-adrien-sipos-md-phd-interim-chief-medical",
    "timestamp": "unknown"
  },
  {
    "title": "YearAllJun ,Q32 Bio Appoints Adrien Sipos, M.D., Ph.D., as Interim Chief Medical OfficerPDF VersionMay ,Q32 Bio Reports First Quarter  Financial Resul",
    "link": "https://ir.q32bio.com/news-releases/news-release-details/q32-bio-appoints-adrien-sipos-md-phd-interim-chief-medical",
    "timestamp": "unknown"
  },
  {
    "title": "Jun ,Q32 Bio Appoints Adrien Sipos, M.D., Ph.D., as Interim Chief Medical OfficerPDF VersionMay ,Q32 Bio Reports First Quarter  Financial Results and ",
    "link": "https://ir.q32bio.com/news-releases/news-release-details/q32-bio-appoints-adrien-sipos-md-phd-interim-chief-medical",
    "timestamp": "unknown"
  },
  {
    "title": "Jun ,Q32 Bio Appoints Adrien Sipos, M.D., Ph.D., as Interim Chief Medical OfficerPDF Version",
    "link": "https://ir.q32bio.com/news-releases/news-release-details/q32-bio-appoints-adrien-sipos-md-phd-interim-chief-medical",
    "timestamp": "unknown"
  },
  {
    "title": "Jun ,Q32 Bio Appoints Adrien Sipos, M.D., Ph.D., as Interim Chief Medical OfficerPDF Version",
    "link": "https://ir.q32bio.com/news-releases/news-release-details/q32-bio-appoints-adrien-sipos-md-phd-interim-chief-medical",
    "timestamp": "unknown"
  },
  {
    "title": "Jun ,Q32 Bio Appoints Adrien Sipos, M.D., Ph.D., as Interim Chief Medical OfficerPDF Version",
    "link": "https://ir.q32bio.com/news-releases/news-release-details/q32-bio-appoints-adrien-sipos-md-phd-interim-chief-medical",
    "timestamp": "unknown"
  },
  {
    "title": "Jun ,Q32 Bio Appoints Adrien Sipos, M.D., Ph.D., as Interim Chief Medical OfficerPDF Version",
    "link": "https://ir.q32bio.com/news-releases/news-release-details/q32-bio-appoints-adrien-sipos-md-phd-interim-chief-medical",
    "timestamp": "unknown"
  },
  {
    "title": "Q32 Bio Appoints Adrien Sipos, M.D., Ph.D., as Interim Chief Medical Officer",
    "link": "https://ir.q32bio.com/news-releases/news-release-details/q32-bio-appoints-adrien-sipos-md-phd-interim-chief-medical",
    "timestamp": "unknown"
  },
  {
    "title": "Q32 Bio Appoints Adrien Sipos, M.D., Ph.D., as Interim Chief Medical Officer",
    "link": "https://ir.q32bio.com/news-releases/news-release-details/q32-bio-appoints-adrien-sipos-md-phd-interim-chief-medical",
    "timestamp": "unknown"
  },
  {
    "title": "PDF Version",
    "link": "https://ir.q32bio.com/node//pdf",
    "timestamp": "unknown"
  },
  {
    "title": "PDF Version",
    "link": "https://ir.q32bio.com/node//pdf",
    "timestamp": "unknown"
  },
  {
    "title": "May ,Q32 Bio Reports First Quarter  Financial Results and Provides Corporate UpdatePDF Version",
    "link": "https://ir.q32bio.com/news-releases/news-release-details/q32-bio-reports-first-quarter--financial-results-and",
    "timestamp": "unknown"
  },
  {
    "title": "May ,Q32 Bio Reports First Quarter  Financial Results and Provides Corporate UpdatePDF Version",
    "link": "https://ir.q32bio.com/news-releases/news-release-details/q32-bio-reports-first-quarter--financial-results-and",
    "timestamp": "unknown"
  },
  {
    "title": "May ,Q32 Bio Reports First Quarter  Financial Results and Provides Corporate UpdatePDF Version",
    "link": "https://ir.q32bio.com/news-releases/news-release-details/q32-bio-reports-first-quarter--financial-results-and",
    "timestamp": "unknown"
  },
  {
    "title": "May ,Q32 Bio Reports First Quarter  Financial Results and Provides Corporate UpdatePDF Version",
    "link": "https://ir.q32bio.com/news-releases/news-release-details/q32-bio-reports-first-quarter--financial-results-and",
    "timestamp": "unknown"
  },
  {
    "title": "Q32 Bio Reports First Quarter  Financial Results and Provides Corporate Update",
    "link": "https://ir.q32bio.com/news-releases/news-release-details/q32-bio-reports-first-quarter--financial-results-and",
    "timestamp": "unknown"
  },
  {
    "title": "Q32 Bio Reports First Quarter  Financial Results and Provides Corporate Update",
    "link": "https://ir.q32bio.com/news-releases/news-release-details/q32-bio-reports-first-quarter--financial-results-and",
    "timestamp": "unknown"
  },
  {
    "title": "PDF Version",
    "link": "https://ir.q32bio.com/node//pdf",
    "timestamp": "unknown"
  },
  {
    "title": "PDF Version",
    "link": "https://ir.q32bio.com/node//pdf",
    "timestamp": "unknown"
  },
  {
    "title": "Apr ,Q32 Bio Announces FDA Fast Track Designation Granted to Bempikibart (ADX-) for the Treatment of Alopecia AreataPDF Version",
    "link": "https://ir.q32bio.com/news-releases/news-release-details/q32-bio-announces-fda-fast-track-designation-granted-bempikibart",
    "timestamp": "unknown"
  },
  {
    "title": "Apr ,Q32 Bio Announces FDA Fast Track Designation Granted to Bempikibart (ADX-) for the Treatment of Alopecia AreataPDF Version",
    "link": "https://ir.q32bio.com/news-releases/news-release-details/q32-bio-announces-fda-fast-track-designation-granted-bempikibart",
    "timestamp": "unknown"
  },
  {
    "title": "Apr ,Q32 Bio Announces FDA Fast Track Designation Granted to Bempikibart (ADX-) for the Treatment of Alopecia AreataPDF Version",
    "link": "https://ir.q32bio.com/news-releases/news-release-details/q32-bio-announces-fda-fast-track-designation-granted-bempikibart",
    "timestamp": "unknown"
  },
  {
    "title": "Apr ,Q32 Bio Announces FDA Fast Track Designation Granted to Bempikibart (ADX-) for the Treatment of Alopecia AreataPDF Version",
    "link": "https://ir.q32bio.com/news-releases/news-release-details/q32-bio-announces-fda-fast-track-designation-granted-bempikibart",
    "timestamp": "unknown"
  },
  {
    "title": "Q32 Bio Announces FDA Fast Track Designation Granted to Bempikibart (ADX-) for the Treatment of Alopecia Areata",
    "link": "https://ir.q32bio.com/news-releases/news-release-details/q32-bio-announces-fda-fast-track-designation-granted-bempikibart",
    "timestamp": "unknown"
  },
  {
    "title": "Q32 Bio Announces FDA Fast Track Designation Granted to Bempikibart (ADX-) for the Treatment of Alopecia Areata",
    "link": "https://ir.q32bio.com/news-releases/news-release-details/q32-bio-announces-fda-fast-track-designation-granted-bempikibart",
    "timestamp": "unknown"
  },
  {
    "title": "PDF Version",
    "link": "https://ir.q32bio.com/node//pdf",
    "timestamp": "unknown"
  },
  {
    "title": "PDF Version",
    "link": "https://ir.q32bio.com/node//pdf",
    "timestamp": "unknown"
  },
  {
    "title": "Apr ,Q32 Bio Doses First Patients in Both Part A Open-Label Extension and Part B of SIGNAL-AA Phase 2a Trial Evaluating Bempikibart in Alopecia Areata",
    "link": "https://ir.q32bio.com/news-releases/news-release-details/q32-bio-doses-first-patients-both-part-open-label-extension-and",
    "timestamp": "unknown"
  },
  {
    "title": "Apr ,Q32 Bio Doses First Patients in Both Part A Open-Label Extension and Part B of SIGNAL-AA Phase 2a Trial Evaluating Bempikibart in Alopecia Areata",
    "link": "https://ir.q32bio.com/news-releases/news-release-details/q32-bio-doses-first-patients-both-part-open-label-extension-and",
    "timestamp": "unknown"
  },
  {
    "title": "Apr ,Q32 Bio Doses First Patients in Both Part A Open-Label Extension and Part B of SIGNAL-AA Phase 2a Trial Evaluating Bempikibart in Alopecia Areata",
    "link": "https://ir.q32bio.com/news-releases/news-release-details/q32-bio-doses-first-patients-both-part-open-label-extension-and",
    "timestamp": "unknown"
  },
  {
    "title": "Apr ,Q32 Bio Doses First Patients in Both Part A Open-Label Extension and Part B of SIGNAL-AA Phase 2a Trial Evaluating Bempikibart in Alopecia Areata",
    "link": "https://ir.q32bio.com/news-releases/news-release-details/q32-bio-doses-first-patients-both-part-open-label-extension-and",
    "timestamp": "unknown"
  },
  {
    "title": "Q32 Bio Doses First Patients in Both Part A Open-Label Extension and Part B of SIGNAL-AA Phase 2a Trial Evaluating Bempikibart in Alopecia Areata",
    "link": "https://ir.q32bio.com/news-releases/news-release-details/q32-bio-doses-first-patients-both-part-open-label-extension-and",
    "timestamp": "unknown"
  },
  {
    "title": "Q32 Bio Doses First Patients in Both Part A Open-Label Extension and Part B of SIGNAL-AA Phase 2a Trial Evaluating Bempikibart in Alopecia Areata",
    "link": "https://ir.q32bio.com/news-releases/news-release-details/q32-bio-doses-first-patients-both-part-open-label-extension-and",
    "timestamp": "unknown"
  },
  {
    "title": "PDF Version",
    "link": "https://ir.q32bio.com/node//pdf",
    "timestamp": "unknown"
  },
  {
    "title": "PDF Version",
    "link": "https://ir.q32bio.com/node//pdf",
    "timestamp": "unknown"
  },
  {
    "title": "Mar ,Q32 Bio Reports Fourth Quarter  Financial Results and Provides Corporate UpdatePDF Version",
    "link": "https://ir.q32bio.com/news-releases/news-release-details/q32-bio-reports-fourth-quarter--financial-results-and",
    "timestamp": "unknown"
  },
  {
    "title": "Mar ,Q32 Bio Reports Fourth Quarter  Financial Results and Provides Corporate UpdatePDF Version",
    "link": "https://ir.q32bio.com/news-releases/news-release-details/q32-bio-reports-fourth-quarter--financial-results-and",
    "timestamp": "unknown"
  },
  {
    "title": "Mar ,Q32 Bio Reports Fourth Quarter  Financial Results and Provides Corporate UpdatePDF Version",
    "link": "https://ir.q32bio.com/news-releases/news-release-details/q32-bio-reports-fourth-quarter--financial-results-and",
    "timestamp": "unknown"
  },
  {
    "title": "Mar ,Q32 Bio Reports Fourth Quarter  Financial Results and Provides Corporate UpdatePDF Version",
    "link": "https://ir.q32bio.com/news-releases/news-release-details/q32-bio-reports-fourth-quarter--financial-results-and",
    "timestamp": "unknown"
  },
  {
    "title": "Q32 Bio Reports Fourth Quarter  Financial Results and Provides Corporate Update",
    "link": "https://ir.q32bio.com/news-releases/news-release-details/q32-bio-reports-fourth-quarter--financial-results-and",
    "timestamp": "unknown"
  },
  {
    "title": "Q32 Bio Reports Fourth Quarter  Financial Results and Provides Corporate Update",
    "link": "https://ir.q32bio.com/news-releases/news-release-details/q32-bio-reports-fourth-quarter--financial-results-and",
    "timestamp": "unknown"
  },
  {
    "title": "PDF Version",
    "link": "https://ir.q32bio.com/node//pdf",
    "timestamp": "unknown"
  },
  {
    "title": "PDF Version",
    "link": "https://ir.q32bio.com/node//pdf",
    "timestamp": "unknown"
  },
  {
    "title": "Mar ,Q32 Bio Presents Results from SIGNAL-AA Part A Clinical Trial Evaluating Bempikibart in Patients with Alopecia Areata at the  American Academy of",
    "link": "https://ir.q32bio.com/news-releases/news-release-details/q32-bio-presents-results-signal-aa-part-clinical-trial",
    "timestamp": "unknown"
  },
  {
    "title": "Mar ,Q32 Bio Presents Results from SIGNAL-AA Part A Clinical Trial Evaluating Bempikibart in Patients with Alopecia Areata at the  American Academy of",
    "link": "https://ir.q32bio.com/news-releases/news-release-details/q32-bio-presents-results-signal-aa-part-clinical-trial",
    "timestamp": "unknown"
  },
  {
    "title": "Mar ,Q32 Bio Presents Results from SIGNAL-AA Part A Clinical Trial Evaluating Bempikibart in Patients with Alopecia Areata at the  American Academy of",
    "link": "https://ir.q32bio.com/news-releases/news-release-details/q32-bio-presents-results-signal-aa-part-clinical-trial",
    "timestamp": "unknown"
  },
  {
    "title": "Mar ,Q32 Bio Presents Results from SIGNAL-AA Part A Clinical Trial Evaluating Bempikibart in Patients with Alopecia Areata at the  American Academy of",
    "link": "https://ir.q32bio.com/news-releases/news-release-details/q32-bio-presents-results-signal-aa-part-clinical-trial",
    "timestamp": "unknown"
  },
  {
    "title": "Q32 Bio Presents Results from SIGNAL-AA Part A Clinical Trial Evaluating Bempikibart in Patients with Alopecia Areata at the  American Academy of Derm",
    "link": "https://ir.q32bio.com/news-releases/news-release-details/q32-bio-presents-results-signal-aa-part-clinical-trial",
    "timestamp": "unknown"
  },
  {
    "title": "Q32 Bio Presents Results from SIGNAL-AA Part A Clinical Trial Evaluating Bempikibart in Patients with Alopecia Areata at the  American Academy of Derm",
    "link": "https://ir.q32bio.com/news-releases/news-release-details/q32-bio-presents-results-signal-aa-part-clinical-trial",
    "timestamp": "unknown"
  },
  {
    "title": "PDF Version",
    "link": "https://ir.q32bio.com/node//pdf",
    "timestamp": "unknown"
  },
  {
    "title": "PDF Version",
    "link": "https://ir.q32bio.com/node//pdf",
    "timestamp": "unknown"
  },
  {
    "title": "Feb ,Q32 Bio Announces Late-Breaking Presentation of Results from SIGNAL-AA Part A Clinical Trial of Bempikibart in Alopecia Areata at the  American A",
    "link": "https://ir.q32bio.com/news-releases/news-release-details/q32-bio-announces-late-breaking-presentation-results-signal-aa",
    "timestamp": "unknown"
  },
  {
    "title": "Feb ,Q32 Bio Announces Late-Breaking Presentation of Results from SIGNAL-AA Part A Clinical Trial of Bempikibart in Alopecia Areata at the  American A",
    "link": "https://ir.q32bio.com/news-releases/news-release-details/q32-bio-announces-late-breaking-presentation-results-signal-aa",
    "timestamp": "unknown"
  },
  {
    "title": "Feb ,Q32 Bio Announces Late-Breaking Presentation of Results from SIGNAL-AA Part A Clinical Trial of Bempikibart in Alopecia Areata at the  American A",
    "link": "https://ir.q32bio.com/news-releases/news-release-details/q32-bio-announces-late-breaking-presentation-results-signal-aa",
    "timestamp": "unknown"
  },
  {
    "title": "Feb ,Q32 Bio Announces Late-Breaking Presentation of Results from SIGNAL-AA Part A Clinical Trial of Bempikibart in Alopecia Areata at the  American A",
    "link": "https://ir.q32bio.com/news-releases/news-release-details/q32-bio-announces-late-breaking-presentation-results-signal-aa",
    "timestamp": "unknown"
  },
  {
    "title": "Q32 Bio Announces Late-Breaking Presentation of Results from SIGNAL-AA Part A Clinical Trial of Bempikibart in Alopecia Areata at the  American Academ",
    "link": "https://ir.q32bio.com/news-releases/news-release-details/q32-bio-announces-late-breaking-presentation-results-signal-aa",
    "timestamp": "unknown"
  },
  {
    "title": "Q32 Bio Announces Late-Breaking Presentation of Results from SIGNAL-AA Part A Clinical Trial of Bempikibart in Alopecia Areata at the  American Academ",
    "link": "https://ir.q32bio.com/news-releases/news-release-details/q32-bio-announces-late-breaking-presentation-results-signal-aa",
    "timestamp": "unknown"
  },
  {
    "title": "PDF Version",
    "link": "https://ir.q32bio.com/node//pdf",
    "timestamp": "unknown"
  },
  {
    "title": "PDF Version",
    "link": "https://ir.q32bio.com/node//pdf",
    "timestamp": "unknown"
  },
  {
    "title": "Feb ,Q32 Bio to Participate in Upcoming March Investor ConferencesPDF Version",
    "link": "https://ir.q32bio.com/news-releases/news-release-details/q32-bio-participate-upcoming-march-investor-conferences",
    "timestamp": "unknown"
  },
  {
    "title": "Feb ,Q32 Bio to Participate in Upcoming March Investor ConferencesPDF Version",
    "link": "https://ir.q32bio.com/news-releases/news-release-details/q32-bio-participate-upcoming-march-investor-conferences",
    "timestamp": "unknown"
  },
  {
    "title": "Feb ,Q32 Bio to Participate in Upcoming March Investor ConferencesPDF Version",
    "link": "https://ir.q32bio.com/news-releases/news-release-details/q32-bio-participate-upcoming-march-investor-conferences",
    "timestamp": "unknown"
  },
  {
    "title": "Feb ,Q32 Bio to Participate in Upcoming March Investor ConferencesPDF Version",
    "link": "https://ir.q32bio.com/news-releases/news-release-details/q32-bio-participate-upcoming-march-investor-conferences",
    "timestamp": "unknown"
  },
  {
    "title": "Q32 Bio to Participate in Upcoming March Investor Conferences",
    "link": "https://ir.q32bio.com/news-releases/news-release-details/q32-bio-participate-upcoming-march-investor-conferences",
    "timestamp": "unknown"
  },
  {
    "title": "Q32 Bio to Participate in Upcoming March Investor Conferences",
    "link": "https://ir.q32bio.com/news-releases/news-release-details/q32-bio-participate-upcoming-march-investor-conferences",
    "timestamp": "unknown"
  },
  {
    "title": "PDF Version",
    "link": "https://ir.q32bio.com/node//pdf",
    "timestamp": "unknown"
  },
  {
    "title": "PDF Version",
    "link": "https://ir.q32bio.com/node//pdf",
    "timestamp": "unknown"
  },
  {
    "title": "Feb ,Q32 Bio Announces Strategic Restructuring to Focus on Advancement of Bempikibart in Patients with Alopecia AreataPDF Version",
    "link": "https://ir.q32bio.com/news-releases/news-release-details/q32-bio-announces-strategic-restructuring-focus-advancement",
    "timestamp": "unknown"
  },
  {
    "title": "Feb ,Q32 Bio Announces Strategic Restructuring to Focus on Advancement of Bempikibart in Patients with Alopecia AreataPDF Version",
    "link": "https://ir.q32bio.com/news-releases/news-release-details/q32-bio-announces-strategic-restructuring-focus-advancement",
    "timestamp": "unknown"
  },
  {
    "title": "Feb ,Q32 Bio Announces Strategic Restructuring to Focus on Advancement of Bempikibart in Patients with Alopecia AreataPDF Version",
    "link": "https://ir.q32bio.com/news-releases/news-release-details/q32-bio-announces-strategic-restructuring-focus-advancement",
    "timestamp": "unknown"
  },
  {
    "title": "Feb ,Q32 Bio Announces Strategic Restructuring to Focus on Advancement of Bempikibart in Patients with Alopecia AreataPDF Version",
    "link": "https://ir.q32bio.com/news-releases/news-release-details/q32-bio-announces-strategic-restructuring-focus-advancement",
    "timestamp": "unknown"
  },
  {
    "title": "Q32 Bio Announces Strategic Restructuring to Focus on Advancement of Bempikibart in Patients with Alopecia Areata",
    "link": "https://ir.q32bio.com/news-releases/news-release-details/q32-bio-announces-strategic-restructuring-focus-advancement",
    "timestamp": "unknown"
  },
  {
    "title": "Q32 Bio Announces Strategic Restructuring to Focus on Advancement of Bempikibart in Patients with Alopecia Areata",
    "link": "https://ir.q32bio.com/news-releases/news-release-details/q32-bio-announces-strategic-restructuring-focus-advancement",
    "timestamp": "unknown"
  },
  {
    "title": "PDF Version",
    "link": "https://ir.q32bio.com/node//pdf",
    "timestamp": "unknown"
  },
  {
    "title": "PDF Version",
    "link": "https://ir.q32bio.com/node//pdf",
    "timestamp": "unknown"
  },
  {
    "title": "Feb ,Q32 Bio to Participate in Oppenheimer&#;s 35th Annual Healthcare Life Sciences ConferencePDF Version",
    "link": "https://ir.q32bio.com/news-releases/news-release-details/q32-bio-participate-oppenheimers-35th-annual-healthcare-life",
    "timestamp": "unknown"
  },
  {
    "title": "Feb ,Q32 Bio to Participate in Oppenheimer&#;s 35th Annual Healthcare Life Sciences ConferencePDF Version",
    "link": "https://ir.q32bio.com/news-releases/news-release-details/q32-bio-participate-oppenheimers-35th-annual-healthcare-life",
    "timestamp": "unknown"
  },
  {
    "title": "Feb ,Q32 Bio to Participate in Oppenheimer&#;s 35th Annual Healthcare Life Sciences ConferencePDF Version",
    "link": "https://ir.q32bio.com/news-releases/news-release-details/q32-bio-participate-oppenheimers-35th-annual-healthcare-life",
    "timestamp": "unknown"
  },
  {
    "title": "Feb ,Q32 Bio to Participate in Oppenheimer&#;s 35th Annual Healthcare Life Sciences ConferencePDF Version",
    "link": "https://ir.q32bio.com/news-releases/news-release-details/q32-bio-participate-oppenheimers-35th-annual-healthcare-life",
    "timestamp": "unknown"
  },
  {
    "title": "Q32 Bio to Participate in Oppenheimer&#;s 35th Annual Healthcare Life Sciences Conference",
    "link": "https://ir.q32bio.com/news-releases/news-release-details/q32-bio-participate-oppenheimers-35th-annual-healthcare-life",
    "timestamp": "unknown"
  },
  {
    "title": "Q32 Bio to Participate in Oppenheimer&#;s 35th Annual Healthcare Life Sciences Conference",
    "link": "https://ir.q32bio.com/news-releases/news-release-details/q32-bio-participate-oppenheimers-35th-annual-healthcare-life",
    "timestamp": "unknown"
  },
  {
    "title": "PDF Version",
    "link": "https://ir.q32bio.com/node//pdf",
    "timestamp": "unknown"
  },
  {
    "title": "PDF Version",
    "link": "https://ir.q32bio.com/node//pdf",
    "timestamp": "unknown"
  },
  {
    "title": "PaginationCurrent pagePagePage\u2026Next page\u203aLast page\u00bbDisplaying  -  of",
    "link": "https://ir.q32bio.com/news-and-events/news-releases?page=",
    "timestamp": "unknown"
  },
  {
    "title": "PaginationCurrent pagePagePage\u2026Next page\u203aLast page\u00bb",
    "link": "https://ir.q32bio.com/news-and-events/news-releases?page=",
    "timestamp": "unknown"
  },
  {
    "title": "PaginationCurrent pagePagePage\u2026Next page\u203aLast page\u00bb",
    "link": "https://ir.q32bio.com/news-and-events/news-releases?page=",
    "timestamp": "unknown"
  },
  {
    "title": "Current page",
    "link": "https://ir.q32bio.com/news-and-events/news-releases?page=",
    "timestamp": "unknown"
  },
  {
    "title": "Page",
    "link": "https://ir.q32bio.com/news-and-events/news-releases?page=",
    "timestamp": "unknown"
  },
  {
    "title": "Page",
    "link": "https://ir.q32bio.com/news-and-events/news-releases?page=",
    "timestamp": "unknown"
  },
  {
    "title": "Next page\u203a",
    "link": "https://ir.q32bio.com/news-and-events/news-releases?page=",
    "timestamp": "unknown"
  },
  {
    "title": "Last page\u00bb",
    "link": "https://ir.q32bio.com/news-and-events/news-releases?page=",
    "timestamp": "unknown"
  },
  {
    "title": "Investor ContactArgot PartnersdraftsQ32Bio@argotpartners.comphone_iphone+ -Subscribe to our Email AlertsSubmit",
    "link": "mailto:Q32Bio@argotpartners.com",
    "timestamp": "unknown"
  },
  {
    "title": "Investor ContactArgot PartnersdraftsQ32Bio@argotpartners.comphone_iphone+ -Subscribe to our Email AlertsSubmit",
    "link": "mailto:Q32Bio@argotpartners.com",
    "timestamp": "unknown"
  },
  {
    "title": "Investor ContactArgot PartnersdraftsQ32Bio@argotpartners.comphone_iphone+ -",
    "link": "mailto:Q32Bio@argotpartners.com",
    "timestamp": "unknown"
  },
  {
    "title": "Investor ContactArgot PartnersdraftsQ32Bio@argotpartners.comphone_iphone+ -",
    "link": "mailto:Q32Bio@argotpartners.com",
    "timestamp": "unknown"
  },
  {
    "title": "Investor ContactArgot PartnersdraftsQ32Bio@argotpartners.comphone_iphone+ -",
    "link": "mailto:Q32Bio@argotpartners.com",
    "timestamp": "unknown"
  },
  {
    "title": "Investor ContactArgot PartnersdraftsQ32Bio@argotpartners.comphone_iphone+ -",
    "link": "mailto:Q32Bio@argotpartners.com",
    "timestamp": "unknown"
  },
  {
    "title": "Investor ContactArgot PartnersdraftsQ32Bio@argotpartners.comphone_iphone+ -",
    "link": "mailto:Q32Bio@argotpartners.com",
    "timestamp": "unknown"
  },
  {
    "title": "draftsQ32Bio@argotpartners.com",
    "link": "mailto:Q32Bio@argotpartners.com",
    "timestamp": "unknown"
  },
  {
    "title": "\u00a9  Q32 Bio Inc.Site - Social MediaTwitter opens in new windowLinkedin opens in new window",
    "link": "https://twitter.com/Q32Bio",
    "timestamp": "unknown"
  },
  {
    "title": "\u00a9  Q32 Bio Inc.Site - Social MediaTwitter opens in new windowLinkedin opens in new window",
    "link": "https://twitter.com/Q32Bio",
    "timestamp": "unknown"
  },
  {
    "title": "\u00a9  Q32 Bio Inc.Site - Social MediaTwitter opens in new windowLinkedin opens in new window",
    "link": "https://twitter.com/Q32Bio",
    "timestamp": "unknown"
  },
  {
    "title": "Site - Social MediaTwitter opens in new windowLinkedin opens in new window",
    "link": "https://twitter.com/Q32Bio",
    "timestamp": "unknown"
  },
  {
    "title": "Site - Social MediaTwitter opens in new windowLinkedin opens in new window",
    "link": "https://twitter.com/Q32Bio",
    "timestamp": "unknown"
  },
  {
    "title": "Twitter opens in new window",
    "link": "https://twitter.com/Q32Bio",
    "timestamp": "unknown"
  },
  {
    "title": "Linkedin opens in new window",
    "link": "https://www.linkedin.com/company/q32-bio-inc",
    "timestamp": "unknown"
  }
]