[
  {
    "title": "OverviewNews & EventsNews ReleasesEvents & PresentationsFinancials & FilingsSEC FilingsStock InformationStock Quote & ChartAnalyst CoverageCorporate G",
    "link": "https://www.q32bio.com/",
    "timestamp": "unknown"
  },
  {
    "title": "OverviewNews & EventsNews ReleasesEvents & PresentationsFinancials & FilingsSEC FilingsStock InformationStock Quote & ChartAnalyst CoverageCorporate G",
    "link": "https://www.q32bio.com/",
    "timestamp": "unknown"
  },
  {
    "title": "OverviewNews & EventsNews ReleasesEvents & PresentationsFinancials & FilingsSEC FilingsStock InformationStock Quote & ChartAnalyst CoverageCorporate G",
    "link": "https://ir.q32bio.com/investor-relations",
    "timestamp": "unknown"
  },
  {
    "title": "Overview",
    "link": "https://ir.q32bio.com/investor-relations",
    "timestamp": "unknown"
  },
  {
    "title": "News & EventsNews ReleasesEvents & Presentations",
    "link": "https://ir.q32bio.com/news-and-events/news-releases",
    "timestamp": "unknown"
  },
  {
    "title": "News Releases",
    "link": "https://ir.q32bio.com/news-and-events/news-releases",
    "timestamp": "unknown"
  },
  {
    "title": "Events & Presentations",
    "link": "https://ir.q32bio.com/news-and-events/events-presentations",
    "timestamp": "unknown"
  },
  {
    "title": "Financials & FilingsSEC Filings",
    "link": "https://ir.q32bio.com/financial-and-filings/sec-filings",
    "timestamp": "unknown"
  },
  {
    "title": "SEC Filings",
    "link": "https://ir.q32bio.com/financial-and-filings/sec-filings",
    "timestamp": "unknown"
  },
  {
    "title": "Stock InformationStock Quote & Chart",
    "link": "https://ir.q32bio.com/stock-information/stock-quote-and-chart",
    "timestamp": "unknown"
  },
  {
    "title": "Stock Quote & Chart",
    "link": "https://ir.q32bio.com/stock-information/stock-quote-and-chart",
    "timestamp": "unknown"
  },
  {
    "title": "Analyst Coverage",
    "link": "https://ir.q32bio.com/analyst-coverage",
    "timestamp": "unknown"
  },
  {
    "title": "Corporate GovernanceDocuments & ChartersManagement TeamBoard of DirectorsCommittee Composition",
    "link": "https://ir.q32bio.com/corporate-governance/documents-charters",
    "timestamp": "unknown"
  },
  {
    "title": "Documents & Charters",
    "link": "https://ir.q32bio.com/corporate-governance/documents-charters",
    "timestamp": "unknown"
  },
  {
    "title": "Management Team",
    "link": "https://www.q32bio.com/our-team/",
    "timestamp": "unknown"
  },
  {
    "title": "Board of Directors",
    "link": "https://www.q32bio.com/our-team/",
    "timestamp": "unknown"
  },
  {
    "title": "Committee Composition",
    "link": "https://ir.q32bio.com/corporate-governance/committee-composition",
    "timestamp": "unknown"
  },
  {
    "title": "Investor ResourcesInvestor FAQsInvestor Email AlertsContact IR",
    "link": "https://ir.q32bio.com/investor-resources/investor-email-alerts",
    "timestamp": "unknown"
  },
  {
    "title": "Investor FAQs",
    "link": "https://ir.q32bio.com/investor-resources/investor-faqs",
    "timestamp": "unknown"
  },
  {
    "title": "Investor Email Alerts",
    "link": "https://ir.q32bio.com/investor-resources/investor-email-alerts",
    "timestamp": "unknown"
  },
  {
    "title": "Contact IR",
    "link": "https://ir.q32bio.com/investor-resources/contact-ir",
    "timestamp": "unknown"
  },
  {
    "title": "GroupAll,,Annual FilingsCurrent ReportsMergers & AcquisitionsOtherProxy FilingsQuarterly FilingsRegistration StatementsFiling yearAllItems per pageDoc",
    "link": "https://ir.q32bio.com/financial-and-filings/sec-filings?items_per_page=&order=field_nir_sec_doc_date&sort=asc",
    "timestamp": "unknown"
  },
  {
    "title": "GroupAll,,Annual FilingsCurrent ReportsMergers & AcquisitionsOtherProxy FilingsQuarterly FilingsRegistration StatementsFiling yearAllItems per pageDoc",
    "link": "https://ir.q32bio.com/financial-and-filings/sec-filings?items_per_page=&order=field_nir_sec_doc_date&sort=asc",
    "timestamp": "unknown"
  },
  {
    "title": "GroupAll,,Annual FilingsCurrent ReportsMergers & AcquisitionsOtherProxy FilingsQuarterly FilingsRegistration StatementsFiling yearAllItems per pageDoc",
    "link": "https://ir.q32bio.com/financial-and-filings/sec-filings?items_per_page=&order=field_nir_sec_doc_date&sort=asc",
    "timestamp": "unknown"
  },
  {
    "title": "GroupAll,,Annual FilingsCurrent ReportsMergers & AcquisitionsOtherProxy FilingsQuarterly FilingsRegistration StatementsFiling yearAllItems per pageDoc",
    "link": "https://ir.q32bio.com/financial-and-filings/sec-filings?items_per_page=&order=field_nir_sec_doc_date&sort=asc",
    "timestamp": "unknown"
  },
  {
    "title": "GroupAll,,Annual FilingsCurrent ReportsMergers & AcquisitionsOtherProxy FilingsQuarterly FilingsRegistration StatementsFiling yearAllItems per pageDoc",
    "link": "https://ir.q32bio.com/financial-and-filings/sec-filings?items_per_page=&order=field_nir_sec_doc_date&sort=asc",
    "timestamp": "unknown"
  },
  {
    "title": "GroupAll,,Annual FilingsCurrent ReportsMergers & AcquisitionsOtherProxy FilingsQuarterly FilingsRegistration StatementsFiling yearAllItems per pageDoc",
    "link": "https://ir.q32bio.com/financial-and-filings/sec-filings?items_per_page=&order=field_nir_sec_doc_date&sort=asc",
    "timestamp": "unknown"
  },
  {
    "title": "GroupAll,,Annual FilingsCurrent ReportsMergers & AcquisitionsOtherProxy FilingsQuarterly FilingsRegistration StatementsFiling yearAllItems per pageDoc",
    "link": "https://ir.q32bio.com/financial-and-filings/sec-filings?items_per_page=&order=field_nir_sec_doc_date&sort=asc",
    "timestamp": "unknown"
  },
  {
    "title": "GroupAll,,Annual FilingsCurrent ReportsMergers & AcquisitionsOtherProxy FilingsQuarterly FilingsRegistration StatementsFiling yearAllItems per pageDoc",
    "link": "https://ir.q32bio.com/financial-and-filings/sec-filings?items_per_page=&order=field_nir_sec_doc_date&sort=asc",
    "timestamp": "unknown"
  },
  {
    "title": "GroupAll,,Annual FilingsCurrent ReportsMergers & AcquisitionsOtherProxy FilingsQuarterly FilingsRegistration StatementsFiling yearAllItems per pageDoc",
    "link": "https://ir.q32bio.com/financial-and-filings/sec-filings?items_per_page=&order=field_nir_sec_doc_date&sort=asc",
    "timestamp": "unknown"
  },
  {
    "title": "GroupAll,,Annual FilingsCurrent ReportsMergers & AcquisitionsOtherProxy FilingsQuarterly FilingsRegistration StatementsFiling yearAllItems per pageDoc",
    "link": "https://ir.q32bio.com/financial-and-filings/sec-filings?items_per_page=&order=field_nir_sec_doc_date&sort=asc",
    "timestamp": "unknown"
  },
  {
    "title": "GroupAll,,Annual FilingsCurrent ReportsMergers & AcquisitionsOtherProxy FilingsQuarterly FilingsRegistration StatementsFiling yearAllItems per pageDoc",
    "link": "https://ir.q32bio.com/financial-and-filings/sec-filings?items_per_page=&order=field_nir_sec_doc_date&sort=asc",
    "timestamp": "unknown"
  },
  {
    "title": "GroupAll,,Annual FilingsCurrent ReportsMergers & AcquisitionsOtherProxy FilingsQuarterly FilingsRegistration StatementsFiling yearAllItems per pageDoc",
    "link": "https://ir.q32bio.com/financial-and-filings/sec-filings?items_per_page=&order=field_nir_sec_doc_date&sort=asc",
    "timestamp": "unknown"
  },
  {
    "title": "GroupAll,,Annual FilingsCurrent ReportsMergers & AcquisitionsOtherProxy FilingsQuarterly FilingsRegistration StatementsFiling yearAllItems per pageDoc",
    "link": "https://ir.q32bio.com/financial-and-filings/sec-filings?items_per_page=&order=field_nir_sec_doc_date&sort=asc",
    "timestamp": "unknown"
  },
  {
    "title": "GroupAll,,Annual FilingsCurrent ReportsMergers & AcquisitionsOtherProxy FilingsQuarterly FilingsRegistration StatementsFiling yearAllItems per pageDoc",
    "link": "https://ir.q32bio.com/financial-and-filings/sec-filings?items_per_page=&order=field_nir_sec_doc_date&sort=asc",
    "timestamp": "unknown"
  },
  {
    "title": "GroupAll,,Annual FilingsCurrent ReportsMergers & AcquisitionsOtherProxy FilingsQuarterly FilingsRegistration StatementsFiling yearAllItems per pageDoc",
    "link": "https://ir.q32bio.com/financial-and-filings/sec-filings?items_per_page=&order=field_nir_sec_doc_date&sort=asc",
    "timestamp": "unknown"
  },
  {
    "title": "GroupAll,,Annual FilingsCurrent ReportsMergers & AcquisitionsOtherProxy FilingsQuarterly FilingsRegistration StatementsFiling yearAllItems per pageDoc",
    "link": "https://ir.q32bio.com/financial-and-filings/sec-filings?items_per_page=&order=field_nir_sec_doc_date&sort=asc",
    "timestamp": "unknown"
  },
  {
    "title": "Document DateFormDescriptionFiling GroupViewJun ,-KReport of unscheduled material events or corporate eventCurrent ReportsView HTML--.pdf--.rtf--.xlsE",
    "link": "https://ir.q32bio.com/financial-and-filings/sec-filings?items_per_page=&order=field_nir_sec_doc_date&sort=asc",
    "timestamp": "unknown"
  },
  {
    "title": "Document DateFormDescriptionFiling GroupView",
    "link": "https://ir.q32bio.com/financial-and-filings/sec-filings?items_per_page=&order=field_nir_sec_doc_date&sort=asc",
    "timestamp": "unknown"
  },
  {
    "title": "Jun ,-KReport of unscheduled material events or corporate eventCurrent ReportsView HTML--.pdf--.rtf--.xlsEX-.SCH - XBRL TAXONOMY EXTENSION SCHEMA",
    "link": "https://ir.q32bio.com/sec-filings/sec-filing/-k/--",
    "timestamp": "unknown"
  },
  {
    "title": "View HTML--.pdf--.rtf--.xlsEX-.SCH - XBRL TAXONOMY EXTENSION SCHEMA",
    "link": "https://ir.q32bio.com/node//html",
    "timestamp": "unknown"
  },
  {
    "title": "--.pdf",
    "link": "https://ir.q32bio.com/static-files/494bbe10-3ba9-45c0-92ae-c68582ebbbbd",
    "timestamp": "unknown"
  },
  {
    "title": "--.rtf",
    "link": "https://ir.q32bio.com/static-files/5e0867fa--4e20-a984-9173abc50967",
    "timestamp": "unknown"
  },
  {
    "title": "--.xls",
    "link": "https://ir.q32bio.com/static-files/21eec352-c714--ae56-ce297dab60e8",
    "timestamp": "unknown"
  },
  {
    "title": "Jun ,-KReport of unscheduled material events or corporate eventCurrent ReportsView HTML--.pdf--.rtf--.xlsEX-.SCH - XBRL TAXONOMY EXTENSION SCHEMA",
    "link": "https://ir.q32bio.com/sec-filings/sec-filing/-k/--",
    "timestamp": "unknown"
  },
  {
    "title": "View HTML--.pdf--.rtf--.xlsEX-.SCH - XBRL TAXONOMY EXTENSION SCHEMA",
    "link": "https://ir.q32bio.com/node//html",
    "timestamp": "unknown"
  },
  {
    "title": "--.pdf",
    "link": "https://ir.q32bio.com/static-files/c0a2ab59-ef13-4b16-8da9-355c17051805",
    "timestamp": "unknown"
  },
  {
    "title": "--.rtf",
    "link": "https://ir.q32bio.com/static-files/f1d0e604-5f72-4a46-bb2e-4dbe634e22a4",
    "timestamp": "unknown"
  },
  {
    "title": "--.xls",
    "link": "https://ir.q32bio.com/static-files/b44f8443-78ad--9c5b-a4ffdba706f3",
    "timestamp": "unknown"
  },
  {
    "title": "May ,-KReport of unscheduled material events or corporate eventCurrent ReportsView HTML--.pdf--.rtf--.xlsEX-.SCH - XBRL TAXONOMY EXTENSION SCHEMA",
    "link": "https://ir.q32bio.com/sec-filings/sec-filing/-k/--",
    "timestamp": "unknown"
  },
  {
    "title": "View HTML--.pdf--.rtf--.xlsEX-.SCH - XBRL TAXONOMY EXTENSION SCHEMA",
    "link": "https://ir.q32bio.com/node//html",
    "timestamp": "unknown"
  },
  {
    "title": "--.pdf",
    "link": "https://ir.q32bio.com/static-files/78cb21b2--48c3-964f-f492a6a8def9",
    "timestamp": "unknown"
  },
  {
    "title": "--.rtf",
    "link": "https://ir.q32bio.com/static-files/e52c360c-13f4--b9c6-3402b7a32d50",
    "timestamp": "unknown"
  },
  {
    "title": "--.xls",
    "link": "https://ir.q32bio.com/static-files/b6065258-a56b-4ca4--ea28ae5e63f1",
    "timestamp": "unknown"
  },
  {
    "title": "May ,-KReport of unscheduled material events or corporate eventCurrent ReportsView HTML--.pdf--.rtf--.xlsEX-.SCH - XBRL TAXONOMY EXTENSION SCHEMA",
    "link": "https://ir.q32bio.com/sec-filings/sec-filing/-k/--",
    "timestamp": "unknown"
  },
  {
    "title": "View HTML--.pdf--.rtf--.xlsEX-.SCH - XBRL TAXONOMY EXTENSION SCHEMA",
    "link": "https://ir.q32bio.com/node//html",
    "timestamp": "unknown"
  },
  {
    "title": "--.pdf",
    "link": "https://ir.q32bio.com/static-files/4fd6a897-d44a-4e95-857b-c2397b7ebe9f",
    "timestamp": "unknown"
  },
  {
    "title": "--.rtf",
    "link": "https://ir.q32bio.com/static-files/b9e3c305-5f75-41b1-952e-25f423db0702",
    "timestamp": "unknown"
  },
  {
    "title": "--.xls",
    "link": "https://ir.q32bio.com/static-files/7b0c541f--4ae1-92b5-3fb7b4f06751",
    "timestamp": "unknown"
  },
  {
    "title": "Mar ,-QQuarterly report which provides a continuing view of a company's financial positionQuarterly FilingsView HTML--.pdf--.rtf--.xlsEX-.SCH - XBRL T",
    "link": "https://ir.q32bio.com/sec-filings/sec-filing/-q/--",
    "timestamp": "unknown"
  },
  {
    "title": "View HTML--.pdf--.rtf--.xlsEX-.SCH - XBRL TAXONOMY EXTENSION SCHEMA",
    "link": "https://ir.q32bio.com/node//html",
    "timestamp": "unknown"
  },
  {
    "title": "--.pdf",
    "link": "https://ir.q32bio.com/static-files/a526ef40-d2ff-44b9-93e4-18afe4322dd5",
    "timestamp": "unknown"
  },
  {
    "title": "--.rtf",
    "link": "https://ir.q32bio.com/static-files/5bd1af8a-33c1-4cc8-a203-39228f6a2b1e",
    "timestamp": "unknown"
  },
  {
    "title": "--.xls",
    "link": "https://ir.q32bio.com/static-files/050607ed-449d-45ca-9e47-f19cf6c005dc",
    "timestamp": "unknown"
  },
  {
    "title": "Jun ,DEF 14AOfficial notification to shareholders of matters to be brought to a vote (\"Proxy\")Proxy FilingsView HTML--.pdf--.rtf--.xlsEX-.SCH - XBRL T",
    "link": "https://ir.q32bio.com/sec-filings/sec-filing/def-14a/--",
    "timestamp": "unknown"
  },
  {
    "title": "View HTML--.pdf--.rtf--.xlsEX-.SCH - XBRL TAXONOMY EXTENSION SCHEMA",
    "link": "https://ir.q32bio.com/node//html",
    "timestamp": "unknown"
  },
  {
    "title": "--.pdf",
    "link": "https://ir.q32bio.com/static-files/06b6d536-950c-47d2-b246-9b2176b14a9f",
    "timestamp": "unknown"
  },
  {
    "title": "--.rtf",
    "link": "https://ir.q32bio.com/static-files/8b9e66dc-5abe-44f2-8aaf-b2738bb2b66a",
    "timestamp": "unknown"
  },
  {
    "title": "--.xls",
    "link": "https://ir.q32bio.com/static-files/dea36522-a28e--9d76-133d82d94d25",
    "timestamp": "unknown"
  },
  {
    "title": "Apr ,DEFA14AAdditional proxy soliciting materials - definitiveProxy FilingsView HTML--.pdf--.rtf--.xls",
    "link": "https://ir.q32bio.com/sec-filings/sec-filing/defa14a/--",
    "timestamp": "unknown"
  },
  {
    "title": "View HTML--.pdf--.rtf--.xls",
    "link": "https://ir.q32bio.com/node//html",
    "timestamp": "unknown"
  },
  {
    "title": "--.pdf",
    "link": "https://ir.q32bio.com/static-files/47b62735-26d9-462d-9b67-a1ec1d0a88c8",
    "timestamp": "unknown"
  },
  {
    "title": "--.rtf",
    "link": "https://ir.q32bio.com/static-files/9c7df72c-dce8-409f--162c12a37cc2",
    "timestamp": "unknown"
  },
  {
    "title": "--.xls",
    "link": "https://ir.q32bio.com/static-files/80df06b4-c3f0-4a09--f39e8759ae46",
    "timestamp": "unknown"
  },
  {
    "title": "Dec ,ARSAn annual report to security holdersAnnual FilingsView HTML--.pdf--.rtf",
    "link": "https://ir.q32bio.com/sec-filings/sec-filing/ars/--",
    "timestamp": "unknown"
  },
  {
    "title": "View HTML--.pdf--.rtf",
    "link": "https://ir.q32bio.com/node//html",
    "timestamp": "unknown"
  },
  {
    "title": "--.pdf",
    "link": "https://ir.q32bio.com/static-files/63007dd0-76be--b00a-69601ba6a130",
    "timestamp": "unknown"
  },
  {
    "title": "--.rtf",
    "link": "https://ir.q32bio.com/static-files/7e69a38a-54e9-448c-a7be-fa106bb67c0a",
    "timestamp": "unknown"
  },
  {
    "title": "Apr ,-KReport of unscheduled material events or corporate eventCurrent ReportsView HTML--.pdf--.rtf--.xlsEX-.SCH - XBRL TAXONOMY EXTENSION SCHEMA",
    "link": "https://ir.q32bio.com/sec-filings/sec-filing/-k/--",
    "timestamp": "unknown"
  },
  {
    "title": "View HTML--.pdf--.rtf--.xlsEX-.SCH - XBRL TAXONOMY EXTENSION SCHEMA",
    "link": "https://ir.q32bio.com/node//html",
    "timestamp": "unknown"
  },
  {
    "title": "--.pdf",
    "link": "https://ir.q32bio.com/static-files/08c31656-1bd0-49bb-b529-c9c7326b066f",
    "timestamp": "unknown"
  },
  {
    "title": "--.rtf",
    "link": "https://ir.q32bio.com/static-files/8ee0ef06-3a99--a37c-432544eb3e69",
    "timestamp": "unknown"
  },
  {
    "title": "--.xls",
    "link": "https://ir.q32bio.com/static-files/9b292df2--4e2e-97a8-556c3ff3081d",
    "timestamp": "unknown"
  },
  {
    "title": "Apr ,EFFECTEFFECTOtherView HTML--.pdf--.rtf--.xls",
    "link": "https://ir.q32bio.com/sec-filings/sec-filing/effect/--",
    "timestamp": "unknown"
  },
  {
    "title": "View HTML--.pdf--.rtf--.xls",
    "link": "https://ir.q32bio.com/node//html",
    "timestamp": "unknown"
  },
  {
    "title": "--.pdf",
    "link": "https://ir.q32bio.com/static-files/96a01817-feb8-41ab-a5ec-5c003be9823a",
    "timestamp": "unknown"
  },
  {
    "title": "--.rtf",
    "link": "https://ir.q32bio.com/static-files/d5a0e889-a27d-4f2e-b38f-9565f59844cd",
    "timestamp": "unknown"
  },
  {
    "title": "--.xls",
    "link": "https://ir.q32bio.com/static-files/79eb4422-d111-4bd9-834d-f9dce34a9ea0",
    "timestamp": "unknown"
  },
  {
    "title": "PaginationCurrent pagePagePage\u2026Next page\u203aLast page\u00bbDisplaying  -  of  results",
    "link": "https://ir.q32bio.com/financial-and-filings/sec-filings?&field_nir_sec_cik_target_id=&field_nir_sec_date_filed_value=&&&items_per_page_toggle=&page=",
    "timestamp": "unknown"
  },
  {
    "title": "PaginationCurrent pagePagePage\u2026Next page\u203aLast page\u00bb",
    "link": "https://ir.q32bio.com/financial-and-filings/sec-filings?&field_nir_sec_cik_target_id=&field_nir_sec_date_filed_value=&&&items_per_page_toggle=&page=",
    "timestamp": "unknown"
  },
  {
    "title": "Current page",
    "link": "https://ir.q32bio.com/financial-and-filings/sec-filings?&field_nir_sec_cik_target_id=&field_nir_sec_date_filed_value=&&&items_per_page_toggle=&page=",
    "timestamp": "unknown"
  },
  {
    "title": "Page",
    "link": "https://ir.q32bio.com/financial-and-filings/sec-filings?&field_nir_sec_cik_target_id=&field_nir_sec_date_filed_value=&&&items_per_page_toggle=&page=",
    "timestamp": "unknown"
  },
  {
    "title": "Page",
    "link": "https://ir.q32bio.com/financial-and-filings/sec-filings?&field_nir_sec_cik_target_id=&field_nir_sec_date_filed_value=&&&items_per_page_toggle=&page=",
    "timestamp": "unknown"
  },
  {
    "title": "Next page\u203a",
    "link": "https://ir.q32bio.com/financial-and-filings/sec-filings?&field_nir_sec_cik_target_id=&field_nir_sec_date_filed_value=&&&items_per_page_toggle=&page=",
    "timestamp": "unknown"
  },
  {
    "title": "Last page\u00bb",
    "link": "https://ir.q32bio.com/financial-and-filings/sec-filings?&field_nir_sec_cik_target_id=&field_nir_sec_date_filed_value=&&&items_per_page_toggle=&page=",
    "timestamp": "unknown"
  },
  {
    "title": "Data provided byKaleidoscope.",
    "link": "https://www.kscope.io",
    "timestamp": "unknown"
  },
  {
    "title": "Data provided byKaleidoscope.",
    "link": "https://www.kscope.io",
    "timestamp": "unknown"
  },
  {
    "title": "Investor ContactArgot PartnersdraftsQ32Bio@argotpartners.comphone_iphone+ -Subscribe to our Email AlertsSubmit",
    "link": "mailto:Q32Bio@argotpartners.com",
    "timestamp": "unknown"
  },
  {
    "title": "Investor ContactArgot PartnersdraftsQ32Bio@argotpartners.comphone_iphone+ -Subscribe to our Email AlertsSubmit",
    "link": "mailto:Q32Bio@argotpartners.com",
    "timestamp": "unknown"
  },
  {
    "title": "Investor ContactArgot PartnersdraftsQ32Bio@argotpartners.comphone_iphone+ -",
    "link": "mailto:Q32Bio@argotpartners.com",
    "timestamp": "unknown"
  },
  {
    "title": "Investor ContactArgot PartnersdraftsQ32Bio@argotpartners.comphone_iphone+ -",
    "link": "mailto:Q32Bio@argotpartners.com",
    "timestamp": "unknown"
  },
  {
    "title": "Investor ContactArgot PartnersdraftsQ32Bio@argotpartners.comphone_iphone+ -",
    "link": "mailto:Q32Bio@argotpartners.com",
    "timestamp": "unknown"
  },
  {
    "title": "Investor ContactArgot PartnersdraftsQ32Bio@argotpartners.comphone_iphone+ -",
    "link": "mailto:Q32Bio@argotpartners.com",
    "timestamp": "unknown"
  },
  {
    "title": "Investor ContactArgot PartnersdraftsQ32Bio@argotpartners.comphone_iphone+ -",
    "link": "mailto:Q32Bio@argotpartners.com",
    "timestamp": "unknown"
  },
  {
    "title": "draftsQ32Bio@argotpartners.com",
    "link": "mailto:Q32Bio@argotpartners.com",
    "timestamp": "unknown"
  },
  {
    "title": "\u00a9  Q32 Bio Inc.Site - Social MediaTwitter opens in new windowLinkedin opens in new window",
    "link": "https://twitter.com/Q32Bio",
    "timestamp": "unknown"
  },
  {
    "title": "\u00a9  Q32 Bio Inc.Site - Social MediaTwitter opens in new windowLinkedin opens in new window",
    "link": "https://twitter.com/Q32Bio",
    "timestamp": "unknown"
  },
  {
    "title": "\u00a9  Q32 Bio Inc.Site - Social MediaTwitter opens in new windowLinkedin opens in new window",
    "link": "https://twitter.com/Q32Bio",
    "timestamp": "unknown"
  },
  {
    "title": "Site - Social MediaTwitter opens in new windowLinkedin opens in new window",
    "link": "https://twitter.com/Q32Bio",
    "timestamp": "unknown"
  },
  {
    "title": "Site - Social MediaTwitter opens in new windowLinkedin opens in new window",
    "link": "https://twitter.com/Q32Bio",
    "timestamp": "unknown"
  },
  {
    "title": "Twitter opens in new window",
    "link": "https://twitter.com/Q32Bio",
    "timestamp": "unknown"
  },
  {
    "title": "Linkedin opens in new window",
    "link": "https://www.linkedin.com/company/q32-bio-inc",
    "timestamp": "unknown"
  }
]