[
  {
    "title": "Investor RelationsHomeNews ReleasesEvents and PresentationsCorporate GovernanceDocuments & ChartersOur TeamCommittee CompositionStockStock Quote & Cha",
    "link": "https://sana.com/",
    "timestamp": "unknown"
  },
  {
    "title": "Investor RelationsHomeNews ReleasesEvents and PresentationsCorporate GovernanceDocuments & ChartersOur TeamCommittee CompositionStockStock Quote & Cha",
    "link": "https://sana.com/",
    "timestamp": "unknown"
  },
  {
    "title": "Investor RelationsHomeNews ReleasesEvents and PresentationsCorporate GovernanceDocuments & ChartersOur TeamCommittee CompositionStockStock Quote & Cha",
    "link": "https://sana.com/",
    "timestamp": "unknown"
  },
  {
    "title": "Investor RelationsHomeNews ReleasesEvents and PresentationsCorporate GovernanceDocuments & ChartersOur TeamCommittee CompositionStockStock Quote & Cha",
    "link": "https://ir.sana.com/",
    "timestamp": "unknown"
  },
  {
    "title": "Home",
    "link": "https://ir.sana.com/",
    "timestamp": "unknown"
  },
  {
    "title": "News Releases",
    "link": "https://ir.sana.com/news-releases",
    "timestamp": "unknown"
  },
  {
    "title": "Events and Presentations",
    "link": "https://ir.sana.com/events-and-presentations",
    "timestamp": "unknown"
  },
  {
    "title": "Corporate GovernanceDocuments & ChartersOur TeamCommittee Composition",
    "link": "https://ir.sana.com/corporate-governance/governance-overview",
    "timestamp": "unknown"
  },
  {
    "title": "Documents & ChartersOur TeamCommittee Composition",
    "link": "https://ir.sana.com/corporate-governance/governance-overview",
    "timestamp": "unknown"
  },
  {
    "title": "StockStock Quote & ChartHistoric Price Lookup",
    "link": "https://ir.sana.com/stock-information/stock-quote-chart",
    "timestamp": "unknown"
  },
  {
    "title": "Stock Quote & ChartHistoric Price Lookup",
    "link": "https://ir.sana.com/stock-information/stock-quote-chart",
    "timestamp": "unknown"
  },
  {
    "title": "Financial InformationSEC Filings",
    "link": "https://ir.sana.com/financial-information/sec-filings",
    "timestamp": "unknown"
  },
  {
    "title": "SEC Filings",
    "link": "https://ir.sana.com/financial-information/sec-filings",
    "timestamp": "unknown"
  },
  {
    "title": "ResourcesEmail AlertsContact IR",
    "link": "https://ir.sana.com/resources/email-alerts",
    "timestamp": "unknown"
  },
  {
    "title": "Email AlertsContact IR",
    "link": "https://ir.sana.com/resources/email-alerts",
    "timestamp": "unknown"
  },
  {
    "title": "Group,,Annual FilingsCurrent ReportsMergers & AcquisitionsOtherProxy FilingsQuarterly FilingsRegistration StatementsFiling year- Any -Items per pageFi",
    "link": "https://ir.sana.com/financial-information/sec-filings?items_per_page=&order=field_nir_sec_date_filed&sort=asc",
    "timestamp": "unknown"
  },
  {
    "title": "Group,,Annual FilingsCurrent ReportsMergers & AcquisitionsOtherProxy FilingsQuarterly FilingsRegistration StatementsFiling year- Any -Items per pageFi",
    "link": "https://ir.sana.com/financial-information/sec-filings?items_per_page=&order=field_nir_sec_date_filed&sort=asc",
    "timestamp": "unknown"
  },
  {
    "title": "Group,,Annual FilingsCurrent ReportsMergers & AcquisitionsOtherProxy FilingsQuarterly FilingsRegistration StatementsFiling year- Any -Items per pageFi",
    "link": "https://ir.sana.com/financial-information/sec-filings?items_per_page=&order=field_nir_sec_date_filed&sort=asc",
    "timestamp": "unknown"
  },
  {
    "title": "Group,,Annual FilingsCurrent ReportsMergers & AcquisitionsOtherProxy FilingsQuarterly FilingsRegistration StatementsFiling year- Any -Items per pageFi",
    "link": "https://ir.sana.com/financial-information/sec-filings?items_per_page=&order=field_nir_sec_date_filed&sort=asc",
    "timestamp": "unknown"
  },
  {
    "title": "Group,,Annual FilingsCurrent ReportsMergers & AcquisitionsOtherProxy FilingsQuarterly FilingsRegistration StatementsFiling year- Any -Items per pageFi",
    "link": "https://ir.sana.com/financial-information/sec-filings?items_per_page=&order=field_nir_sec_date_filed&sort=asc",
    "timestamp": "unknown"
  },
  {
    "title": "Group,,Annual FilingsCurrent ReportsMergers & AcquisitionsOtherProxy FilingsQuarterly FilingsRegistration StatementsFiling year- Any -Items per pageFi",
    "link": "https://ir.sana.com/financial-information/sec-filings?items_per_page=&order=field_nir_sec_date_filed&sort=asc",
    "timestamp": "unknown"
  },
  {
    "title": "Group,,Annual FilingsCurrent ReportsMergers & AcquisitionsOtherProxy FilingsQuarterly FilingsRegistration StatementsFiling year- Any -Items per pageFi",
    "link": "https://ir.sana.com/financial-information/sec-filings?items_per_page=&order=field_nir_sec_date_filed&sort=asc",
    "timestamp": "unknown"
  },
  {
    "title": "Group,,Annual FilingsCurrent ReportsMergers & AcquisitionsOtherProxy FilingsQuarterly FilingsRegistration StatementsFiling year- Any -Items per pageFi",
    "link": "https://ir.sana.com/financial-information/sec-filings?items_per_page=&order=field_nir_sec_date_filed&sort=asc",
    "timestamp": "unknown"
  },
  {
    "title": "Group,,Annual FilingsCurrent ReportsMergers & AcquisitionsOtherProxy FilingsQuarterly FilingsRegistration StatementsFiling year- Any -Items per pageFi",
    "link": "https://ir.sana.com/financial-information/sec-filings?items_per_page=&order=field_nir_sec_date_filed&sort=asc",
    "timestamp": "unknown"
  },
  {
    "title": "Group,,Annual FilingsCurrent ReportsMergers & AcquisitionsOtherProxy FilingsQuarterly FilingsRegistration StatementsFiling year- Any -Items per pageFi",
    "link": "https://ir.sana.com/financial-information/sec-filings?items_per_page=&order=field_nir_sec_date_filed&sort=asc",
    "timestamp": "unknown"
  },
  {
    "title": "Group,,Annual FilingsCurrent ReportsMergers & AcquisitionsOtherProxy FilingsQuarterly FilingsRegistration StatementsFiling year- Any -Items per pageFi",
    "link": "https://ir.sana.com/financial-information/sec-filings?items_per_page=&order=field_nir_sec_date_filed&sort=asc",
    "timestamp": "unknown"
  },
  {
    "title": "Group,,Annual FilingsCurrent ReportsMergers & AcquisitionsOtherProxy FilingsQuarterly FilingsRegistration StatementsFiling year- Any -Items per pageFi",
    "link": "https://ir.sana.com/financial-information/sec-filings?items_per_page=&order=field_nir_sec_date_filed&sort=asc",
    "timestamp": "unknown"
  },
  {
    "title": "Group,,Annual FilingsCurrent ReportsMergers & AcquisitionsOtherProxy FilingsQuarterly FilingsRegistration StatementsFiling year- Any -Items per pageFi",
    "link": "https://ir.sana.com/financial-information/sec-filings?items_per_page=&order=field_nir_sec_date_filed&sort=asc",
    "timestamp": "unknown"
  },
  {
    "title": "Group,,Annual FilingsCurrent ReportsMergers & AcquisitionsOtherProxy FilingsQuarterly FilingsRegistration StatementsFiling year- Any -Items per pageFi",
    "link": "https://ir.sana.com/financial-information/sec-filings?items_per_page=&order=field_nir_sec_date_filed&sort=asc",
    "timestamp": "unknown"
  },
  {
    "title": "Group,,Annual FilingsCurrent ReportsMergers & AcquisitionsOtherProxy FilingsQuarterly FilingsRegistration StatementsFiling year- Any -Items per pageFi",
    "link": "https://ir.sana.com/financial-information/sec-filings?items_per_page=&order=field_nir_sec_date_filed&sort=asc",
    "timestamp": "unknown"
  },
  {
    "title": "Group,,Annual FilingsCurrent ReportsMergers & AcquisitionsOtherProxy FilingsQuarterly FilingsRegistration StatementsFiling year- Any -Items per pageFi",
    "link": "https://ir.sana.com/financial-information/sec-filings?items_per_page=&order=field_nir_sec_date_filed&sort=asc",
    "timestamp": "unknown"
  },
  {
    "title": "Group,,Annual FilingsCurrent ReportsMergers & AcquisitionsOtherProxy FilingsQuarterly FilingsRegistration StatementsFiling year- Any -Items per pageFi",
    "link": "https://ir.sana.com/financial-information/sec-filings?items_per_page=&order=field_nir_sec_date_filed&sort=asc",
    "timestamp": "unknown"
  },
  {
    "title": "Group,,Annual FilingsCurrent ReportsMergers & AcquisitionsOtherProxy FilingsQuarterly FilingsRegistration StatementsFiling year- Any -Items per pageFi",
    "link": "https://ir.sana.com/financial-information/sec-filings?items_per_page=&order=field_nir_sec_date_filed&sort=asc",
    "timestamp": "unknown"
  },
  {
    "title": "Filing dateDescriptionFormViewJul ,Statement of changes in beneficial ownership of securities--.pdf--.rtf--.xlsView HTMLJun ,Report of unscheduled mat",
    "link": "https://ir.sana.com/financial-information/sec-filings?items_per_page=&order=field_nir_sec_date_filed&sort=asc",
    "timestamp": "unknown"
  },
  {
    "title": "Filing dateDescriptionFormView",
    "link": "https://ir.sana.com/financial-information/sec-filings?items_per_page=&order=field_nir_sec_date_filed&sort=asc",
    "timestamp": "unknown"
  },
  {
    "title": "Jul ,Statement of changes in beneficial ownership of securities--.pdf--.rtf--.xlsView HTML",
    "link": "https://ir.sana.com/sec-filings/sec-filing//--",
    "timestamp": "unknown"
  },
  {
    "title": "--.pdf",
    "link": "https://ir.sana.com/static-files/bf4c1677-6ffc-4dba-906e-15dede263eb0",
    "timestamp": "unknown"
  },
  {
    "title": "--.rtf",
    "link": "https://ir.sana.com/static-files/da7d5489-bf07-4e65-83cc-4bd591ee7010",
    "timestamp": "unknown"
  },
  {
    "title": "--.xls",
    "link": "https://ir.sana.com/static-files/69466c70-706b-4d22-a493-908ad0962037",
    "timestamp": "unknown"
  },
  {
    "title": "Jun ,Report of unscheduled material events or corporate event-K--.pdf--.rtf--.xlsEX-.SCH - XBRL TAXONOMY EXTENSION SCHEMAView HTML",
    "link": "https://ir.sana.com/sec-filings/sec-filing/-k/--",
    "timestamp": "unknown"
  },
  {
    "title": "--.pdf",
    "link": "https://ir.sana.com/static-files/ac681414-42f3-454b-afc2-18915269ad21",
    "timestamp": "unknown"
  },
  {
    "title": "--.rtf",
    "link": "https://ir.sana.com/static-files/6ce16a58--436d--6d9a23330abf",
    "timestamp": "unknown"
  },
  {
    "title": "--.xls",
    "link": "https://ir.sana.com/static-files/e3452ebf-c50e-44a5-ae64-46e7bbfd39ad",
    "timestamp": "unknown"
  },
  {
    "title": "Jun ,Initial filing by director officer or owner of more than ten percent--.pdf--.rtf--.xlsView HTML",
    "link": "https://ir.sana.com/sec-filings/sec-filing//--",
    "timestamp": "unknown"
  },
  {
    "title": "--.pdf",
    "link": "https://ir.sana.com/static-files/2f177fab-b971-48e8-9d96-221736064b0c",
    "timestamp": "unknown"
  },
  {
    "title": "--.rtf",
    "link": "https://ir.sana.com/static-files/aecdf8dc-c992-4ac9-bc05-cfb9d8ec0960",
    "timestamp": "unknown"
  },
  {
    "title": "--.xls",
    "link": "https://ir.sana.com/static-files/6295f6e3-75f6-44b2-ac61-be2922f7f5df",
    "timestamp": "unknown"
  },
  {
    "title": "Jun ,Statement of changes in beneficial ownership of securities--.pdf--.rtf--.xlsView HTML",
    "link": "https://ir.sana.com/sec-filings/sec-filing//--",
    "timestamp": "unknown"
  },
  {
    "title": "--.pdf",
    "link": "https://ir.sana.com/static-files/b4975b35---b8c8-7e3feda35e60",
    "timestamp": "unknown"
  },
  {
    "title": "--.rtf",
    "link": "https://ir.sana.com/static-files/eb4a40d5-32f3-44b7-8f75-cf85ae22da96",
    "timestamp": "unknown"
  },
  {
    "title": "--.xls",
    "link": "https://ir.sana.com/static-files/4fd12533-ee2b-4cf1-815d-95269fd902f1",
    "timestamp": "unknown"
  },
  {
    "title": "Jun ,Statement of changes in beneficial ownership of securities--.pdf--.rtf--.xlsView HTML",
    "link": "https://ir.sana.com/sec-filings/sec-filing//--",
    "timestamp": "unknown"
  },
  {
    "title": "--.pdf",
    "link": "https://ir.sana.com/static-files/afc74899-038d-403e-bc70-07b42485dca3",
    "timestamp": "unknown"
  },
  {
    "title": "--.rtf",
    "link": "https://ir.sana.com/static-files/942278e1----5846d8dd5b69",
    "timestamp": "unknown"
  },
  {
    "title": "--.xls",
    "link": "https://ir.sana.com/static-files/d231055b---85bc-beed80b6c02c",
    "timestamp": "unknown"
  },
  {
    "title": "Jun ,Statement of changes in beneficial ownership of securities--.pdf--.rtf--.xlsView HTML",
    "link": "https://ir.sana.com/sec-filings/sec-filing//--",
    "timestamp": "unknown"
  },
  {
    "title": "--.pdf",
    "link": "https://ir.sana.com/static-files/7c5c2b7e-b6ee-440f-961c-81b42b95a8ec",
    "timestamp": "unknown"
  },
  {
    "title": "--.rtf",
    "link": "https://ir.sana.com/static-files/353b89f9-9fe6--8e0b-70fcd5674eac",
    "timestamp": "unknown"
  },
  {
    "title": "--.xls",
    "link": "https://ir.sana.com/static-files/279e6c72--453c-ae86-0df91404ae46",
    "timestamp": "unknown"
  },
  {
    "title": "Jun ,Statement of changes in beneficial ownership of securities--.pdf--.rtf--.xlsView HTML",
    "link": "https://ir.sana.com/sec-filings/sec-filing//--",
    "timestamp": "unknown"
  },
  {
    "title": "--.pdf",
    "link": "https://ir.sana.com/static-files/68f11f9d-69ac-4aaf-a8fe-0a2a04334249",
    "timestamp": "unknown"
  },
  {
    "title": "--.rtf",
    "link": "https://ir.sana.com/static-files/3386b77a--4e64-abdb-9b2c30eea1c8",
    "timestamp": "unknown"
  },
  {
    "title": "--.xls",
    "link": "https://ir.sana.com/static-files/a5f368e4-bce2--936a-80657497729f",
    "timestamp": "unknown"
  },
  {
    "title": "Jun ,Statement of changes in beneficial ownership of securities--.pdf--.rtf--.xlsView HTML",
    "link": "https://ir.sana.com/sec-filings/sec-filing//--",
    "timestamp": "unknown"
  },
  {
    "title": "--.pdf",
    "link": "https://ir.sana.com/static-files/0f3bca43-623f-40c9-b9b1-a443a19f0d65",
    "timestamp": "unknown"
  },
  {
    "title": "--.rtf",
    "link": "https://ir.sana.com/static-files/fad656b6-0d99-467b-aeb2-2e6702e5b611",
    "timestamp": "unknown"
  },
  {
    "title": "--.xls",
    "link": "https://ir.sana.com/static-files/5a3ca161--4afd-befc-262cd5c147e0",
    "timestamp": "unknown"
  },
  {
    "title": "Jun ,Statement of changes in beneficial ownership of securities--.pdf--.rtf--.xlsView HTML",
    "link": "https://ir.sana.com/sec-filings/sec-filing//--",
    "timestamp": "unknown"
  },
  {
    "title": "--.pdf",
    "link": "https://ir.sana.com/static-files/271cbf46-2c1c-4b7a-b501-fe75c3e09b20",
    "timestamp": "unknown"
  },
  {
    "title": "--.rtf",
    "link": "https://ir.sana.com/static-files/feda701a-02c9-46b2-91ad-8f51f2b63440",
    "timestamp": "unknown"
  },
  {
    "title": "--.xls",
    "link": "https://ir.sana.com/static-files/770bbe44-af29-47c1-b78e-563c1feb9742",
    "timestamp": "unknown"
  },
  {
    "title": "Jun ,Statement of changes in beneficial ownership of securities--.pdf--.rtf--.xlsView HTML",
    "link": "https://ir.sana.com/sec-filings/sec-filing//--",
    "timestamp": "unknown"
  },
  {
    "title": "--.pdf",
    "link": "https://ir.sana.com/static-files/3135345e-b66b-48ca-b640-df6a1c8ac9f8",
    "timestamp": "unknown"
  },
  {
    "title": "--.rtf",
    "link": "https://ir.sana.com/static-files/f91b6358-9bd3-4d00-b4a5-2c9460e560ef",
    "timestamp": "unknown"
  },
  {
    "title": "--.xls",
    "link": "https://ir.sana.com/static-files/bdbe917a-3a58-4ac2-b593-b3c3de53a772",
    "timestamp": "unknown"
  },
  {
    "title": "Current page",
    "link": "https://ir.sana.com/financial-information/sec-filings?&field_nir_sec_cik_target_id=&field_nir_sec_date_filed_value=&&&items_per_page_toggle=&page=",
    "timestamp": "unknown"
  },
  {
    "title": "Page",
    "link": "https://ir.sana.com/financial-information/sec-filings?&field_nir_sec_cik_target_id=&field_nir_sec_date_filed_value=&&&items_per_page_toggle=&page=",
    "timestamp": "unknown"
  },
  {
    "title": "Page",
    "link": "https://ir.sana.com/financial-information/sec-filings?&field_nir_sec_cik_target_id=&field_nir_sec_date_filed_value=&&&items_per_page_toggle=&page=",
    "timestamp": "unknown"
  },
  {
    "title": "Page",
    "link": "https://ir.sana.com/financial-information/sec-filings?&field_nir_sec_cik_target_id=&field_nir_sec_date_filed_value=&&&items_per_page_toggle=&page=",
    "timestamp": "unknown"
  },
  {
    "title": "Page",
    "link": "https://ir.sana.com/financial-information/sec-filings?&field_nir_sec_cik_target_id=&field_nir_sec_date_filed_value=&&&items_per_page_toggle=&page=",
    "timestamp": "unknown"
  },
  {
    "title": "Page",
    "link": "https://ir.sana.com/financial-information/sec-filings?&field_nir_sec_cik_target_id=&field_nir_sec_date_filed_value=&&&items_per_page_toggle=&page=",
    "timestamp": "unknown"
  },
  {
    "title": "Page",
    "link": "https://ir.sana.com/financial-information/sec-filings?&field_nir_sec_cik_target_id=&field_nir_sec_date_filed_value=&&&items_per_page_toggle=&page=",
    "timestamp": "unknown"
  },
  {
    "title": "Page",
    "link": "https://ir.sana.com/financial-information/sec-filings?&field_nir_sec_cik_target_id=&field_nir_sec_date_filed_value=&&&items_per_page_toggle=&page=",
    "timestamp": "unknown"
  },
  {
    "title": "Page",
    "link": "https://ir.sana.com/financial-information/sec-filings?&field_nir_sec_cik_target_id=&field_nir_sec_date_filed_value=&&&items_per_page_toggle=&page=",
    "timestamp": "unknown"
  },
  {
    "title": "Next pageNext \u203a",
    "link": "https://ir.sana.com/financial-information/sec-filings?&field_nir_sec_cik_target_id=&field_nir_sec_date_filed_value=&&&items_per_page_toggle=&page=",
    "timestamp": "unknown"
  },
  {
    "title": "Last pageLast \u00bb",
    "link": "https://ir.sana.com/financial-information/sec-filings?&field_nir_sec_cik_target_id=&field_nir_sec_date_filed_value=&&&items_per_page_toggle=&page=",
    "timestamp": "unknown"
  },
  {
    "title": "Data provided byKaleidoscope.",
    "link": "https://www.kscope.io",
    "timestamp": "unknown"
  },
  {
    "title": "Data provided byKaleidoscope.",
    "link": "https://www.kscope.io",
    "timestamp": "unknown"
  },
  {
    "title": "Shareholder ToolsPrint PageEmail AlertsRSS",
    "link": "https://ir.sana.com/financial-information/sec-filings#print-page",
    "timestamp": "unknown"
  },
  {
    "title": "Shareholder ToolsPrint PageEmail AlertsRSS",
    "link": "https://ir.sana.com/financial-information/sec-filings#print-page",
    "timestamp": "unknown"
  },
  {
    "title": "Print Page",
    "link": "https://ir.sana.com/financial-information/sec-filings#print-page",
    "timestamp": "unknown"
  },
  {
    "title": "Email Alerts",
    "link": "https://ir.sana.com/resources/email-alerts",
    "timestamp": "unknown"
  },
  {
    "title": "RSS",
    "link": "https://ir.sana.com/rss-feeds",
    "timestamp": "unknown"
  },
  {
    "title": "Privacy Policy |",
    "link": "https://sana.com/privacy-policy/",
    "timestamp": "unknown"
  },
  {
    "title": "Terms of Use",
    "link": "https://sana.com/terms-of-use/",
    "timestamp": "unknown"
  }
]