[
  {
    "title": "Sanofi",
    "link": "https://www.sanofi.com/en",
    "timestamp": "unknown"
  },
  {
    "title": "Our CompanyOur CompanyOur StrategyGovernanceGovernanceBoard of DirectorsExecutive CommitteeSpecialist CommitteesSustainabilitySustainabilitySustainabl",
    "link": "https://www.sanofi.com/en/investors/financial-results-and-events",
    "timestamp": "unknown"
  },
  {
    "title": "Our CompanyOur CompanyOur StrategyGovernanceGovernanceBoard of DirectorsExecutive CommitteeSpecialist CommitteesSustainabilitySustainabilitySustainabl",
    "link": "https://www.sanofi.com/en/investors/financial-results-and-events",
    "timestamp": "unknown"
  },
  {
    "title": "Our Company",
    "link": "https://www.sanofi.com/en/our-company",
    "timestamp": "unknown"
  },
  {
    "title": "Our Strategy",
    "link": "https://www.sanofi.com/en/our-company/our-strategy",
    "timestamp": "unknown"
  },
  {
    "title": "GovernanceGovernanceBoard of DirectorsExecutive CommitteeSpecialist Committees",
    "link": "https://www.sanofi.com/en/investors/financial-results-and-events",
    "timestamp": "unknown"
  },
  {
    "title": "Governance",
    "link": "https://www.sanofi.com/en/our-company/governance",
    "timestamp": "unknown"
  },
  {
    "title": "Board of Directors",
    "link": "https://www.sanofi.com/en/our-company/governance/board-of-directors",
    "timestamp": "unknown"
  },
  {
    "title": "Executive Committee",
    "link": "https://www.sanofi.com/en/our-company/governance/executive-committee",
    "timestamp": "unknown"
  },
  {
    "title": "Specialist Committees",
    "link": "https://www.sanofi.com/en/our-company/governance/specialist-committees",
    "timestamp": "unknown"
  },
  {
    "title": "SustainabilitySustainabilitySustainable and Equitable Access to HealthcareEnvironmental Impact and Healthcare Systems\u2019 ResilienceCode of Conduct and R",
    "link": "https://www.sanofi.com/en/investors/financial-results-and-events",
    "timestamp": "unknown"
  },
  {
    "title": "Sustainability",
    "link": "https://www.sanofi.com/en/our-company/sustainability",
    "timestamp": "unknown"
  },
  {
    "title": "Sustainable and Equitable Access to Healthcare",
    "link": "https://www.sanofi.com/en/our-company/sustainability/sustainable-and-equitable-access-to-healthcare",
    "timestamp": "unknown"
  },
  {
    "title": "Environmental Impact and Healthcare Systems\u2019 Resilience",
    "link": "https://www.sanofi.com/en/our-company/sustainability/environmental-impact-and-healthcare-systems-resilience",
    "timestamp": "unknown"
  },
  {
    "title": "Code of Conduct and Responsible Business",
    "link": "https://www.sanofi.com/en/our-company/sustainability/responsible-business-values",
    "timestamp": "unknown"
  },
  {
    "title": "Diversity, Equity, and Inclusion In and Beyond the Workplace",
    "link": "https://www.sanofi.com/en/our-company/sustainability/diversity-equity-and-inclusion-in-and-beyond-the-workplace",
    "timestamp": "unknown"
  },
  {
    "title": "Global Health Unit",
    "link": "https://www.sanofi.com/en/our-company/sustainability/global-health-unit",
    "timestamp": "unknown"
  },
  {
    "title": "Our Legacy",
    "link": "https://www.sanofi.com/en/our-company/our-legacy",
    "timestamp": "unknown"
  },
  {
    "title": "Our ScienceOur ScienceOur PipelineOur R&D FocusOur R&D FocusImmunology R&DNeurology R&DOncology R&DRare Blood Disorders R&DRare Diseases R&DVaccines R",
    "link": "https://www.sanofi.com/en/investors/financial-results-and-events",
    "timestamp": "unknown"
  },
  {
    "title": "Our Science",
    "link": "https://www.sanofi.com/en/our-science",
    "timestamp": "unknown"
  },
  {
    "title": "Our Pipeline",
    "link": "https://www.sanofi.com/en/our-science/our-pipeline",
    "timestamp": "unknown"
  },
  {
    "title": "Our R&D FocusOur R&D FocusImmunology R&DNeurology R&DOncology R&DRare Blood Disorders R&DRare Diseases R&DVaccines R&DArtificial Intelligence in R&D",
    "link": "https://www.sanofi.com/en/investors/financial-results-and-events",
    "timestamp": "unknown"
  },
  {
    "title": "Our R&D Focus",
    "link": "https://www.sanofi.com/en/our-science/rd-focus-areas",
    "timestamp": "unknown"
  },
  {
    "title": "Immunology R&D",
    "link": "https://www.sanofi.com/en/our-science/rd-focus-areas/immunology-rd",
    "timestamp": "unknown"
  },
  {
    "title": "Neurology R&D",
    "link": "https://www.sanofi.com/en/our-science/rd-focus-areas/neurology-rd",
    "timestamp": "unknown"
  },
  {
    "title": "Oncology R&D",
    "link": "https://www.sanofi.com/en/our-science/rd-focus-areas/oncology-rd",
    "timestamp": "unknown"
  },
  {
    "title": "Rare Blood Disorders R&D",
    "link": "https://www.sanofi.com/en/our-science/rd-focus-areas/rare-blood-disorders-rd",
    "timestamp": "unknown"
  },
  {
    "title": "Rare Diseases R&D",
    "link": "https://www.sanofi.com/en/our-science/rd-focus-areas/rare-diseases-rd",
    "timestamp": "unknown"
  },
  {
    "title": "Vaccines R&D",
    "link": "https://www.sanofi.com/en/our-science/rd-focus-areas/vaccines-rd",
    "timestamp": "unknown"
  },
  {
    "title": "Artificial Intelligence in R&D",
    "link": "https://www.sanofi.com/en/our-science/rd-focus-areas/artificial-intelligence-rd",
    "timestamp": "unknown"
  },
  {
    "title": "Technology Platforms",
    "link": "https://www.sanofi.com/en/our-science/technology-platforms",
    "timestamp": "unknown"
  },
  {
    "title": "Clinical Trials & ResultsClinical Trials & ResultsFind a Clinical TrialClinical Study ResultsInvestigator Sponsored StudiesDiversity in Clinical Trial",
    "link": "https://www.sanofi.com/en/investors/financial-results-and-events",
    "timestamp": "unknown"
  },
  {
    "title": "Clinical Trials & Results",
    "link": "https://www.sanofi.com/en/our-science/clinical-trials-and-results",
    "timestamp": "unknown"
  },
  {
    "title": "Find a Clinical Trial",
    "link": "https://www.sanofi.com/en/clinical-trials",
    "timestamp": "unknown"
  },
  {
    "title": "Clinical Study Results",
    "link": "https://www.sanofi.com/en/our-science/clinical-trials-and-results/clinical-study-results",
    "timestamp": "unknown"
  },
  {
    "title": "Investigator Sponsored Studies",
    "link": "https://www.sanofi.com/en/our-science/clinical-trials-and-results/investigator-sponsored-studies",
    "timestamp": "unknown"
  },
  {
    "title": "Diversity in Clinical Trials",
    "link": "https://www.sanofi.com/en/our-science/clinical-trials-and-results/diversity-in-clinical-trials",
    "timestamp": "unknown"
  },
  {
    "title": "Scientific CollaborationScientific CollaborationScientific Collaboration in North AmericaExternal Innovation in EuropeScientific Collaboration in Chin",
    "link": "https://www.sanofi.com/en/investors/financial-results-and-events",
    "timestamp": "unknown"
  },
  {
    "title": "Scientific Collaboration",
    "link": "https://www.sanofi.com/en/our-science/scientific-collaboration",
    "timestamp": "unknown"
  },
  {
    "title": "Scientific Collaboration in North America",
    "link": "https://www.sanofi.com/en/our-science/scientific-collaboration/north-america",
    "timestamp": "unknown"
  },
  {
    "title": "External Innovation in Europe",
    "link": "https://www.sanofi.com/en/our-science/scientific-collaboration/europe",
    "timestamp": "unknown"
  },
  {
    "title": "Scientific Collaboration in China",
    "link": "https://www.sanofi.com/en/our-science/scientific-collaboration/china",
    "timestamp": "unknown"
  },
  {
    "title": "Digital & AI",
    "link": "https://www.sanofi.com/en/our-science/digital-artificial-intelligence",
    "timestamp": "unknown"
  },
  {
    "title": "Manufacturing and SupplyManufacturing and SupplyVaccines Manufacturing and Supply",
    "link": "https://www.sanofi.com/en/investors/financial-results-and-events",
    "timestamp": "unknown"
  },
  {
    "title": "Manufacturing and Supply",
    "link": "https://www.sanofi.com/en/our-science/manufacturing-and-supply",
    "timestamp": "unknown"
  },
  {
    "title": "Vaccines Manufacturing and Supply",
    "link": "https://www.sanofi.com/en/our-science/manufacturing-and-supply/vaccines-manufacturing-and-supply",
    "timestamp": "unknown"
  },
  {
    "title": "Your HealthYour HealthVaccines & Infectious DiseasesVaccines & Infectious DiseasesInfluenzaMeningococcal MeningitisPertussisRespiratory Syncytial Viru",
    "link": "https://www.sanofi.com/en/investors/financial-results-and-events",
    "timestamp": "unknown"
  },
  {
    "title": "Your Health",
    "link": "https://www.sanofi.com/en/your-health",
    "timestamp": "unknown"
  },
  {
    "title": "Vaccines & Infectious DiseasesVaccines & Infectious DiseasesInfluenzaMeningococcal MeningitisPertussisRespiratory Syncytial Virus (RSV)Why Vaccines Ma",
    "link": "https://www.sanofi.com/en/investors/financial-results-and-events",
    "timestamp": "unknown"
  },
  {
    "title": "Vaccines & Infectious Diseases",
    "link": "https://www.sanofi.com/en/your-health/vaccines",
    "timestamp": "unknown"
  },
  {
    "title": "Influenza",
    "link": "https://www.sanofi.com/en/your-health/vaccines/influenza",
    "timestamp": "unknown"
  },
  {
    "title": "Meningococcal Meningitis",
    "link": "https://www.sanofi.com/en/your-health/vaccines/meningococcal-meningitis",
    "timestamp": "unknown"
  },
  {
    "title": "Pertussis",
    "link": "https://www.sanofi.com/en/your-health/vaccines/pertussis",
    "timestamp": "unknown"
  },
  {
    "title": "Respiratory Syncytial Virus (RSV)",
    "link": "https://www.sanofi.com/en/your-health/vaccines/respiratory-syncytial-virus",
    "timestamp": "unknown"
  },
  {
    "title": "Why Vaccines Matter",
    "link": "https://www.sanofi.com/en/your-health/vaccines/why-vaccines-matter",
    "timestamp": "unknown"
  },
  {
    "title": "MedicinesMedicinesImmunologyNeurologyOncologyRare Blood DisordersRare DiseasesCardiovascular DiseasesDiabetes",
    "link": "https://www.sanofi.com/en/investors/financial-results-and-events",
    "timestamp": "unknown"
  },
  {
    "title": "Medicines",
    "link": "https://www.sanofi.com/en/your-health/medicines",
    "timestamp": "unknown"
  },
  {
    "title": "Immunology",
    "link": "https://www.sanofi.com/en/your-health/medicines/immunology",
    "timestamp": "unknown"
  },
  {
    "title": "Neurology",
    "link": "https://www.sanofi.com/en/your-health/medicines/neurology",
    "timestamp": "unknown"
  },
  {
    "title": "Oncology",
    "link": "https://www.sanofi.com/en/your-health/medicines/oncology",
    "timestamp": "unknown"
  },
  {
    "title": "Rare Blood Disorders",
    "link": "https://www.sanofi.com/en/your-health/medicines/rare-blood-disorders",
    "timestamp": "unknown"
  },
  {
    "title": "Rare Diseases",
    "link": "https://www.sanofi.com/en/your-health/medicines/rare-diseases",
    "timestamp": "unknown"
  },
  {
    "title": "Cardiovascular Diseases",
    "link": "https://www.sanofi.com/en/your-health/medicines/cardiovascular-diseases",
    "timestamp": "unknown"
  },
  {
    "title": "Diabetes",
    "link": "https://www.sanofi.com/en/your-health/medicines/diabetes",
    "timestamp": "unknown"
  },
  {
    "title": "Patient Engagement",
    "link": "https://www.sanofi.com/en/your-health/patient-engagement",
    "timestamp": "unknown"
  },
  {
    "title": "Healthcare Professionals SupportHealthcare Professionals SupportManaged Access Programs (MAPs)Pre-Registration Import LicensesPost Trial Access (PTA)",
    "link": "https://www.sanofi.com/en/investors/financial-results-and-events",
    "timestamp": "unknown"
  },
  {
    "title": "Healthcare Professionals Support",
    "link": "https://www.sanofi.com/en/your-health/healthcare-professional-support",
    "timestamp": "unknown"
  },
  {
    "title": "Managed Access Programs (MAPs)",
    "link": "https://www.sanofi.com/en/your-health/healthcare-professional-support/sanofi-manage-access-program",
    "timestamp": "unknown"
  },
  {
    "title": "Pre-Registration Import Licenses",
    "link": "https://www.sanofi.com/en/your-health/healthcare-professional-support/sanofi-preregistration-import-license",
    "timestamp": "unknown"
  },
  {
    "title": "Post Trial Access (PTA)",
    "link": "https://www.sanofi.com/en/your-health/healthcare-professional-support/post-trial-access",
    "timestamp": "unknown"
  },
  {
    "title": "Consumer Healthcare (Opella)",
    "link": "https://www.opella.com/en",
    "timestamp": "unknown"
  },
  {
    "title": "PartneringPartneringPartnering Focus AreasPartnering Focus AreasChinaDigitalGeneral MedicinesImmunologyNeuroscienceOncologyOut-LicensingRare DiseaseTe",
    "link": "https://www.sanofi.com/en/investors/financial-results-and-events",
    "timestamp": "unknown"
  },
  {
    "title": "Partnering",
    "link": "https://www.sanofi.com/en/partnering",
    "timestamp": "unknown"
  },
  {
    "title": "Partnering Focus AreasPartnering Focus AreasChinaDigitalGeneral MedicinesImmunologyNeuroscienceOncologyOut-LicensingRare DiseaseTechnology PlatformsVa",
    "link": "https://www.sanofi.com/en/investors/financial-results-and-events",
    "timestamp": "unknown"
  },
  {
    "title": "Partnering Focus Areas",
    "link": "https://www.sanofi.com/en/partnering/partnering-focus-areas",
    "timestamp": "unknown"
  },
  {
    "title": "China",
    "link": "https://www.sanofi.com/en/partnering/partnering-focus-areas/china",
    "timestamp": "unknown"
  },
  {
    "title": "Digital",
    "link": "https://www.sanofi.com/en/partnering/partnering-focus-areas/digital",
    "timestamp": "unknown"
  },
  {
    "title": "General Medicines",
    "link": "https://www.sanofi.com/en/partnering/partnering-focus-areas/general-medicines",
    "timestamp": "unknown"
  },
  {
    "title": "Immunology",
    "link": "https://www.sanofi.com/en/partnering/partnering-focus-areas/immunology",
    "timestamp": "unknown"
  },
  {
    "title": "Neuroscience",
    "link": "https://www.sanofi.com/en/partnering/partnering-focus-areas/neuroscience",
    "timestamp": "unknown"
  },
  {
    "title": "Oncology",
    "link": "https://www.sanofi.com/en/partnering/partnering-focus-areas/oncology",
    "timestamp": "unknown"
  },
  {
    "title": "Out-Licensing",
    "link": "https://www.sanofi.com/en/partnering/partnering-focus-areas/out-licensing",
    "timestamp": "unknown"
  },
  {
    "title": "Rare Disease",
    "link": "https://www.sanofi.com/en/partnering/partnering-focus-areas/rare-disease",
    "timestamp": "unknown"
  },
  {
    "title": "Technology Platforms",
    "link": "https://www.sanofi.com/en/partnering/partnering-focus-areas/technology-platforms",
    "timestamp": "unknown"
  },
  {
    "title": "Vaccines",
    "link": "https://www.sanofi.com/en/partnering/partnering-focus-areas/vaccines",
    "timestamp": "unknown"
  },
  {
    "title": "Meet the Partnering Team",
    "link": "https://www.sanofi.com/en/partnering/meet-the-partnering-team",
    "timestamp": "unknown"
  },
  {
    "title": "Contact Business Development Team",
    "link": "https://www.sanofi.com/en/partnering/contact-business-development-team",
    "timestamp": "unknown"
  },
  {
    "title": "MediaMediaStoriesPress ReleasesContacts",
    "link": "https://www.sanofi.com/en/investors/financial-results-and-events",
    "timestamp": "unknown"
  },
  {
    "title": "Media",
    "link": "https://www.sanofi.com/en/media-room",
    "timestamp": "unknown"
  },
  {
    "title": "Stories",
    "link": "https://www.sanofi.com/en/magazine",
    "timestamp": "unknown"
  },
  {
    "title": "Press Releases",
    "link": "https://www.sanofi.com/en/media-room/press-releases",
    "timestamp": "unknown"
  },
  {
    "title": "Contacts",
    "link": "https://www.sanofi.com/en/media-room/contact",
    "timestamp": "unknown"
  },
  {
    "title": "InvestorsInvestorsNews and EventsNews and EventsNewsUpcoming EventsPast EventsShares, ADRs and BondsShares, ADRs and BondsShare PriceDividendShares, S",
    "link": "https://www.sanofi.com/en/investors/financial-results-and-events",
    "timestamp": "unknown"
  },
  {
    "title": "Investors",
    "link": "https://www.sanofi.com/en/investors",
    "timestamp": "unknown"
  },
  {
    "title": "News and EventsNews and EventsNewsUpcoming EventsPast Events",
    "link": "https://www.sanofi.com/en/investors/financial-results-and-events",
    "timestamp": "unknown"
  },
  {
    "title": "News and Events",
    "link": "https://www.sanofi.com/en/investors/news-events",
    "timestamp": "unknown"
  },
  {
    "title": "News",
    "link": "https://www.sanofi.com/en/media-room/press-releases",
    "timestamp": "unknown"
  },
  {
    "title": "Upcoming Events",
    "link": "https://www.sanofi.com/en/investors/news-events/upcoming-events",
    "timestamp": "unknown"
  },
  {
    "title": "Past Events",
    "link": "https://www.sanofi.com/en/investors/news-events/past-events",
    "timestamp": "unknown"
  },
  {
    "title": "Shares, ADRs and BondsShares, ADRs and BondsShare PriceDividendShares, Structure and VoteBondsAnalyst Coverage and Vara ConsensusShare RepurchasesAmer",
    "link": "https://www.sanofi.com/en/investors/financial-results-and-events",
    "timestamp": "unknown"
  },
  {
    "title": "Shares, ADRs and Bonds",
    "link": "https://www.sanofi.com/en/investors/sanofi-share-and-adrs",
    "timestamp": "unknown"
  },
  {
    "title": "Share Price",
    "link": "https://www.sanofi.com/en/investors/sanofi-share-and-adrs/stock-chart",
    "timestamp": "unknown"
  },
  {
    "title": "Dividend",
    "link": "https://www.sanofi.com/en/investors/sanofi-share-and-adrs/dividend",
    "timestamp": "unknown"
  },
  {
    "title": "Shares, Structure and Vote",
    "link": "https://www.sanofi.com/en/investors/sanofi-share-and-adrs/shares-structure-vote",
    "timestamp": "unknown"
  },
  {
    "title": "Bonds",
    "link": "https://www.sanofi.com/en/investors/sanofi-share-and-adrs/bonds",
    "timestamp": "unknown"
  },
  {
    "title": "Analyst Coverage and Vara Consensus",
    "link": "https://www.sanofi.com/en/investors/sanofi-share-and-adrs/analyst-coverage",
    "timestamp": "unknown"
  },
  {
    "title": "Share Repurchases",
    "link": "https://www.sanofi.com/en/investors/sanofi-share-and-adrs/share-repurchases",
    "timestamp": "unknown"
  },
  {
    "title": "American Depositary Receipts",
    "link": "https://www.sanofi.com/en/investors/sanofi-share-and-adrs/adrs",
    "timestamp": "unknown"
  },
  {
    "title": "Financial Reports and Other Publications",
    "link": "https://www.sanofi.com/en/investors/financial-reports-and-regulated-information",
    "timestamp": "unknown"
  },
  {
    "title": "Environment, Social, Governance",
    "link": "https://www.sanofi.com/en/investors/environment-social-governance",
    "timestamp": "unknown"
  },
  {
    "title": "Private Shareholders",
    "link": "https://www.sanofi.com/en/investors/individual-shareholders",
    "timestamp": "unknown"
  },
  {
    "title": "Contacts and Subscription",
    "link": "https://www.sanofi.com/en/investors/contacts",
    "timestamp": "unknown"
  },
  {
    "title": "Careers",
    "link": "https://jobs.sanofi.com",
    "timestamp": "unknown"
  },
  {
    "title": "HomepageInvestorsResults and Presentations",
    "link": "https://www.sanofi.com/en",
    "timestamp": "unknown"
  },
  {
    "title": "Homepage",
    "link": "https://www.sanofi.com/en",
    "timestamp": "unknown"
  },
  {
    "title": "Investors",
    "link": "https://www.sanofi.com/en/investors",
    "timestamp": "unknown"
  },
  {
    "title": "Upcoming EventsQuarterly resultsConferencesPresentationsAnnual general meetingsOctThird QuarterThird quarter  results will be reviewed by management d",
    "link": "https://www.sanofi.com/assets/dotcom/content-app/events/quaterly-results//-q3--results/SANOFI-Q3--Earnings-call---Re-sultats-du-3e-me-trimestre--.vcs",
    "timestamp": "unknown"
  },
  {
    "title": "Upcoming EventsQuarterly resultsConferencesPresentationsAnnual general meetingsOctThird QuarterThird quarter  results will be reviewed by management d",
    "link": "https://www.sanofi.com/assets/dotcom/content-app/events/quaterly-results//-q3--results/SANOFI-Q3--Earnings-call---Re-sultats-du-3e-me-trimestre--.vcs",
    "timestamp": "unknown"
  },
  {
    "title": "Upcoming EventsQuarterly resultsConferencesPresentationsAnnual general meetingsOctThird QuarterThird quarter  results will be reviewed by management d",
    "link": "https://www.sanofi.com/assets/dotcom/content-app/events/quaterly-results//-q3--results/SANOFI-Q3--Earnings-call---Re-sultats-du-3e-me-trimestre--.vcs",
    "timestamp": "unknown"
  },
  {
    "title": "Upcoming EventsQuarterly resultsConferencesPresentationsAnnual general meetingsOctThird QuarterThird quarter  results will be reviewed by management d",
    "link": "https://www.sanofi.com/assets/dotcom/content-app/events/quaterly-results//-q3--results/SANOFI-Q3--Earnings-call---Re-sultats-du-3e-me-trimestre--.vcs",
    "timestamp": "unknown"
  },
  {
    "title": "Quarterly resultsConferencesPresentationsAnnual general meetingsOctThird QuarterThird quarter  results will be reviewed by management during a live au",
    "link": "https://www.sanofi.com/assets/dotcom/content-app/events/quaterly-results//-q3--results/SANOFI-Q3--Earnings-call---Re-sultats-du-3e-me-trimestre--.vcs",
    "timestamp": "unknown"
  },
  {
    "title": "Quarterly resultsConferencesPresentationsAnnual general meetingsOctThird QuarterThird quarter  results will be reviewed by management during a live au",
    "link": "https://www.sanofi.com/assets/dotcom/content-app/events/quaterly-results//-q3--results/SANOFI-Q3--Earnings-call---Re-sultats-du-3e-me-trimestre--.vcs",
    "timestamp": "unknown"
  },
  {
    "title": "OctThird QuarterThird quarter  results will be reviewed by management during a live audio webcast with the financial community on October , . The pres",
    "link": "https://www.sanofi.com/assets/dotcom/content-app/events/quaterly-results//-q3--results/SANOFI-Q3--Earnings-call---Re-sultats-du-3e-me-trimestre--.vcs",
    "timestamp": "unknown"
  },
  {
    "title": "OctThird QuarterThird quarter  results will be reviewed by management during a live audio webcast with the financial community on October , . The pres",
    "link": "https://www.sanofi.com/assets/dotcom/content-app/events/quaterly-results//-q3--results/SANOFI-Q3--Earnings-call---Re-sultats-du-3e-me-trimestre--.vcs",
    "timestamp": "unknown"
  },
  {
    "title": "Past EventsQuarterly resultsConferencesPresentationsAnnual general meetingsFilter per yearJulSecond QuarterSecond quarter  results were reviewed by ma",
    "link": "https://www.sanofi.com/en/investors/financial-results-and-events/financial-results/q2-results-",
    "timestamp": "unknown"
  },
  {
    "title": "Past EventsQuarterly resultsConferencesPresentationsAnnual general meetingsFilter per yearJulSecond QuarterSecond quarter  results were reviewed by ma",
    "link": "https://www.sanofi.com/en/investors/financial-results-and-events/financial-results/q2-results-",
    "timestamp": "unknown"
  },
  {
    "title": "Quarterly resultsConferencesPresentationsAnnual general meetingsFilter per yearJulSecond QuarterSecond quarter  results were reviewed by management du",
    "link": "https://www.sanofi.com/en/investors/financial-results-and-events/financial-results/q2-results-",
    "timestamp": "unknown"
  },
  {
    "title": "Quarterly resultsConferencesPresentationsAnnual general meetingsFilter per yearJulSecond QuarterSecond quarter  results were reviewed by management du",
    "link": "https://www.sanofi.com/en/investors/financial-results-and-events/financial-results/q2-results-",
    "timestamp": "unknown"
  },
  {
    "title": "JulSecond QuarterSecond quarter  results were reviewed by management during a live audio webcast with the financial community on July , . The presenta",
    "link": "https://www.sanofi.com/en/investors/financial-results-and-events/financial-results/q2-results-",
    "timestamp": "unknown"
  },
  {
    "title": "JulSecond QuarterSecond quarter  results were reviewed by management during a live audio webcast with the financial community on July , . The presenta",
    "link": "https://www.sanofi.com/en/investors/financial-results-and-events/financial-results/q2-results-",
    "timestamp": "unknown"
  },
  {
    "title": "Second QuarterSecond quarter  results were reviewed by management during a live audio webcast with the financial community on July , . The presentatio",
    "link": "https://www.sanofi.com/en/investors/financial-results-and-events/financial-results/q2-results-",
    "timestamp": "unknown"
  },
  {
    "title": "AprFirst quarterFirst quarter  results were reviewed by management during a live audio webcast with the financial community. The presentation was foll",
    "link": "https://www.sanofi.com/en/investors/financial-results-and-events/financial-results/q1--results",
    "timestamp": "unknown"
  },
  {
    "title": "AprFirst quarterFirst quarter  results were reviewed by management during a live audio webcast with the financial community. The presentation was foll",
    "link": "https://www.sanofi.com/en/investors/financial-results-and-events/financial-results/q1--results",
    "timestamp": "unknown"
  },
  {
    "title": "First quarterFirst quarter  results were reviewed by management during a live audio webcast with the financial community. The presentation was followe",
    "link": "https://www.sanofi.com/en/investors/financial-results-and-events/financial-results/q1--results",
    "timestamp": "unknown"
  },
  {
    "title": "JanFourth Quarter & Full Year  ResultsFourth quarter and full year  results were reviewed by management during a live audio webcast with the financial",
    "link": "https://www.sanofi.com/en/investors/financial-results-and-events/financial-results/q4-results-",
    "timestamp": "unknown"
  },
  {
    "title": "JanFourth Quarter & Full Year  ResultsFourth quarter and full year  results were reviewed by management during a live audio webcast with the financial",
    "link": "https://www.sanofi.com/en/investors/financial-results-and-events/financial-results/q4-results-",
    "timestamp": "unknown"
  },
  {
    "title": "Fourth Quarter & Full Year  ResultsFourth quarter and full year  results were reviewed by management during a live audio webcast with the financial co",
    "link": "https://www.sanofi.com/en/investors/financial-results-and-events/financial-results/q4-results-",
    "timestamp": "unknown"
  },
  {
    "title": "OctThird quarter  resultsThird quarter  results were reviewed by management during a conference call with the financial community. The presentation wa",
    "link": "https://www.sanofi.com/en/investors/financial-results-and-events/financial-results/q3-results-",
    "timestamp": "unknown"
  },
  {
    "title": "OctThird quarter  resultsThird quarter  results were reviewed by management during a conference call with the financial community. The presentation wa",
    "link": "https://www.sanofi.com/en/investors/financial-results-and-events/financial-results/q3-results-",
    "timestamp": "unknown"
  },
  {
    "title": "Third quarter  resultsThird quarter  results were reviewed by management during a conference call with the financial community. The presentation was f",
    "link": "https://www.sanofi.com/en/investors/financial-results-and-events/financial-results/q3-results-",
    "timestamp": "unknown"
  },
  {
    "title": "JulSecond quarter  resultsSecond quarter  results will be reviewed by management during a live audio webcast with the financial community. The present",
    "link": "https://www.sanofi.com/en/investors/financial-results-and-events/financial-results/q2-results-",
    "timestamp": "unknown"
  },
  {
    "title": "JulSecond quarter  resultsSecond quarter  results will be reviewed by management during a live audio webcast with the financial community. The present",
    "link": "https://www.sanofi.com/en/investors/financial-results-and-events/financial-results/q2-results-",
    "timestamp": "unknown"
  },
  {
    "title": "Second quarter  resultsSecond quarter  results will be reviewed by management during a live audio webcast with the financial community. The presentati",
    "link": "https://www.sanofi.com/en/investors/financial-results-and-events/financial-results/q2-results-",
    "timestamp": "unknown"
  },
  {
    "title": "AprFirst quarter  resultsFirst quarter  results were reviewed by management during a conference call with the financial community on Aprilth. The pres",
    "link": "https://www.sanofi.com/en/investors/financial-results-and-events/financial-results/q1-results-",
    "timestamp": "unknown"
  },
  {
    "title": "AprFirst quarter  resultsFirst quarter  results were reviewed by management during a conference call with the financial community on Aprilth. The pres",
    "link": "https://www.sanofi.com/en/investors/financial-results-and-events/financial-results/q1-results-",
    "timestamp": "unknown"
  },
  {
    "title": "First quarter  resultsFirst quarter  results were reviewed by management during a conference call with the financial community on Aprilth. The present",
    "link": "https://www.sanofi.com/en/investors/financial-results-and-events/financial-results/q1-results-",
    "timestamp": "unknown"
  },
  {
    "title": "FebFourth quarter and full year  resultsFourth quarter and full year  results were reviewed by management during a live audio webcast with the financi",
    "link": "https://www.sanofi.com/en/investors/financial-results-and-events/financial-results/q4-results-",
    "timestamp": "unknown"
  },
  {
    "title": "FebFourth quarter and full year  resultsFourth quarter and full year  results were reviewed by management during a live audio webcast with the financi",
    "link": "https://www.sanofi.com/en/investors/financial-results-and-events/financial-results/q4-results-",
    "timestamp": "unknown"
  },
  {
    "title": "Fourth quarter and full year  resultsFourth quarter and full year  results were reviewed by management during a live audio webcast with the financial ",
    "link": "https://www.sanofi.com/en/investors/financial-results-and-events/financial-results/q4-results-",
    "timestamp": "unknown"
  },
  {
    "title": "OctThird quarter  resultsThird quarter  results were reviewed by management during a live audio webcast with the financial community on  October . The",
    "link": "https://www.sanofi.com/en/investors/financial-results-and-events/financial-results/q3-results-",
    "timestamp": "unknown"
  },
  {
    "title": "OctThird quarter  resultsThird quarter  results were reviewed by management during a live audio webcast with the financial community on  October . The",
    "link": "https://www.sanofi.com/en/investors/financial-results-and-events/financial-results/q3-results-",
    "timestamp": "unknown"
  },
  {
    "title": "Third quarter  resultsThird quarter  results were reviewed by management during a live audio webcast with the financial community on  October . The pr",
    "link": "https://www.sanofi.com/en/investors/financial-results-and-events/financial-results/q3-results-",
    "timestamp": "unknown"
  },
  {
    "title": "JulSecond quarter  resultsSecond quarter  results were reviewed by management during a live audio webcast with the financial community. The presentati",
    "link": "https://www.sanofi.com/en/investors/financial-results-and-events/financial-results/q2-results-",
    "timestamp": "unknown"
  },
  {
    "title": "JulSecond quarter  resultsSecond quarter  results were reviewed by management during a live audio webcast with the financial community. The presentati",
    "link": "https://www.sanofi.com/en/investors/financial-results-and-events/financial-results/q2-results-",
    "timestamp": "unknown"
  },
  {
    "title": "Second quarter  resultsSecond quarter  results were reviewed by management during a live audio webcast with the financial community. The presentation ",
    "link": "https://www.sanofi.com/en/investors/financial-results-and-events/financial-results/q2-results-",
    "timestamp": "unknown"
  },
  {
    "title": "AprFirst quarter  resultsFirst quarter  results were reviewed by management during a live audio webcast with the financial community. The presentation",
    "link": "https://www.sanofi.com/en/investors/financial-results-and-events/financial-results/q1-results-",
    "timestamp": "unknown"
  },
  {
    "title": "AprFirst quarter  resultsFirst quarter  results were reviewed by management during a live audio webcast with the financial community. The presentation",
    "link": "https://www.sanofi.com/en/investors/financial-results-and-events/financial-results/q1-results-",
    "timestamp": "unknown"
  },
  {
    "title": "First quarter  resultsFirst quarter  results were reviewed by management during a live audio webcast with the financial community. The presentation wa",
    "link": "https://www.sanofi.com/en/investors/financial-results-and-events/financial-results/q1-results-",
    "timestamp": "unknown"
  },
  {
    "title": "SanofiFollow usBack to top",
    "link": "https://www.linkedin.com/company/sanofi",
    "timestamp": "unknown"
  },
  {
    "title": "Follow us",
    "link": "https://www.linkedin.com/company/sanofi",
    "timestamp": "unknown"
  },
  {
    "title": "Stories",
    "link": "https://www.sanofi.com/en/magazine",
    "timestamp": "unknown"
  },
  {
    "title": "Contact",
    "link": "https://www.sanofi.com/en/contact",
    "timestamp": "unknown"
  },
  {
    "title": "Legal notice",
    "link": "https://www.sanofi.com/en/legal-notice",
    "timestamp": "unknown"
  },
  {
    "title": "Privacy & data protection",
    "link": "https://www.sanofi.com/en/privacy-and-data-protection",
    "timestamp": "unknown"
  },
  {
    "title": "Our publications",
    "link": "https://www.sanofi.com/en/publications",
    "timestamp": "unknown"
  },
  {
    "title": "Directory",
    "link": "https://www.sanofi.com/en/directory",
    "timestamp": "unknown"
  },
  {
    "title": "Sitemap",
    "link": "https://www.sanofi.com/en/sitemap",
    "timestamp": "unknown"
  },
  {
    "title": "Accessibility: partial compliance",
    "link": "https://www.sanofi.com/en/accessibility-partial-compliance",
    "timestamp": "unknown"
  },
  {
    "title": "Code of Conduct",
    "link": "https://www.codeofconduct.sanofi/",
    "timestamp": "unknown"
  }
]