[
  {
    "title": "menuHomeAbout UsScience, Innovation and TechnologyProduct and Product PipelinePartnershipInvestor RelationsNews CentreSustainabilityCareersContact UsC",
    "link": "https://www.sinomab.com/en/index.aspx",
    "timestamp": "unknown"
  },
  {
    "title": "menuHomeAbout UsScience, Innovation and TechnologyProduct and Product PipelinePartnershipInvestor RelationsNews CentreSustainabilityCareersContact UsC",
    "link": "https://www.sinomab.com/en/index.aspx",
    "timestamp": "unknown"
  },
  {
    "title": "menu",
    "link": "https://www.sinomab.com/en/index.aspx",
    "timestamp": "unknown"
  },
  {
    "title": "HomeAbout UsScience, Innovation and TechnologyProduct and Product PipelinePartnershipInvestor RelationsNews CentreSustainabilityCareersContact UsCompa",
    "link": "https://www.sinomab.com/en/index.aspx",
    "timestamp": "unknown"
  },
  {
    "title": "HomeAbout UsScience, Innovation and TechnologyProduct and Product PipelinePartnershipInvestor RelationsNews CentreSustainabilityCareersContact Us",
    "link": "https://www.sinomab.com/en/index.aspx",
    "timestamp": "unknown"
  },
  {
    "title": "Home",
    "link": "https://www.sinomab.com/en/index.aspx",
    "timestamp": "unknown"
  },
  {
    "title": "Contact Us",
    "link": "https://www.sinomab.com/en/contactus.aspx",
    "timestamp": "unknown"
  },
  {
    "title": "Company OverviewMilestonesBoard of DirectorsManagement TeamDirectors of SubsidiariesCorporate GovernanceTechnology PlatformResearch AreasScientific Pu",
    "link": "https://www.sinomab.com/en/company-overview.aspx",
    "timestamp": "unknown"
  },
  {
    "title": "Company OverviewMilestonesBoard of DirectorsManagement TeamDirectors of SubsidiariesCorporate Governance",
    "link": "https://www.sinomab.com/en/company-overview.aspx",
    "timestamp": "unknown"
  },
  {
    "title": "Technology PlatformResearch AreasScientific PublicationsProduction Base",
    "link": "https://www.sinomab.com/en/technology-platform.aspx",
    "timestamp": "unknown"
  },
  {
    "title": "Product PipelineClinical Trials",
    "link": "https://www.sinomab.com/en/pipeline.aspx",
    "timestamp": "unknown"
  },
  {
    "title": "Strategic PartneringEvents and ConferencesContact",
    "link": "https://www.sinomab.com/en/strategic-partnering.aspx",
    "timestamp": "unknown"
  },
  {
    "title": "Corporate InformationFinancial HighlightsAnnouncement and CircularFinancial ReportsShare PricesInvestor CalendarEmail AlertAnnouncement - Replacement ",
    "link": "https://www.sinomab.com/en/corporate-info.aspx",
    "timestamp": "unknown"
  },
  {
    "title": "Corporate NewsPress ReleaseMedia Enquiries",
    "link": "https://www.sinomab.com/en/news.aspx",
    "timestamp": "unknown"
  },
  {
    "title": "ESG Reports",
    "link": "https://www.sinomab.com/en/esg.aspx",
    "timestamp": "unknown"
  },
  {
    "title": "Job OpportunitiesCompany Culture",
    "link": "https://www.sinomab.com/en/jobs.aspx",
    "timestamp": "unknown"
  },
  {
    "title": "About UsCompany OverviewMilestonesBoard of DirectorsManagement TeamDirectors of SubsidiariesCorporate GovernanceScience, Innovation and TechnologyTech",
    "link": "https://www.sinomab.com/en/company-overview.aspx",
    "timestamp": "unknown"
  },
  {
    "title": "About UsCompany OverviewMilestonesBoard of DirectorsManagement TeamDirectors of SubsidiariesCorporate GovernanceScience, Innovation and TechnologyTech",
    "link": "https://www.sinomab.com/en/company-overview.aspx",
    "timestamp": "unknown"
  },
  {
    "title": "About UsCompany OverviewMilestonesBoard of DirectorsManagement TeamDirectors of SubsidiariesCorporate GovernanceScience, Innovation and TechnologyTech",
    "link": "https://www.sinomab.com/en/company-overview.aspx",
    "timestamp": "unknown"
  },
  {
    "title": "About UsCompany OverviewMilestonesBoard of DirectorsManagement TeamDirectors of SubsidiariesCorporate GovernanceScience, Innovation and TechnologyTech",
    "link": "https://www.sinomab.com/en/company-overview.aspx",
    "timestamp": "unknown"
  },
  {
    "title": "Company Overview",
    "link": "https://www.sinomab.com/en/company-overview.aspx",
    "timestamp": "unknown"
  },
  {
    "title": "Milestones",
    "link": "https://www.sinomab.com/en/milestone.aspx",
    "timestamp": "unknown"
  },
  {
    "title": "Board of Directors",
    "link": "https://www.sinomab.com/en/board.aspx",
    "timestamp": "unknown"
  },
  {
    "title": "Management Team",
    "link": "https://www.sinomab.com/en/team.aspx",
    "timestamp": "unknown"
  },
  {
    "title": "Directors of Subsidiaries",
    "link": "https://www.sinomab.com/en/directors-subsidiaries.aspx",
    "timestamp": "unknown"
  },
  {
    "title": "Corporate Governance",
    "link": "https://www.sinomab.com/en/governance.aspx",
    "timestamp": "unknown"
  },
  {
    "title": "Technology Platform",
    "link": "https://www.sinomab.com/en/technology-platform.aspx",
    "timestamp": "unknown"
  },
  {
    "title": "Research Areas",
    "link": "https://www.sinomab.com/en/research-areas.aspx",
    "timestamp": "unknown"
  },
  {
    "title": "Scientific Publications",
    "link": "https://www.sinomab.com/en/scientific-publications.aspx",
    "timestamp": "unknown"
  },
  {
    "title": "Production Base",
    "link": "https://www.sinomab.com/en/production-base.aspx",
    "timestamp": "unknown"
  },
  {
    "title": "Product and Product PipelineProduct PipelineClinical TrialsPartnershipStrategic PartneringEvents and ConferencesContact",
    "link": "https://www.sinomab.com/en/pipeline.aspx",
    "timestamp": "unknown"
  },
  {
    "title": "Product Pipeline",
    "link": "https://www.sinomab.com/en/pipeline.aspx",
    "timestamp": "unknown"
  },
  {
    "title": "Clinical Trials",
    "link": "https://www.sinomab.com/en/clinical-trials.aspx",
    "timestamp": "unknown"
  },
  {
    "title": "Strategic Partnering",
    "link": "https://www.sinomab.com/en/strategic-partnering.aspx",
    "timestamp": "unknown"
  },
  {
    "title": "Events and Conferences",
    "link": "https://www.sinomab.com/en/events.aspx",
    "timestamp": "unknown"
  },
  {
    "title": "Contact",
    "link": "https://www.sinomab.com/en/contact.aspx",
    "timestamp": "unknown"
  },
  {
    "title": "Investor RelationsCorporate InformationFinancial HighlightsAnnouncement and CircularFinancial ReportsShare PricesInvestor CalendarEmail AlertAnnouncem",
    "link": "https://www.sinomab.com/en/corporate-info.aspx",
    "timestamp": "unknown"
  },
  {
    "title": "Corporate Information",
    "link": "https://www.sinomab.com/en/corporate-info.aspx",
    "timestamp": "unknown"
  },
  {
    "title": "Financial Highlights",
    "link": "https://www.sinomab.com/en/highlights.aspx",
    "timestamp": "unknown"
  },
  {
    "title": "Announcement and Circular",
    "link": "https://www.sinomab.com/en/announcment.aspx",
    "timestamp": "unknown"
  },
  {
    "title": "Financial Reports",
    "link": "https://www.sinomab.com/en/reports.aspx",
    "timestamp": "unknown"
  },
  {
    "title": "Share Prices",
    "link": "https://www.sinomab.com/en/stock.aspx",
    "timestamp": "unknown"
  },
  {
    "title": "Investor Calendar",
    "link": "https://www.sinomab.com/en/calendar.aspx",
    "timestamp": "unknown"
  },
  {
    "title": "Email Alert",
    "link": "https://www.sinomab.com/en/emailalert.aspx",
    "timestamp": "unknown"
  },
  {
    "title": "Announcement - Replacement of Lost Share Certificates",
    "link": "https://www.sinomab.com/en/certs.aspx",
    "timestamp": "unknown"
  },
  {
    "title": "Dissemination of Corporate Communications",
    "link": "https://www.sinomab.com/en/dcc.aspx",
    "timestamp": "unknown"
  },
  {
    "title": "Investor Inquiries",
    "link": "https://www.sinomab.com/en/investor-inquiries.aspx",
    "timestamp": "unknown"
  },
  {
    "title": "News CentreCorporate NewsPress ReleaseMedia EnquiriesSustainabilityESG Reports",
    "link": "https://www.sinomab.com/en/news.aspx",
    "timestamp": "unknown"
  },
  {
    "title": "Corporate News",
    "link": "https://www.sinomab.com/en/news.aspx",
    "timestamp": "unknown"
  },
  {
    "title": "Press Release",
    "link": "https://www.sinomab.com/en/press.aspx",
    "timestamp": "unknown"
  },
  {
    "title": "Media Enquiries",
    "link": "https://www.sinomab.com/en/media-equiries.aspx",
    "timestamp": "unknown"
  },
  {
    "title": "ESG Reports",
    "link": "https://www.sinomab.com/en/esg.aspx",
    "timestamp": "unknown"
  },
  {
    "title": "CareersJob OpportunitiesCompany CultureContact Us",
    "link": "https://www.sinomab.com/en/jobs.aspx",
    "timestamp": "unknown"
  },
  {
    "title": "Job Opportunities",
    "link": "https://www.sinomab.com/en/jobs.aspx",
    "timestamp": "unknown"
  },
  {
    "title": "Company Culture",
    "link": "https://www.sinomab.com/en/company-culture.aspx",
    "timestamp": "unknown"
  },
  {
    "title": "Contact Us",
    "link": "https://www.sinomab.com/en/contactus.aspx",
    "timestamp": "unknown"
  }
]