[
  {
    "title": "AboutOur SciencePatient & Caregiver ResourcesPartner With UsInvestors & MediaBackAboutMissionGuiding PrinciplesCollaborations & PartnershipsSolid Team",
    "link": "https://www.solidbio.com/",
    "timestamp": "unknown"
  },
  {
    "title": "AboutOur SciencePatient & Caregiver ResourcesPartner With UsInvestors & Media",
    "link": "https://www.solidbio.com/",
    "timestamp": "unknown"
  },
  {
    "title": "AboutOur SciencePatient & Caregiver ResourcesPartner With UsInvestors & Media",
    "link": "https://www.solidbio.com/partners/",
    "timestamp": "unknown"
  },
  {
    "title": "AboutOur SciencePatient & Caregiver ResourcesPartner With UsInvestors & Media",
    "link": "https://www.solidbio.com/partners/",
    "timestamp": "unknown"
  },
  {
    "title": "BackAboutMissionGuiding PrinciplesCollaborations & PartnershipsSolid TeamManagementBoard of DirectorsFoundersWorking at SolidCultureBenefitsOpen Posit",
    "link": "https://www.solidbio.com/about/mission/guiding-principles",
    "timestamp": "unknown"
  },
  {
    "title": "AboutMissionGuiding PrinciplesCollaborations & PartnershipsSolid TeamManagementBoard of DirectorsFoundersWorking at SolidCultureBenefitsOpen Positions",
    "link": "https://www.solidbio.com/about/mission/guiding-principles",
    "timestamp": "unknown"
  },
  {
    "title": "MissionGuiding PrinciplesCollaborations & PartnershipsSolid TeamManagementBoard of DirectorsFoundersWorking at SolidCultureBenefitsOpen Positions",
    "link": "https://www.solidbio.com/about/mission/guiding-principles",
    "timestamp": "unknown"
  },
  {
    "title": "MissionGuiding PrinciplesCollaborations & Partnerships",
    "link": "https://www.solidbio.com/about/mission/guiding-principles",
    "timestamp": "unknown"
  },
  {
    "title": "Guiding Principles",
    "link": "https://www.solidbio.com/about/mission/guiding-principles",
    "timestamp": "unknown"
  },
  {
    "title": "Collaborations & Partnerships",
    "link": "https://www.solidbio.com/about/mission/collaborations-partnerships",
    "timestamp": "unknown"
  },
  {
    "title": "Solid TeamManagementBoard of DirectorsFounders",
    "link": "https://www.solidbio.com/about/solid-team/management",
    "timestamp": "unknown"
  },
  {
    "title": "Management",
    "link": "https://www.solidbio.com/about/solid-team/management",
    "timestamp": "unknown"
  },
  {
    "title": "Board of Directors",
    "link": "https://www.solidbio.com/about/solid-team/board-of-directors",
    "timestamp": "unknown"
  },
  {
    "title": "Founders",
    "link": "https://www.solidbio.com/about/solid-team/founders",
    "timestamp": "unknown"
  },
  {
    "title": "Working at SolidCultureBenefitsOpen Positions",
    "link": "https://www.solidbio.com/about/working-at-solid/culture",
    "timestamp": "unknown"
  },
  {
    "title": "Culture",
    "link": "https://www.solidbio.com/about/working-at-solid/culture",
    "timestamp": "unknown"
  },
  {
    "title": "Benefits",
    "link": "https://www.solidbio.com/about/working-at-solid/benefits",
    "timestamp": "unknown"
  },
  {
    "title": "Open Positions",
    "link": "https://solidbio.com/about/working-at-solid/open-positions/",
    "timestamp": "unknown"
  },
  {
    "title": "Our SciencePipeline & ProgramsPipelineScientific Publications & PresentationsInfrastructureManufacturing",
    "link": "https://www.solidbio.com/our-science/pipeline-programs/pipeline",
    "timestamp": "unknown"
  },
  {
    "title": "Pipeline & ProgramsPipelineScientific Publications & PresentationsInfrastructureManufacturing",
    "link": "https://www.solidbio.com/our-science/pipeline-programs/pipeline",
    "timestamp": "unknown"
  },
  {
    "title": "Pipeline & ProgramsPipelineScientific Publications & Presentations",
    "link": "https://www.solidbio.com/our-science/pipeline-programs/pipeline",
    "timestamp": "unknown"
  },
  {
    "title": "Pipeline",
    "link": "https://www.solidbio.com/our-science/pipeline-programs/pipeline",
    "timestamp": "unknown"
  },
  {
    "title": "Scientific Publications & Presentations",
    "link": "https://www.solidbio.com/our-science/pipeline-programs/scientific-publications-presentations/",
    "timestamp": "unknown"
  },
  {
    "title": "InfrastructureManufacturing",
    "link": "https://www.solidbio.com/our-science/infrastructure/manufacturing",
    "timestamp": "unknown"
  },
  {
    "title": "Manufacturing",
    "link": "https://www.solidbio.com/our-science/infrastructure/manufacturing",
    "timestamp": "unknown"
  },
  {
    "title": "Patient & Caregiver ResourcesDuchenne Muscular DystrophyWhat is Duchenne?Why Gene Transfer?Duchenne Patient StoriesFriedreich\u2019s Ataxia ResourcesFriedr",
    "link": "https://www.solidbio.com/patient-caregiver-resources/dmd/what-is-dmd",
    "timestamp": "unknown"
  },
  {
    "title": "Duchenne Muscular DystrophyWhat is Duchenne?Why Gene Transfer?Duchenne Patient StoriesFriedreich\u2019s Ataxia ResourcesFriedreich\u2019s AtaxiaWhat is Frataxin",
    "link": "https://www.solidbio.com/patient-caregiver-resources/dmd/what-is-dmd",
    "timestamp": "unknown"
  },
  {
    "title": "Duchenne Muscular DystrophyWhat is Duchenne?Why Gene Transfer?Duchenne Patient Stories",
    "link": "https://www.solidbio.com/patient-caregiver-resources/dmd/what-is-dmd",
    "timestamp": "unknown"
  },
  {
    "title": "What is Duchenne?",
    "link": "https://www.solidbio.com/patient-caregiver-resources/dmd/what-is-dmd",
    "timestamp": "unknown"
  },
  {
    "title": "Why Gene Transfer?",
    "link": "https://www.solidbio.com/patient-caregiver-resources/dmd/why-gene-transfer",
    "timestamp": "unknown"
  },
  {
    "title": "Duchenne Patient Stories",
    "link": "https://www.solidbio.com/education/dmd/duchenne-patient-stories/patient-stories-overview-page",
    "timestamp": "unknown"
  },
  {
    "title": "Friedreich\u2019s Ataxia ResourcesFriedreich\u2019s AtaxiaWhat is Frataxin?For Patients",
    "link": "https://www.solidbio.com/patient-caregiver-resources/fa-resources/friedreichs-ataxia",
    "timestamp": "unknown"
  },
  {
    "title": "Friedreich\u2019s Ataxia",
    "link": "https://www.solidbio.com/patient-caregiver-resources/fa-resources/friedreichs-ataxia",
    "timestamp": "unknown"
  },
  {
    "title": "What is Frataxin?",
    "link": "https://www.solidbio.com/patient-caregiver-resources/fa-resources/what-is-frataxin",
    "timestamp": "unknown"
  },
  {
    "title": "For Patients",
    "link": "https://www.solidbio.com/patient-caregiver-resources/fa-resources/for-patients",
    "timestamp": "unknown"
  },
  {
    "title": "Strength in CommunityEngaging the CommunityCharity PartnersInsights & News",
    "link": "https://www.solidbio.com/patient-caregiver-resources/strength-in-community/how-we-interact-with-patients",
    "timestamp": "unknown"
  },
  {
    "title": "Engaging the Community",
    "link": "https://www.solidbio.com/patient-caregiver-resources/strength-in-community/how-we-interact-with-patients",
    "timestamp": "unknown"
  },
  {
    "title": "Charity Partners",
    "link": "https://www.solidbio.com/patient-caregiver-resources/strength-in-community/charity-partners",
    "timestamp": "unknown"
  },
  {
    "title": "Insights & News",
    "link": "https://www.solidbio.com/patient-caregiver-resources/strength-in-community/insights-news",
    "timestamp": "unknown"
  },
  {
    "title": "Resources & PoliciesExpanded Access PolicyClinical Trials",
    "link": "https://www.solidbio.com/patient-caregiver-resources/resources-policies/expanded-access-policy",
    "timestamp": "unknown"
  },
  {
    "title": "Expanded Access Policy",
    "link": "https://www.solidbio.com/patient-caregiver-resources/resources-policies/expanded-access-policy",
    "timestamp": "unknown"
  },
  {
    "title": "Clinical Trials",
    "link": "https://www.solidbio.com/patient-caregiver-resources/resources-policies/clinical-trials",
    "timestamp": "unknown"
  },
  {
    "title": "Investors & MediaOverview & NewsOverviewPress ReleasesPresentationsEventsGovernance & FinancialsGovernance DocumentsCommittee ChartersCommittee Compos",
    "link": "https://investors.solidbio.com/investor-relations",
    "timestamp": "unknown"
  },
  {
    "title": "Overview & NewsOverviewPress ReleasesPresentationsEventsGovernance & FinancialsGovernance DocumentsCommittee ChartersCommittee CompositionSEC FilingsS",
    "link": "https://investors.solidbio.com/investor-relations",
    "timestamp": "unknown"
  },
  {
    "title": "Overview & NewsOverviewPress ReleasesPresentationsEvents",
    "link": "https://investors.solidbio.com/investor-relations",
    "timestamp": "unknown"
  },
  {
    "title": "Overview",
    "link": "https://investors.solidbio.com/investor-relations",
    "timestamp": "unknown"
  },
  {
    "title": "Press Releases",
    "link": "https://investors.solidbio.com/news-and-events/press-releases",
    "timestamp": "unknown"
  },
  {
    "title": "Presentations",
    "link": "https://investors.solidbio.com/news-and-events/presentations",
    "timestamp": "unknown"
  },
  {
    "title": "Events",
    "link": "https://investors.solidbio.com/news-and-events/events",
    "timestamp": "unknown"
  },
  {
    "title": "Governance & FinancialsGovernance DocumentsCommittee ChartersCommittee CompositionSEC Filings",
    "link": "https://investors.solidbio.com/governance/governance-documents",
    "timestamp": "unknown"
  },
  {
    "title": "Governance Documents",
    "link": "https://investors.solidbio.com/governance/governance-documents",
    "timestamp": "unknown"
  },
  {
    "title": "Committee Charters",
    "link": "https://investors.solidbio.com/governance/committee-charters",
    "timestamp": "unknown"
  },
  {
    "title": "Committee Composition",
    "link": "https://investors.solidbio.com/governance/committee-composition",
    "timestamp": "unknown"
  },
  {
    "title": "SEC Filings",
    "link": "https://investors.solidbio.com/financial-information/sec-filings",
    "timestamp": "unknown"
  },
  {
    "title": "Stock InformationStock Quote ChartHistorical Price LookupAnalyst Coverage",
    "link": "https://investors.solidbio.com/stock-information/stock-quote-chart",
    "timestamp": "unknown"
  },
  {
    "title": "Stock Quote Chart",
    "link": "https://investors.solidbio.com/stock-information/stock-quote-chart",
    "timestamp": "unknown"
  },
  {
    "title": "Historical Price Lookup",
    "link": "https://investors.solidbio.com/stock-information/historical-price-lookup",
    "timestamp": "unknown"
  },
  {
    "title": "Analyst Coverage",
    "link": "https://investors.solidbio.com/stock-information/analyst-coverage",
    "timestamp": "unknown"
  },
  {
    "title": "Investor ResourcesInvestor FAQsContact Solid BiosciencesEmail Alerts",
    "link": "https://investors.solidbio.com/investor-resources/investor-faqs",
    "timestamp": "unknown"
  },
  {
    "title": "Investor FAQs",
    "link": "https://investors.solidbio.com/investor-resources/investor-faqs",
    "timestamp": "unknown"
  },
  {
    "title": "Contact Solid Biosciences",
    "link": "https://investors.solidbio.com/investor-resources/contact-solid-biosciences",
    "timestamp": "unknown"
  },
  {
    "title": "Email Alerts",
    "link": "https://investors.solidbio.com/investor-resources/email-alerts",
    "timestamp": "unknown"
  },
  {
    "title": "GroupAll,,Annual FilingsCurrent ReportsMergers & AcquisitionsOtherProxy FilingsQuarterly FilingsRegistration StatementsFiling yearAllFiling DateDescri",
    "link": "https://investors.solidbio.com/financial-information/sec-filings?items_per_page=&order=field_nir_sec_date_filed&sort=asc",
    "timestamp": "unknown"
  },
  {
    "title": "GroupAll,,Annual FilingsCurrent ReportsMergers & AcquisitionsOtherProxy FilingsQuarterly FilingsRegistration StatementsFiling yearAllFiling DateDescri",
    "link": "https://investors.solidbio.com/financial-information/sec-filings?items_per_page=&order=field_nir_sec_date_filed&sort=asc",
    "timestamp": "unknown"
  },
  {
    "title": "GroupAll,,Annual FilingsCurrent ReportsMergers & AcquisitionsOtherProxy FilingsQuarterly FilingsRegistration StatementsFiling yearAllFiling DateDescri",
    "link": "https://investors.solidbio.com/financial-information/sec-filings?items_per_page=&order=field_nir_sec_date_filed&sort=asc",
    "timestamp": "unknown"
  },
  {
    "title": "GroupAll,,Annual FilingsCurrent ReportsMergers & AcquisitionsOtherProxy FilingsQuarterly FilingsRegistration StatementsFiling yearAllFiling DateDescri",
    "link": "https://investors.solidbio.com/financial-information/sec-filings?items_per_page=&order=field_nir_sec_date_filed&sort=asc",
    "timestamp": "unknown"
  },
  {
    "title": "GroupAll,,Annual FilingsCurrent ReportsMergers & AcquisitionsOtherProxy FilingsQuarterly FilingsRegistration StatementsFiling yearAllFiling DateDescri",
    "link": "https://investors.solidbio.com/financial-information/sec-filings?items_per_page=&order=field_nir_sec_date_filed&sort=asc",
    "timestamp": "unknown"
  },
  {
    "title": "GroupAll,,Annual FilingsCurrent ReportsMergers & AcquisitionsOtherProxy FilingsQuarterly FilingsRegistration StatementsFiling yearAllFiling DateDescri",
    "link": "https://investors.solidbio.com/financial-information/sec-filings?items_per_page=&order=field_nir_sec_date_filed&sort=asc",
    "timestamp": "unknown"
  },
  {
    "title": "GroupAll,,Annual FilingsCurrent ReportsMergers & AcquisitionsOtherProxy FilingsQuarterly FilingsRegistration StatementsFiling yearAllFiling DateDescri",
    "link": "https://investors.solidbio.com/financial-information/sec-filings?items_per_page=&order=field_nir_sec_date_filed&sort=asc",
    "timestamp": "unknown"
  },
  {
    "title": "GroupAll,,Annual FilingsCurrent ReportsMergers & AcquisitionsOtherProxy FilingsQuarterly FilingsRegistration StatementsFiling yearAllFiling DateDescri",
    "link": "https://investors.solidbio.com/financial-information/sec-filings?items_per_page=&order=field_nir_sec_date_filed&sort=asc",
    "timestamp": "unknown"
  },
  {
    "title": "GroupAll,,Annual FilingsCurrent ReportsMergers & AcquisitionsOtherProxy FilingsQuarterly FilingsRegistration StatementsFiling yearAllFiling DateDescri",
    "link": "https://investors.solidbio.com/financial-information/sec-filings?items_per_page=&order=field_nir_sec_date_filed&sort=asc",
    "timestamp": "unknown"
  },
  {
    "title": "GroupAll,,Annual FilingsCurrent ReportsMergers & AcquisitionsOtherProxy FilingsQuarterly FilingsRegistration StatementsFiling yearAllFiling DateDescri",
    "link": "https://investors.solidbio.com/financial-information/sec-filings?items_per_page=&order=field_nir_sec_date_filed&sort=asc",
    "timestamp": "unknown"
  },
  {
    "title": "GroupAll,,Annual FilingsCurrent ReportsMergers & AcquisitionsOtherProxy FilingsQuarterly FilingsRegistration StatementsFiling yearAllFiling DateDescri",
    "link": "https://investors.solidbio.com/financial-information/sec-filings?items_per_page=&order=field_nir_sec_date_filed&sort=asc",
    "timestamp": "unknown"
  },
  {
    "title": "GroupAll,,Annual FilingsCurrent ReportsMergers & AcquisitionsOtherProxy FilingsQuarterly FilingsRegistration StatementsFiling yearAllFiling DateDescri",
    "link": "https://investors.solidbio.com/financial-information/sec-filings?items_per_page=&order=field_nir_sec_date_filed&sort=asc",
    "timestamp": "unknown"
  },
  {
    "title": "GroupAll,,Annual FilingsCurrent ReportsMergers & AcquisitionsOtherProxy FilingsQuarterly FilingsRegistration StatementsFiling yearAllFiling DateDescri",
    "link": "https://investors.solidbio.com/financial-information/sec-filings?items_per_page=&order=field_nir_sec_date_filed&sort=asc",
    "timestamp": "unknown"
  },
  {
    "title": "GroupAll,,Annual FilingsCurrent ReportsMergers & AcquisitionsOtherProxy FilingsQuarterly FilingsRegistration StatementsFiling yearAllFiling DateDescri",
    "link": "https://investors.solidbio.com/financial-information/sec-filings?items_per_page=&order=field_nir_sec_date_filed&sort=asc",
    "timestamp": "unknown"
  },
  {
    "title": "GroupAll,,Annual FilingsCurrent ReportsMergers & AcquisitionsOtherProxy FilingsQuarterly FilingsRegistration StatementsFiling yearAllFiling DateDescri",
    "link": "https://investors.solidbio.com/financial-information/sec-filings?items_per_page=&order=field_nir_sec_date_filed&sort=asc",
    "timestamp": "unknown"
  },
  {
    "title": "GroupAll,,Annual FilingsCurrent ReportsMergers & AcquisitionsOtherProxy FilingsQuarterly FilingsRegistration StatementsFiling yearAllFiling DateDescri",
    "link": "https://investors.solidbio.com/financial-information/sec-filings?items_per_page=&order=field_nir_sec_date_filed&sort=asc",
    "timestamp": "unknown"
  },
  {
    "title": "GroupAll,,Annual FilingsCurrent ReportsMergers & AcquisitionsOtherProxy FilingsQuarterly FilingsRegistration StatementsFiling yearAllFiling DateDescri",
    "link": "https://investors.solidbio.com/financial-information/sec-filings?items_per_page=&order=field_nir_sec_date_filed&sort=asc",
    "timestamp": "unknown"
  },
  {
    "title": "GroupAll,,Annual FilingsCurrent ReportsMergers & AcquisitionsOtherProxy FilingsQuarterly FilingsRegistration StatementsFiling yearAllFiling DateDescri",
    "link": "https://investors.solidbio.com/financial-information/sec-filings?items_per_page=&order=field_nir_sec_date_filed&sort=asc",
    "timestamp": "unknown"
  },
  {
    "title": "Filing DateDescriptionFormViewJul ,SCHEDULE 13G - DescriptionSCHEDULE 13G--.pdf--.rtf--.xlsView HTMLJul ,Statement of changes in beneficial ownership ",
    "link": "https://investors.solidbio.com/financial-information/sec-filings?items_per_page=&order=field_nir_sec_date_filed&sort=asc",
    "timestamp": "unknown"
  },
  {
    "title": "Filing DateDescriptionFormView",
    "link": "https://investors.solidbio.com/financial-information/sec-filings?items_per_page=&order=field_nir_sec_date_filed&sort=asc",
    "timestamp": "unknown"
  },
  {
    "title": "Jul ,SCHEDULE 13G - DescriptionSCHEDULE 13G--.pdf--.rtf--.xlsView HTML",
    "link": "https://investors.solidbio.com/sec-filings/sec-filing/schedule-13g/--",
    "timestamp": "unknown"
  },
  {
    "title": "--.pdf--.rtf--.xlsView HTML",
    "link": "https://investors.solidbio.com/static-files/3409e43f--44b2-b6ea-ef416e8c3784",
    "timestamp": "unknown"
  },
  {
    "title": "--.pdf",
    "link": "https://investors.solidbio.com/static-files/3409e43f--44b2-b6ea-ef416e8c3784",
    "timestamp": "unknown"
  },
  {
    "title": "--.rtf",
    "link": "https://investors.solidbio.com/static-files/8b7e77a7-2a81-449b-80ef-dc55a1a19a5b",
    "timestamp": "unknown"
  },
  {
    "title": "--.xls",
    "link": "https://investors.solidbio.com/static-files/4cd07714---ba6e-b5f2eb664143",
    "timestamp": "unknown"
  },
  {
    "title": "Jul ,Statement of changes in beneficial ownership of securities--.pdf--.rtf--.xlsView HTML",
    "link": "https://investors.solidbio.com/sec-filings/sec-filing//--",
    "timestamp": "unknown"
  },
  {
    "title": "--.pdf--.rtf--.xlsView HTML",
    "link": "https://investors.solidbio.com/static-files/b19845e5-2bee-49f1--8976e453124a",
    "timestamp": "unknown"
  },
  {
    "title": "--.pdf",
    "link": "https://investors.solidbio.com/static-files/b19845e5-2bee-49f1--8976e453124a",
    "timestamp": "unknown"
  },
  {
    "title": "--.rtf",
    "link": "https://investors.solidbio.com/static-files/cade64a7--467a--588904deb733",
    "timestamp": "unknown"
  },
  {
    "title": "--.xls",
    "link": "https://investors.solidbio.com/static-files/a94c8a0c-cbb7-4e25-a421-e7bc44f41c25",
    "timestamp": "unknown"
  },
  {
    "title": "Jun ,Statement of changes in beneficial ownership of securities--.pdf--.rtf--.xlsView HTML",
    "link": "https://investors.solidbio.com/sec-filings/sec-filing//--",
    "timestamp": "unknown"
  },
  {
    "title": "--.pdf--.rtf--.xlsView HTML",
    "link": "https://investors.solidbio.com/static-files/b7067880-c7d4-4f6c-84d9-2f628c3780b6",
    "timestamp": "unknown"
  },
  {
    "title": "--.pdf",
    "link": "https://investors.solidbio.com/static-files/b7067880-c7d4-4f6c-84d9-2f628c3780b6",
    "timestamp": "unknown"
  },
  {
    "title": "--.rtf",
    "link": "https://investors.solidbio.com/static-files/7499555b--4a9b-8ba2-81a74a9fec66",
    "timestamp": "unknown"
  },
  {
    "title": "--.xls",
    "link": "https://investors.solidbio.com/static-files/50c97984-6b62-4a60--0ba46dd1b8e9",
    "timestamp": "unknown"
  },
  {
    "title": "Jun ,Securities offered to employees pursuant to employee benefit plansS---.pdf--.rtf--.xlsView HTML",
    "link": "https://investors.solidbio.com/sec-filings/sec-filing/s-/--",
    "timestamp": "unknown"
  },
  {
    "title": "--.pdf--.rtf--.xlsView HTML",
    "link": "https://investors.solidbio.com/static-files/f3246bbf-f68c-41fc-a14c-2cf5cbf18732",
    "timestamp": "unknown"
  },
  {
    "title": "--.pdf",
    "link": "https://investors.solidbio.com/static-files/f3246bbf-f68c-41fc-a14c-2cf5cbf18732",
    "timestamp": "unknown"
  },
  {
    "title": "--.rtf",
    "link": "https://investors.solidbio.com/static-files/d552c6af---bc74-eea4d5f75bf1",
    "timestamp": "unknown"
  },
  {
    "title": "--.xls",
    "link": "https://investors.solidbio.com/static-files/91c0145b-fe97-4f31-befb-78050fdedc34",
    "timestamp": "unknown"
  },
  {
    "title": "Jun ,Report of unscheduled material events or corporate event-K--.pdf--.rtf--.xlsEX-.SCH - XBRL TAXONOMY EXTENSION SCHEMAView HTML",
    "link": "https://investors.solidbio.com/sec-filings/sec-filing/-k/--",
    "timestamp": "unknown"
  },
  {
    "title": "--.pdf--.rtf--.xlsEX-.SCH - XBRL TAXONOMY EXTENSION SCHEMAView HTML",
    "link": "https://investors.solidbio.com/static-files/84adf378-0bdb-44b7-b1d6-c139cd6fcb39",
    "timestamp": "unknown"
  },
  {
    "title": "--.pdf",
    "link": "https://investors.solidbio.com/static-files/84adf378-0bdb-44b7-b1d6-c139cd6fcb39",
    "timestamp": "unknown"
  },
  {
    "title": "--.rtf",
    "link": "https://investors.solidbio.com/static-files/fd6860d2-b583-448f-ab4c-eeca17362e2b",
    "timestamp": "unknown"
  },
  {
    "title": "--.xls",
    "link": "https://investors.solidbio.com/static-files/db016659-a6f8--884d-4ef0cc9f35e0",
    "timestamp": "unknown"
  },
  {
    "title": "Jun ,Statement of changes in beneficial ownership of securities--.pdf--.rtf--.xlsView HTML",
    "link": "https://investors.solidbio.com/sec-filings/sec-filing//--",
    "timestamp": "unknown"
  },
  {
    "title": "--.pdf--.rtf--.xlsView HTML",
    "link": "https://investors.solidbio.com/static-files/fbbb152f-13e2-4a5e-af11-901c05637495",
    "timestamp": "unknown"
  },
  {
    "title": "--.pdf",
    "link": "https://investors.solidbio.com/static-files/fbbb152f-13e2-4a5e-af11-901c05637495",
    "timestamp": "unknown"
  },
  {
    "title": "--.rtf",
    "link": "https://investors.solidbio.com/static-files/d539fe3d-3a7f-4c38-b96f-f1ddc8866846",
    "timestamp": "unknown"
  },
  {
    "title": "--.xls",
    "link": "https://investors.solidbio.com/static-files/8557da27-b30b-46b6-be59-f12b0309faab",
    "timestamp": "unknown"
  },
  {
    "title": "Jun ,Statement of changes in beneficial ownership of securities--.pdf--.rtf--.xlsView HTML",
    "link": "https://investors.solidbio.com/sec-filings/sec-filing//--",
    "timestamp": "unknown"
  },
  {
    "title": "--.pdf--.rtf--.xlsView HTML",
    "link": "https://investors.solidbio.com/static-files/1edeadf7-9d3f--b22c-1a4cab570a68",
    "timestamp": "unknown"
  },
  {
    "title": "--.pdf",
    "link": "https://investors.solidbio.com/static-files/1edeadf7-9d3f--b22c-1a4cab570a68",
    "timestamp": "unknown"
  },
  {
    "title": "--.rtf",
    "link": "https://investors.solidbio.com/static-files/7165c134-f41f--82f1-c2d26b9fd254",
    "timestamp": "unknown"
  },
  {
    "title": "--.xls",
    "link": "https://investors.solidbio.com/static-files/01f83f49-3aa5-40a2-8e8b-1c26d03ff4b6",
    "timestamp": "unknown"
  },
  {
    "title": "Jun ,Statement of changes in beneficial ownership of securities--.pdf--.rtf--.xlsView HTML",
    "link": "https://investors.solidbio.com/sec-filings/sec-filing//--",
    "timestamp": "unknown"
  },
  {
    "title": "--.pdf--.rtf--.xlsView HTML",
    "link": "https://investors.solidbio.com/static-files/4320e729-d001-43bb-a653-8a005d88fe39",
    "timestamp": "unknown"
  },
  {
    "title": "--.pdf",
    "link": "https://investors.solidbio.com/static-files/4320e729-d001-43bb-a653-8a005d88fe39",
    "timestamp": "unknown"
  },
  {
    "title": "--.rtf",
    "link": "https://investors.solidbio.com/static-files/fcfd4db0-db7c--9a3b-6a9e9156f88e",
    "timestamp": "unknown"
  },
  {
    "title": "--.xls",
    "link": "https://investors.solidbio.com/static-files/0ef87190-842a--a22f-5f0562c5c796",
    "timestamp": "unknown"
  },
  {
    "title": "Jun ,Statement of changes in beneficial ownership of securities--.pdf--.rtf--.xlsView HTML",
    "link": "https://investors.solidbio.com/sec-filings/sec-filing//--",
    "timestamp": "unknown"
  },
  {
    "title": "--.pdf--.rtf--.xlsView HTML",
    "link": "https://investors.solidbio.com/static-files/817da57a-b685--8b72-cf02173ef637",
    "timestamp": "unknown"
  },
  {
    "title": "--.pdf",
    "link": "https://investors.solidbio.com/static-files/817da57a-b685--8b72-cf02173ef637",
    "timestamp": "unknown"
  },
  {
    "title": "--.rtf",
    "link": "https://investors.solidbio.com/static-files/3acc25d1-39fb-457a-ba7a-",
    "timestamp": "unknown"
  },
  {
    "title": "--.xls",
    "link": "https://investors.solidbio.com/static-files/a2ff3373-75f7--9c5b-b64f860b8c08",
    "timestamp": "unknown"
  },
  {
    "title": "Jun ,Statement of changes in beneficial ownership of securities--.pdf--.rtf--.xlsView HTML",
    "link": "https://investors.solidbio.com/sec-filings/sec-filing//--",
    "timestamp": "unknown"
  },
  {
    "title": "--.pdf--.rtf--.xlsView HTML",
    "link": "https://investors.solidbio.com/static-files/784c42a3-d56d-42e4-9e4e-ba9f79de6ab2",
    "timestamp": "unknown"
  },
  {
    "title": "--.pdf",
    "link": "https://investors.solidbio.com/static-files/784c42a3-d56d-42e4-9e4e-ba9f79de6ab2",
    "timestamp": "unknown"
  },
  {
    "title": "--.rtf",
    "link": "https://investors.solidbio.com/static-files/8e18b865-d6ef-4dde-a086-c05a6d0752b3",
    "timestamp": "unknown"
  },
  {
    "title": "--.xls",
    "link": "https://investors.solidbio.com/static-files/f7174110-234a--b7f7-0f28df8c07a7",
    "timestamp": "unknown"
  },
  {
    "title": "PaginationCurrent pagePagePage\u2026Next page\u203aLast page\u00bb",
    "link": "https://investors.solidbio.com/financial-information/sec-filings?&field_nir_sec_cik_target_id=&field_nir_sec_date_filed_value=&&&items_per_page_toggle=&page=",
    "timestamp": "unknown"
  },
  {
    "title": "PaginationCurrent pagePagePage\u2026Next page\u203aLast page\u00bb",
    "link": "https://investors.solidbio.com/financial-information/sec-filings?&field_nir_sec_cik_target_id=&field_nir_sec_date_filed_value=&&&items_per_page_toggle=&page=",
    "timestamp": "unknown"
  },
  {
    "title": "Current page",
    "link": "https://investors.solidbio.com/financial-information/sec-filings?&field_nir_sec_cik_target_id=&field_nir_sec_date_filed_value=&&&items_per_page_toggle=&page=",
    "timestamp": "unknown"
  },
  {
    "title": "Page",
    "link": "https://investors.solidbio.com/financial-information/sec-filings?&field_nir_sec_cik_target_id=&field_nir_sec_date_filed_value=&&&items_per_page_toggle=&page=",
    "timestamp": "unknown"
  },
  {
    "title": "Page",
    "link": "https://investors.solidbio.com/financial-information/sec-filings?&field_nir_sec_cik_target_id=&field_nir_sec_date_filed_value=&&&items_per_page_toggle=&page=",
    "timestamp": "unknown"
  },
  {
    "title": "Next page\u203a",
    "link": "https://investors.solidbio.com/financial-information/sec-filings?&field_nir_sec_cik_target_id=&field_nir_sec_date_filed_value=&&&items_per_page_toggle=&page=",
    "timestamp": "unknown"
  },
  {
    "title": "Last page\u00bb",
    "link": "https://investors.solidbio.com/financial-information/sec-filings?&field_nir_sec_cik_target_id=&field_nir_sec_date_filed_value=&&&items_per_page_toggle=&page=",
    "timestamp": "unknown"
  },
  {
    "title": "Data provided byKaleidoscope.",
    "link": "https://www.kscope.io",
    "timestamp": "unknown"
  },
  {
    "title": "Data provided byKaleidoscope.",
    "link": "https://www.kscope.io",
    "timestamp": "unknown"
  },
  {
    "title": "Stay ConnectedJoin our team of experts to advance treatments for patientsLearn MoreContact UsPrivacy PolicyTerms & Conditions\u00a9  Solid Biosciences Inc.",
    "link": "https://www.linkedin.com/company/solid-biosciences",
    "timestamp": "unknown"
  },
  {
    "title": "Stay ConnectedJoin our team of experts to advance treatments for patientsLearn More",
    "link": "https://www.linkedin.com/company/solid-biosciences",
    "timestamp": "unknown"
  },
  {
    "title": "Stay Connected",
    "link": "https://www.linkedin.com/company/solid-biosciences",
    "timestamp": "unknown"
  },
  {
    "title": "Join our team of experts to advance treatments for patientsLearn More",
    "link": "https://www.solidbio.com/about/careers/open-positions",
    "timestamp": "unknown"
  },
  {
    "title": "Join our team of experts to advance treatments for patientsLearn More",
    "link": "https://www.solidbio.com/about/careers/open-positions",
    "timestamp": "unknown"
  },
  {
    "title": "Contact Us",
    "link": "https://www.solidbio.com/contact",
    "timestamp": "unknown"
  },
  {
    "title": "Privacy Policy",
    "link": "https://www.solidbio.com/privacy",
    "timestamp": "unknown"
  },
  {
    "title": "Terms & Conditions",
    "link": "https://www.solidbio.com/terms-conditions",
    "timestamp": "unknown"
  }
]