[
  {
    "title": "AboutOur SciencePatient & Caregiver ResourcesPartner With UsInvestors & MediaBackAboutMissionGuiding PrinciplesCollaborations & PartnershipsSolid Team",
    "link": "https://www.solidbio.com/",
    "timestamp": "unknown"
  },
  {
    "title": "AboutOur SciencePatient & Caregiver ResourcesPartner With UsInvestors & Media",
    "link": "https://www.solidbio.com/",
    "timestamp": "unknown"
  },
  {
    "title": "AboutOur SciencePatient & Caregiver ResourcesPartner With UsInvestors & Media",
    "link": "https://www.solidbio.com/partners/",
    "timestamp": "unknown"
  },
  {
    "title": "AboutOur SciencePatient & Caregiver ResourcesPartner With UsInvestors & Media",
    "link": "https://www.solidbio.com/partners/",
    "timestamp": "unknown"
  },
  {
    "title": "BackAboutMissionGuiding PrinciplesCollaborations & PartnershipsSolid TeamManagementBoard of DirectorsFoundersWorking at SolidCultureBenefitsOpen Posit",
    "link": "https://www.solidbio.com/about/mission/guiding-principles",
    "timestamp": "unknown"
  },
  {
    "title": "AboutMissionGuiding PrinciplesCollaborations & PartnershipsSolid TeamManagementBoard of DirectorsFoundersWorking at SolidCultureBenefitsOpen Positions",
    "link": "https://www.solidbio.com/about/mission/guiding-principles",
    "timestamp": "unknown"
  },
  {
    "title": "MissionGuiding PrinciplesCollaborations & PartnershipsSolid TeamManagementBoard of DirectorsFoundersWorking at SolidCultureBenefitsOpen Positions",
    "link": "https://www.solidbio.com/about/mission/guiding-principles",
    "timestamp": "unknown"
  },
  {
    "title": "MissionGuiding PrinciplesCollaborations & Partnerships",
    "link": "https://www.solidbio.com/about/mission/guiding-principles",
    "timestamp": "unknown"
  },
  {
    "title": "Guiding Principles",
    "link": "https://www.solidbio.com/about/mission/guiding-principles",
    "timestamp": "unknown"
  },
  {
    "title": "Collaborations & Partnerships",
    "link": "https://www.solidbio.com/about/mission/collaborations-partnerships",
    "timestamp": "unknown"
  },
  {
    "title": "Solid TeamManagementBoard of DirectorsFounders",
    "link": "https://www.solidbio.com/about/solid-team/management",
    "timestamp": "unknown"
  },
  {
    "title": "Management",
    "link": "https://www.solidbio.com/about/solid-team/management",
    "timestamp": "unknown"
  },
  {
    "title": "Board of Directors",
    "link": "https://www.solidbio.com/about/solid-team/board-of-directors",
    "timestamp": "unknown"
  },
  {
    "title": "Founders",
    "link": "https://www.solidbio.com/about/solid-team/founders",
    "timestamp": "unknown"
  },
  {
    "title": "Working at SolidCultureBenefitsOpen Positions",
    "link": "https://www.solidbio.com/about/working-at-solid/culture",
    "timestamp": "unknown"
  },
  {
    "title": "Culture",
    "link": "https://www.solidbio.com/about/working-at-solid/culture",
    "timestamp": "unknown"
  },
  {
    "title": "Benefits",
    "link": "https://www.solidbio.com/about/working-at-solid/benefits",
    "timestamp": "unknown"
  },
  {
    "title": "Open Positions",
    "link": "https://solidbio.com/about/working-at-solid/open-positions/",
    "timestamp": "unknown"
  },
  {
    "title": "Our SciencePipeline & ProgramsPipelineScientific Publications & PresentationsInfrastructureManufacturing",
    "link": "https://www.solidbio.com/our-science/pipeline-programs/pipeline",
    "timestamp": "unknown"
  },
  {
    "title": "Pipeline & ProgramsPipelineScientific Publications & PresentationsInfrastructureManufacturing",
    "link": "https://www.solidbio.com/our-science/pipeline-programs/pipeline",
    "timestamp": "unknown"
  },
  {
    "title": "Pipeline & ProgramsPipelineScientific Publications & Presentations",
    "link": "https://www.solidbio.com/our-science/pipeline-programs/pipeline",
    "timestamp": "unknown"
  },
  {
    "title": "Pipeline",
    "link": "https://www.solidbio.com/our-science/pipeline-programs/pipeline",
    "timestamp": "unknown"
  },
  {
    "title": "Scientific Publications & Presentations",
    "link": "https://www.solidbio.com/our-science/pipeline-programs/scientific-publications-presentations/",
    "timestamp": "unknown"
  },
  {
    "title": "InfrastructureManufacturing",
    "link": "https://www.solidbio.com/our-science/infrastructure/manufacturing",
    "timestamp": "unknown"
  },
  {
    "title": "Manufacturing",
    "link": "https://www.solidbio.com/our-science/infrastructure/manufacturing",
    "timestamp": "unknown"
  },
  {
    "title": "Patient & Caregiver ResourcesDuchenne Muscular DystrophyWhat is Duchenne?Why Gene Transfer?Duchenne Patient StoriesFriedreich\u2019s Ataxia ResourcesFriedr",
    "link": "https://www.solidbio.com/patient-caregiver-resources/dmd/what-is-dmd",
    "timestamp": "unknown"
  },
  {
    "title": "Duchenne Muscular DystrophyWhat is Duchenne?Why Gene Transfer?Duchenne Patient StoriesFriedreich\u2019s Ataxia ResourcesFriedreich\u2019s AtaxiaWhat is Frataxin",
    "link": "https://www.solidbio.com/patient-caregiver-resources/dmd/what-is-dmd",
    "timestamp": "unknown"
  },
  {
    "title": "Duchenne Muscular DystrophyWhat is Duchenne?Why Gene Transfer?Duchenne Patient Stories",
    "link": "https://www.solidbio.com/patient-caregiver-resources/dmd/what-is-dmd",
    "timestamp": "unknown"
  },
  {
    "title": "What is Duchenne?",
    "link": "https://www.solidbio.com/patient-caregiver-resources/dmd/what-is-dmd",
    "timestamp": "unknown"
  },
  {
    "title": "Why Gene Transfer?",
    "link": "https://www.solidbio.com/patient-caregiver-resources/dmd/why-gene-transfer",
    "timestamp": "unknown"
  },
  {
    "title": "Duchenne Patient Stories",
    "link": "https://www.solidbio.com/education/dmd/duchenne-patient-stories/patient-stories-overview-page",
    "timestamp": "unknown"
  },
  {
    "title": "Friedreich\u2019s Ataxia ResourcesFriedreich\u2019s AtaxiaWhat is Frataxin?For Patients",
    "link": "https://www.solidbio.com/patient-caregiver-resources/fa-resources/friedreichs-ataxia",
    "timestamp": "unknown"
  },
  {
    "title": "Friedreich\u2019s Ataxia",
    "link": "https://www.solidbio.com/patient-caregiver-resources/fa-resources/friedreichs-ataxia",
    "timestamp": "unknown"
  },
  {
    "title": "What is Frataxin?",
    "link": "https://www.solidbio.com/patient-caregiver-resources/fa-resources/what-is-frataxin",
    "timestamp": "unknown"
  },
  {
    "title": "For Patients",
    "link": "https://www.solidbio.com/patient-caregiver-resources/fa-resources/for-patients",
    "timestamp": "unknown"
  },
  {
    "title": "Strength in CommunityEngaging the CommunityCharity PartnersInsights & News",
    "link": "https://www.solidbio.com/patient-caregiver-resources/strength-in-community/how-we-interact-with-patients",
    "timestamp": "unknown"
  },
  {
    "title": "Engaging the Community",
    "link": "https://www.solidbio.com/patient-caregiver-resources/strength-in-community/how-we-interact-with-patients",
    "timestamp": "unknown"
  },
  {
    "title": "Charity Partners",
    "link": "https://www.solidbio.com/patient-caregiver-resources/strength-in-community/charity-partners",
    "timestamp": "unknown"
  },
  {
    "title": "Insights & News",
    "link": "https://www.solidbio.com/patient-caregiver-resources/strength-in-community/insights-news",
    "timestamp": "unknown"
  },
  {
    "title": "Resources & PoliciesExpanded Access PolicyClinical Trials",
    "link": "https://www.solidbio.com/patient-caregiver-resources/resources-policies/expanded-access-policy",
    "timestamp": "unknown"
  },
  {
    "title": "Expanded Access Policy",
    "link": "https://www.solidbio.com/patient-caregiver-resources/resources-policies/expanded-access-policy",
    "timestamp": "unknown"
  },
  {
    "title": "Clinical Trials",
    "link": "https://www.solidbio.com/patient-caregiver-resources/resources-policies/clinical-trials",
    "timestamp": "unknown"
  },
  {
    "title": "Investors & MediaOverview & NewsOverviewPress ReleasesPresentationsEventsGovernance & FinancialsGovernance DocumentsCommittee ChartersCommittee Compos",
    "link": "https://investors.solidbio.com/investor-relations",
    "timestamp": "unknown"
  },
  {
    "title": "Overview & NewsOverviewPress ReleasesPresentationsEventsGovernance & FinancialsGovernance DocumentsCommittee ChartersCommittee CompositionSEC FilingsS",
    "link": "https://investors.solidbio.com/investor-relations",
    "timestamp": "unknown"
  },
  {
    "title": "Overview & NewsOverviewPress ReleasesPresentationsEvents",
    "link": "https://investors.solidbio.com/investor-relations",
    "timestamp": "unknown"
  },
  {
    "title": "Overview",
    "link": "https://investors.solidbio.com/investor-relations",
    "timestamp": "unknown"
  },
  {
    "title": "Press Releases",
    "link": "https://investors.solidbio.com/news-and-events/press-releases",
    "timestamp": "unknown"
  },
  {
    "title": "Presentations",
    "link": "https://investors.solidbio.com/news-and-events/presentations",
    "timestamp": "unknown"
  },
  {
    "title": "Events",
    "link": "https://investors.solidbio.com/news-and-events/events",
    "timestamp": "unknown"
  },
  {
    "title": "Governance & FinancialsGovernance DocumentsCommittee ChartersCommittee CompositionSEC Filings",
    "link": "https://investors.solidbio.com/governance/governance-documents",
    "timestamp": "unknown"
  },
  {
    "title": "Governance Documents",
    "link": "https://investors.solidbio.com/governance/governance-documents",
    "timestamp": "unknown"
  },
  {
    "title": "Committee Charters",
    "link": "https://investors.solidbio.com/governance/committee-charters",
    "timestamp": "unknown"
  },
  {
    "title": "Committee Composition",
    "link": "https://investors.solidbio.com/governance/committee-composition",
    "timestamp": "unknown"
  },
  {
    "title": "SEC Filings",
    "link": "https://investors.solidbio.com/financial-information/sec-filings",
    "timestamp": "unknown"
  },
  {
    "title": "Stock InformationStock Quote ChartHistorical Price LookupAnalyst Coverage",
    "link": "https://investors.solidbio.com/stock-information/stock-quote-chart",
    "timestamp": "unknown"
  },
  {
    "title": "Stock Quote Chart",
    "link": "https://investors.solidbio.com/stock-information/stock-quote-chart",
    "timestamp": "unknown"
  },
  {
    "title": "Historical Price Lookup",
    "link": "https://investors.solidbio.com/stock-information/historical-price-lookup",
    "timestamp": "unknown"
  },
  {
    "title": "Analyst Coverage",
    "link": "https://investors.solidbio.com/stock-information/analyst-coverage",
    "timestamp": "unknown"
  },
  {
    "title": "Investor ResourcesInvestor FAQsContact Solid BiosciencesEmail Alerts",
    "link": "https://investors.solidbio.com/investor-resources/investor-faqs",
    "timestamp": "unknown"
  },
  {
    "title": "Investor FAQs",
    "link": "https://investors.solidbio.com/investor-resources/investor-faqs",
    "timestamp": "unknown"
  },
  {
    "title": "Contact Solid Biosciences",
    "link": "https://investors.solidbio.com/investor-resources/contact-solid-biosciences",
    "timestamp": "unknown"
  },
  {
    "title": "Email Alerts",
    "link": "https://investors.solidbio.com/investor-resources/email-alerts",
    "timestamp": "unknown"
  },
  {
    "title": "Past EventsJunEDTJefferies Global Healthcare ConferenceClick here for webcastMayEDTThe Citizens Life Sciences ConferenceClick here for webcastAprEDT24",
    "link": "https://investors.solidbio.com/events/event-details/jefferies-global-healthcare-conference",
    "timestamp": "unknown"
  },
  {
    "title": "Past EventsJunEDTJefferies Global Healthcare ConferenceClick here for webcastMayEDTThe Citizens Life Sciences ConferenceClick here for webcastAprEDT24",
    "link": "https://investors.solidbio.com/events/event-details/jefferies-global-healthcare-conference",
    "timestamp": "unknown"
  },
  {
    "title": "Past EventsJunEDTJefferies Global Healthcare ConferenceClick here for webcastMayEDTThe Citizens Life Sciences ConferenceClick here for webcastAprEDT24",
    "link": "https://investors.solidbio.com/events/event-details/jefferies-global-healthcare-conference",
    "timestamp": "unknown"
  },
  {
    "title": "Past EventsJunEDTJefferies Global Healthcare ConferenceClick here for webcastMayEDTThe Citizens Life Sciences ConferenceClick here for webcastAprEDT24",
    "link": "https://investors.solidbio.com/events/event-details/jefferies-global-healthcare-conference",
    "timestamp": "unknown"
  },
  {
    "title": "Past EventsJunEDTJefferies Global Healthcare ConferenceClick here for webcastMayEDTThe Citizens Life Sciences ConferenceClick here for webcastAprEDT24",
    "link": "https://investors.solidbio.com/events/event-details/jefferies-global-healthcare-conference",
    "timestamp": "unknown"
  },
  {
    "title": "Past EventsJunEDTJefferies Global Healthcare ConferenceClick here for webcastMayEDTThe Citizens Life Sciences ConferenceClick here for webcastAprEDT24",
    "link": "https://investors.solidbio.com/events/event-details/jefferies-global-healthcare-conference",
    "timestamp": "unknown"
  },
  {
    "title": "Past EventsJunEDTJefferies Global Healthcare ConferenceClick here for webcastMayEDTThe Citizens Life Sciences ConferenceClick here for webcastAprEDT24",
    "link": "https://investors.solidbio.com/events/event-details/jefferies-global-healthcare-conference",
    "timestamp": "unknown"
  },
  {
    "title": "Past EventsJunEDTJefferies Global Healthcare ConferenceClick here for webcastMayEDTThe Citizens Life Sciences ConferenceClick here for webcastAprEDT24",
    "link": "https://investors.solidbio.com/events/event-details/jefferies-global-healthcare-conference",
    "timestamp": "unknown"
  },
  {
    "title": "Past EventsJunEDTJefferies Global Healthcare ConferenceClick here for webcastMayEDTThe Citizens Life Sciences ConferenceClick here for webcastAprEDT24",
    "link": "https://investors.solidbio.com/events/event-details/jefferies-global-healthcare-conference",
    "timestamp": "unknown"
  },
  {
    "title": "Past EventsJunEDTJefferies Global Healthcare ConferenceClick here for webcastMayEDTThe Citizens Life Sciences ConferenceClick here for webcastAprEDT24",
    "link": "https://investors.solidbio.com/events/event-details/jefferies-global-healthcare-conference",
    "timestamp": "unknown"
  },
  {
    "title": "Past EventsJunEDTJefferies Global Healthcare ConferenceClick here for webcastMayEDTThe Citizens Life Sciences ConferenceClick here for webcastAprEDT24",
    "link": "https://investors.solidbio.com/events/event-details/jefferies-global-healthcare-conference",
    "timestamp": "unknown"
  },
  {
    "title": "Past EventsJunEDTJefferies Global Healthcare ConferenceClick here for webcastMayEDTThe Citizens Life Sciences ConferenceClick here for webcastAprEDT24",
    "link": "https://investors.solidbio.com/events/event-details/jefferies-global-healthcare-conference",
    "timestamp": "unknown"
  },
  {
    "title": "Past EventsJunEDTJefferies Global Healthcare ConferenceClick here for webcastMayEDTThe Citizens Life Sciences ConferenceClick here for webcastAprEDT24",
    "link": "https://investors.solidbio.com/events/event-details/jefferies-global-healthcare-conference",
    "timestamp": "unknown"
  },
  {
    "title": "Past EventsJunEDTJefferies Global Healthcare ConferenceClick here for webcastMayEDTThe Citizens Life Sciences ConferenceClick here for webcastAprEDT24",
    "link": "https://investors.solidbio.com/events/event-details/jefferies-global-healthcare-conference",
    "timestamp": "unknown"
  },
  {
    "title": "Past EventsJunEDTJefferies Global Healthcare ConferenceClick here for webcastMayEDTThe Citizens Life Sciences ConferenceClick here for webcastAprEDT24",
    "link": "https://investors.solidbio.com/events/event-details/jefferies-global-healthcare-conference",
    "timestamp": "unknown"
  },
  {
    "title": "Past EventsJunEDTJefferies Global Healthcare ConferenceClick here for webcastMayEDTThe Citizens Life Sciences ConferenceClick here for webcastAprEDT24",
    "link": "https://investors.solidbio.com/events/event-details/jefferies-global-healthcare-conference",
    "timestamp": "unknown"
  },
  {
    "title": "Past EventsJunEDTJefferies Global Healthcare ConferenceClick here for webcastMayEDTThe Citizens Life Sciences ConferenceClick here for webcastAprEDT24",
    "link": "https://investors.solidbio.com/events/event-details/jefferies-global-healthcare-conference",
    "timestamp": "unknown"
  },
  {
    "title": "Past EventsJunEDTJefferies Global Healthcare ConferenceClick here for webcastMayEDTThe Citizens Life Sciences ConferenceClick here for webcastAprEDT24",
    "link": "https://investors.solidbio.com/events/event-details/jefferies-global-healthcare-conference",
    "timestamp": "unknown"
  },
  {
    "title": "Past EventsJunEDTJefferies Global Healthcare ConferenceClick here for webcastMayEDTThe Citizens Life Sciences ConferenceClick here for webcastAprEDT24",
    "link": "https://investors.solidbio.com/events/event-details/jefferies-global-healthcare-conference",
    "timestamp": "unknown"
  },
  {
    "title": "JunEDTJefferies Global Healthcare ConferenceClick here for webcastMayEDTThe Citizens Life Sciences ConferenceClick here for webcastAprEDT24th Annual N",
    "link": "https://investors.solidbio.com/events/event-details/jefferies-global-healthcare-conference",
    "timestamp": "unknown"
  },
  {
    "title": "JunEDTJefferies Global Healthcare ConferenceClick here for webcastMayEDTThe Citizens Life Sciences ConferenceClick here for webcastAprEDT24th Annual N",
    "link": "https://investors.solidbio.com/events/event-details/jefferies-global-healthcare-conference",
    "timestamp": "unknown"
  },
  {
    "title": "JunEDTJefferies Global Healthcare ConferenceClick here for webcast",
    "link": "https://investors.solidbio.com/events/event-details/jefferies-global-healthcare-conference",
    "timestamp": "unknown"
  },
  {
    "title": "Jefferies Global Healthcare ConferenceClick here for webcast",
    "link": "https://investors.solidbio.com/events/event-details/jefferies-global-healthcare-conference",
    "timestamp": "unknown"
  },
  {
    "title": "Jefferies Global Healthcare Conference",
    "link": "https://investors.solidbio.com/events/event-details/jefferies-global-healthcare-conference",
    "timestamp": "unknown"
  },
  {
    "title": "Jefferies Global Healthcare Conference",
    "link": "https://investors.solidbio.com/events/event-details/jefferies-global-healthcare-conference",
    "timestamp": "unknown"
  },
  {
    "title": "Jefferies Global Healthcare Conference",
    "link": "https://investors.solidbio.com/events/event-details/jefferies-global-healthcare-conference",
    "timestamp": "unknown"
  },
  {
    "title": "Click here for webcast",
    "link": "https://wsw.com/webcast/jeff319/sldb/",
    "timestamp": "unknown"
  },
  {
    "title": "Click here for webcast",
    "link": "https://wsw.com/webcast/jeff319/sldb/",
    "timestamp": "unknown"
  },
  {
    "title": "Click here for webcast",
    "link": "https://wsw.com/webcast/jeff319/sldb/",
    "timestamp": "unknown"
  },
  {
    "title": "MayEDTThe Citizens Life Sciences ConferenceClick here for webcast",
    "link": "https://investors.solidbio.com/events/event-details/citizens-life-sciences-conference",
    "timestamp": "unknown"
  },
  {
    "title": "The Citizens Life Sciences ConferenceClick here for webcast",
    "link": "https://investors.solidbio.com/events/event-details/citizens-life-sciences-conference",
    "timestamp": "unknown"
  },
  {
    "title": "The Citizens Life Sciences Conference",
    "link": "https://investors.solidbio.com/events/event-details/citizens-life-sciences-conference",
    "timestamp": "unknown"
  },
  {
    "title": "The Citizens Life Sciences Conference",
    "link": "https://investors.solidbio.com/events/event-details/citizens-life-sciences-conference",
    "timestamp": "unknown"
  },
  {
    "title": "The Citizens Life Sciences Conference",
    "link": "https://investors.solidbio.com/events/event-details/citizens-life-sciences-conference",
    "timestamp": "unknown"
  },
  {
    "title": "Click here for webcast",
    "link": "https://wsw.com/webcast/jmp65/sldb/",
    "timestamp": "unknown"
  },
  {
    "title": "Click here for webcast",
    "link": "https://wsw.com/webcast/jmp65/sldb/",
    "timestamp": "unknown"
  },
  {
    "title": "Click here for webcast",
    "link": "https://wsw.com/webcast/jmp65/sldb/",
    "timestamp": "unknown"
  },
  {
    "title": "AprEDT24th Annual Needham Virtual Healthcare ConferenceClick here for webcastSupporting MaterialsSolid Biosciences Needham Virtual Healthcare Conferen",
    "link": "https://investors.solidbio.com/events/event-details/24th-annual-needham-virtual-healthcare-conference",
    "timestamp": "unknown"
  },
  {
    "title": "24th Annual Needham Virtual Healthcare ConferenceClick here for webcastSupporting MaterialsSolid Biosciences Needham Virtual Healthcare Conference Pre",
    "link": "https://investors.solidbio.com/events/event-details/24th-annual-needham-virtual-healthcare-conference",
    "timestamp": "unknown"
  },
  {
    "title": "24th Annual Needham Virtual Healthcare Conference",
    "link": "https://investors.solidbio.com/events/event-details/24th-annual-needham-virtual-healthcare-conference",
    "timestamp": "unknown"
  },
  {
    "title": "24th Annual Needham Virtual Healthcare Conference",
    "link": "https://investors.solidbio.com/events/event-details/24th-annual-needham-virtual-healthcare-conference",
    "timestamp": "unknown"
  },
  {
    "title": "24th Annual Needham Virtual Healthcare Conference",
    "link": "https://investors.solidbio.com/events/event-details/24th-annual-needham-virtual-healthcare-conference",
    "timestamp": "unknown"
  },
  {
    "title": "Click here for webcast",
    "link": "https://wsw.com/webcast/needham146/sldb/",
    "timestamp": "unknown"
  },
  {
    "title": "Click here for webcast",
    "link": "https://wsw.com/webcast/needham146/sldb/",
    "timestamp": "unknown"
  },
  {
    "title": "Click here for webcast",
    "link": "https://wsw.com/webcast/needham146/sldb/",
    "timestamp": "unknown"
  },
  {
    "title": "Supporting MaterialsSolid Biosciences Needham Virtual Healthcare Conference Presentation. MB",
    "link": "https://investors.solidbio.com/static-files/e3e5efec-6b36-40cb-b14f-d9618fdccbb8",
    "timestamp": "unknown"
  },
  {
    "title": "Solid Biosciences Needham Virtual Healthcare Conference Presentation. MB",
    "link": "https://investors.solidbio.com/static-files/e3e5efec-6b36-40cb-b14f-d9618fdccbb8",
    "timestamp": "unknown"
  },
  {
    "title": "Solid Biosciences Needham Virtual Healthcare Conference Presentation. MB",
    "link": "https://investors.solidbio.com/static-files/e3e5efec-6b36-40cb-b14f-d9618fdccbb8",
    "timestamp": "unknown"
  },
  {
    "title": "Solid Biosciences Needham Virtual Healthcare Conference Presentation. MB",
    "link": "https://investors.solidbio.com/static-files/e3e5efec-6b36-40cb-b14f-d9618fdccbb8",
    "timestamp": "unknown"
  },
  {
    "title": "Solid Biosciences Needham Virtual Healthcare Conference Presentation. MB",
    "link": "https://investors.solidbio.com/static-files/e3e5efec-6b36-40cb-b14f-d9618fdccbb8",
    "timestamp": "unknown"
  },
  {
    "title": "Solid Biosciences Needham Virtual Healthcare Conference Presentation. MB",
    "link": "https://investors.solidbio.com/static-files/e3e5efec-6b36-40cb-b14f-d9618fdccbb8",
    "timestamp": "unknown"
  },
  {
    "title": "Solid Biosciences Needham Virtual Healthcare Conference Presentation. MB",
    "link": "https://investors.solidbio.com/static-files/e3e5efec-6b36-40cb-b14f-d9618fdccbb8",
    "timestamp": "unknown"
  },
  {
    "title": "Solid Biosciences Needham Virtual Healthcare Conference Presentation. MB",
    "link": "https://investors.solidbio.com/static-files/e3e5efec-6b36-40cb-b14f-d9618fdccbb8",
    "timestamp": "unknown"
  },
  {
    "title": "Solid Biosciences Needham Virtual Healthcare Conference Presentation. MB",
    "link": "https://investors.solidbio.com/static-files/e3e5efec-6b36-40cb-b14f-d9618fdccbb8",
    "timestamp": "unknown"
  },
  {
    "title": "Solid Biosciences Needham Virtual Healthcare Conference Presentation. MB",
    "link": "https://investors.solidbio.com/static-files/e3e5efec-6b36-40cb-b14f-d9618fdccbb8",
    "timestamp": "unknown"
  },
  {
    "title": "MarEDTBarclays 27th Annual Global Healthcare ConferenceClick here for webcast",
    "link": "https://investors.solidbio.com/events/event-details/barclays-27th-annual-global-healthcare-conference",
    "timestamp": "unknown"
  },
  {
    "title": "Barclays 27th Annual Global Healthcare ConferenceClick here for webcast",
    "link": "https://investors.solidbio.com/events/event-details/barclays-27th-annual-global-healthcare-conference",
    "timestamp": "unknown"
  },
  {
    "title": "Barclays 27th Annual Global Healthcare Conference",
    "link": "https://investors.solidbio.com/events/event-details/barclays-27th-annual-global-healthcare-conference",
    "timestamp": "unknown"
  },
  {
    "title": "Barclays 27th Annual Global Healthcare Conference",
    "link": "https://investors.solidbio.com/events/event-details/barclays-27th-annual-global-healthcare-conference",
    "timestamp": "unknown"
  },
  {
    "title": "Barclays 27th Annual Global Healthcare Conference",
    "link": "https://investors.solidbio.com/events/event-details/barclays-27th-annual-global-healthcare-conference",
    "timestamp": "unknown"
  },
  {
    "title": "Click here for webcast",
    "link": "https://cc.webcasts.com/barc002/031125a_js/?entity=86_8T7X6FN",
    "timestamp": "unknown"
  },
  {
    "title": "Click here for webcast",
    "link": "https://cc.webcasts.com/barc002/031125a_js/?entity=86_8T7X6FN",
    "timestamp": "unknown"
  },
  {
    "title": "Click here for webcast",
    "link": "https://cc.webcasts.com/barc002/031125a_js/?entity=86_8T7X6FN",
    "timestamp": "unknown"
  },
  {
    "title": "MarEDTLeerink Global Healthcare ConferenceClick here for Webcast",
    "link": "https://investors.solidbio.com/events/event-details/leerink-global-healthcare-conference",
    "timestamp": "unknown"
  },
  {
    "title": "Leerink Global Healthcare ConferenceClick here for Webcast",
    "link": "https://investors.solidbio.com/events/event-details/leerink-global-healthcare-conference",
    "timestamp": "unknown"
  },
  {
    "title": "Leerink Global Healthcare Conference",
    "link": "https://investors.solidbio.com/events/event-details/leerink-global-healthcare-conference",
    "timestamp": "unknown"
  },
  {
    "title": "Leerink Global Healthcare Conference",
    "link": "https://investors.solidbio.com/events/event-details/leerink-global-healthcare-conference",
    "timestamp": "unknown"
  },
  {
    "title": "Leerink Global Healthcare Conference",
    "link": "https://investors.solidbio.com/events/event-details/leerink-global-healthcare-conference",
    "timestamp": "unknown"
  },
  {
    "title": "Click here for Webcast",
    "link": "https://wsw.com/webcast/leerink38/sldb/",
    "timestamp": "unknown"
  },
  {
    "title": "Click here for Webcast",
    "link": "https://wsw.com/webcast/leerink38/sldb/",
    "timestamp": "unknown"
  },
  {
    "title": "Click here for Webcast",
    "link": "https://wsw.com/webcast/leerink38/sldb/",
    "timestamp": "unknown"
  },
  {
    "title": "FebESTSGT- INSPIRE DUCHENNE Data Update Conference CallClick here for webcastSupporting MaterialsSolid Biosciences SGT- INSPIRE DUCHENNE Data Update. ",
    "link": "https://investors.solidbio.com/events/event-details/sgt--inspire-duchenne-data-update-conference-call",
    "timestamp": "unknown"
  },
  {
    "title": "SGT- INSPIRE DUCHENNE Data Update Conference CallClick here for webcastSupporting MaterialsSolid Biosciences SGT- INSPIRE DUCHENNE Data Update. MB",
    "link": "https://investors.solidbio.com/events/event-details/sgt--inspire-duchenne-data-update-conference-call",
    "timestamp": "unknown"
  },
  {
    "title": "SGT- INSPIRE DUCHENNE Data Update Conference Call",
    "link": "https://investors.solidbio.com/events/event-details/sgt--inspire-duchenne-data-update-conference-call",
    "timestamp": "unknown"
  },
  {
    "title": "SGT- INSPIRE DUCHENNE Data Update Conference Call",
    "link": "https://investors.solidbio.com/events/event-details/sgt--inspire-duchenne-data-update-conference-call",
    "timestamp": "unknown"
  },
  {
    "title": "SGT- INSPIRE DUCHENNE Data Update Conference Call",
    "link": "https://investors.solidbio.com/events/event-details/sgt--inspire-duchenne-data-update-conference-call",
    "timestamp": "unknown"
  },
  {
    "title": "Click here for webcast",
    "link": "https://event.webcasts.com/starthere.jsp?ei=&tp_key=4a43cde03c",
    "timestamp": "unknown"
  },
  {
    "title": "Click here for webcast",
    "link": "https://event.webcasts.com/starthere.jsp?ei=&tp_key=4a43cde03c",
    "timestamp": "unknown"
  },
  {
    "title": "Click here for webcast",
    "link": "https://event.webcasts.com/starthere.jsp?ei=&tp_key=4a43cde03c",
    "timestamp": "unknown"
  },
  {
    "title": "Supporting MaterialsSolid Biosciences SGT- INSPIRE DUCHENNE Data Update. MB",
    "link": "https://investors.solidbio.com/static-files/8019db06-505b--ba0f-4a39d037675d",
    "timestamp": "unknown"
  },
  {
    "title": "Solid Biosciences SGT- INSPIRE DUCHENNE Data Update. MB",
    "link": "https://investors.solidbio.com/static-files/8019db06-505b--ba0f-4a39d037675d",
    "timestamp": "unknown"
  },
  {
    "title": "Solid Biosciences SGT- INSPIRE DUCHENNE Data Update. MB",
    "link": "https://investors.solidbio.com/static-files/8019db06-505b--ba0f-4a39d037675d",
    "timestamp": "unknown"
  },
  {
    "title": "Solid Biosciences SGT- INSPIRE DUCHENNE Data Update. MB",
    "link": "https://investors.solidbio.com/static-files/8019db06-505b--ba0f-4a39d037675d",
    "timestamp": "unknown"
  },
  {
    "title": "Solid Biosciences SGT- INSPIRE DUCHENNE Data Update. MB",
    "link": "https://investors.solidbio.com/static-files/8019db06-505b--ba0f-4a39d037675d",
    "timestamp": "unknown"
  },
  {
    "title": "Solid Biosciences SGT- INSPIRE DUCHENNE Data Update. MB",
    "link": "https://investors.solidbio.com/static-files/8019db06-505b--ba0f-4a39d037675d",
    "timestamp": "unknown"
  },
  {
    "title": "Solid Biosciences SGT- INSPIRE DUCHENNE Data Update. MB",
    "link": "https://investors.solidbio.com/static-files/8019db06-505b--ba0f-4a39d037675d",
    "timestamp": "unknown"
  },
  {
    "title": "Solid Biosciences SGT- INSPIRE DUCHENNE Data Update. MB",
    "link": "https://investors.solidbio.com/static-files/8019db06-505b--ba0f-4a39d037675d",
    "timestamp": "unknown"
  },
  {
    "title": "Solid Biosciences SGT- INSPIRE DUCHENNE Data Update. MB",
    "link": "https://investors.solidbio.com/static-files/8019db06-505b--ba0f-4a39d037675d",
    "timestamp": "unknown"
  },
  {
    "title": "Solid Biosciences SGT- INSPIRE DUCHENNE Data Update. MB",
    "link": "https://investors.solidbio.com/static-files/8019db06-505b--ba0f-4a39d037675d",
    "timestamp": "unknown"
  },
  {
    "title": "JanPST43rd Annual J.P. Morgan Healthcare ConferenceClick here for webcastSupporting MaterialsSolid Biosciences J.P. Morgan Healthcare Conference Prese",
    "link": "https://investors.solidbio.com/events/event-details/43rd-annual-jp-morgan-healthcare-conference",
    "timestamp": "unknown"
  },
  {
    "title": "43rd Annual J.P. Morgan Healthcare ConferenceClick here for webcastSupporting MaterialsSolid Biosciences J.P. Morgan Healthcare Conference Presentatio",
    "link": "https://investors.solidbio.com/events/event-details/43rd-annual-jp-morgan-healthcare-conference",
    "timestamp": "unknown"
  },
  {
    "title": "43rd Annual J.P. Morgan Healthcare Conference",
    "link": "https://investors.solidbio.com/events/event-details/43rd-annual-jp-morgan-healthcare-conference",
    "timestamp": "unknown"
  },
  {
    "title": "43rd Annual J.P. Morgan Healthcare Conference",
    "link": "https://investors.solidbio.com/events/event-details/43rd-annual-jp-morgan-healthcare-conference",
    "timestamp": "unknown"
  },
  {
    "title": "43rd Annual J.P. Morgan Healthcare Conference",
    "link": "https://investors.solidbio.com/events/event-details/43rd-annual-jp-morgan-healthcare-conference",
    "timestamp": "unknown"
  },
  {
    "title": "Click here for webcast",
    "link": "https://jpmorgan.metameetings.net/events/healthcare25/sessions/-solid-biosciences-llc/webcast/general_signin?gpu_only=true&kiosk=true",
    "timestamp": "unknown"
  },
  {
    "title": "Click here for webcast",
    "link": "https://jpmorgan.metameetings.net/events/healthcare25/sessions/-solid-biosciences-llc/webcast/general_signin?gpu_only=true&kiosk=true",
    "timestamp": "unknown"
  },
  {
    "title": "Click here for webcast",
    "link": "https://jpmorgan.metameetings.net/events/healthcare25/sessions/-solid-biosciences-llc/webcast/general_signin?gpu_only=true&kiosk=true",
    "timestamp": "unknown"
  },
  {
    "title": "Supporting MaterialsSolid Biosciences J.P. Morgan Healthcare Conference Presentation. MB",
    "link": "https://investors.solidbio.com/static-files/76d1bba4--489d-bb00-dd74a1aa6f9b",
    "timestamp": "unknown"
  },
  {
    "title": "Solid Biosciences J.P. Morgan Healthcare Conference Presentation. MB",
    "link": "https://investors.solidbio.com/static-files/76d1bba4--489d-bb00-dd74a1aa6f9b",
    "timestamp": "unknown"
  },
  {
    "title": "Solid Biosciences J.P. Morgan Healthcare Conference Presentation. MB",
    "link": "https://investors.solidbio.com/static-files/76d1bba4--489d-bb00-dd74a1aa6f9b",
    "timestamp": "unknown"
  },
  {
    "title": "Solid Biosciences J.P. Morgan Healthcare Conference Presentation. MB",
    "link": "https://investors.solidbio.com/static-files/76d1bba4--489d-bb00-dd74a1aa6f9b",
    "timestamp": "unknown"
  },
  {
    "title": "Solid Biosciences J.P. Morgan Healthcare Conference Presentation. MB",
    "link": "https://investors.solidbio.com/static-files/76d1bba4--489d-bb00-dd74a1aa6f9b",
    "timestamp": "unknown"
  },
  {
    "title": "Solid Biosciences J.P. Morgan Healthcare Conference Presentation. MB",
    "link": "https://investors.solidbio.com/static-files/76d1bba4--489d-bb00-dd74a1aa6f9b",
    "timestamp": "unknown"
  },
  {
    "title": "Solid Biosciences J.P. Morgan Healthcare Conference Presentation. MB",
    "link": "https://investors.solidbio.com/static-files/76d1bba4--489d-bb00-dd74a1aa6f9b",
    "timestamp": "unknown"
  },
  {
    "title": "Solid Biosciences J.P. Morgan Healthcare Conference Presentation. MB",
    "link": "https://investors.solidbio.com/static-files/76d1bba4--489d-bb00-dd74a1aa6f9b",
    "timestamp": "unknown"
  },
  {
    "title": "Solid Biosciences J.P. Morgan Healthcare Conference Presentation. MB",
    "link": "https://investors.solidbio.com/static-files/76d1bba4--489d-bb00-dd74a1aa6f9b",
    "timestamp": "unknown"
  },
  {
    "title": "Solid Biosciences J.P. Morgan Healthcare Conference Presentation. MB",
    "link": "https://investors.solidbio.com/static-files/76d1bba4--489d-bb00-dd74a1aa6f9b",
    "timestamp": "unknown"
  },
  {
    "title": "JanESTSolid Biosciences Conference CallListen to WebcastSupporting MaterialsSolid Biosciences SGT- IND Clearance Conference Call. MB",
    "link": "https://investors.solidbio.com/events/event-details/solid-biosciences-conference-call",
    "timestamp": "unknown"
  },
  {
    "title": "Solid Biosciences Conference CallListen to WebcastSupporting MaterialsSolid Biosciences SGT- IND Clearance Conference Call. MB",
    "link": "https://investors.solidbio.com/events/event-details/solid-biosciences-conference-call",
    "timestamp": "unknown"
  },
  {
    "title": "Solid Biosciences Conference Call",
    "link": "https://investors.solidbio.com/events/event-details/solid-biosciences-conference-call",
    "timestamp": "unknown"
  },
  {
    "title": "Solid Biosciences Conference Call",
    "link": "https://investors.solidbio.com/events/event-details/solid-biosciences-conference-call",
    "timestamp": "unknown"
  },
  {
    "title": "Solid Biosciences Conference Call",
    "link": "https://investors.solidbio.com/events/event-details/solid-biosciences-conference-call",
    "timestamp": "unknown"
  },
  {
    "title": "Listen to Webcast",
    "link": "https://event.webcasts.com/starthere.jsp?ei=&tp_key=6751d0af6a",
    "timestamp": "unknown"
  },
  {
    "title": "Listen to Webcast",
    "link": "https://event.webcasts.com/starthere.jsp?ei=&tp_key=6751d0af6a",
    "timestamp": "unknown"
  },
  {
    "title": "Listen to Webcast",
    "link": "https://event.webcasts.com/starthere.jsp?ei=&tp_key=6751d0af6a",
    "timestamp": "unknown"
  },
  {
    "title": "Supporting MaterialsSolid Biosciences SGT- IND Clearance Conference Call. MB",
    "link": "https://investors.solidbio.com/static-files/f4f70c88-e3e8-498c-8fb7-5331f87f6b90",
    "timestamp": "unknown"
  },
  {
    "title": "Solid Biosciences SGT- IND Clearance Conference Call. MB",
    "link": "https://investors.solidbio.com/static-files/f4f70c88-e3e8-498c-8fb7-5331f87f6b90",
    "timestamp": "unknown"
  },
  {
    "title": "Solid Biosciences SGT- IND Clearance Conference Call. MB",
    "link": "https://investors.solidbio.com/static-files/f4f70c88-e3e8-498c-8fb7-5331f87f6b90",
    "timestamp": "unknown"
  },
  {
    "title": "Solid Biosciences SGT- IND Clearance Conference Call. MB",
    "link": "https://investors.solidbio.com/static-files/f4f70c88-e3e8-498c-8fb7-5331f87f6b90",
    "timestamp": "unknown"
  },
  {
    "title": "Solid Biosciences SGT- IND Clearance Conference Call. MB",
    "link": "https://investors.solidbio.com/static-files/f4f70c88-e3e8-498c-8fb7-5331f87f6b90",
    "timestamp": "unknown"
  },
  {
    "title": "Solid Biosciences SGT- IND Clearance Conference Call. MB",
    "link": "https://investors.solidbio.com/static-files/f4f70c88-e3e8-498c-8fb7-5331f87f6b90",
    "timestamp": "unknown"
  },
  {
    "title": "Solid Biosciences SGT- IND Clearance Conference Call. MB",
    "link": "https://investors.solidbio.com/static-files/f4f70c88-e3e8-498c-8fb7-5331f87f6b90",
    "timestamp": "unknown"
  },
  {
    "title": "Solid Biosciences SGT- IND Clearance Conference Call. MB",
    "link": "https://investors.solidbio.com/static-files/f4f70c88-e3e8-498c-8fb7-5331f87f6b90",
    "timestamp": "unknown"
  },
  {
    "title": "Solid Biosciences SGT- IND Clearance Conference Call. MB",
    "link": "https://investors.solidbio.com/static-files/f4f70c88-e3e8-498c-8fb7-5331f87f6b90",
    "timestamp": "unknown"
  },
  {
    "title": "Solid Biosciences SGT- IND Clearance Conference Call. MB",
    "link": "https://investors.solidbio.com/static-files/f4f70c88-e3e8-498c-8fb7-5331f87f6b90",
    "timestamp": "unknown"
  },
  {
    "title": "Stay ConnectedJoin our team of experts to advance treatments for patientsLearn MoreContact UsPrivacy PolicyTerms & Conditions\u00a9  Solid Biosciences Inc.",
    "link": "https://www.linkedin.com/company/solid-biosciences",
    "timestamp": "unknown"
  },
  {
    "title": "Stay ConnectedJoin our team of experts to advance treatments for patientsLearn More",
    "link": "https://www.linkedin.com/company/solid-biosciences",
    "timestamp": "unknown"
  },
  {
    "title": "Stay Connected",
    "link": "https://www.linkedin.com/company/solid-biosciences",
    "timestamp": "unknown"
  },
  {
    "title": "Join our team of experts to advance treatments for patientsLearn More",
    "link": "https://www.solidbio.com/about/careers/open-positions",
    "timestamp": "unknown"
  },
  {
    "title": "Join our team of experts to advance treatments for patientsLearn More",
    "link": "https://www.solidbio.com/about/careers/open-positions",
    "timestamp": "unknown"
  },
  {
    "title": "Contact Us",
    "link": "https://www.solidbio.com/contact",
    "timestamp": "unknown"
  },
  {
    "title": "Privacy Policy",
    "link": "https://www.solidbio.com/privacy",
    "timestamp": "unknown"
  },
  {
    "title": "Terms & Conditions",
    "link": "https://www.solidbio.com/terms-conditions",
    "timestamp": "unknown"
  }
]