[
  {
    "title": "AboutOverviewLeadershipBoard of DirectorsSustainabilityScienceAtacicept in IgANPhase 2b Clinical DataPhase  Clinical TrialAtacicept in LNMAU868Publica",
    "link": "https://veratx.com/",
    "timestamp": "unknown"
  },
  {
    "title": "AboutOverviewLeadershipBoard of DirectorsSustainability",
    "link": "https://veratx.com/about/",
    "timestamp": "unknown"
  },
  {
    "title": "Overview",
    "link": "https://veratx.com/about/",
    "timestamp": "unknown"
  },
  {
    "title": "Leadership",
    "link": "https://veratx.com/about/#leadership",
    "timestamp": "unknown"
  },
  {
    "title": "Board of Directors",
    "link": "https://veratx.com/about#board",
    "timestamp": "unknown"
  },
  {
    "title": "Sustainability",
    "link": "https://veratx.com/sustainability/",
    "timestamp": "unknown"
  },
  {
    "title": "ScienceAtacicept in IgANPhase 2b Clinical DataPhase  Clinical TrialAtacicept in LNMAU868Publications",
    "link": "https://veratx.com/science/",
    "timestamp": "unknown"
  },
  {
    "title": "Atacicept in IgANPhase 2b Clinical DataPhase  Clinical Trial",
    "link": "https://veratx.com/science/atacicept-in-igan/",
    "timestamp": "unknown"
  },
  {
    "title": "Phase 2b Clinical Data",
    "link": "https://veratx.com/science/atacicept-in-igan/#clinical-data-2b",
    "timestamp": "unknown"
  },
  {
    "title": "Phase  Clinical Trial",
    "link": "https://veratx.com/science/atacicept-in-igan/#phase-",
    "timestamp": "unknown"
  },
  {
    "title": "Atacicept in LN",
    "link": "https://veratx.com/science/atacicept-in-ln/",
    "timestamp": "unknown"
  },
  {
    "title": "MAU868",
    "link": "https://veratx.com/mau868/",
    "timestamp": "unknown"
  },
  {
    "title": "Publications",
    "link": "https://veratx.com/publications/",
    "timestamp": "unknown"
  },
  {
    "title": "PatientsIgANBKV",
    "link": "https://veratx.com/patients/",
    "timestamp": "unknown"
  },
  {
    "title": "IgAN",
    "link": "https://veratx.com/patients/#igan",
    "timestamp": "unknown"
  },
  {
    "title": "BKV",
    "link": "https://veratx.com/patients/#bkv",
    "timestamp": "unknown"
  },
  {
    "title": "CareersOpen PositionsBenefitsValuesEmployee Spotlights",
    "link": "https://veratx.com/careers/",
    "timestamp": "unknown"
  },
  {
    "title": "Open Positions",
    "link": "https://veratx.com/careers/#open-positions",
    "timestamp": "unknown"
  },
  {
    "title": "Benefits",
    "link": "https://veratx.com/careers/#benefits",
    "timestamp": "unknown"
  },
  {
    "title": "Values",
    "link": "https://veratx.com/careers/#values",
    "timestamp": "unknown"
  },
  {
    "title": "Employee Spotlights",
    "link": "https://veratx.com/careers/#spotlights",
    "timestamp": "unknown"
  },
  {
    "title": "Investors",
    "link": "https://ir.veratx.com/",
    "timestamp": "unknown"
  },
  {
    "title": "Contact",
    "link": "https://veratx.com/contact/",
    "timestamp": "unknown"
  },
  {
    "title": "AboutOverviewLeadershipBoard of DirectorsSustainability",
    "link": "https://veratx.com/about/",
    "timestamp": "unknown"
  },
  {
    "title": "Overview",
    "link": "https://veratx.com/about/",
    "timestamp": "unknown"
  },
  {
    "title": "Leadership",
    "link": "https://veratx.com/about/#leadership",
    "timestamp": "unknown"
  },
  {
    "title": "Board of Directors",
    "link": "https://veratx.com/about#board",
    "timestamp": "unknown"
  },
  {
    "title": "Sustainability",
    "link": "https://veratx.com/sustainability/",
    "timestamp": "unknown"
  },
  {
    "title": "ScienceAtacicept in IgANPhase 2b Clinical DataPhase  Clinical TrialAtacicept in LNMAU868Publications",
    "link": "https://veratx.com/science/",
    "timestamp": "unknown"
  },
  {
    "title": "Atacicept in IgANPhase 2b Clinical DataPhase  Clinical Trial",
    "link": "https://veratx.com/science/atacicept-in-igan/",
    "timestamp": "unknown"
  },
  {
    "title": "Phase 2b Clinical Data",
    "link": "https://veratx.com/science/atacicept-in-igan/#clinical-data-2b",
    "timestamp": "unknown"
  },
  {
    "title": "Phase  Clinical Trial",
    "link": "https://veratx.com/science/atacicept-in-igan/#phase-",
    "timestamp": "unknown"
  },
  {
    "title": "Atacicept in LN",
    "link": "https://veratx.com/science/atacicept-in-ln/",
    "timestamp": "unknown"
  },
  {
    "title": "MAU868",
    "link": "https://veratx.com/mau868/",
    "timestamp": "unknown"
  },
  {
    "title": "Publications",
    "link": "https://veratx.com/publications/",
    "timestamp": "unknown"
  },
  {
    "title": "PatientsIgANBKV",
    "link": "https://veratx.com/patients/",
    "timestamp": "unknown"
  },
  {
    "title": "IgAN",
    "link": "https://veratx.com/patients/#igan",
    "timestamp": "unknown"
  },
  {
    "title": "BKV",
    "link": "https://veratx.com/patients/#bkv",
    "timestamp": "unknown"
  },
  {
    "title": "CareersOpen PositionsBenefitsValuesEmployee Spotlights",
    "link": "https://veratx.com/careers/",
    "timestamp": "unknown"
  },
  {
    "title": "Open Positions",
    "link": "https://veratx.com/careers/#open-positions",
    "timestamp": "unknown"
  },
  {
    "title": "Benefits",
    "link": "https://veratx.com/careers/#benefits",
    "timestamp": "unknown"
  },
  {
    "title": "Values",
    "link": "https://veratx.com/careers/#values",
    "timestamp": "unknown"
  },
  {
    "title": "Employee Spotlights",
    "link": "https://veratx.com/careers/#spotlights",
    "timestamp": "unknown"
  },
  {
    "title": "Investors",
    "link": "https://ir.veratx.com/",
    "timestamp": "unknown"
  },
  {
    "title": "Contact",
    "link": "https://veratx.com/contact/",
    "timestamp": "unknown"
  },
  {
    "title": "InvestorsOverviewStock InformationNewsInvestor CalendarPresentationsFinancial InformationAnalyst CoverageCorporate GovernanceGovernance OverviewManage",
    "link": "https://ir.veratx.com/",
    "timestamp": "unknown"
  },
  {
    "title": "InvestorsOverviewStock InformationNewsInvestor CalendarPresentationsFinancial InformationAnalyst CoverageCorporate GovernanceGovernance OverviewManage",
    "link": "https://ir.veratx.com/",
    "timestamp": "unknown"
  },
  {
    "title": "Overview",
    "link": "https://ir.veratx.com/",
    "timestamp": "unknown"
  },
  {
    "title": "Stock Information",
    "link": "https://ir.veratx.com/stock-information/stock-quote-chart",
    "timestamp": "unknown"
  },
  {
    "title": "News",
    "link": "https://ir.veratx.com/news-events/news-releases",
    "timestamp": "unknown"
  },
  {
    "title": "Investor Calendar",
    "link": "https://ir.veratx.com/news-events/investor-calendar",
    "timestamp": "unknown"
  },
  {
    "title": "Presentations",
    "link": "https://ir.veratx.com/news-events/presentations",
    "timestamp": "unknown"
  },
  {
    "title": "Financial Information",
    "link": "https://ir.veratx.com/financial-information/sec-filings",
    "timestamp": "unknown"
  },
  {
    "title": "Analyst Coverage",
    "link": "https://ir.veratx.com/stock-information/analyst-coverage",
    "timestamp": "unknown"
  },
  {
    "title": "Corporate GovernanceGovernance OverviewManagementBoard of DirectorsCommittee Composition",
    "link": "https://ir.veratx.com/corporate-governance/governance-highlights",
    "timestamp": "unknown"
  },
  {
    "title": "Governance Overview",
    "link": "https://ir.veratx.com/corporate-governance/governance-highlights",
    "timestamp": "unknown"
  },
  {
    "title": "Management",
    "link": "https://veratx.com/about/#management",
    "timestamp": "unknown"
  },
  {
    "title": "Board of Directors",
    "link": "https://veratx.com/about#board",
    "timestamp": "unknown"
  },
  {
    "title": "Committee Composition",
    "link": "https://ir.veratx.com/corporate-governance/committee-composition",
    "timestamp": "unknown"
  },
  {
    "title": "Investor ResourcesInvestor FAQsEmail AlertsContact IR",
    "link": "https://ir.veratx.com/investor-resources/investor-faq",
    "timestamp": "unknown"
  },
  {
    "title": "Investor FAQs",
    "link": "https://ir.veratx.com/investor-resources/investor-faq",
    "timestamp": "unknown"
  },
  {
    "title": "Email Alerts",
    "link": "https://ir.veratx.com/investor-resources/email-alerts",
    "timestamp": "unknown"
  },
  {
    "title": "Contact IR",
    "link": "https://ir.veratx.com/investor-resources/contact-ir",
    "timestamp": "unknown"
  },
  {
    "title": "YearNoneJuly ,Vera Therapeutics Reports Inducement Grants Under Nasdaq Listing Rule (c)()BRISBANE, Calif. , July ,  (GLOBE NEWSWIRE) -- Vera Therapeut",
    "link": "https://ir.veratx.com/news-releases/news-release-details/vera-therapeutics-reports-inducement-grants-under-nasdaq-",
    "timestamp": "unknown"
  },
  {
    "title": "YearNoneJuly ,Vera Therapeutics Reports Inducement Grants Under Nasdaq Listing Rule (c)()BRISBANE, Calif. , July ,  (GLOBE NEWSWIRE) -- Vera Therapeut",
    "link": "https://ir.veratx.com/news-releases/news-release-details/vera-therapeutics-reports-inducement-grants-under-nasdaq-",
    "timestamp": "unknown"
  },
  {
    "title": "YearNoneJuly ,Vera Therapeutics Reports Inducement Grants Under Nasdaq Listing Rule (c)()BRISBANE, Calif. , July ,  (GLOBE NEWSWIRE) -- Vera Therapeut",
    "link": "https://ir.veratx.com/news-releases/news-release-details/vera-therapeutics-reports-inducement-grants-under-nasdaq-",
    "timestamp": "unknown"
  },
  {
    "title": "YearNoneJuly ,Vera Therapeutics Reports Inducement Grants Under Nasdaq Listing Rule (c)()BRISBANE, Calif. , July ,  (GLOBE NEWSWIRE) -- Vera Therapeut",
    "link": "https://ir.veratx.com/news-releases/news-release-details/vera-therapeutics-reports-inducement-grants-under-nasdaq-",
    "timestamp": "unknown"
  },
  {
    "title": "YearNoneJuly ,Vera Therapeutics Reports Inducement Grants Under Nasdaq Listing Rule (c)()BRISBANE, Calif. , July ,  (GLOBE NEWSWIRE) -- Vera Therapeut",
    "link": "https://ir.veratx.com/news-releases/news-release-details/vera-therapeutics-reports-inducement-grants-under-nasdaq-",
    "timestamp": "unknown"
  },
  {
    "title": "YearNoneJuly ,Vera Therapeutics Reports Inducement Grants Under Nasdaq Listing Rule (c)()BRISBANE, Calif. , July ,  (GLOBE NEWSWIRE) -- Vera Therapeut",
    "link": "https://ir.veratx.com/news-releases/news-release-details/vera-therapeutics-reports-inducement-grants-under-nasdaq-",
    "timestamp": "unknown"
  },
  {
    "title": "YearNoneJuly ,Vera Therapeutics Reports Inducement Grants Under Nasdaq Listing Rule (c)()BRISBANE, Calif. , July ,  (GLOBE NEWSWIRE) -- Vera Therapeut",
    "link": "https://ir.veratx.com/news-releases/news-release-details/vera-therapeutics-reports-inducement-grants-under-nasdaq-",
    "timestamp": "unknown"
  },
  {
    "title": "YearNoneJuly ,Vera Therapeutics Reports Inducement Grants Under Nasdaq Listing Rule (c)()BRISBANE, Calif. , July ,  (GLOBE NEWSWIRE) -- Vera Therapeut",
    "link": "https://ir.veratx.com/news-releases/news-release-details/vera-therapeutics-reports-inducement-grants-under-nasdaq-",
    "timestamp": "unknown"
  },
  {
    "title": "YearNoneJuly ,Vera Therapeutics Reports Inducement Grants Under Nasdaq Listing Rule (c)()BRISBANE, Calif. , July ,  (GLOBE NEWSWIRE) -- Vera Therapeut",
    "link": "https://ir.veratx.com/news-releases/news-release-details/vera-therapeutics-reports-inducement-grants-under-nasdaq-",
    "timestamp": "unknown"
  },
  {
    "title": "YearNoneJuly ,Vera Therapeutics Reports Inducement Grants Under Nasdaq Listing Rule (c)()BRISBANE, Calif. , July ,  (GLOBE NEWSWIRE) -- Vera Therapeut",
    "link": "https://ir.veratx.com/news-releases/news-release-details/vera-therapeutics-reports-inducement-grants-under-nasdaq-",
    "timestamp": "unknown"
  },
  {
    "title": "YearNoneJuly ,Vera Therapeutics Reports Inducement Grants Under Nasdaq Listing Rule (c)()BRISBANE, Calif. , July ,  (GLOBE NEWSWIRE) -- Vera Therapeut",
    "link": "https://ir.veratx.com/news-releases/news-release-details/vera-therapeutics-reports-inducement-grants-under-nasdaq-",
    "timestamp": "unknown"
  },
  {
    "title": "YearNoneJuly ,Vera Therapeutics Reports Inducement Grants Under Nasdaq Listing Rule (c)()BRISBANE, Calif. , July ,  (GLOBE NEWSWIRE) -- Vera Therapeut",
    "link": "https://ir.veratx.com/news-releases/news-release-details/vera-therapeutics-reports-inducement-grants-under-nasdaq-",
    "timestamp": "unknown"
  },
  {
    "title": "YearNoneJuly ,Vera Therapeutics Reports Inducement Grants Under Nasdaq Listing Rule (c)()BRISBANE, Calif. , July ,  (GLOBE NEWSWIRE) -- Vera Therapeut",
    "link": "https://ir.veratx.com/news-releases/news-release-details/vera-therapeutics-reports-inducement-grants-under-nasdaq-",
    "timestamp": "unknown"
  },
  {
    "title": "YearNoneJuly ,Vera Therapeutics Reports Inducement Grants Under Nasdaq Listing Rule (c)()BRISBANE, Calif. , July ,  (GLOBE NEWSWIRE) -- Vera Therapeut",
    "link": "https://ir.veratx.com/news-releases/news-release-details/vera-therapeutics-reports-inducement-grants-under-nasdaq-",
    "timestamp": "unknown"
  },
  {
    "title": "YearNoneJuly ,Vera Therapeutics Reports Inducement Grants Under Nasdaq Listing Rule (c)()BRISBANE, Calif. , July ,  (GLOBE NEWSWIRE) -- Vera Therapeut",
    "link": "https://ir.veratx.com/news-releases/news-release-details/vera-therapeutics-reports-inducement-grants-under-nasdaq-",
    "timestamp": "unknown"
  },
  {
    "title": "July ,Vera Therapeutics Reports Inducement Grants Under Nasdaq Listing Rule (c)()BRISBANE, Calif. , July ,  (GLOBE NEWSWIRE) -- Vera Therapeutics, Inc",
    "link": "https://ir.veratx.com/news-releases/news-release-details/vera-therapeutics-reports-inducement-grants-under-nasdaq-",
    "timestamp": "unknown"
  },
  {
    "title": "July ,Vera Therapeutics Reports Inducement Grants Under Nasdaq Listing Rule (c)()BRISBANE, Calif. , July ,  (GLOBE NEWSWIRE) -- Vera Therapeutics, Inc",
    "link": "https://ir.veratx.com/news-releases/news-release-details/vera-therapeutics-reports-inducement-grants-under-nasdaq-",
    "timestamp": "unknown"
  },
  {
    "title": "BRISBANE, Calif. , July ,  (GLOBE NEWSWIRE) -- Vera Therapeutics, Inc. (Nasdaq: VERA) today announced that on July , , the Compensation Committee gran",
    "link": "https://ir.veratx.com/news-releases/news-release-details/vera-therapeutics-reports-inducement-grants-under-nasdaq-",
    "timestamp": "unknown"
  },
  {
    "title": "June ,Vera Therapeutics Reports Inducement Grants Under Nasdaq Listing Rule (c)()BRISBANE, Calif., June ,  (GLOBE NEWSWIRE) -- Vera Therapeutics, Inc.",
    "link": "https://ir.veratx.com/news-releases/news-release-details/vera-therapeutics-reports-inducement-grants-under-nasdaq-",
    "timestamp": "unknown"
  },
  {
    "title": "BRISBANE, Calif., June ,  (GLOBE NEWSWIRE) -- Vera Therapeutics, Inc. (Nasdaq: VERA) today announced that on June , , the Compensation Committee grant",
    "link": "https://ir.veratx.com/news-releases/news-release-details/vera-therapeutics-reports-inducement-grants-under-nasdaq-",
    "timestamp": "unknown"
  },
  {
    "title": "June ,Vera Therapeutics to Participate in the Goldman Sachs 46th Annual Global Healthcare ConferenceBRISBANE, Calif., June ,  (GLOBE NEWSWIRE) -- Vera",
    "link": "https://ir.veratx.com/news-releases/news-release-details/vera-therapeutics-participate-goldman-sachs-46th-annual-global",
    "timestamp": "unknown"
  },
  {
    "title": "BRISBANE, Calif., June ,  (GLOBE NEWSWIRE) -- Vera Therapeutics, Inc. (Nasdaq: VERA), a late clinical-stage biotechnology company focused on developin",
    "link": "https://ir.veratx.com/news-releases/news-release-details/vera-therapeutics-participate-goldman-sachs-46th-annual-global",
    "timestamp": "unknown"
  },
  {
    "title": "June ,Vera Therapeutics Announces Refinancing of Existing Oxford Debt Facility,\u00a0Providing up to $ Million of Term LoansBRISBANE, Calif., June ,  (GLOB",
    "link": "https://ir.veratx.com/news-releases/news-release-details/vera-therapeutics-announces-refinancing-existing-oxford-debt",
    "timestamp": "unknown"
  },
  {
    "title": "BRISBANE, Calif., June ,  (GLOBE NEWSWIRE) -- Vera Therapeutics, Inc. (\u201cVera\u201d), a late clinical-stage biotechnology company focused on developing and ",
    "link": "https://ir.veratx.com/news-releases/news-release-details/vera-therapeutics-announces-refinancing-existing-oxford-debt",
    "timestamp": "unknown"
  },
  {
    "title": "June ,Vera Therapeutics Announces Atacicept Achieved % Proteinuria Reduction in ORIGIN Phase  Trial in Adults with IgA NephropathyAtacicept ORIGIN Pha",
    "link": "https://ir.veratx.com/news-releases/news-release-details/vera-therapeutics-announces-atacicept-achieved--proteinuria",
    "timestamp": "unknown"
  },
  {
    "title": "Atacicept ORIGIN Phase  trial met the primary endpoint of reduction in proteinuria (UPCR) at week ; participants receiving atacicept achieved a % redu",
    "link": "https://ir.veratx.com/news-releases/news-release-details/vera-therapeutics-announces-atacicept-achieved--proteinuria",
    "timestamp": "unknown"
  },
  {
    "title": "May ,Vera Therapeutics Reports Inducement Grants Under Nasdaq Listing Rule (c)()BRISBANE, Calif., May ,  (GLOBE NEWSWIRE) -- Vera Therapeutics, Inc. (",
    "link": "https://ir.veratx.com/news-releases/news-release-details/vera-therapeutics-reports-inducement-grants-under-nasdaq-",
    "timestamp": "unknown"
  },
  {
    "title": "BRISBANE, Calif., May ,  (GLOBE NEWSWIRE) -- Vera Therapeutics, Inc. (Nasdaq: VERA) today announced that on May , , the Compensation Committee granted",
    "link": "https://ir.veratx.com/news-releases/news-release-details/vera-therapeutics-reports-inducement-grants-under-nasdaq-",
    "timestamp": "unknown"
  },
  {
    "title": "May ,Vera Therapeutics Provides Business Update and Reports First Quarter  Financial ResultsOn track to announce the primary endpoint results from the",
    "link": "https://ir.veratx.com/news-releases/news-release-details/vera-therapeutics-provides-business-update-and-reports-first-",
    "timestamp": "unknown"
  },
  {
    "title": "On track to announce the primary endpoint results from the atacicept pivotal Phase  ORIGIN trial in IgA Nephropathy (IgAN) in 2Q ; planning for Biolog",
    "link": "https://ir.veratx.com/news-releases/news-release-details/vera-therapeutics-provides-business-update-and-reports-first-",
    "timestamp": "unknown"
  },
  {
    "title": "April ,Vera Therapeutics Reports Inducement Grants Under Nasdaq Listing Rule (c)()BRISBANE, Calif., April ,  (GLOBE NEWSWIRE) -- Vera Therapeutics, In",
    "link": "https://ir.veratx.com/news-releases/news-release-details/vera-therapeutics-reports-inducement-grants-under-nasdaq-",
    "timestamp": "unknown"
  },
  {
    "title": "BRISBANE, Calif., April ,  (GLOBE NEWSWIRE) -- Vera Therapeutics, Inc. (Nasdaq: VERA) today announced that on April , , the Compensation Committee gra",
    "link": "https://ir.veratx.com/news-releases/news-release-details/vera-therapeutics-reports-inducement-grants-under-nasdaq-",
    "timestamp": "unknown"
  },
  {
    "title": "April ,Vera Therapeutics Completes Full Enrollment\u00a0in Pivotal ORIGIN Phase  Trial for Atacicept in IgANOn track to announce primary endpoint result fr",
    "link": "https://ir.veratx.com/news-releases/news-release-details/vera-therapeutics-completes-full-enrollment-pivotal-origin-phase",
    "timestamp": "unknown"
  },
  {
    "title": "On track to announce primary endpoint result from ORIGIN  trial this quarter (2Q ) U.S. FDA BLA submission for accelerated approval planned for 2H  BR",
    "link": "https://ir.veratx.com/news-releases/news-release-details/vera-therapeutics-completes-full-enrollment-pivotal-origin-phase",
    "timestamp": "unknown"
  },
  {
    "title": "March ,Vera Therapeutics Reports Inducement Grants Under Nasdaq Listing Rule (c)()BRISBANE, Calif., March ,  (GLOBE NEWSWIRE) -- Vera Therapeutics, In",
    "link": "https://ir.veratx.com/news-releases/news-release-details/vera-therapeutics-reports-inducement-grants-under-nasdaq-",
    "timestamp": "unknown"
  },
  {
    "title": "BRISBANE, Calif., March ,  (GLOBE NEWSWIRE) -- Vera Therapeutics, Inc. (Nasdaq: VERA) today announced that on March , , the Compensation Committee gra",
    "link": "https://ir.veratx.com/news-releases/news-release-details/vera-therapeutics-reports-inducement-grants-under-nasdaq-",
    "timestamp": "unknown"
  },
  {
    "title": "PaginationCurrent pagePageNext pagenext \u203aLast pagelast \u00bb",
    "link": "https://ir.veratx.com/news-events/news-releases?page=",
    "timestamp": "unknown"
  },
  {
    "title": "Current page",
    "link": "https://ir.veratx.com/news-events/news-releases?page=",
    "timestamp": "unknown"
  },
  {
    "title": "Page",
    "link": "https://ir.veratx.com/news-events/news-releases?page=",
    "timestamp": "unknown"
  },
  {
    "title": "Next pagenext \u203a",
    "link": "https://ir.veratx.com/news-events/news-releases?page=",
    "timestamp": "unknown"
  },
  {
    "title": "Last pagelast \u00bb",
    "link": "https://ir.veratx.com/news-events/news-releases?page=",
    "timestamp": "unknown"
  },
  {
    "title": "info@veratx.com() -Sierra Point Parkway,SuiteBrisbane, CACopyright \u00a9Vera Therapeutics.All Rights Reserved.Privacy Policy\u2013Terms of Use",
    "link": "https://veratx.com/",
    "timestamp": "unknown"
  },
  {
    "title": "info@veratx.com() -Sierra Point Parkway,SuiteBrisbane, CA",
    "link": "https://veratx.com/",
    "timestamp": "unknown"
  },
  {
    "title": "info@veratx.com() -",
    "link": "mailto:info@veratx.com",
    "timestamp": "unknown"
  },
  {
    "title": "info@veratx.com() -",
    "link": "mailto:info@veratx.com",
    "timestamp": "unknown"
  },
  {
    "title": "Copyright \u00a9Vera Therapeutics.All Rights Reserved.Privacy Policy\u2013Terms of Use",
    "link": "http://veratx.com/privacy-policy/",
    "timestamp": "unknown"
  },
  {
    "title": "All Rights Reserved.Privacy Policy\u2013Terms of Use",
    "link": "http://veratx.com/privacy-policy/",
    "timestamp": "unknown"
  },
  {
    "title": "All Rights Reserved.Privacy Policy\u2013Terms of Use",
    "link": "http://veratx.com/privacy-policy/",
    "timestamp": "unknown"
  },
  {
    "title": "All Rights Reserved.Privacy Policy\u2013Terms of Use",
    "link": "http://veratx.com/privacy-policy/",
    "timestamp": "unknown"
  }
]