[
  {
    "title": "AboutOverviewLeadershipBoard of DirectorsSustainabilityScienceAtacicept in IgANPhase 2b Clinical DataPhase  Clinical TrialAtacicept in LNMAU868Publica",
    "link": "https://veratx.com/",
    "timestamp": "unknown"
  },
  {
    "title": "AboutOverviewLeadershipBoard of DirectorsSustainability",
    "link": "https://veratx.com/about/",
    "timestamp": "unknown"
  },
  {
    "title": "Overview",
    "link": "https://veratx.com/about/",
    "timestamp": "unknown"
  },
  {
    "title": "Leadership",
    "link": "https://veratx.com/about/#leadership",
    "timestamp": "unknown"
  },
  {
    "title": "Board of Directors",
    "link": "https://veratx.com/about#board",
    "timestamp": "unknown"
  },
  {
    "title": "Sustainability",
    "link": "https://veratx.com/sustainability/",
    "timestamp": "unknown"
  },
  {
    "title": "ScienceAtacicept in IgANPhase 2b Clinical DataPhase  Clinical TrialAtacicept in LNMAU868Publications",
    "link": "https://veratx.com/science/",
    "timestamp": "unknown"
  },
  {
    "title": "Atacicept in IgANPhase 2b Clinical DataPhase  Clinical Trial",
    "link": "https://veratx.com/science/atacicept-in-igan/",
    "timestamp": "unknown"
  },
  {
    "title": "Phase 2b Clinical Data",
    "link": "https://veratx.com/science/atacicept-in-igan/#clinical-data-2b",
    "timestamp": "unknown"
  },
  {
    "title": "Phase  Clinical Trial",
    "link": "https://veratx.com/science/atacicept-in-igan/#phase-",
    "timestamp": "unknown"
  },
  {
    "title": "Atacicept in LN",
    "link": "https://veratx.com/science/atacicept-in-ln/",
    "timestamp": "unknown"
  },
  {
    "title": "MAU868",
    "link": "https://veratx.com/mau868/",
    "timestamp": "unknown"
  },
  {
    "title": "Publications",
    "link": "https://veratx.com/publications/",
    "timestamp": "unknown"
  },
  {
    "title": "PatientsIgANBKV",
    "link": "https://veratx.com/patients/",
    "timestamp": "unknown"
  },
  {
    "title": "IgAN",
    "link": "https://veratx.com/patients/#igan",
    "timestamp": "unknown"
  },
  {
    "title": "BKV",
    "link": "https://veratx.com/patients/#bkv",
    "timestamp": "unknown"
  },
  {
    "title": "CareersOpen PositionsBenefitsValuesEmployee Spotlights",
    "link": "https://veratx.com/careers/",
    "timestamp": "unknown"
  },
  {
    "title": "Open Positions",
    "link": "https://veratx.com/careers/#open-positions",
    "timestamp": "unknown"
  },
  {
    "title": "Benefits",
    "link": "https://veratx.com/careers/#benefits",
    "timestamp": "unknown"
  },
  {
    "title": "Values",
    "link": "https://veratx.com/careers/#values",
    "timestamp": "unknown"
  },
  {
    "title": "Employee Spotlights",
    "link": "https://veratx.com/careers/#spotlights",
    "timestamp": "unknown"
  },
  {
    "title": "Investors",
    "link": "https://ir.veratx.com/",
    "timestamp": "unknown"
  },
  {
    "title": "Contact",
    "link": "https://veratx.com/contact/",
    "timestamp": "unknown"
  },
  {
    "title": "AboutOverviewLeadershipBoard of DirectorsSustainability",
    "link": "https://veratx.com/about/",
    "timestamp": "unknown"
  },
  {
    "title": "Overview",
    "link": "https://veratx.com/about/",
    "timestamp": "unknown"
  },
  {
    "title": "Leadership",
    "link": "https://veratx.com/about/#leadership",
    "timestamp": "unknown"
  },
  {
    "title": "Board of Directors",
    "link": "https://veratx.com/about#board",
    "timestamp": "unknown"
  },
  {
    "title": "Sustainability",
    "link": "https://veratx.com/sustainability/",
    "timestamp": "unknown"
  },
  {
    "title": "ScienceAtacicept in IgANPhase 2b Clinical DataPhase  Clinical TrialAtacicept in LNMAU868Publications",
    "link": "https://veratx.com/science/",
    "timestamp": "unknown"
  },
  {
    "title": "Atacicept in IgANPhase 2b Clinical DataPhase  Clinical Trial",
    "link": "https://veratx.com/science/atacicept-in-igan/",
    "timestamp": "unknown"
  },
  {
    "title": "Phase 2b Clinical Data",
    "link": "https://veratx.com/science/atacicept-in-igan/#clinical-data-2b",
    "timestamp": "unknown"
  },
  {
    "title": "Phase  Clinical Trial",
    "link": "https://veratx.com/science/atacicept-in-igan/#phase-",
    "timestamp": "unknown"
  },
  {
    "title": "Atacicept in LN",
    "link": "https://veratx.com/science/atacicept-in-ln/",
    "timestamp": "unknown"
  },
  {
    "title": "MAU868",
    "link": "https://veratx.com/mau868/",
    "timestamp": "unknown"
  },
  {
    "title": "Publications",
    "link": "https://veratx.com/publications/",
    "timestamp": "unknown"
  },
  {
    "title": "PatientsIgANBKV",
    "link": "https://veratx.com/patients/",
    "timestamp": "unknown"
  },
  {
    "title": "IgAN",
    "link": "https://veratx.com/patients/#igan",
    "timestamp": "unknown"
  },
  {
    "title": "BKV",
    "link": "https://veratx.com/patients/#bkv",
    "timestamp": "unknown"
  },
  {
    "title": "CareersOpen PositionsBenefitsValuesEmployee Spotlights",
    "link": "https://veratx.com/careers/",
    "timestamp": "unknown"
  },
  {
    "title": "Open Positions",
    "link": "https://veratx.com/careers/#open-positions",
    "timestamp": "unknown"
  },
  {
    "title": "Benefits",
    "link": "https://veratx.com/careers/#benefits",
    "timestamp": "unknown"
  },
  {
    "title": "Values",
    "link": "https://veratx.com/careers/#values",
    "timestamp": "unknown"
  },
  {
    "title": "Employee Spotlights",
    "link": "https://veratx.com/careers/#spotlights",
    "timestamp": "unknown"
  },
  {
    "title": "Investors",
    "link": "https://ir.veratx.com/",
    "timestamp": "unknown"
  },
  {
    "title": "Contact",
    "link": "https://veratx.com/contact/",
    "timestamp": "unknown"
  },
  {
    "title": "InvestorsOverviewStock InformationNewsInvestor CalendarPresentationsFinancial InformationAnalyst CoverageCorporate GovernanceGovernance OverviewManage",
    "link": "https://ir.veratx.com/",
    "timestamp": "unknown"
  },
  {
    "title": "InvestorsOverviewStock InformationNewsInvestor CalendarPresentationsFinancial InformationAnalyst CoverageCorporate GovernanceGovernance OverviewManage",
    "link": "https://ir.veratx.com/",
    "timestamp": "unknown"
  },
  {
    "title": "Overview",
    "link": "https://ir.veratx.com/",
    "timestamp": "unknown"
  },
  {
    "title": "Stock Information",
    "link": "https://ir.veratx.com/stock-information/stock-quote-chart",
    "timestamp": "unknown"
  },
  {
    "title": "News",
    "link": "https://ir.veratx.com/news-events/news-releases",
    "timestamp": "unknown"
  },
  {
    "title": "Investor Calendar",
    "link": "https://ir.veratx.com/news-events/investor-calendar",
    "timestamp": "unknown"
  },
  {
    "title": "Presentations",
    "link": "https://ir.veratx.com/news-events/presentations",
    "timestamp": "unknown"
  },
  {
    "title": "Financial Information",
    "link": "https://ir.veratx.com/financial-information/sec-filings",
    "timestamp": "unknown"
  },
  {
    "title": "Analyst Coverage",
    "link": "https://ir.veratx.com/stock-information/analyst-coverage",
    "timestamp": "unknown"
  },
  {
    "title": "Corporate GovernanceGovernance OverviewManagementBoard of DirectorsCommittee Composition",
    "link": "https://ir.veratx.com/corporate-governance/governance-highlights",
    "timestamp": "unknown"
  },
  {
    "title": "Governance Overview",
    "link": "https://ir.veratx.com/corporate-governance/governance-highlights",
    "timestamp": "unknown"
  },
  {
    "title": "Management",
    "link": "https://veratx.com/about/#management",
    "timestamp": "unknown"
  },
  {
    "title": "Board of Directors",
    "link": "https://veratx.com/about#board",
    "timestamp": "unknown"
  },
  {
    "title": "Committee Composition",
    "link": "https://ir.veratx.com/corporate-governance/committee-composition",
    "timestamp": "unknown"
  },
  {
    "title": "Investor ResourcesInvestor FAQsEmail AlertsContact IR",
    "link": "https://ir.veratx.com/investor-resources/investor-faq",
    "timestamp": "unknown"
  },
  {
    "title": "Investor FAQs",
    "link": "https://ir.veratx.com/investor-resources/investor-faq",
    "timestamp": "unknown"
  },
  {
    "title": "Email Alerts",
    "link": "https://ir.veratx.com/investor-resources/email-alerts",
    "timestamp": "unknown"
  },
  {
    "title": "Contact IR",
    "link": "https://ir.veratx.com/investor-resources/contact-ir",
    "timestamp": "unknown"
  },
  {
    "title": "Group,,Annual FilingsCurrent ReportsMergers & AcquisitionsOtherProxy FilingsQuarterly FilingsRegistration StatementsFiling year- Any -Filing dateFormD",
    "link": "https://ir.veratx.com/financial-information/sec-filings?items_per_page=&order=field_nir_sec_date_filed&sort=asc",
    "timestamp": "unknown"
  },
  {
    "title": "Group,,Annual FilingsCurrent ReportsMergers & AcquisitionsOtherProxy FilingsQuarterly FilingsRegistration StatementsFiling year- Any -Filing dateFormD",
    "link": "https://ir.veratx.com/financial-information/sec-filings?items_per_page=&order=field_nir_sec_date_filed&sort=asc",
    "timestamp": "unknown"
  },
  {
    "title": "Group,,Annual FilingsCurrent ReportsMergers & AcquisitionsOtherProxy FilingsQuarterly FilingsRegistration StatementsFiling year- Any -Filing dateFormD",
    "link": "https://ir.veratx.com/financial-information/sec-filings?items_per_page=&order=field_nir_sec_date_filed&sort=asc",
    "timestamp": "unknown"
  },
  {
    "title": "Group,,Annual FilingsCurrent ReportsMergers & AcquisitionsOtherProxy FilingsQuarterly FilingsRegistration StatementsFiling year- Any -Filing dateFormD",
    "link": "https://ir.veratx.com/financial-information/sec-filings?items_per_page=&order=field_nir_sec_date_filed&sort=asc",
    "timestamp": "unknown"
  },
  {
    "title": "Group,,Annual FilingsCurrent ReportsMergers & AcquisitionsOtherProxy FilingsQuarterly FilingsRegistration StatementsFiling year- Any -Filing dateFormD",
    "link": "https://ir.veratx.com/financial-information/sec-filings?items_per_page=&order=field_nir_sec_date_filed&sort=asc",
    "timestamp": "unknown"
  },
  {
    "title": "Group,,Annual FilingsCurrent ReportsMergers & AcquisitionsOtherProxy FilingsQuarterly FilingsRegistration StatementsFiling year- Any -Filing dateFormD",
    "link": "https://ir.veratx.com/financial-information/sec-filings?items_per_page=&order=field_nir_sec_date_filed&sort=asc",
    "timestamp": "unknown"
  },
  {
    "title": "Group,,Annual FilingsCurrent ReportsMergers & AcquisitionsOtherProxy FilingsQuarterly FilingsRegistration StatementsFiling year- Any -Filing dateFormD",
    "link": "https://ir.veratx.com/financial-information/sec-filings?items_per_page=&order=field_nir_sec_date_filed&sort=asc",
    "timestamp": "unknown"
  },
  {
    "title": "Group,,Annual FilingsCurrent ReportsMergers & AcquisitionsOtherProxy FilingsQuarterly FilingsRegistration StatementsFiling year- Any -Filing dateFormD",
    "link": "https://ir.veratx.com/financial-information/sec-filings?items_per_page=&order=field_nir_sec_date_filed&sort=asc",
    "timestamp": "unknown"
  },
  {
    "title": "Group,,Annual FilingsCurrent ReportsMergers & AcquisitionsOtherProxy FilingsQuarterly FilingsRegistration StatementsFiling year- Any -Filing dateFormD",
    "link": "https://ir.veratx.com/financial-information/sec-filings?items_per_page=&order=field_nir_sec_date_filed&sort=asc",
    "timestamp": "unknown"
  },
  {
    "title": "Group,,Annual FilingsCurrent ReportsMergers & AcquisitionsOtherProxy FilingsQuarterly FilingsRegistration StatementsFiling year- Any -Filing dateFormD",
    "link": "https://ir.veratx.com/financial-information/sec-filings?items_per_page=&order=field_nir_sec_date_filed&sort=asc",
    "timestamp": "unknown"
  },
  {
    "title": "Group,,Annual FilingsCurrent ReportsMergers & AcquisitionsOtherProxy FilingsQuarterly FilingsRegistration StatementsFiling year- Any -Filing dateFormD",
    "link": "https://ir.veratx.com/financial-information/sec-filings?items_per_page=&order=field_nir_sec_date_filed&sort=asc",
    "timestamp": "unknown"
  },
  {
    "title": "Group,,Annual FilingsCurrent ReportsMergers & AcquisitionsOtherProxy FilingsQuarterly FilingsRegistration StatementsFiling year- Any -Filing dateFormD",
    "link": "https://ir.veratx.com/financial-information/sec-filings?items_per_page=&order=field_nir_sec_date_filed&sort=asc",
    "timestamp": "unknown"
  },
  {
    "title": "Group,,Annual FilingsCurrent ReportsMergers & AcquisitionsOtherProxy FilingsQuarterly FilingsRegistration StatementsFiling year- Any -Filing dateFormD",
    "link": "https://ir.veratx.com/financial-information/sec-filings?items_per_page=&order=field_nir_sec_date_filed&sort=asc",
    "timestamp": "unknown"
  },
  {
    "title": "Group,,Annual FilingsCurrent ReportsMergers & AcquisitionsOtherProxy FilingsQuarterly FilingsRegistration StatementsFiling year- Any -Filing dateFormD",
    "link": "https://ir.veratx.com/financial-information/sec-filings?items_per_page=&order=field_nir_sec_date_filed&sort=asc",
    "timestamp": "unknown"
  },
  {
    "title": "Group,,Annual FilingsCurrent ReportsMergers & AcquisitionsOtherProxy FilingsQuarterly FilingsRegistration StatementsFiling year- Any -Filing dateFormD",
    "link": "https://ir.veratx.com/financial-information/sec-filings?items_per_page=&order=field_nir_sec_date_filed&sort=asc",
    "timestamp": "unknown"
  },
  {
    "title": "Filing dateFormDescriptionViewJune ,Statement of changes in beneficial ownership of securities--.pdf--.rtf--.xlsView HTMLJune ,SCHEDULE 13GSCHEDULE 13",
    "link": "https://ir.veratx.com/financial-information/sec-filings?items_per_page=&order=field_nir_sec_date_filed&sort=asc",
    "timestamp": "unknown"
  },
  {
    "title": "Filing dateFormDescriptionView",
    "link": "https://ir.veratx.com/financial-information/sec-filings?items_per_page=&order=field_nir_sec_date_filed&sort=asc",
    "timestamp": "unknown"
  },
  {
    "title": "June ,Statement of changes in beneficial ownership of securities--.pdf--.rtf--.xlsView HTML",
    "link": "https://ir.veratx.com/sec-filings/sec-filing//--",
    "timestamp": "unknown"
  },
  {
    "title": "--.pdf",
    "link": "https://ir.veratx.com/static-files/c16dd748-e3ad-4f41-a28b-127348ee74d9",
    "timestamp": "unknown"
  },
  {
    "title": "--.rtf",
    "link": "https://ir.veratx.com/static-files/f13d333b--4c95-ae81-486639ca766f",
    "timestamp": "unknown"
  },
  {
    "title": "--.xls",
    "link": "https://ir.veratx.com/static-files/6f2faad1-6a8e-4f63-a523-57fd7a94204e",
    "timestamp": "unknown"
  },
  {
    "title": "June ,SCHEDULE 13GSCHEDULE 13G - Description--.pdf--.rtf--.xlsView HTML",
    "link": "https://ir.veratx.com/sec-filings/sec-filing/schedule-13g/--",
    "timestamp": "unknown"
  },
  {
    "title": "--.pdf",
    "link": "https://ir.veratx.com/static-files/28f5f44b-dc2e--bbda-b8b80e70297f",
    "timestamp": "unknown"
  },
  {
    "title": "--.rtf",
    "link": "https://ir.veratx.com/static-files/f02f16fb-1a2a-45b8-b373-d1eb18bdbef5",
    "timestamp": "unknown"
  },
  {
    "title": "--.xls",
    "link": "https://ir.veratx.com/static-files/b2823ecc-e52b-4c7f-b2e0-88fe2fee72fe",
    "timestamp": "unknown"
  },
  {
    "title": "June ,-KReport of unscheduled material events or corporate event--.pdf--.rtf--.xlsEX-.SCH - XBRL TAXONOMY EXTENSION SCHEMAView HTML",
    "link": "https://ir.veratx.com/sec-filings/sec-filing/-k/--",
    "timestamp": "unknown"
  },
  {
    "title": "--.pdf",
    "link": "https://ir.veratx.com/static-files/3b5ab4a9--4cb5-9fba-1df979997c5e",
    "timestamp": "unknown"
  },
  {
    "title": "--.rtf",
    "link": "https://ir.veratx.com/static-files/a5d0a2f8-92ea--ac97-5ddd1bb19736",
    "timestamp": "unknown"
  },
  {
    "title": "--.xls",
    "link": "https://ir.veratx.com/static-files/806e831e-28e2-44c8-945a-5279be2f4765",
    "timestamp": "unknown"
  },
  {
    "title": "June ,-KReport of unscheduled material events or corporate event--.pdf--.rtf--.xlsEX-.SCH - XBRL TAXONOMY EXTENSION SCHEMAView HTML",
    "link": "https://ir.veratx.com/sec-filings/sec-filing/-k/--",
    "timestamp": "unknown"
  },
  {
    "title": "--.pdf",
    "link": "https://ir.veratx.com/static-files/1405ba06-42a5-499c-a169-02194c208dca",
    "timestamp": "unknown"
  },
  {
    "title": "--.rtf",
    "link": "https://ir.veratx.com/static-files/a1fb481d-754b-4e19-ae3d-79d5c3589699",
    "timestamp": "unknown"
  },
  {
    "title": "--.xls",
    "link": "https://ir.veratx.com/static-files/8fc4e881-b1ab-4a16-b826-ae9981ba5772",
    "timestamp": "unknown"
  },
  {
    "title": "May ,-KReport of unscheduled material events or corporate event--.pdf--.rtf--.xlsEX-.SCH - XBRL TAXONOMY EXTENSION SCHEMAView HTML",
    "link": "https://ir.veratx.com/sec-filings/sec-filing/-k/--",
    "timestamp": "unknown"
  },
  {
    "title": "--.pdf",
    "link": "https://ir.veratx.com/static-files/46a1145c-f5b7-4cc0-a575-c62dcd8c008e",
    "timestamp": "unknown"
  },
  {
    "title": "--.rtf",
    "link": "https://ir.veratx.com/static-files/253abe26-4d96-473b-a898-edc038c55ca9",
    "timestamp": "unknown"
  },
  {
    "title": "--.xls",
    "link": "https://ir.veratx.com/static-files/b142b0fa-124f--a59d-6628c6ded82f",
    "timestamp": "unknown"
  },
  {
    "title": "May ,Statement of changes in beneficial ownership of securities--.pdf--.rtf--.xlsView HTML",
    "link": "https://ir.veratx.com/sec-filings/sec-filing//--",
    "timestamp": "unknown"
  },
  {
    "title": "--.pdf",
    "link": "https://ir.veratx.com/static-files/05c94130-c44e--aebd-7256b48d17f0",
    "timestamp": "unknown"
  },
  {
    "title": "--.rtf",
    "link": "https://ir.veratx.com/static-files/3ec2a31e-4fd3-43a9-ab62-5ad5ec035f59",
    "timestamp": "unknown"
  },
  {
    "title": "--.xls",
    "link": "https://ir.veratx.com/static-files/c9a3371a-9e6d-41dc-8cf2-2653de94e131",
    "timestamp": "unknown"
  },
  {
    "title": "May ,Statement of changes in beneficial ownership of securities--.pdf--.rtf--.xlsView HTML",
    "link": "https://ir.veratx.com/sec-filings/sec-filing//--",
    "timestamp": "unknown"
  },
  {
    "title": "--.pdf",
    "link": "https://ir.veratx.com/static-files/b3a7f25c-b3d5-407d-b3a6-",
    "timestamp": "unknown"
  },
  {
    "title": "--.rtf",
    "link": "https://ir.veratx.com/static-files/9223307a-528a-4ad2-b4ff-61bdfc5b84e3",
    "timestamp": "unknown"
  },
  {
    "title": "--.xls",
    "link": "https://ir.veratx.com/static-files/7837f664-dc19-41f1-9c28-0e45aba61387",
    "timestamp": "unknown"
  },
  {
    "title": "May ,Statement of changes in beneficial ownership of securities--.pdf--.rtf--.xlsView HTML",
    "link": "https://ir.veratx.com/sec-filings/sec-filing//--",
    "timestamp": "unknown"
  },
  {
    "title": "--.pdf",
    "link": "https://ir.veratx.com/static-files/49c88bc1-25ee-4d99-b679-78c51e2789df",
    "timestamp": "unknown"
  },
  {
    "title": "--.rtf",
    "link": "https://ir.veratx.com/static-files/d17b13df-4f06--83af-f079fabb6664",
    "timestamp": "unknown"
  },
  {
    "title": "--.xls",
    "link": "https://ir.veratx.com/static-files/dad8bcc5-06b7-40cf-bf76-414a42040fe0",
    "timestamp": "unknown"
  },
  {
    "title": "May ,Statement of changes in beneficial ownership of securities--.pdf--.rtf--.xlsView HTML",
    "link": "https://ir.veratx.com/sec-filings/sec-filing//--",
    "timestamp": "unknown"
  },
  {
    "title": "--.pdf",
    "link": "https://ir.veratx.com/static-files/73606f31-db74-461c-bd10-f63c4775d2b1",
    "timestamp": "unknown"
  },
  {
    "title": "--.rtf",
    "link": "https://ir.veratx.com/static-files/22551ea3--4f30-943e-7d61d55d027b",
    "timestamp": "unknown"
  },
  {
    "title": "--.xls",
    "link": "https://ir.veratx.com/static-files/34ebdf66--4c6b-92ac-631d696efa69",
    "timestamp": "unknown"
  },
  {
    "title": "May ,Statement of changes in beneficial ownership of securities--.pdf--.rtf--.xlsView HTML",
    "link": "https://ir.veratx.com/sec-filings/sec-filing//--",
    "timestamp": "unknown"
  },
  {
    "title": "--.pdf",
    "link": "https://ir.veratx.com/static-files/a56d2ff9-1c59-4dd6-b94e-53d6822ae0fe",
    "timestamp": "unknown"
  },
  {
    "title": "--.rtf",
    "link": "https://ir.veratx.com/static-files/500b3168-eb3c-4a48--2eb5d24dc468",
    "timestamp": "unknown"
  },
  {
    "title": "--.xls",
    "link": "https://ir.veratx.com/static-files/9c9de8ec-bcbb-4cf0-8f4c-cff47b819a81",
    "timestamp": "unknown"
  },
  {
    "title": "Current page",
    "link": "https://ir.veratx.com/financial-information/sec-filings?&field_nir_sec_cik_target_id=&field_nir_sec_date_filed_value=&&&items_per_page_toggle=&page=",
    "timestamp": "unknown"
  },
  {
    "title": "Page",
    "link": "https://ir.veratx.com/financial-information/sec-filings?&field_nir_sec_cik_target_id=&field_nir_sec_date_filed_value=&&&items_per_page_toggle=&page=",
    "timestamp": "unknown"
  },
  {
    "title": "Page",
    "link": "https://ir.veratx.com/financial-information/sec-filings?&field_nir_sec_cik_target_id=&field_nir_sec_date_filed_value=&&&items_per_page_toggle=&page=",
    "timestamp": "unknown"
  },
  {
    "title": "Page",
    "link": "https://ir.veratx.com/financial-information/sec-filings?&field_nir_sec_cik_target_id=&field_nir_sec_date_filed_value=&&&items_per_page_toggle=&page=",
    "timestamp": "unknown"
  },
  {
    "title": "Page",
    "link": "https://ir.veratx.com/financial-information/sec-filings?&field_nir_sec_cik_target_id=&field_nir_sec_date_filed_value=&&&items_per_page_toggle=&page=",
    "timestamp": "unknown"
  },
  {
    "title": "Page",
    "link": "https://ir.veratx.com/financial-information/sec-filings?&field_nir_sec_cik_target_id=&field_nir_sec_date_filed_value=&&&items_per_page_toggle=&page=",
    "timestamp": "unknown"
  },
  {
    "title": "Page",
    "link": "https://ir.veratx.com/financial-information/sec-filings?&field_nir_sec_cik_target_id=&field_nir_sec_date_filed_value=&&&items_per_page_toggle=&page=",
    "timestamp": "unknown"
  },
  {
    "title": "Page",
    "link": "https://ir.veratx.com/financial-information/sec-filings?&field_nir_sec_cik_target_id=&field_nir_sec_date_filed_value=&&&items_per_page_toggle=&page=",
    "timestamp": "unknown"
  },
  {
    "title": "Page",
    "link": "https://ir.veratx.com/financial-information/sec-filings?&field_nir_sec_cik_target_id=&field_nir_sec_date_filed_value=&&&items_per_page_toggle=&page=",
    "timestamp": "unknown"
  },
  {
    "title": "Next pageNext \u203a",
    "link": "https://ir.veratx.com/financial-information/sec-filings?&field_nir_sec_cik_target_id=&field_nir_sec_date_filed_value=&&&items_per_page_toggle=&page=",
    "timestamp": "unknown"
  },
  {
    "title": "Last pageLast \u00bb",
    "link": "https://ir.veratx.com/financial-information/sec-filings?&field_nir_sec_cik_target_id=&field_nir_sec_date_filed_value=&&&items_per_page_toggle=&page=",
    "timestamp": "unknown"
  },
  {
    "title": "Data provided byKaleidoscope.",
    "link": "https://www.kscope.io",
    "timestamp": "unknown"
  },
  {
    "title": "Data provided byKaleidoscope.",
    "link": "https://www.kscope.io",
    "timestamp": "unknown"
  },
  {
    "title": "info@veratx.com() -Sierra Point Parkway,SuiteBrisbane, CACopyright \u00a9Vera Therapeutics.All Rights Reserved.Privacy Policy\u2013Terms of Use",
    "link": "https://veratx.com/",
    "timestamp": "unknown"
  },
  {
    "title": "info@veratx.com() -Sierra Point Parkway,SuiteBrisbane, CA",
    "link": "https://veratx.com/",
    "timestamp": "unknown"
  },
  {
    "title": "info@veratx.com() -",
    "link": "mailto:info@veratx.com",
    "timestamp": "unknown"
  },
  {
    "title": "info@veratx.com() -",
    "link": "mailto:info@veratx.com",
    "timestamp": "unknown"
  },
  {
    "title": "Copyright \u00a9Vera Therapeutics.All Rights Reserved.Privacy Policy\u2013Terms of Use",
    "link": "http://veratx.com/privacy-policy/",
    "timestamp": "unknown"
  },
  {
    "title": "All Rights Reserved.Privacy Policy\u2013Terms of Use",
    "link": "http://veratx.com/privacy-policy/",
    "timestamp": "unknown"
  },
  {
    "title": "All Rights Reserved.Privacy Policy\u2013Terms of Use",
    "link": "http://veratx.com/privacy-policy/",
    "timestamp": "unknown"
  },
  {
    "title": "All Rights Reserved.Privacy Policy\u2013Terms of Use",
    "link": "http://veratx.com/privacy-policy/",
    "timestamp": "unknown"
  }
]