[
  {
    "title": "AboutOverviewLeadershipBoard of DirectorsSustainabilityScienceAtacicept in IgANPhase 2b Clinical DataPhase  Clinical TrialAtacicept in LNMAU868Publica",
    "link": "https://veratx.com/",
    "timestamp": "unknown"
  },
  {
    "title": "AboutOverviewLeadershipBoard of DirectorsSustainability",
    "link": "https://veratx.com/about/",
    "timestamp": "unknown"
  },
  {
    "title": "Overview",
    "link": "https://veratx.com/about/",
    "timestamp": "unknown"
  },
  {
    "title": "Leadership",
    "link": "https://veratx.com/about/#leadership",
    "timestamp": "unknown"
  },
  {
    "title": "Board of Directors",
    "link": "https://veratx.com/about#board",
    "timestamp": "unknown"
  },
  {
    "title": "Sustainability",
    "link": "https://veratx.com/sustainability/",
    "timestamp": "unknown"
  },
  {
    "title": "ScienceAtacicept in IgANPhase 2b Clinical DataPhase  Clinical TrialAtacicept in LNMAU868Publications",
    "link": "https://veratx.com/science/",
    "timestamp": "unknown"
  },
  {
    "title": "Atacicept in IgANPhase 2b Clinical DataPhase  Clinical Trial",
    "link": "https://veratx.com/science/atacicept-in-igan/",
    "timestamp": "unknown"
  },
  {
    "title": "Phase 2b Clinical Data",
    "link": "https://veratx.com/science/atacicept-in-igan/#clinical-data-2b",
    "timestamp": "unknown"
  },
  {
    "title": "Phase  Clinical Trial",
    "link": "https://veratx.com/science/atacicept-in-igan/#phase-",
    "timestamp": "unknown"
  },
  {
    "title": "Atacicept in LN",
    "link": "https://veratx.com/science/atacicept-in-ln/",
    "timestamp": "unknown"
  },
  {
    "title": "MAU868",
    "link": "https://veratx.com/mau868/",
    "timestamp": "unknown"
  },
  {
    "title": "Publications",
    "link": "https://veratx.com/publications/",
    "timestamp": "unknown"
  },
  {
    "title": "PatientsIgANBKV",
    "link": "https://veratx.com/patients/",
    "timestamp": "unknown"
  },
  {
    "title": "IgAN",
    "link": "https://veratx.com/patients/#igan",
    "timestamp": "unknown"
  },
  {
    "title": "BKV",
    "link": "https://veratx.com/patients/#bkv",
    "timestamp": "unknown"
  },
  {
    "title": "CareersOpen PositionsBenefitsValuesEmployee Spotlights",
    "link": "https://veratx.com/careers/",
    "timestamp": "unknown"
  },
  {
    "title": "Open Positions",
    "link": "https://veratx.com/careers/#open-positions",
    "timestamp": "unknown"
  },
  {
    "title": "Benefits",
    "link": "https://veratx.com/careers/#benefits",
    "timestamp": "unknown"
  },
  {
    "title": "Values",
    "link": "https://veratx.com/careers/#values",
    "timestamp": "unknown"
  },
  {
    "title": "Employee Spotlights",
    "link": "https://veratx.com/careers/#spotlights",
    "timestamp": "unknown"
  },
  {
    "title": "Investors",
    "link": "https://ir.veratx.com/",
    "timestamp": "unknown"
  },
  {
    "title": "Contact",
    "link": "https://veratx.com/contact/",
    "timestamp": "unknown"
  },
  {
    "title": "AboutOverviewLeadershipBoard of DirectorsSustainability",
    "link": "https://veratx.com/about/",
    "timestamp": "unknown"
  },
  {
    "title": "Overview",
    "link": "https://veratx.com/about/",
    "timestamp": "unknown"
  },
  {
    "title": "Leadership",
    "link": "https://veratx.com/about/#leadership",
    "timestamp": "unknown"
  },
  {
    "title": "Board of Directors",
    "link": "https://veratx.com/about#board",
    "timestamp": "unknown"
  },
  {
    "title": "Sustainability",
    "link": "https://veratx.com/sustainability/",
    "timestamp": "unknown"
  },
  {
    "title": "ScienceAtacicept in IgANPhase 2b Clinical DataPhase  Clinical TrialAtacicept in LNMAU868Publications",
    "link": "https://veratx.com/science/",
    "timestamp": "unknown"
  },
  {
    "title": "Atacicept in IgANPhase 2b Clinical DataPhase  Clinical Trial",
    "link": "https://veratx.com/science/atacicept-in-igan/",
    "timestamp": "unknown"
  },
  {
    "title": "Phase 2b Clinical Data",
    "link": "https://veratx.com/science/atacicept-in-igan/#clinical-data-2b",
    "timestamp": "unknown"
  },
  {
    "title": "Phase  Clinical Trial",
    "link": "https://veratx.com/science/atacicept-in-igan/#phase-",
    "timestamp": "unknown"
  },
  {
    "title": "Atacicept in LN",
    "link": "https://veratx.com/science/atacicept-in-ln/",
    "timestamp": "unknown"
  },
  {
    "title": "MAU868",
    "link": "https://veratx.com/mau868/",
    "timestamp": "unknown"
  },
  {
    "title": "Publications",
    "link": "https://veratx.com/publications/",
    "timestamp": "unknown"
  },
  {
    "title": "PatientsIgANBKV",
    "link": "https://veratx.com/patients/",
    "timestamp": "unknown"
  },
  {
    "title": "IgAN",
    "link": "https://veratx.com/patients/#igan",
    "timestamp": "unknown"
  },
  {
    "title": "BKV",
    "link": "https://veratx.com/patients/#bkv",
    "timestamp": "unknown"
  },
  {
    "title": "CareersOpen PositionsBenefitsValuesEmployee Spotlights",
    "link": "https://veratx.com/careers/",
    "timestamp": "unknown"
  },
  {
    "title": "Open Positions",
    "link": "https://veratx.com/careers/#open-positions",
    "timestamp": "unknown"
  },
  {
    "title": "Benefits",
    "link": "https://veratx.com/careers/#benefits",
    "timestamp": "unknown"
  },
  {
    "title": "Values",
    "link": "https://veratx.com/careers/#values",
    "timestamp": "unknown"
  },
  {
    "title": "Employee Spotlights",
    "link": "https://veratx.com/careers/#spotlights",
    "timestamp": "unknown"
  },
  {
    "title": "Investors",
    "link": "https://ir.veratx.com/",
    "timestamp": "unknown"
  },
  {
    "title": "Contact",
    "link": "https://veratx.com/contact/",
    "timestamp": "unknown"
  },
  {
    "title": "InvestorsOverviewStock InformationNewsInvestor CalendarPresentationsFinancial InformationAnalyst CoverageCorporate GovernanceGovernance OverviewManage",
    "link": "https://ir.veratx.com/",
    "timestamp": "unknown"
  },
  {
    "title": "InvestorsOverviewStock InformationNewsInvestor CalendarPresentationsFinancial InformationAnalyst CoverageCorporate GovernanceGovernance OverviewManage",
    "link": "https://ir.veratx.com/",
    "timestamp": "unknown"
  },
  {
    "title": "Overview",
    "link": "https://ir.veratx.com/",
    "timestamp": "unknown"
  },
  {
    "title": "Stock Information",
    "link": "https://ir.veratx.com/stock-information/stock-quote-chart",
    "timestamp": "unknown"
  },
  {
    "title": "News",
    "link": "https://ir.veratx.com/news-events/news-releases",
    "timestamp": "unknown"
  },
  {
    "title": "Investor Calendar",
    "link": "https://ir.veratx.com/news-events/investor-calendar",
    "timestamp": "unknown"
  },
  {
    "title": "Presentations",
    "link": "https://ir.veratx.com/news-events/presentations",
    "timestamp": "unknown"
  },
  {
    "title": "Financial Information",
    "link": "https://ir.veratx.com/financial-information/sec-filings",
    "timestamp": "unknown"
  },
  {
    "title": "Analyst Coverage",
    "link": "https://ir.veratx.com/stock-information/analyst-coverage",
    "timestamp": "unknown"
  },
  {
    "title": "Corporate GovernanceGovernance OverviewManagementBoard of DirectorsCommittee Composition",
    "link": "https://ir.veratx.com/corporate-governance/governance-highlights",
    "timestamp": "unknown"
  },
  {
    "title": "Governance Overview",
    "link": "https://ir.veratx.com/corporate-governance/governance-highlights",
    "timestamp": "unknown"
  },
  {
    "title": "Management",
    "link": "https://veratx.com/about/#management",
    "timestamp": "unknown"
  },
  {
    "title": "Board of Directors",
    "link": "https://veratx.com/about#board",
    "timestamp": "unknown"
  },
  {
    "title": "Committee Composition",
    "link": "https://ir.veratx.com/corporate-governance/committee-composition",
    "timestamp": "unknown"
  },
  {
    "title": "Investor ResourcesInvestor FAQsEmail AlertsContact IR",
    "link": "https://ir.veratx.com/investor-resources/investor-faq",
    "timestamp": "unknown"
  },
  {
    "title": "Investor FAQs",
    "link": "https://ir.veratx.com/investor-resources/investor-faq",
    "timestamp": "unknown"
  },
  {
    "title": "Email Alerts",
    "link": "https://ir.veratx.com/investor-resources/email-alerts",
    "timestamp": "unknown"
  },
  {
    "title": "Contact IR",
    "link": "https://ir.veratx.com/investor-resources/contact-ir",
    "timestamp": "unknown"
  },
  {
    "title": "Corporate PresentationCorporate PresentationASNLong-term Results From the  ORIGIN Phase 2b Study of Atacicept for the Treatment of IgANR&D DayR&D Day ",
    "link": "https://ir.veratx.com/static-files/469e722f-5da8-4dad-9a54-e52ba68596f7",
    "timestamp": "unknown"
  },
  {
    "title": "Corporate PresentationCorporate PresentationASNLong-term Results From the  ORIGIN Phase 2b Study of Atacicept for the Treatment of IgANR&D DayR&D Day ",
    "link": "https://ir.veratx.com/static-files/469e722f-5da8-4dad-9a54-e52ba68596f7",
    "timestamp": "unknown"
  },
  {
    "title": "Corporate PresentationCorporate PresentationASNLong-term Results From the  ORIGIN Phase 2b Study of Atacicept for the Treatment of IgANR&D DayR&D Day ",
    "link": "https://ir.veratx.com/static-files/469e722f-5da8-4dad-9a54-e52ba68596f7",
    "timestamp": "unknown"
  },
  {
    "title": "Corporate PresentationCorporate PresentationASNLong-term Results From the  ORIGIN Phase 2b Study of Atacicept for the Treatment of IgANR&D DayR&D Day ",
    "link": "https://ir.veratx.com/static-files/469e722f-5da8-4dad-9a54-e52ba68596f7",
    "timestamp": "unknown"
  },
  {
    "title": "Corporate PresentationCorporate PresentationASNLong-term Results From the  ORIGIN Phase 2b Study of Atacicept for the Treatment of IgANR&D DayR&D Day ",
    "link": "https://ir.veratx.com/static-files/469e722f-5da8-4dad-9a54-e52ba68596f7",
    "timestamp": "unknown"
  },
  {
    "title": "Corporate PresentationCorporate PresentationASNLong-term Results From the  ORIGIN Phase 2b Study of Atacicept for the Treatment of IgANR&D DayR&D Day ",
    "link": "https://ir.veratx.com/static-files/469e722f-5da8-4dad-9a54-e52ba68596f7",
    "timestamp": "unknown"
  },
  {
    "title": "Corporate PresentationCorporate PresentationASNLong-term Results From the  ORIGIN Phase 2b Study of Atacicept for the Treatment of IgANR&D DayR&D Day ",
    "link": "https://ir.veratx.com/static-files/469e722f-5da8-4dad-9a54-e52ba68596f7",
    "timestamp": "unknown"
  },
  {
    "title": "Corporate PresentationCorporate PresentationASNLong-term Results From the  ORIGIN Phase 2b Study of Atacicept for the Treatment of IgANR&D DayR&D Day ",
    "link": "https://ir.veratx.com/static-files/469e722f-5da8-4dad-9a54-e52ba68596f7",
    "timestamp": "unknown"
  },
  {
    "title": "Corporate PresentationCorporate PresentationASNLong-term Results From the  ORIGIN Phase 2b Study of Atacicept for the Treatment of IgANR&D DayR&D Day ",
    "link": "https://ir.veratx.com/static-files/469e722f-5da8-4dad-9a54-e52ba68596f7",
    "timestamp": "unknown"
  },
  {
    "title": "Corporate PresentationCorporate PresentationASNLong-term Results From the  ORIGIN Phase 2b Study of Atacicept for the Treatment of IgANR&D DayR&D Day ",
    "link": "https://ir.veratx.com/static-files/469e722f-5da8-4dad-9a54-e52ba68596f7",
    "timestamp": "unknown"
  },
  {
    "title": "Corporate PresentationCorporate PresentationASNLong-term Results From the  ORIGIN Phase 2b Study of Atacicept for the Treatment of IgANR&D DayR&D Day ",
    "link": "https://ir.veratx.com/static-files/469e722f-5da8-4dad-9a54-e52ba68596f7",
    "timestamp": "unknown"
  },
  {
    "title": "Corporate PresentationCorporate PresentationASNLong-term Results From the  ORIGIN Phase 2b Study of Atacicept for the Treatment of IgANR&D DayR&D Day ",
    "link": "https://ir.veratx.com/static-files/469e722f-5da8-4dad-9a54-e52ba68596f7",
    "timestamp": "unknown"
  },
  {
    "title": "Corporate PresentationCorporate Presentation",
    "link": "https://ir.veratx.com/static-files/469e722f-5da8-4dad-9a54-e52ba68596f7",
    "timestamp": "unknown"
  },
  {
    "title": "Corporate PresentationCorporate Presentation",
    "link": "https://ir.veratx.com/static-files/469e722f-5da8-4dad-9a54-e52ba68596f7",
    "timestamp": "unknown"
  },
  {
    "title": "Corporate Presentation",
    "link": "https://ir.veratx.com/static-files/469e722f-5da8-4dad-9a54-e52ba68596f7",
    "timestamp": "unknown"
  },
  {
    "title": "Corporate Presentation",
    "link": "https://ir.veratx.com/static-files/469e722f-5da8-4dad-9a54-e52ba68596f7",
    "timestamp": "unknown"
  },
  {
    "title": "Corporate Presentation",
    "link": "https://ir.veratx.com/static-files/469e722f-5da8-4dad-9a54-e52ba68596f7",
    "timestamp": "unknown"
  },
  {
    "title": "Corporate Presentation",
    "link": "https://ir.veratx.com/static-files/469e722f-5da8-4dad-9a54-e52ba68596f7",
    "timestamp": "unknown"
  },
  {
    "title": "Corporate Presentation",
    "link": "https://ir.veratx.com/static-files/469e722f-5da8-4dad-9a54-e52ba68596f7",
    "timestamp": "unknown"
  },
  {
    "title": "Corporate Presentation",
    "link": "https://ir.veratx.com/static-files/469e722f-5da8-4dad-9a54-e52ba68596f7",
    "timestamp": "unknown"
  },
  {
    "title": "ASNLong-term Results From the  ORIGIN Phase 2b Study of Atacicept for the Treatment of IgAN",
    "link": "https://ir.veratx.com/static-files/42477c99-8a06---e73947b4efbd",
    "timestamp": "unknown"
  },
  {
    "title": "ASNLong-term Results From the  ORIGIN Phase 2b Study of Atacicept for the Treatment of IgAN",
    "link": "https://ir.veratx.com/static-files/42477c99-8a06---e73947b4efbd",
    "timestamp": "unknown"
  },
  {
    "title": "Long-term Results From the  ORIGIN Phase 2b Study of Atacicept for the Treatment of IgAN",
    "link": "https://ir.veratx.com/static-files/42477c99-8a06---e73947b4efbd",
    "timestamp": "unknown"
  },
  {
    "title": "Long-term Results From the  ORIGIN Phase 2b Study of Atacicept for the Treatment of IgAN",
    "link": "https://ir.veratx.com/static-files/42477c99-8a06---e73947b4efbd",
    "timestamp": "unknown"
  },
  {
    "title": "Long-term Results From the  ORIGIN Phase 2b Study of Atacicept for the Treatment of IgAN",
    "link": "https://ir.veratx.com/static-files/42477c99-8a06---e73947b4efbd",
    "timestamp": "unknown"
  },
  {
    "title": "Long-term Results From the  ORIGIN Phase 2b Study of Atacicept for the Treatment of IgAN",
    "link": "https://ir.veratx.com/static-files/42477c99-8a06---e73947b4efbd",
    "timestamp": "unknown"
  },
  {
    "title": "Long-term Results From the  ORIGIN Phase 2b Study of Atacicept for the Treatment of IgAN",
    "link": "https://ir.veratx.com/static-files/42477c99-8a06---e73947b4efbd",
    "timestamp": "unknown"
  },
  {
    "title": "Long-term Results From the  ORIGIN Phase 2b Study of Atacicept for the Treatment of IgAN",
    "link": "https://ir.veratx.com/static-files/42477c99-8a06---e73947b4efbd",
    "timestamp": "unknown"
  },
  {
    "title": "R&D DayR&D Day Oct : Expanded Atacicept Development Program In Multiple Autoimmune Kidney DiseasesR&D Day Jan : ORIGIN Phase 2b -week Data for Atacice",
    "link": "https://ir.veratx.com/static-files/bc9eda3d-a919--a775-1b035efddb85",
    "timestamp": "unknown"
  },
  {
    "title": "R&D DayR&D Day Oct : Expanded Atacicept Development Program In Multiple Autoimmune Kidney DiseasesR&D Day Jan : ORIGIN Phase 2b -week Data for Atacice",
    "link": "https://ir.veratx.com/static-files/bc9eda3d-a919--a775-1b035efddb85",
    "timestamp": "unknown"
  },
  {
    "title": "R&D Day Oct : Expanded Atacicept Development Program In Multiple Autoimmune Kidney DiseasesR&D Day Jan : ORIGIN Phase 2b -week Data for Atacicept in I",
    "link": "https://ir.veratx.com/static-files/bc9eda3d-a919--a775-1b035efddb85",
    "timestamp": "unknown"
  },
  {
    "title": "R&D Day Oct : Expanded Atacicept Development Program In Multiple Autoimmune Kidney DiseasesR&D Day Jan : ORIGIN Phase 2b -week Data for Atacicept in I",
    "link": "https://ir.veratx.com/static-files/bc9eda3d-a919--a775-1b035efddb85",
    "timestamp": "unknown"
  },
  {
    "title": "R&D Day Oct : Expanded Atacicept Development Program In Multiple Autoimmune Kidney Diseases",
    "link": "https://ir.veratx.com/static-files/bc9eda3d-a919--a775-1b035efddb85",
    "timestamp": "unknown"
  },
  {
    "title": "R&D Day Oct : Expanded Atacicept Development Program In Multiple Autoimmune Kidney Diseases",
    "link": "https://ir.veratx.com/static-files/bc9eda3d-a919--a775-1b035efddb85",
    "timestamp": "unknown"
  },
  {
    "title": "R&D Day Oct : Expanded Atacicept Development Program In Multiple Autoimmune Kidney Diseases",
    "link": "https://ir.veratx.com/static-files/bc9eda3d-a919--a775-1b035efddb85",
    "timestamp": "unknown"
  },
  {
    "title": "R&D Day Oct : Expanded Atacicept Development Program In Multiple Autoimmune Kidney Diseases",
    "link": "https://ir.veratx.com/static-files/bc9eda3d-a919--a775-1b035efddb85",
    "timestamp": "unknown"
  },
  {
    "title": "R&D Day Jan : ORIGIN Phase 2b -week Data for Atacicept in IgAN",
    "link": "https://ir.veratx.com/static-files/0d36e280-f8ae-48c2-b3b2-bea9517f4f2f",
    "timestamp": "unknown"
  },
  {
    "title": "R&D Day Jan : ORIGIN Phase 2b -week Data for Atacicept in IgAN",
    "link": "https://ir.veratx.com/static-files/0d36e280-f8ae-48c2-b3b2-bea9517f4f2f",
    "timestamp": "unknown"
  },
  {
    "title": "R&D Day Jan : ORIGIN Phase 2b -week Data for Atacicept in IgAN",
    "link": "https://ir.veratx.com/static-files/0d36e280-f8ae-48c2-b3b2-bea9517f4f2f",
    "timestamp": "unknown"
  },
  {
    "title": "R&D Day Jan : ORIGIN Phase 2b -week Data for Atacicept in IgAN",
    "link": "https://ir.veratx.com/static-files/0d36e280-f8ae-48c2-b3b2-bea9517f4f2f",
    "timestamp": "unknown"
  },
  {
    "title": "IIGANN  Sponsored SymposiumTargeting the Source of IgA Nephropathy",
    "link": "https://ir.veratx.com/static-files/f265f5e2--472e-b7b1-422d73dc65a8",
    "timestamp": "unknown"
  },
  {
    "title": "IIGANN  Sponsored SymposiumTargeting the Source of IgA Nephropathy",
    "link": "https://ir.veratx.com/static-files/f265f5e2--472e-b7b1-422d73dc65a8",
    "timestamp": "unknown"
  },
  {
    "title": "Targeting the Source of IgA Nephropathy",
    "link": "https://ir.veratx.com/static-files/f265f5e2--472e-b7b1-422d73dc65a8",
    "timestamp": "unknown"
  },
  {
    "title": "Targeting the Source of IgA Nephropathy",
    "link": "https://ir.veratx.com/static-files/f265f5e2--472e-b7b1-422d73dc65a8",
    "timestamp": "unknown"
  },
  {
    "title": "Targeting the Source of IgA Nephropathy",
    "link": "https://ir.veratx.com/static-files/f265f5e2--472e-b7b1-422d73dc65a8",
    "timestamp": "unknown"
  },
  {
    "title": "Targeting the Source of IgA Nephropathy",
    "link": "https://ir.veratx.com/static-files/f265f5e2--472e-b7b1-422d73dc65a8",
    "timestamp": "unknown"
  },
  {
    "title": "Targeting the Source of IgA Nephropathy",
    "link": "https://ir.veratx.com/static-files/f265f5e2--472e-b7b1-422d73dc65a8",
    "timestamp": "unknown"
  },
  {
    "title": "Targeting the Source of IgA Nephropathy",
    "link": "https://ir.veratx.com/static-files/f265f5e2--472e-b7b1-422d73dc65a8",
    "timestamp": "unknown"
  },
  {
    "title": "ASN  PresentationsORIGIN : Pivotal Phase  Study Evaluating Effect of Atacicept vs Placebo on Proteinuria and Renal Function Preservation in IgANAtacic",
    "link": "https://ir.veratx.com/static-files/69d6f971-d96e-4f3d-b49b-52894410605e",
    "timestamp": "unknown"
  },
  {
    "title": "ASN  PresentationsORIGIN : Pivotal Phase  Study Evaluating Effect of Atacicept vs Placebo on Proteinuria and Renal Function Preservation in IgANAtacic",
    "link": "https://ir.veratx.com/static-files/69d6f971-d96e-4f3d-b49b-52894410605e",
    "timestamp": "unknown"
  },
  {
    "title": "ORIGIN : Pivotal Phase  Study Evaluating Effect of Atacicept vs Placebo on Proteinuria and Renal Function Preservation in IgANAtacicept in IgAN: Conti",
    "link": "https://ir.veratx.com/static-files/69d6f971-d96e-4f3d-b49b-52894410605e",
    "timestamp": "unknown"
  },
  {
    "title": "ORIGIN : Pivotal Phase  Study Evaluating Effect of Atacicept vs Placebo on Proteinuria and Renal Function Preservation in IgANAtacicept in IgAN: Conti",
    "link": "https://ir.veratx.com/static-files/69d6f971-d96e-4f3d-b49b-52894410605e",
    "timestamp": "unknown"
  },
  {
    "title": "ORIGIN : Pivotal Phase  Study Evaluating Effect of Atacicept vs Placebo on Proteinuria and Renal Function Preservation in IgAN",
    "link": "https://ir.veratx.com/static-files/69d6f971-d96e-4f3d-b49b-52894410605e",
    "timestamp": "unknown"
  },
  {
    "title": "ORIGIN : Pivotal Phase  Study Evaluating Effect of Atacicept vs Placebo on Proteinuria and Renal Function Preservation in IgAN",
    "link": "https://ir.veratx.com/static-files/69d6f971-d96e-4f3d-b49b-52894410605e",
    "timestamp": "unknown"
  },
  {
    "title": "ORIGIN : Pivotal Phase  Study Evaluating Effect of Atacicept vs Placebo on Proteinuria and Renal Function Preservation in IgAN",
    "link": "https://ir.veratx.com/static-files/69d6f971-d96e-4f3d-b49b-52894410605e",
    "timestamp": "unknown"
  },
  {
    "title": "ORIGIN : Pivotal Phase  Study Evaluating Effect of Atacicept vs Placebo on Proteinuria and Renal Function Preservation in IgAN",
    "link": "https://ir.veratx.com/static-files/69d6f971-d96e-4f3d-b49b-52894410605e",
    "timestamp": "unknown"
  },
  {
    "title": "Atacicept in IgAN: Continued Protective Titers to Diphtheria and Tetanus and Balanced Infections vs Placebo with a Focus on COVID-",
    "link": "https://ir.veratx.com/static-files/5f850639---b615-b44fe55547df",
    "timestamp": "unknown"
  },
  {
    "title": "Atacicept in IgAN: Continued Protective Titers to Diphtheria and Tetanus and Balanced Infections vs Placebo with a Focus on COVID-",
    "link": "https://ir.veratx.com/static-files/5f850639---b615-b44fe55547df",
    "timestamp": "unknown"
  },
  {
    "title": "Atacicept in IgAN: Continued Protective Titers to Diphtheria and Tetanus and Balanced Infections vs Placebo with a Focus on COVID-",
    "link": "https://ir.veratx.com/static-files/5f850639---b615-b44fe55547df",
    "timestamp": "unknown"
  },
  {
    "title": "Atacicept in IgAN: Continued Protective Titers to Diphtheria and Tetanus and Balanced Infections vs Placebo with a Focus on COVID-",
    "link": "https://ir.veratx.com/static-files/5f850639---b615-b44fe55547df",
    "timestamp": "unknown"
  },
  {
    "title": "Atacicept Reduces Hematuria and Serum Gd-IgA1, Both Associated with Long-term Renal Outcomes in IgAN:  Week Results from the Phase 2b ORIGIN Study",
    "link": "https://ir.veratx.com/static-files/670c3259-caf4--a7c4-70787d346da2",
    "timestamp": "unknown"
  },
  {
    "title": "Atacicept Reduces Hematuria and Serum Gd-IgA1, Both Associated with Long-term Renal Outcomes in IgAN:  Week Results from the Phase 2b ORIGIN Study",
    "link": "https://ir.veratx.com/static-files/670c3259-caf4--a7c4-70787d346da2",
    "timestamp": "unknown"
  },
  {
    "title": "Atacicept Reduces Hematuria and Serum Gd-IgA1, Both Associated with Long-term Renal Outcomes in IgAN:  Week Results from the Phase 2b ORIGIN Study",
    "link": "https://ir.veratx.com/static-files/670c3259-caf4--a7c4-70787d346da2",
    "timestamp": "unknown"
  },
  {
    "title": "Atacicept Reduces Hematuria and Serum Gd-IgA1, Both Associated with Long-term Renal Outcomes in IgAN:  Week Results from the Phase 2b ORIGIN Study",
    "link": "https://ir.veratx.com/static-files/670c3259-caf4--a7c4-70787d346da2",
    "timestamp": "unknown"
  },
  {
    "title": "ERA  Late Breaking Presentation-Week Efficacy & Safety of Atacicept  mg in the ORIGIN Randomized, Double-blind, Placebo-controlled Phase 2b Study in I",
    "link": "https://ir.veratx.com/static-files/d50cc62b-1cfe-47db-b70c-5787206a0153",
    "timestamp": "unknown"
  },
  {
    "title": "ERA  Late Breaking Presentation-Week Efficacy & Safety of Atacicept  mg in the ORIGIN Randomized, Double-blind, Placebo-controlled Phase 2b Study in I",
    "link": "https://ir.veratx.com/static-files/d50cc62b-1cfe-47db-b70c-5787206a0153",
    "timestamp": "unknown"
  },
  {
    "title": "-Week Efficacy & Safety of Atacicept  mg in the ORIGIN Randomized, Double-blind, Placebo-controlled Phase 2b Study in IgAN and Persistent Proteinuria",
    "link": "https://ir.veratx.com/static-files/d50cc62b-1cfe-47db-b70c-5787206a0153",
    "timestamp": "unknown"
  },
  {
    "title": "-Week Efficacy & Safety of Atacicept  mg in the ORIGIN Randomized, Double-blind, Placebo-controlled Phase 2b Study in IgAN and Persistent Proteinuria",
    "link": "https://ir.veratx.com/static-files/d50cc62b-1cfe-47db-b70c-5787206a0153",
    "timestamp": "unknown"
  },
  {
    "title": "-Week Efficacy & Safety of Atacicept  mg in the ORIGIN Randomized, Double-blind, Placebo-controlled Phase 2b Study in IgAN and Persistent Proteinuria",
    "link": "https://ir.veratx.com/static-files/d50cc62b-1cfe-47db-b70c-5787206a0153",
    "timestamp": "unknown"
  },
  {
    "title": "-Week Efficacy & Safety of Atacicept  mg in the ORIGIN Randomized, Double-blind, Placebo-controlled Phase 2b Study in IgAN and Persistent Proteinuria",
    "link": "https://ir.veratx.com/static-files/d50cc62b-1cfe-47db-b70c-5787206a0153",
    "timestamp": "unknown"
  },
  {
    "title": "-Week Efficacy & Safety of Atacicept  mg in the ORIGIN Randomized, Double-blind, Placebo-controlled Phase 2b Study in IgAN and Persistent Proteinuria",
    "link": "https://ir.veratx.com/static-files/d50cc62b-1cfe-47db-b70c-5787206a0153",
    "timestamp": "unknown"
  },
  {
    "title": "-Week Efficacy & Safety of Atacicept  mg in the ORIGIN Randomized, Double-blind, Placebo-controlled Phase 2b Study in IgAN and Persistent Proteinuria",
    "link": "https://ir.veratx.com/static-files/d50cc62b-1cfe-47db-b70c-5787206a0153",
    "timestamp": "unknown"
  },
  {
    "title": "ASN  PresentationsA Randomized Phase  Study of MAU868 vs Placebo to Treat BK Viremia in Kidney Transplant Recipients \u2013 Week  ResultsAtacicept Reduces ",
    "link": "https://ir.veratx.com/static-files/be30d772-2ff3--89d1-9a4ff4fd8d4b",
    "timestamp": "unknown"
  },
  {
    "title": "ASN  PresentationsA Randomized Phase  Study of MAU868 vs Placebo to Treat BK Viremia in Kidney Transplant Recipients \u2013 Week  ResultsAtacicept Reduces ",
    "link": "https://ir.veratx.com/static-files/be30d772-2ff3--89d1-9a4ff4fd8d4b",
    "timestamp": "unknown"
  },
  {
    "title": "A Randomized Phase  Study of MAU868 vs Placebo to Treat BK Viremia in Kidney Transplant Recipients \u2013 Week  ResultsAtacicept Reduces Serum Immune Compl",
    "link": "https://ir.veratx.com/static-files/be30d772-2ff3--89d1-9a4ff4fd8d4b",
    "timestamp": "unknown"
  },
  {
    "title": "A Randomized Phase  Study of MAU868 vs Placebo to Treat BK Viremia in Kidney Transplant Recipients \u2013 Week  ResultsAtacicept Reduces Serum Immune Compl",
    "link": "https://ir.veratx.com/static-files/be30d772-2ff3--89d1-9a4ff4fd8d4b",
    "timestamp": "unknown"
  },
  {
    "title": "A Randomized Phase  Study of MAU868 vs Placebo to Treat BK Viremia in Kidney Transplant Recipients \u2013 Week  Results",
    "link": "https://ir.veratx.com/static-files/be30d772-2ff3--89d1-9a4ff4fd8d4b",
    "timestamp": "unknown"
  },
  {
    "title": "A Randomized Phase  Study of MAU868 vs Placebo to Treat BK Viremia in Kidney Transplant Recipients \u2013 Week  Results",
    "link": "https://ir.veratx.com/static-files/be30d772-2ff3--89d1-9a4ff4fd8d4b",
    "timestamp": "unknown"
  },
  {
    "title": "A Randomized Phase  Study of MAU868 vs Placebo to Treat BK Viremia in Kidney Transplant Recipients \u2013 Week  Results",
    "link": "https://ir.veratx.com/static-files/be30d772-2ff3--89d1-9a4ff4fd8d4b",
    "timestamp": "unknown"
  },
  {
    "title": "A Randomized Phase  Study of MAU868 vs Placebo to Treat BK Viremia in Kidney Transplant Recipients \u2013 Week  Results",
    "link": "https://ir.veratx.com/static-files/be30d772-2ff3--89d1-9a4ff4fd8d4b",
    "timestamp": "unknown"
  },
  {
    "title": "Atacicept Reduces Serum Immune Complex Levels in IgAN Patients",
    "link": "https://ir.veratx.com/static-files/67eb060e-0c6b--ae71-60aa240c3fdb",
    "timestamp": "unknown"
  },
  {
    "title": "Atacicept Reduces Serum Immune Complex Levels in IgAN Patients",
    "link": "https://ir.veratx.com/static-files/67eb060e-0c6b--ae71-60aa240c3fdb",
    "timestamp": "unknown"
  },
  {
    "title": "Atacicept Reduces Serum Immune Complex Levels in IgAN Patients",
    "link": "https://ir.veratx.com/static-files/67eb060e-0c6b--ae71-60aa240c3fdb",
    "timestamp": "unknown"
  },
  {
    "title": "Atacicept Reduces Serum Immune Complex Levels in IgAN Patients",
    "link": "https://ir.veratx.com/static-files/67eb060e-0c6b--ae71-60aa240c3fdb",
    "timestamp": "unknown"
  },
  {
    "title": "ERA EDTA  PresentationsERA EDTA April SLE RenalERA EDTA anti GdlgA1",
    "link": "https://ir.veratx.com/static-files/a97b20fd--4b8d-9f98-9d4f1f05ad56",
    "timestamp": "unknown"
  },
  {
    "title": "ERA EDTA  PresentationsERA EDTA April SLE RenalERA EDTA anti GdlgA1",
    "link": "https://ir.veratx.com/static-files/a97b20fd--4b8d-9f98-9d4f1f05ad56",
    "timestamp": "unknown"
  },
  {
    "title": "ERA EDTA April SLE RenalERA EDTA anti GdlgA1",
    "link": "https://ir.veratx.com/static-files/a97b20fd--4b8d-9f98-9d4f1f05ad56",
    "timestamp": "unknown"
  },
  {
    "title": "ERA EDTA April SLE RenalERA EDTA anti GdlgA1",
    "link": "https://ir.veratx.com/static-files/a97b20fd--4b8d-9f98-9d4f1f05ad56",
    "timestamp": "unknown"
  },
  {
    "title": "ERA EDTA April SLE Renal",
    "link": "https://ir.veratx.com/static-files/a97b20fd--4b8d-9f98-9d4f1f05ad56",
    "timestamp": "unknown"
  },
  {
    "title": "ERA EDTA April SLE Renal",
    "link": "https://ir.veratx.com/static-files/a97b20fd--4b8d-9f98-9d4f1f05ad56",
    "timestamp": "unknown"
  },
  {
    "title": "ERA EDTA April SLE Renal",
    "link": "https://ir.veratx.com/static-files/a97b20fd--4b8d-9f98-9d4f1f05ad56",
    "timestamp": "unknown"
  },
  {
    "title": "ERA EDTA April SLE Renal",
    "link": "https://ir.veratx.com/static-files/a97b20fd--4b8d-9f98-9d4f1f05ad56",
    "timestamp": "unknown"
  },
  {
    "title": "ERA EDTA anti GdlgA1",
    "link": "https://ir.veratx.com/static-files/e6836729-7ae2-4ec3--e4f026540445",
    "timestamp": "unknown"
  },
  {
    "title": "ERA EDTA anti GdlgA1",
    "link": "https://ir.veratx.com/static-files/e6836729-7ae2-4ec3--e4f026540445",
    "timestamp": "unknown"
  },
  {
    "title": "ERA EDTA anti GdlgA1",
    "link": "https://ir.veratx.com/static-files/e6836729-7ae2-4ec3--e4f026540445",
    "timestamp": "unknown"
  },
  {
    "title": "ERA EDTA anti GdlgA1",
    "link": "https://ir.veratx.com/static-files/e6836729-7ae2-4ec3--e4f026540445",
    "timestamp": "unknown"
  },
  {
    "title": "ASN  E-Poster PresentationAtacicept Reduces Serum Gd-IgA1 by Quartiles in IgAN Patients",
    "link": "https://ir.veratx.com/static-files/2e59460d-250f-4f11-8ed7-ef56c5060dce",
    "timestamp": "unknown"
  },
  {
    "title": "ASN  E-Poster PresentationAtacicept Reduces Serum Gd-IgA1 by Quartiles in IgAN Patients",
    "link": "https://ir.veratx.com/static-files/2e59460d-250f-4f11-8ed7-ef56c5060dce",
    "timestamp": "unknown"
  },
  {
    "title": "Atacicept Reduces Serum Gd-IgA1 by Quartiles in IgAN Patients",
    "link": "https://ir.veratx.com/static-files/2e59460d-250f-4f11-8ed7-ef56c5060dce",
    "timestamp": "unknown"
  },
  {
    "title": "Atacicept Reduces Serum Gd-IgA1 by Quartiles in IgAN Patients",
    "link": "https://ir.veratx.com/static-files/2e59460d-250f-4f11-8ed7-ef56c5060dce",
    "timestamp": "unknown"
  },
  {
    "title": "Atacicept Reduces Serum Gd-IgA1 by Quartiles in IgAN Patients",
    "link": "https://ir.veratx.com/static-files/2e59460d-250f-4f11-8ed7-ef56c5060dce",
    "timestamp": "unknown"
  },
  {
    "title": "Atacicept Reduces Serum Gd-IgA1 by Quartiles in IgAN Patients",
    "link": "https://ir.veratx.com/static-files/2e59460d-250f-4f11-8ed7-ef56c5060dce",
    "timestamp": "unknown"
  },
  {
    "title": "Atacicept Reduces Serum Gd-IgA1 by Quartiles in IgAN Patients",
    "link": "https://ir.veratx.com/static-files/2e59460d-250f-4f11-8ed7-ef56c5060dce",
    "timestamp": "unknown"
  },
  {
    "title": "Atacicept Reduces Serum Gd-IgA1 by Quartiles in IgAN Patients",
    "link": "https://ir.veratx.com/static-files/2e59460d-250f-4f11-8ed7-ef56c5060dce",
    "timestamp": "unknown"
  },
  {
    "title": "Investor Calendar and Recordings",
    "link": "https://ir.veratx.com/news-events/investor-calendar",
    "timestamp": "unknown"
  },
  {
    "title": "Investor Calendar and Recordings",
    "link": "https://ir.veratx.com/news-events/investor-calendar",
    "timestamp": "unknown"
  },
  {
    "title": "Investor Calendar and Recordings",
    "link": "https://ir.veratx.com/news-events/investor-calendar",
    "timestamp": "unknown"
  },
  {
    "title": "Investor Calendar and Recordings",
    "link": "https://ir.veratx.com/news-events/investor-calendar",
    "timestamp": "unknown"
  },
  {
    "title": "info@veratx.com() -Sierra Point Parkway,SuiteBrisbane, CACopyright \u00a9Vera Therapeutics.All Rights Reserved.Privacy Policy\u2013Terms of Use",
    "link": "https://veratx.com/",
    "timestamp": "unknown"
  },
  {
    "title": "info@veratx.com() -Sierra Point Parkway,SuiteBrisbane, CA",
    "link": "https://veratx.com/",
    "timestamp": "unknown"
  },
  {
    "title": "info@veratx.com() -",
    "link": "mailto:info@veratx.com",
    "timestamp": "unknown"
  },
  {
    "title": "info@veratx.com() -",
    "link": "mailto:info@veratx.com",
    "timestamp": "unknown"
  },
  {
    "title": "Copyright \u00a9Vera Therapeutics.All Rights Reserved.Privacy Policy\u2013Terms of Use",
    "link": "http://veratx.com/privacy-policy/",
    "timestamp": "unknown"
  },
  {
    "title": "All Rights Reserved.Privacy Policy\u2013Terms of Use",
    "link": "http://veratx.com/privacy-policy/",
    "timestamp": "unknown"
  },
  {
    "title": "All Rights Reserved.Privacy Policy\u2013Terms of Use",
    "link": "http://veratx.com/privacy-policy/",
    "timestamp": "unknown"
  },
  {
    "title": "All Rights Reserved.Privacy Policy\u2013Terms of Use",
    "link": "http://veratx.com/privacy-policy/",
    "timestamp": "unknown"
  }
]