[
  {
    "title": "About UsOur StoryOur CultureExecutive Leadership TeamBoard of DirectorsCorporate GovernanceGlobal SustainabilityPublic PolicyGlobal Healthcare Gateway",
    "link": "https://www.viatris.com/en",
    "timestamp": "unknown"
  },
  {
    "title": "About UsOur StoryOur CultureExecutive Leadership TeamBoard of DirectorsCorporate GovernanceGlobal SustainabilityPublic PolicyGlobal Healthcare Gateway",
    "link": "https://www.viatris.com/en",
    "timestamp": "unknown"
  },
  {
    "title": "About UsOur StoryOur CultureExecutive Leadership TeamBoard of DirectorsCorporate GovernanceGlobal SustainabilityPublic PolicyGlobal Healthcare Gateway",
    "link": "https://www.viatris.com/en",
    "timestamp": "unknown"
  },
  {
    "title": "About UsOur StoryOur CultureExecutive Leadership TeamBoard of DirectorsCorporate GovernanceGlobal SustainabilityPublic PolicyGlobal Healthcare Gateway",
    "link": "https://www.viatris.com/en",
    "timestamp": "unknown"
  },
  {
    "title": "About UsOur StoryOur CultureExecutive Leadership TeamBoard of DirectorsCorporate GovernanceGlobal SustainabilityPublic PolicyGlobal Healthcare Gateway",
    "link": "https://www.viatris.com/en",
    "timestamp": "unknown"
  },
  {
    "title": "About UsOur StoryOur CultureExecutive Leadership TeamBoard of DirectorsCorporate GovernanceGlobal SustainabilityPublic PolicyGlobal Healthcare Gateway",
    "link": "https://www.viatris.com/en/About-Us",
    "timestamp": "unknown"
  },
  {
    "title": "About UsOur StoryOur CultureExecutive Leadership TeamBoard of DirectorsCorporate GovernanceGlobal SustainabilityPublic PolicyGlobal Healthcare Gateway",
    "link": "https://www.viatris.com/en/About-Us",
    "timestamp": "unknown"
  },
  {
    "title": "About Us",
    "link": "https://www.viatris.com/en/About-Us",
    "timestamp": "unknown"
  },
  {
    "title": "About Us",
    "link": "https://www.viatris.com/en/About-Us",
    "timestamp": "unknown"
  },
  {
    "title": "Our Story",
    "link": "https://www.viatris.com/en/about-us/our-story",
    "timestamp": "unknown"
  },
  {
    "title": "Our Culture",
    "link": "https://www.viatris.com/en/about-us/our-culture",
    "timestamp": "unknown"
  },
  {
    "title": "Executive Leadership Team",
    "link": "https://www.viatris.com/en/about-us/executive-leadership-team",
    "timestamp": "unknown"
  },
  {
    "title": "Board of Directors",
    "link": "https://www.viatris.com/en/about-us/board-of-directors",
    "timestamp": "unknown"
  },
  {
    "title": "Corporate Governance",
    "link": "https://www.viatris.com/en/about-us/corporate-governance",
    "timestamp": "unknown"
  },
  {
    "title": "Global Sustainability",
    "link": "https://www.viatris.com/en/about-us/global-sustainability",
    "timestamp": "unknown"
  },
  {
    "title": "Public Policy",
    "link": "https://www.viatris.com/en/about-us/public-policy",
    "timestamp": "unknown"
  },
  {
    "title": "Global Healthcare Gateway",
    "link": "https://www.viatris.com/en/about-us/global-healthcare-gateway",
    "timestamp": "unknown"
  },
  {
    "title": "ProductsTherapeutic AreasBrandsGenerics",
    "link": "https://www.viatris.com/en/Products",
    "timestamp": "unknown"
  },
  {
    "title": "Products",
    "link": "https://www.viatris.com/en/Products",
    "timestamp": "unknown"
  },
  {
    "title": "Products",
    "link": "https://www.viatris.com/en/Products",
    "timestamp": "unknown"
  },
  {
    "title": "Therapeutic Areas",
    "link": "https://www.viatris.com/en/Products/Therapeutic-Areas",
    "timestamp": "unknown"
  },
  {
    "title": "Brands",
    "link": "https://www.viatris.com/en/Products/Brands",
    "timestamp": "unknown"
  },
  {
    "title": "Generics",
    "link": "https://www.viatris.com/en/Products/Generics",
    "timestamp": "unknown"
  },
  {
    "title": "NewsroomPress ReleasesStories and ViewpointsResearch and ReportsMedia ResourcesContact Us",
    "link": "https://newsroom.viatris.com",
    "timestamp": "unknown"
  },
  {
    "title": "Newsroom",
    "link": "https://newsroom.viatris.com",
    "timestamp": "unknown"
  },
  {
    "title": "Newsroom",
    "link": "https://newsroom.viatris.com",
    "timestamp": "unknown"
  },
  {
    "title": "Press Releases",
    "link": "https://newsroom.viatris.com/press-releases",
    "timestamp": "unknown"
  },
  {
    "title": "Stories and Viewpoints",
    "link": "https://newsroom.viatris.com/stories-and-viewpoints",
    "timestamp": "unknown"
  },
  {
    "title": "Research and Reports",
    "link": "https://newsroom.viatris.com/research-and-reports",
    "timestamp": "unknown"
  },
  {
    "title": "Media Resources",
    "link": "https://newsroom.viatris.com/media",
    "timestamp": "unknown"
  },
  {
    "title": "Contact Us",
    "link": "https://www.viatris.com/en/newsroom/contact-us",
    "timestamp": "unknown"
  },
  {
    "title": "CareersWorking at ViatrisDiversity and InclusionOur LocationsSearch CareersCareers FAQs",
    "link": "https://www.viatris.com/en/Careers",
    "timestamp": "unknown"
  },
  {
    "title": "Careers",
    "link": "https://www.viatris.com/en/Careers",
    "timestamp": "unknown"
  },
  {
    "title": "Careers",
    "link": "https://www.viatris.com/en/Careers",
    "timestamp": "unknown"
  },
  {
    "title": "Working at Viatris",
    "link": "https://www.viatris.com/en/Careers/Working-at-Viatris",
    "timestamp": "unknown"
  },
  {
    "title": "Diversity and Inclusion",
    "link": "https://www.viatris.com/en/Careers/Diversity-and-Inclusion",
    "timestamp": "unknown"
  },
  {
    "title": "Our Locations",
    "link": "https://www.viatris.com/en/careers/locations-near-you",
    "timestamp": "unknown"
  },
  {
    "title": "Search Careers",
    "link": "https://viatris.wd5.myworkdayjobs.com/External",
    "timestamp": "unknown"
  },
  {
    "title": "Careers FAQs",
    "link": "https://www.viatris.com/en/Careers/Careers-FAQs",
    "timestamp": "unknown"
  },
  {
    "title": "InvestorsEvents and PresentationsFinancials and FilingsStock InformationShareholder ToolkitInvestor FAQs",
    "link": "https://investor.viatris.com/",
    "timestamp": "unknown"
  },
  {
    "title": "Investors",
    "link": "https://investor.viatris.com/",
    "timestamp": "unknown"
  },
  {
    "title": "Investors",
    "link": "https://investor.viatris.com/",
    "timestamp": "unknown"
  },
  {
    "title": "Events and Presentations",
    "link": "https://investor.viatris.com/events-and-presentations",
    "timestamp": "unknown"
  },
  {
    "title": "Financials and Filings",
    "link": "https://investor.viatris.com/financial-and-filings/sec-filings",
    "timestamp": "unknown"
  },
  {
    "title": "Stock Information",
    "link": "https://investor.viatris.com/stock-information/stock-performance",
    "timestamp": "unknown"
  },
  {
    "title": "Shareholder Toolkit",
    "link": "https://investor.viatris.com/shareholder-services/email-alerts",
    "timestamp": "unknown"
  },
  {
    "title": "Investor FAQs",
    "link": "https://investor.viatris.com/investor-faqs",
    "timestamp": "unknown"
  },
  {
    "title": "Change LocationEn",
    "link": "https://investor.viatris.com/financial-and-filings/sec-filings",
    "timestamp": "unknown"
  },
  {
    "title": "Change LocationEn",
    "link": "https://investor.viatris.com/financial-and-filings/sec-filings",
    "timestamp": "unknown"
  },
  {
    "title": "Choose Your LocationAustraliaAustriaBelgiumDutchFrenchBrazilBulgariaCanadaEnglishFrenchChinaCroatiaCzech RepublicDenmarkFranceGermanyGreeceHong KongEn",
    "link": "https://www.viatris.com/en-au/lm/Australia",
    "timestamp": "unknown"
  },
  {
    "title": "Choose Your LocationAustraliaAustriaBelgiumDutchFrenchBrazilBulgariaCanadaEnglishFrenchChinaCroatiaCzech RepublicDenmarkFranceGermanyGreeceHong KongEn",
    "link": "https://www.viatris.com/en-au/lm/Australia",
    "timestamp": "unknown"
  },
  {
    "title": "AustraliaAustriaBelgiumDutchFrenchBrazilBulgariaCanadaEnglishFrenchChinaCroatiaCzech RepublicDenmarkFranceGermanyGreeceHong KongEnglishChineseHungaryI",
    "link": "https://www.viatris.com/en-au/lm/Australia",
    "timestamp": "unknown"
  },
  {
    "title": "AustraliaAustriaBelgiumDutchFrenchBrazilBulgariaCanadaEnglishFrenchChinaCroatiaCzech RepublicDenmark",
    "link": "https://www.viatris.com/en-au/lm/Australia",
    "timestamp": "unknown"
  },
  {
    "title": "Australia",
    "link": "https://www.viatris.com/en-au/lm/Australia",
    "timestamp": "unknown"
  },
  {
    "title": "Austria",
    "link": "https://www.viatris.com/de-at/lm/Austria",
    "timestamp": "unknown"
  },
  {
    "title": "BelgiumDutchFrench",
    "link": "https://www.viatris.com/",
    "timestamp": "unknown"
  },
  {
    "title": "Dutch",
    "link": "https://www.viatris.com/nl-be/lm/Belgium",
    "timestamp": "unknown"
  },
  {
    "title": "French",
    "link": "https://www.viatris.com/fr-be/lm/Belgium",
    "timestamp": "unknown"
  },
  {
    "title": "Brazil",
    "link": "https://www.viatris.com/pt-br/lm/brazil",
    "timestamp": "unknown"
  },
  {
    "title": "Bulgaria",
    "link": "https://www.viatris.com/bg-bg/lm/Bulgaria",
    "timestamp": "unknown"
  },
  {
    "title": "CanadaEnglishFrench",
    "link": "https://www.viatris.com/",
    "timestamp": "unknown"
  },
  {
    "title": "English",
    "link": "https://www.viatris.com/en-ca/lm/Canada",
    "timestamp": "unknown"
  },
  {
    "title": "French",
    "link": "https://www.viatris.com/fr-ca/lm/Canada",
    "timestamp": "unknown"
  },
  {
    "title": "China",
    "link": "https://www.viatris.com/zh-cn/lm/China",
    "timestamp": "unknown"
  },
  {
    "title": "Croatia",
    "link": "https://www.viatris.com/hr-hr/lm/Croatia",
    "timestamp": "unknown"
  },
  {
    "title": "Czech Republic",
    "link": "https://www.viatris.com/cs-cz/lm/Czech-Republic",
    "timestamp": "unknown"
  },
  {
    "title": "Denmark",
    "link": "https://www.viatris.com/da/lm/Denmark",
    "timestamp": "unknown"
  },
  {
    "title": "FranceGermanyGreeceHong KongEnglishChineseHungaryIndiaIrelandItalyJapanKorea",
    "link": "https://www.viatris.com/fr-fr/lm/France",
    "timestamp": "unknown"
  },
  {
    "title": "France",
    "link": "https://www.viatris.com/fr-fr/lm/France",
    "timestamp": "unknown"
  },
  {
    "title": "Germany",
    "link": "https://www.viatris.com/de-DE/lm/Germany",
    "timestamp": "unknown"
  },
  {
    "title": "Greece",
    "link": "https://www.viatris.com/el-gr/lm/Greece",
    "timestamp": "unknown"
  },
  {
    "title": "Hong KongEnglishChinese",
    "link": "https://www.viatris.com/",
    "timestamp": "unknown"
  },
  {
    "title": "English",
    "link": "https://www.viatris.com/en-hk/lm/Hong-Kong",
    "timestamp": "unknown"
  },
  {
    "title": "Chinese",
    "link": "https://www.viatris.com/zh-hk/lm/Hong-Kong",
    "timestamp": "unknown"
  },
  {
    "title": "Hungary",
    "link": "https://www.viatris.com/hu-hu/lm/Hungary",
    "timestamp": "unknown"
  },
  {
    "title": "India",
    "link": "https://www.viatris.com/en-in/lm/India",
    "timestamp": "unknown"
  },
  {
    "title": "Ireland",
    "link": "https://www.viatris.com/en-ie/lm/Ireland",
    "timestamp": "unknown"
  },
  {
    "title": "Italy",
    "link": "https://www.viatris.com/it-it/lm/Italy",
    "timestamp": "unknown"
  },
  {
    "title": "Japan",
    "link": "https://www.viatris.com/ja-jp/lm/Japan",
    "timestamp": "unknown"
  },
  {
    "title": "Korea",
    "link": "https://www.viatris.com/ko-kr/lm/korea",
    "timestamp": "unknown"
  },
  {
    "title": "MalaysiaNetherlandsNew ZealandPolandPortugalRomaniaRussiaSerbiaSlovakiaSlovenia",
    "link": "https://www.viatris.com/en-my/lm/Malaysia",
    "timestamp": "unknown"
  },
  {
    "title": "Malaysia",
    "link": "https://www.viatris.com/en-my/lm/Malaysia",
    "timestamp": "unknown"
  },
  {
    "title": "Netherlands",
    "link": "https://www.viatris.com/nl-nl/lm/Netherlands",
    "timestamp": "unknown"
  },
  {
    "title": "New Zealand",
    "link": "https://www.viatris.com/en-nz/lm/New-Zealand",
    "timestamp": "unknown"
  },
  {
    "title": "Poland",
    "link": "https://www.viatris.com/pl-pl/lm/Poland",
    "timestamp": "unknown"
  },
  {
    "title": "Portugal",
    "link": "https://www.viatris.com/pt-pt/lm/Portugal",
    "timestamp": "unknown"
  },
  {
    "title": "Romania",
    "link": "https://www.viatris.com/ro-ro/lm/Romania",
    "timestamp": "unknown"
  },
  {
    "title": "Russia",
    "link": "https://www.viatris.com/ru-ru/lm/Russia",
    "timestamp": "unknown"
  },
  {
    "title": "Serbia",
    "link": "https://www.viatris.com/sr-latn-rs/lm/Servia",
    "timestamp": "unknown"
  },
  {
    "title": "Slovakia",
    "link": "https://www.viatris.com/sk-sk/lm/Slovakia",
    "timestamp": "unknown"
  },
  {
    "title": "Slovenia",
    "link": "https://www.viatris.com/sl-SI/lm/Slovenia",
    "timestamp": "unknown"
  },
  {
    "title": "SpainSwedenSwitzerlandGermanFrenchTaiwanThailandTurkeyUnited KingdomUnited States",
    "link": "https://www.viatris.com/es-es/lm/spain",
    "timestamp": "unknown"
  },
  {
    "title": "Spain",
    "link": "https://www.viatris.com/es-es/lm/spain",
    "timestamp": "unknown"
  },
  {
    "title": "Sweden",
    "link": "https://www.viatris.com/sv-se/lm/Sweden",
    "timestamp": "unknown"
  },
  {
    "title": "SwitzerlandGermanFrench",
    "link": "https://www.viatris.com/",
    "timestamp": "unknown"
  },
  {
    "title": "German",
    "link": "https://www.viatris.com/de-ch/lm/Switzerland",
    "timestamp": "unknown"
  },
  {
    "title": "French",
    "link": "https://www.viatris.com/fr-ch/lm/Switzerland",
    "timestamp": "unknown"
  },
  {
    "title": "Taiwan",
    "link": "https://www.viatris.com/zh-tw/lm/Taiwan",
    "timestamp": "unknown"
  },
  {
    "title": "Thailand",
    "link": "https://www.viatris.com/th-th/lm/Thailand",
    "timestamp": "unknown"
  },
  {
    "title": "Turkey",
    "link": "https://www.viatris.com/tr-tr/lm/Turkey",
    "timestamp": "unknown"
  },
  {
    "title": "United Kingdom",
    "link": "https://www.viatris.com/en-gb/lm/United-Kingdom",
    "timestamp": "unknown"
  },
  {
    "title": "United States",
    "link": "https://www.viatris.com/en-us/lm/United-States",
    "timestamp": "unknown"
  },
  {
    "title": "Localized information forThe page you are about to visit contains information about Viatris that is specific toSpain. Regulatory requirements, data pr",
    "link": "https://investor.viatris.com/financial-and-filings/sec-filings",
    "timestamp": "unknown"
  },
  {
    "title": "Localized information forThe page you are about to visit contains information about Viatris that is specific toSpain. Regulatory requirements, data pr",
    "link": "https://investor.viatris.com/financial-and-filings/sec-filings",
    "timestamp": "unknown"
  },
  {
    "title": "Localized information forThe page you are about to visit contains information about Viatris that is specific toSpain. Regulatory requirements, data pr",
    "link": "https://investor.viatris.com/financial-and-filings/sec-filings",
    "timestamp": "unknown"
  },
  {
    "title": "Localized information forThe page you are about to visit contains information about Viatris that is specific toSpain. Regulatory requirements, data pr",
    "link": "https://investor.viatris.com/financial-and-filings/sec-filings",
    "timestamp": "unknown"
  },
  {
    "title": "Localized information forThe page you are about to visit contains information about Viatris that is specific toSpain. Regulatory requirements, data pr",
    "link": "https://investor.viatris.com/financial-and-filings/sec-filings",
    "timestamp": "unknown"
  },
  {
    "title": "Localized information forThe page you are about to visit contains information about Viatris that is specific toSpain. Regulatory requirements, data pr",
    "link": "https://investor.viatris.com/financial-and-filings/sec-filings",
    "timestamp": "unknown"
  },
  {
    "title": "Localized information forThe page you are about to visit contains information about Viatris that is specific toSpain. Regulatory requirements, data pr",
    "link": "https://investor.viatris.com/financial-and-filings/sec-filings",
    "timestamp": "unknown"
  },
  {
    "title": "Localized information forThe page you are about to visit contains information about Viatris that is specific toSpain. Regulatory requirements, data pr",
    "link": "https://investor.viatris.com/financial-and-filings/sec-filings",
    "timestamp": "unknown"
  },
  {
    "title": "Localized information forThe page you are about to visit contains information about Viatris that is specific toSpain. Regulatory requirements, data pr",
    "link": "https://investor.viatris.com/financial-and-filings/sec-filings",
    "timestamp": "unknown"
  },
  {
    "title": "Cancel",
    "link": "https://investor.viatris.com/financial-and-filings/sec-filings",
    "timestamp": "unknown"
  },
  {
    "title": "Continue to country page",
    "link": "https://investor.viatris.com/financial-and-filings/sec-filings",
    "timestamp": "unknown"
  },
  {
    "title": "Localized information forThe page you are about to visit contains information about Viatris that is specific to. Regulatory requirements, data protect",
    "link": "https://investor.viatris.com/financial-and-filings/sec-filings",
    "timestamp": "unknown"
  },
  {
    "title": "Localized information forThe page you are about to visit contains information about Viatris that is specific to. Regulatory requirements, data protect",
    "link": "https://investor.viatris.com/financial-and-filings/sec-filings",
    "timestamp": "unknown"
  },
  {
    "title": "Localized information forThe page you are about to visit contains information about Viatris that is specific to. Regulatory requirements, data protect",
    "link": "https://investor.viatris.com/financial-and-filings/sec-filings",
    "timestamp": "unknown"
  },
  {
    "title": "Localized information forThe page you are about to visit contains information about Viatris that is specific to. Regulatory requirements, data protect",
    "link": "https://investor.viatris.com/financial-and-filings/sec-filings",
    "timestamp": "unknown"
  },
  {
    "title": "Localized information forThe page you are about to visit contains information about Viatris that is specific to. Regulatory requirements, data protect",
    "link": "https://investor.viatris.com/financial-and-filings/sec-filings",
    "timestamp": "unknown"
  },
  {
    "title": "Localized information forThe page you are about to visit contains information about Viatris that is specific to. Regulatory requirements, data protect",
    "link": "https://investor.viatris.com/financial-and-filings/sec-filings",
    "timestamp": "unknown"
  },
  {
    "title": "Localized information forThe page you are about to visit contains information about Viatris that is specific to. Regulatory requirements, data protect",
    "link": "https://investor.viatris.com/financial-and-filings/sec-filings",
    "timestamp": "unknown"
  },
  {
    "title": "Cancel",
    "link": "https://investor.viatris.com/financial-and-filings/sec-filings",
    "timestamp": "unknown"
  },
  {
    "title": "Continue to country page",
    "link": "https://investor.viatris.com/financial-and-filings/sec-filings",
    "timestamp": "unknown"
  },
  {
    "title": "Welcome toMylan is now part of Viatris, a new global pharmaceutical company committed to empowering people to live healthier at every stage of life. W",
    "link": "https://investor.viatris.com/financial-and-filings/sec-filings",
    "timestamp": "unknown"
  },
  {
    "title": "Welcome toMylan is now part of Viatris, a new global pharmaceutical company committed to empowering people to live healthier at every stage of life. W",
    "link": "https://investor.viatris.com/financial-and-filings/sec-filings",
    "timestamp": "unknown"
  },
  {
    "title": "Welcome toMylan is now part of Viatris, a new global pharmaceutical company committed to empowering people to live healthier at every stage of life. W",
    "link": "https://investor.viatris.com/financial-and-filings/sec-filings",
    "timestamp": "unknown"
  },
  {
    "title": "Welcome toMylan is now part of Viatris, a new global pharmaceutical company committed to empowering people to live healthier at every stage of life. W",
    "link": "https://investor.viatris.com/financial-and-filings/sec-filings",
    "timestamp": "unknown"
  },
  {
    "title": "Welcome toMylan is now part of Viatris, a new global pharmaceutical company committed to empowering people to live healthier at every stage of life. W",
    "link": "https://investor.viatris.com/financial-and-filings/sec-filings",
    "timestamp": "unknown"
  },
  {
    "title": "Welcome toMylan is now part of Viatris, a new global pharmaceutical company committed to empowering people to live healthier at every stage of life. W",
    "link": "https://investor.viatris.com/financial-and-filings/sec-filings",
    "timestamp": "unknown"
  },
  {
    "title": "Welcome toMylan is now part of Viatris, a new global pharmaceutical company committed to empowering people to live healthier at every stage of life. W",
    "link": "https://investor.viatris.com/financial-and-filings/sec-filings",
    "timestamp": "unknown"
  },
  {
    "title": "Explore Viatris",
    "link": "https://investor.viatris.com/financial-and-filings/sec-filings",
    "timestamp": "unknown"
  },
  {
    "title": "Leaving the Viatris siteYou are now leaving the Viatris page for a Viatris affiliate site or third party site that is solely responsible for its conte",
    "link": "https://investor.viatris.com/financial-and-filings/sec-filings",
    "timestamp": "unknown"
  },
  {
    "title": "Leaving the Viatris siteYou are now leaving the Viatris page for a Viatris affiliate site or third party site that is solely responsible for its conte",
    "link": "https://investor.viatris.com/financial-and-filings/sec-filings",
    "timestamp": "unknown"
  },
  {
    "title": "Leaving the Viatris siteYou are now leaving the Viatris page for a Viatris affiliate site or third party site that is solely responsible for its conte",
    "link": "https://investor.viatris.com/financial-and-filings/sec-filings",
    "timestamp": "unknown"
  },
  {
    "title": "Leaving the Viatris siteYou are now leaving the Viatris page for a Viatris affiliate site or third party site that is solely responsible for its conte",
    "link": "https://investor.viatris.com/financial-and-filings/sec-filings",
    "timestamp": "unknown"
  },
  {
    "title": "Leaving the Viatris siteYou are now leaving the Viatris page for a Viatris affiliate site or third party site that is solely responsible for its conte",
    "link": "https://investor.viatris.com/financial-and-filings/sec-filings",
    "timestamp": "unknown"
  },
  {
    "title": "Leaving the Viatris siteYou are now leaving the Viatris page for a Viatris affiliate site or third party site that is solely responsible for its conte",
    "link": "https://investor.viatris.com/financial-and-filings/sec-filings",
    "timestamp": "unknown"
  },
  {
    "title": "Continue",
    "link": "https://investor.viatris.com/financial-and-filings/sec-filings",
    "timestamp": "unknown"
  },
  {
    "title": "Cancel",
    "link": "https://investor.viatris.com/financial-and-filings/sec-filings",
    "timestamp": "unknown"
  },
  {
    "title": "BreadcrumbInvestorsfinancial and filings",
    "link": "https://investor.viatris.com/",
    "timestamp": "unknown"
  },
  {
    "title": "BreadcrumbInvestorsfinancial and filings",
    "link": "https://investor.viatris.com/",
    "timestamp": "unknown"
  },
  {
    "title": "BreadcrumbInvestorsfinancial and filings",
    "link": "https://investor.viatris.com/",
    "timestamp": "unknown"
  },
  {
    "title": "BreadcrumbInvestorsfinancial and filings",
    "link": "https://investor.viatris.com/",
    "timestamp": "unknown"
  },
  {
    "title": "BreadcrumbInvestorsfinancial and filings",
    "link": "https://investor.viatris.com/",
    "timestamp": "unknown"
  },
  {
    "title": "Investors",
    "link": "https://investor.viatris.com/",
    "timestamp": "unknown"
  },
  {
    "title": "financial and filings",
    "link": "https://investor.viatris.com/financial-and-filings",
    "timestamp": "unknown"
  },
  {
    "title": "Financials and FilingsFinancials and FilingsFinancials and Filings MenuSEC FilingsQuarterly ResultsNon-GAAP reconciliationsViatris releases financial ",
    "link": "https://investor.viatris.com/financial-and-filings/sec-filings",
    "timestamp": "unknown"
  },
  {
    "title": "Financials and FilingsFinancials and FilingsFinancials and Filings MenuSEC FilingsQuarterly ResultsNon-GAAP reconciliationsViatris releases financial ",
    "link": "https://investor.viatris.com/financial-and-filings/sec-filings",
    "timestamp": "unknown"
  },
  {
    "title": "Financials and FilingsFinancials and FilingsFinancials and Filings MenuSEC FilingsQuarterly ResultsNon-GAAP reconciliationsViatris releases financial ",
    "link": "https://investor.viatris.com/financial-and-filings/sec-filings",
    "timestamp": "unknown"
  },
  {
    "title": "Financials and FilingsFinancials and FilingsFinancials and Filings MenuSEC FilingsQuarterly ResultsNon-GAAP reconciliationsViatris releases financial ",
    "link": "https://investor.viatris.com/financial-and-filings/sec-filings",
    "timestamp": "unknown"
  },
  {
    "title": "Financials and FilingsFinancials and Filings MenuSEC FilingsQuarterly ResultsNon-GAAP reconciliationsViatris releases financial and regulatory documen",
    "link": "https://investor.viatris.com/financial-and-filings/sec-filings",
    "timestamp": "unknown"
  },
  {
    "title": "Financials and FilingsFinancials and Filings MenuSEC FilingsQuarterly ResultsNon-GAAP reconciliationsViatris releases financial and regulatory documen",
    "link": "https://investor.viatris.com/financial-and-filings/sec-filings",
    "timestamp": "unknown"
  },
  {
    "title": "Financials and FilingsFinancials and Filings MenuSEC FilingsQuarterly ResultsNon-GAAP reconciliationsViatris releases financial and regulatory documen",
    "link": "https://investor.viatris.com/financial-and-filings/sec-filings",
    "timestamp": "unknown"
  },
  {
    "title": "Financials and FilingsFinancials and Filings MenuSEC FilingsQuarterly ResultsNon-GAAP reconciliationsViatris releases financial and regulatory documen",
    "link": "https://investor.viatris.com/financial-and-filings/sec-filings",
    "timestamp": "unknown"
  },
  {
    "title": "Financials and FilingsFinancials and Filings MenuSEC FilingsQuarterly ResultsNon-GAAP reconciliationsViatris releases financial and regulatory documen",
    "link": "https://investor.viatris.com/financial-and-filings/sec-filings",
    "timestamp": "unknown"
  },
  {
    "title": "Financials and Filings MenuSEC FilingsQuarterly ResultsNon-GAAP reconciliationsViatris releases financial and regulatory documents to the public, incl",
    "link": "https://investor.viatris.com/financial-and-filings/sec-filings",
    "timestamp": "unknown"
  },
  {
    "title": "Financials and Filings MenuSEC FilingsQuarterly ResultsNon-GAAP reconciliationsViatris releases financial and regulatory documents to the public, incl",
    "link": "https://investor.viatris.com/financial-and-filings/sec-filings",
    "timestamp": "unknown"
  },
  {
    "title": "Financials and Filings MenuSEC FilingsQuarterly ResultsNon-GAAP reconciliationsViatris releases financial and regulatory documents to the public, incl",
    "link": "https://investor.viatris.com/financial-and-filings/sec-filings",
    "timestamp": "unknown"
  },
  {
    "title": "Financials and Filings MenuSEC FilingsQuarterly ResultsNon-GAAP reconciliationsViatris releases financial and regulatory documents to the public, incl",
    "link": "https://investor.viatris.com/financial-and-filings/sec-filings",
    "timestamp": "unknown"
  },
  {
    "title": "Financials and Filings MenuSEC FilingsQuarterly ResultsNon-GAAP reconciliationsViatris releases financial and regulatory documents to the public, incl",
    "link": "https://investor.viatris.com/financial-and-filings/sec-filings",
    "timestamp": "unknown"
  },
  {
    "title": "SEC Filings",
    "link": "https://investor.viatris.com/financial-and-filings/sec-filings",
    "timestamp": "unknown"
  },
  {
    "title": "Quarterly Results",
    "link": "https://investor.viatris.com/financial-and-filings/quarterly-results",
    "timestamp": "unknown"
  },
  {
    "title": "Non-GAAP reconciliations",
    "link": "https://investor.viatris.com/financial-information/non-gaap-reconciliations",
    "timestamp": "unknown"
  },
  {
    "title": "Group,,Annual FilingsCurrent ReportsMergers & AcquisitionsOtherProxy FilingsQuarterly FilingsRegistration StatementsFiling year- Any -Items per pageFi",
    "link": "https://investor.viatris.com/financial-and-filings/sec-filings?items_per_page=&order=field_nir_sec_date_filed&sort=asc",
    "timestamp": "unknown"
  },
  {
    "title": "Group,,Annual FilingsCurrent ReportsMergers & AcquisitionsOtherProxy FilingsQuarterly FilingsRegistration StatementsFiling year- Any -Items per pageFi",
    "link": "https://investor.viatris.com/financial-and-filings/sec-filings?items_per_page=&order=field_nir_sec_date_filed&sort=asc",
    "timestamp": "unknown"
  },
  {
    "title": "Group,,Annual FilingsCurrent ReportsMergers & AcquisitionsOtherProxy FilingsQuarterly FilingsRegistration StatementsFiling year- Any -Items per pageFi",
    "link": "https://investor.viatris.com/financial-and-filings/sec-filings?items_per_page=&order=field_nir_sec_date_filed&sort=asc",
    "timestamp": "unknown"
  },
  {
    "title": "Filing dateDescriptionFormViewMay ,SCHEDULE 13G - DescriptionSCHEDULE 13G--.pdf--.rtf--.xlsView HTMLMay ,Statement of changes in beneficial ownership ",
    "link": "https://investor.viatris.com/financial-and-filings/sec-filings?items_per_page=&order=field_nir_sec_date_filed&sort=asc",
    "timestamp": "unknown"
  },
  {
    "title": "Filing dateDescriptionFormView",
    "link": "https://investor.viatris.com/financial-and-filings/sec-filings?items_per_page=&order=field_nir_sec_date_filed&sort=asc",
    "timestamp": "unknown"
  },
  {
    "title": "May ,SCHEDULE 13G - DescriptionSCHEDULE 13G--.pdf--.rtf--.xlsView HTML",
    "link": "https://investor.viatris.com/sec-filings/sec-filing/schedule-13g/--",
    "timestamp": "unknown"
  },
  {
    "title": "--.pdf",
    "link": "https://investor.viatris.com/static-files/99f7194c-ba28-4f88-aab1-a345352f5d74",
    "timestamp": "unknown"
  },
  {
    "title": "--.rtf",
    "link": "https://investor.viatris.com/static-files/424cf558-bb8d-40f0-ba26-d9c91b621893",
    "timestamp": "unknown"
  },
  {
    "title": "--.xls",
    "link": "https://investor.viatris.com/static-files/b17286cc--499c-a939-f3ba17854113",
    "timestamp": "unknown"
  },
  {
    "title": "May ,Statement of changes in beneficial ownership of securities--.pdf--.rtf--.xlsView HTML",
    "link": "https://investor.viatris.com/sec-filings/sec-filing//--",
    "timestamp": "unknown"
  },
  {
    "title": "--.pdf",
    "link": "https://investor.viatris.com/static-files/1a8ae77a-0a8a-408c-a963-139a0f4d4d57",
    "timestamp": "unknown"
  },
  {
    "title": "--.rtf",
    "link": "https://investor.viatris.com/static-files/727ea1df-e74c-4cbd--e514d596d5d0",
    "timestamp": "unknown"
  },
  {
    "title": "--.xls",
    "link": "https://investor.viatris.com/static-files/94b88cc7-b5df-41ef-af5f-1fe95a693545",
    "timestamp": "unknown"
  },
  {
    "title": "May ,Initial filing by director officer or owner of more than ten percent--.pdf--.rtf--.xlsView HTML",
    "link": "https://investor.viatris.com/sec-filings/sec-filing//--",
    "timestamp": "unknown"
  },
  {
    "title": "--.pdf",
    "link": "https://investor.viatris.com/static-files/04186bbd-8aba-483d-aa2e-c927c64f1fc7",
    "timestamp": "unknown"
  },
  {
    "title": "--.rtf",
    "link": "https://investor.viatris.com/static-files/23feb651-261f-42f3-9ff4-2caa57390ff4",
    "timestamp": "unknown"
  },
  {
    "title": "--.xls",
    "link": "https://investor.viatris.com/static-files/b361bff7-7dd0-4f94-8abd-ce6f5c321d7c",
    "timestamp": "unknown"
  },
  {
    "title": "May ,Initial filing by director officer or owner of more than ten percent--.pdf--.rtf--.xlsView HTML",
    "link": "https://investor.viatris.com/sec-filings/sec-filing//--",
    "timestamp": "unknown"
  },
  {
    "title": "--.pdf",
    "link": "https://investor.viatris.com/static-files/03b30ac4-bbbf--8db3-176643751db2",
    "timestamp": "unknown"
  },
  {
    "title": "--.rtf",
    "link": "https://investor.viatris.com/static-files/d39e8e7b-7aef-4ae1-a40a-6e7f0bf61e18",
    "timestamp": "unknown"
  },
  {
    "title": "--.xls",
    "link": "https://investor.viatris.com/static-files/8dd56d84--4a5c-b795-5eed88e27ecf",
    "timestamp": "unknown"
  },
  {
    "title": "May ,Statement of changes in beneficial ownership of securities--.pdf--.rtf--.xlsView HTML",
    "link": "https://investor.viatris.com/sec-filings/sec-filing//--",
    "timestamp": "unknown"
  },
  {
    "title": "--.pdf",
    "link": "https://investor.viatris.com/static-files/c0650430-faec-44e1-be4c-e896f266c2c6",
    "timestamp": "unknown"
  },
  {
    "title": "--.rtf",
    "link": "https://investor.viatris.com/static-files/0386bc0b-a2af-420b-86bf-3e5da47e3ab8",
    "timestamp": "unknown"
  },
  {
    "title": "--.xls",
    "link": "https://investor.viatris.com/static-files/e1cb3608-d716--ae2e-164e5a5c6c62",
    "timestamp": "unknown"
  },
  {
    "title": "May ,Statement of changes in beneficial ownership of securities--.pdf--.rtf--.xlsView HTML",
    "link": "https://investor.viatris.com/sec-filings/sec-filing//--",
    "timestamp": "unknown"
  },
  {
    "title": "--.pdf",
    "link": "https://investor.viatris.com/static-files/05f109cc-b01a-4ba4-a7d6-26fa63a9b596",
    "timestamp": "unknown"
  },
  {
    "title": "--.rtf",
    "link": "https://investor.viatris.com/static-files/4f6c83ea-7d2b-439a-a672-bada99e736de",
    "timestamp": "unknown"
  },
  {
    "title": "--.xls",
    "link": "https://investor.viatris.com/static-files/0fd65ebd-8e83--8e1c-3b950a655aa3",
    "timestamp": "unknown"
  },
  {
    "title": "May ,Report of unscheduled material events or corporate event-K--.pdf--.rtf--.xlsEX-.SCH - XBRL TAXONOMY EXTENSION SCHEMAView HTML",
    "link": "https://investor.viatris.com/sec-filings/sec-filing/-k/--",
    "timestamp": "unknown"
  },
  {
    "title": "--.pdf",
    "link": "https://investor.viatris.com/static-files/e968bf24-7c1e-4ab9-bed2-ccf4186a2050",
    "timestamp": "unknown"
  },
  {
    "title": "--.rtf",
    "link": "https://investor.viatris.com/static-files/dc85ca8e-1db6-4b88-a3bb-d95da8e1efd9",
    "timestamp": "unknown"
  },
  {
    "title": "--.xls",
    "link": "https://investor.viatris.com/static-files/279f6a34-f95c--877e-e6d4b89a1564",
    "timestamp": "unknown"
  },
  {
    "title": "May ,Quarterly report which provides a continuing view of a company's financial position-Q--.pdf--.rtf--.xlsEX-.SCH - XBRL TAXONOMY EXTENSION SCHEMAVi",
    "link": "https://investor.viatris.com/sec-filings/sec-filing/-q/--",
    "timestamp": "unknown"
  },
  {
    "title": "--.pdf",
    "link": "https://investor.viatris.com/static-files/7783253c-6faf--b483-b345b5f71666",
    "timestamp": "unknown"
  },
  {
    "title": "--.rtf",
    "link": "https://investor.viatris.com/static-files/53eec780-cc1e-49cd-b5e7-8f9bcffa9c33",
    "timestamp": "unknown"
  },
  {
    "title": "--.xls",
    "link": "https://investor.viatris.com/static-files/b153c120-4da5-4a9c-9fe7-eb075351a4bb",
    "timestamp": "unknown"
  },
  {
    "title": "May ,SCHEDULE 13G/A - DescriptionSCHEDULE 13G/A--.pdf--.rtf--.xlsView HTML",
    "link": "https://investor.viatris.com/sec-filings/sec-filing/schedule-13ga/--",
    "timestamp": "unknown"
  },
  {
    "title": "--.pdf",
    "link": "https://investor.viatris.com/static-files/da7d1c1c-3e06-4edc--f2f0f5f0c426",
    "timestamp": "unknown"
  },
  {
    "title": "--.rtf",
    "link": "https://investor.viatris.com/static-files/0d550903-ee90-47b7-a91a-1ada67fc925e",
    "timestamp": "unknown"
  },
  {
    "title": "--.xls",
    "link": "https://investor.viatris.com/static-files/623123af-1f95-40df--e1f8f10be968",
    "timestamp": "unknown"
  },
  {
    "title": "May ,S-3ASRS-3ASR--.pdf--.rtf--.xlsView HTML",
    "link": "https://investor.viatris.com/sec-filings/sec-filing/s-3asr/--",
    "timestamp": "unknown"
  },
  {
    "title": "--.pdf",
    "link": "https://investor.viatris.com/static-files/60ab8325-17a0-4fe1-b9f2-039a6a32f26f",
    "timestamp": "unknown"
  },
  {
    "title": "--.rtf",
    "link": "https://investor.viatris.com/static-files/40570d66--42f4-aa39-365af14743c2",
    "timestamp": "unknown"
  },
  {
    "title": "--.xls",
    "link": "https://investor.viatris.com/static-files/d4cf67d0-2eae--8e47-d3f04e87af9e",
    "timestamp": "unknown"
  },
  {
    "title": "Current page",
    "link": "https://investor.viatris.com/financial-and-filings/sec-filings?&field_nir_sec_cik_target_id=&field_nir_sec_date_filed_value=&&&items_per_page_toggle=&page=",
    "timestamp": "unknown"
  },
  {
    "title": "Page",
    "link": "https://investor.viatris.com/financial-and-filings/sec-filings?&field_nir_sec_cik_target_id=&field_nir_sec_date_filed_value=&&&items_per_page_toggle=&page=",
    "timestamp": "unknown"
  },
  {
    "title": "Page",
    "link": "https://investor.viatris.com/financial-and-filings/sec-filings?&field_nir_sec_cik_target_id=&field_nir_sec_date_filed_value=&&&items_per_page_toggle=&page=",
    "timestamp": "unknown"
  },
  {
    "title": "Page",
    "link": "https://investor.viatris.com/financial-and-filings/sec-filings?&field_nir_sec_cik_target_id=&field_nir_sec_date_filed_value=&&&items_per_page_toggle=&page=",
    "timestamp": "unknown"
  },
  {
    "title": "Page",
    "link": "https://investor.viatris.com/financial-and-filings/sec-filings?&field_nir_sec_cik_target_id=&field_nir_sec_date_filed_value=&&&items_per_page_toggle=&page=",
    "timestamp": "unknown"
  },
  {
    "title": "Page",
    "link": "https://investor.viatris.com/financial-and-filings/sec-filings?&field_nir_sec_cik_target_id=&field_nir_sec_date_filed_value=&&&items_per_page_toggle=&page=",
    "timestamp": "unknown"
  },
  {
    "title": "Page",
    "link": "https://investor.viatris.com/financial-and-filings/sec-filings?&field_nir_sec_cik_target_id=&field_nir_sec_date_filed_value=&&&items_per_page_toggle=&page=",
    "timestamp": "unknown"
  },
  {
    "title": "Page",
    "link": "https://investor.viatris.com/financial-and-filings/sec-filings?&field_nir_sec_cik_target_id=&field_nir_sec_date_filed_value=&&&items_per_page_toggle=&page=",
    "timestamp": "unknown"
  },
  {
    "title": "Page",
    "link": "https://investor.viatris.com/financial-and-filings/sec-filings?&field_nir_sec_cik_target_id=&field_nir_sec_date_filed_value=&&&items_per_page_toggle=&page=",
    "timestamp": "unknown"
  },
  {
    "title": "Next pageNext \u203a",
    "link": "https://investor.viatris.com/financial-and-filings/sec-filings?&field_nir_sec_cik_target_id=&field_nir_sec_date_filed_value=&&&items_per_page_toggle=&page=",
    "timestamp": "unknown"
  },
  {
    "title": "Last pageLast \u00bb",
    "link": "https://investor.viatris.com/financial-and-filings/sec-filings?&field_nir_sec_cik_target_id=&field_nir_sec_date_filed_value=&&&items_per_page_toggle=&page=",
    "timestamp": "unknown"
  },
  {
    "title": "Data provided byKaleidoscope.",
    "link": "https://www.kscope.io",
    "timestamp": "unknown"
  },
  {
    "title": "Data provided byKaleidoscope.",
    "link": "https://www.kscope.io",
    "timestamp": "unknown"
  },
  {
    "title": "Viatris Privacy Notice",
    "link": "https://www.viatris.com/en/viatris-privacy-notice",
    "timestamp": "unknown"
  },
  {
    "title": "Viatris Privacy Notice",
    "link": "https://www.viatris.com/en/viatris-privacy-notice",
    "timestamp": "unknown"
  },
  {
    "title": "Viatris Compliance Line",
    "link": "https://viatris.integrityline.com/",
    "timestamp": "unknown"
  },
  {
    "title": "Viatris Compliance Line",
    "link": "https://viatris.integrityline.com/",
    "timestamp": "unknown"
  },
  {
    "title": "Contact Us",
    "link": "https://www.viatris.com/en/newsroom/contact-us",
    "timestamp": "unknown"
  },
  {
    "title": "Contact Us",
    "link": "https://www.viatris.com/en/newsroom/contact-us",
    "timestamp": "unknown"
  },
  {
    "title": "Terms of Use",
    "link": "https://www.viatris.com/en/terms-of-use",
    "timestamp": "unknown"
  },
  {
    "title": "Terms of Use",
    "link": "https://www.viatris.com/en/terms-of-use",
    "timestamp": "unknown"
  },
  {
    "title": "California Supplemental Disclosure",
    "link": "https://www.viatris.com/en/supplemental-disclosure-for-california-residents",
    "timestamp": "unknown"
  },
  {
    "title": "California Supplemental Disclosure",
    "link": "https://www.viatris.com/en/supplemental-disclosure-for-california-residents",
    "timestamp": "unknown"
  },
  {
    "title": "California Supply Chain Transparency, UK and Australia Modern Slavery Statement",
    "link": "https://www.viatris.com/-/media/project/common/viatris/pdf/viatris-human-trafficking-statementapproved--final--signed.pdf",
    "timestamp": "unknown"
  },
  {
    "title": "California Supply Chain Transparency, UK and Australia Modern Slavery Statement",
    "link": "https://www.viatris.com/-/media/project/common/viatris/pdf/viatris-human-trafficking-statementapproved--final--signed.pdf",
    "timestamp": "unknown"
  },
  {
    "title": "Sitemap",
    "link": "https://www.viatris.com/en/sitemap",
    "timestamp": "unknown"
  },
  {
    "title": "Sitemap",
    "link": "https://www.viatris.com/en/sitemap",
    "timestamp": "unknown"
  }
]