[
  {
    "title": "About UsOur StoryOur CultureExecutive Leadership TeamBoard of DirectorsCorporate GovernanceGlobal SustainabilityPublic PolicyGlobal Healthcare Gateway",
    "link": "https://www.viatris.com/en",
    "timestamp": "unknown"
  },
  {
    "title": "About UsOur StoryOur CultureExecutive Leadership TeamBoard of DirectorsCorporate GovernanceGlobal SustainabilityPublic PolicyGlobal Healthcare Gateway",
    "link": "https://www.viatris.com/en",
    "timestamp": "unknown"
  },
  {
    "title": "About UsOur StoryOur CultureExecutive Leadership TeamBoard of DirectorsCorporate GovernanceGlobal SustainabilityPublic PolicyGlobal Healthcare Gateway",
    "link": "https://www.viatris.com/en",
    "timestamp": "unknown"
  },
  {
    "title": "About UsOur StoryOur CultureExecutive Leadership TeamBoard of DirectorsCorporate GovernanceGlobal SustainabilityPublic PolicyGlobal Healthcare Gateway",
    "link": "https://www.viatris.com/en",
    "timestamp": "unknown"
  },
  {
    "title": "About UsOur StoryOur CultureExecutive Leadership TeamBoard of DirectorsCorporate GovernanceGlobal SustainabilityPublic PolicyGlobal Healthcare Gateway",
    "link": "https://www.viatris.com/en",
    "timestamp": "unknown"
  },
  {
    "title": "About UsOur StoryOur CultureExecutive Leadership TeamBoard of DirectorsCorporate GovernanceGlobal SustainabilityPublic PolicyGlobal Healthcare Gateway",
    "link": "https://www.viatris.com/en/about-us",
    "timestamp": "unknown"
  },
  {
    "title": "About UsOur StoryOur CultureExecutive Leadership TeamBoard of DirectorsCorporate GovernanceGlobal SustainabilityPublic PolicyGlobal Healthcare Gateway",
    "link": "https://www.viatris.com/en/about-us",
    "timestamp": "unknown"
  },
  {
    "title": "About Us",
    "link": "https://www.viatris.com/en/about-us",
    "timestamp": "unknown"
  },
  {
    "title": "About Us",
    "link": "https://www.viatris.com/en/about-us",
    "timestamp": "unknown"
  },
  {
    "title": "Our Story",
    "link": "https://www.viatris.com/en/about-us/our-story",
    "timestamp": "unknown"
  },
  {
    "title": "Our Culture",
    "link": "https://www.viatris.com/en/about-us/our-culture",
    "timestamp": "unknown"
  },
  {
    "title": "Executive Leadership Team",
    "link": "https://www.viatris.com/en/about-us/executive-leadership-team",
    "timestamp": "unknown"
  },
  {
    "title": "Board of Directors",
    "link": "https://www.viatris.com/en/about-us/board-of-directors",
    "timestamp": "unknown"
  },
  {
    "title": "Corporate Governance",
    "link": "https://www.viatris.com/en/about-us/corporate-governance",
    "timestamp": "unknown"
  },
  {
    "title": "Global Sustainability",
    "link": "https://www.viatris.com/en/about-us/global-sustainability",
    "timestamp": "unknown"
  },
  {
    "title": "Public Policy",
    "link": "https://www.viatris.com/en/about-us/public-policy",
    "timestamp": "unknown"
  },
  {
    "title": "Global Healthcare Gateway",
    "link": "https://www.viatris.com/en/about-us/global-healthcare-gateway",
    "timestamp": "unknown"
  },
  {
    "title": "ProductsTherapeutic AreasBrandsGenerics",
    "link": "https://www.viatris.com/en/products",
    "timestamp": "unknown"
  },
  {
    "title": "Products",
    "link": "https://www.viatris.com/en/products",
    "timestamp": "unknown"
  },
  {
    "title": "Products",
    "link": "https://www.viatris.com/en/products",
    "timestamp": "unknown"
  },
  {
    "title": "Therapeutic Areas",
    "link": "https://www.viatris.com/en/products/therapeutic-areas",
    "timestamp": "unknown"
  },
  {
    "title": "Brands",
    "link": "https://www.viatris.com/en/products/brands",
    "timestamp": "unknown"
  },
  {
    "title": "Generics",
    "link": "https://www.viatris.com/en/products/generics",
    "timestamp": "unknown"
  },
  {
    "title": "NewsroomPress ReleasesStories and ViewpointsResearch and ReportsMedia ResourcesContact Us",
    "link": "https://newsroom.viatris.com/home",
    "timestamp": "unknown"
  },
  {
    "title": "Newsroom",
    "link": "https://newsroom.viatris.com/home",
    "timestamp": "unknown"
  },
  {
    "title": "Newsroom",
    "link": "https://newsroom.viatris.com/home",
    "timestamp": "unknown"
  },
  {
    "title": "Press Releases",
    "link": "https://newsroom.viatris.com/press-releases",
    "timestamp": "unknown"
  },
  {
    "title": "Stories and Viewpoints",
    "link": "https://newsroom.viatris.com/stories-and-viewpoints",
    "timestamp": "unknown"
  },
  {
    "title": "Research and Reports",
    "link": "https://newsroom.viatris.com/research-and-reports",
    "timestamp": "unknown"
  },
  {
    "title": "Media Resources",
    "link": "https://newsroom.viatris.com/media",
    "timestamp": "unknown"
  },
  {
    "title": "Contact Us",
    "link": "https://www.viatris.com/en/newsroom/contact-us",
    "timestamp": "unknown"
  },
  {
    "title": "CareersWorking at ViatrisDiversity and InclusionOur LocationsSearch CareersCareers FAQs",
    "link": "https://www.viatris.com/en/careers",
    "timestamp": "unknown"
  },
  {
    "title": "Careers",
    "link": "https://www.viatris.com/en/careers",
    "timestamp": "unknown"
  },
  {
    "title": "Careers",
    "link": "https://www.viatris.com/en/careers",
    "timestamp": "unknown"
  },
  {
    "title": "Working at Viatris",
    "link": "https://www.viatris.com/en/careers/working-at-viatris",
    "timestamp": "unknown"
  },
  {
    "title": "Diversity and Inclusion",
    "link": "https://www.viatris.com/en/careers/diversity-and-inclusion",
    "timestamp": "unknown"
  },
  {
    "title": "Our Locations",
    "link": "https://www.viatris.com/en/careers/locations-near-you",
    "timestamp": "unknown"
  },
  {
    "title": "Search Careers",
    "link": "https://mylan.wd5.myworkdayjobs.com/External",
    "timestamp": "unknown"
  },
  {
    "title": "Careers FAQs",
    "link": "https://www.viatris.com/en/careers/careers-faqs",
    "timestamp": "unknown"
  },
  {
    "title": "InvestorsEvents and PresentationsFinancials and FilingsStock InformationShareholder ToolkitInvestor FAQs",
    "link": "https://investor.viatris.com/",
    "timestamp": "unknown"
  },
  {
    "title": "Investors",
    "link": "https://investor.viatris.com/",
    "timestamp": "unknown"
  },
  {
    "title": "Investors",
    "link": "https://investor.viatris.com/",
    "timestamp": "unknown"
  },
  {
    "title": "Events and Presentations",
    "link": "https://investor.viatris.com/events-and-presentations",
    "timestamp": "unknown"
  },
  {
    "title": "Financials and Filings",
    "link": "https://investor.viatris.com/financial-and-filings/sec-filings",
    "timestamp": "unknown"
  },
  {
    "title": "Stock Information",
    "link": "https://investor.viatris.com/stock-information/stock-performance",
    "timestamp": "unknown"
  },
  {
    "title": "Shareholder Toolkit",
    "link": "https://investor.viatris.com/shareholder-services/email-alerts",
    "timestamp": "unknown"
  },
  {
    "title": "Investor FAQs",
    "link": "https://investor.viatris.com/investor-faqs",
    "timestamp": "unknown"
  },
  {
    "title": "Change LocationEn",
    "link": "https://newsroom.viatris.com/press-releases",
    "timestamp": "unknown"
  },
  {
    "title": "Change LocationEn",
    "link": "https://newsroom.viatris.com/press-releases",
    "timestamp": "unknown"
  },
  {
    "title": "Choose Your LocationAustraliaAustriaBelgiumDutchFrenchBrazilBulgariaCanadaEnglishFrenchChinaCroatiaCzech RepublicDenmarkFranceGermanyGreeceHong KongEn",
    "link": "https://www.viatris.com.au/",
    "timestamp": "unknown"
  },
  {
    "title": "Choose Your LocationAustraliaAustriaBelgiumDutchFrenchBrazilBulgariaCanadaEnglishFrenchChinaCroatiaCzech RepublicDenmarkFranceGermanyGreeceHong KongEn",
    "link": "https://www.viatris.com.au/",
    "timestamp": "unknown"
  },
  {
    "title": "AustraliaAustriaBelgiumDutchFrenchBrazilBulgariaCanadaEnglishFrenchChinaCroatiaCzech RepublicDenmarkFranceGermanyGreeceHong KongEnglishChineseHungaryE",
    "link": "https://www.viatris.com.au/",
    "timestamp": "unknown"
  },
  {
    "title": "AustraliaAustriaBelgiumDutchFrenchBrazilBulgariaCanadaEnglishFrenchChinaCroatiaCzech RepublicDenmarkFranceGermany",
    "link": "https://www.viatris.com.au/",
    "timestamp": "unknown"
  },
  {
    "title": "Australia",
    "link": "https://www.viatris.com.au/",
    "timestamp": "unknown"
  },
  {
    "title": "Austria",
    "link": "https://www.viatris.com/de-at/lm/austria",
    "timestamp": "unknown"
  },
  {
    "title": "BelgiumDutchFrench",
    "link": "https://newsroom.viatris.com/press-releases",
    "timestamp": "unknown"
  },
  {
    "title": "Dutch",
    "link": "https://www.viatris.com/nl-be/lm/belgium",
    "timestamp": "unknown"
  },
  {
    "title": "French",
    "link": "https://www.viatris.com/fr-be/lm/belgium",
    "timestamp": "unknown"
  },
  {
    "title": "Brazil",
    "link": "https://www.viatris.com.br",
    "timestamp": "unknown"
  },
  {
    "title": "Bulgaria",
    "link": "https://www.viatris.com/bg-bg/lm/bulgaria",
    "timestamp": "unknown"
  },
  {
    "title": "CanadaEnglishFrench",
    "link": "https://newsroom.viatris.com/press-releases",
    "timestamp": "unknown"
  },
  {
    "title": "English",
    "link": "https://www.viatris.com/en-ca/lm/canada",
    "timestamp": "unknown"
  },
  {
    "title": "French",
    "link": "https://www.viatris.com/fr-ca/lm/canada",
    "timestamp": "unknown"
  },
  {
    "title": "China",
    "link": "https://www.viatris.cn/",
    "timestamp": "unknown"
  },
  {
    "title": "Croatia",
    "link": "https://www.viatris.com/hr-hr/lm/croatia",
    "timestamp": "unknown"
  },
  {
    "title": "Czech Republic",
    "link": "https://www.viatris.com/cs-cz/lm/czech-republic",
    "timestamp": "unknown"
  },
  {
    "title": "Denmark",
    "link": "https://www.viatris.dk/",
    "timestamp": "unknown"
  },
  {
    "title": "France",
    "link": "https://www.viatris.fr/",
    "timestamp": "unknown"
  },
  {
    "title": "Germany",
    "link": "https://www.viatris.de",
    "timestamp": "unknown"
  },
  {
    "title": "GreeceHong KongEnglishChineseHungaryEnglishHungarianIndiaIrelandItalyJapanKoreaMalaysiaMexicoNetherlandsNew Zealand",
    "link": "https://www.viatris.com/el-gr/lm/greece",
    "timestamp": "unknown"
  },
  {
    "title": "Greece",
    "link": "https://www.viatris.com/el-gr/lm/greece",
    "timestamp": "unknown"
  },
  {
    "title": "Hong KongEnglishChinese",
    "link": "https://newsroom.viatris.com/press-releases",
    "timestamp": "unknown"
  },
  {
    "title": "English",
    "link": "https://www.viatris.com/en-hk/lm/hong-kong",
    "timestamp": "unknown"
  },
  {
    "title": "Chinese",
    "link": "https://www.viatris.com/zh-hk/lm/hong-kong",
    "timestamp": "unknown"
  },
  {
    "title": "HungaryEnglishHungarian",
    "link": "https://newsroom.viatris.com/press-releases",
    "timestamp": "unknown"
  },
  {
    "title": "English",
    "link": "https://www.viatris.com/en-hu/lm/hungary",
    "timestamp": "unknown"
  },
  {
    "title": "Hungarian",
    "link": "https://www.viatris.com/hu-hu/lm/hungary",
    "timestamp": "unknown"
  },
  {
    "title": "India",
    "link": "https://www.viatris.com/en-in/lm/india",
    "timestamp": "unknown"
  },
  {
    "title": "Ireland",
    "link": "https://www.viatris.ie/",
    "timestamp": "unknown"
  },
  {
    "title": "Italy",
    "link": "https://www.viatris.it/",
    "timestamp": "unknown"
  },
  {
    "title": "Japan",
    "link": "https://www.viatris.com/ja-jp/lm/japan",
    "timestamp": "unknown"
  },
  {
    "title": "Korea",
    "link": "https://www.viatris.co.kr/",
    "timestamp": "unknown"
  },
  {
    "title": "Malaysia",
    "link": "https://www.viatris.my/",
    "timestamp": "unknown"
  },
  {
    "title": "Mexico",
    "link": "https://www.viatris.com/es-mx/lm/mexico",
    "timestamp": "unknown"
  },
  {
    "title": "Netherlands",
    "link": "https://www.viatris.com/nl-nl/lm/netherlands",
    "timestamp": "unknown"
  },
  {
    "title": "New Zealand",
    "link": "https://www.viatris.nz/",
    "timestamp": "unknown"
  },
  {
    "title": "NorwayPolandPortugalRomaniaRussiaSaudi ArabiaSerbiaSlovakiaSloveniaSpainSwedenSwitzerlandGermanFrench",
    "link": "https://www.viatris.no/",
    "timestamp": "unknown"
  },
  {
    "title": "Norway",
    "link": "https://www.viatris.no/",
    "timestamp": "unknown"
  },
  {
    "title": "Poland",
    "link": "https://www.viatris.pl/",
    "timestamp": "unknown"
  },
  {
    "title": "Portugal",
    "link": "https://www.viatris.com/pt-pt/lm/portugal",
    "timestamp": "unknown"
  },
  {
    "title": "Romania",
    "link": "https://www.viatris.com/ro-ro/lm/romania",
    "timestamp": "unknown"
  },
  {
    "title": "Russia",
    "link": "https://www.viatris.ru/",
    "timestamp": "unknown"
  },
  {
    "title": "Saudi Arabia",
    "link": "https://www.viatris.com/ar-sa/lm/saudi-arabia",
    "timestamp": "unknown"
  },
  {
    "title": "Serbia",
    "link": "https://www.viatris.com/sr-latn-rs/lm/serbia",
    "timestamp": "unknown"
  },
  {
    "title": "Slovakia",
    "link": "https://www.viatris.sk/",
    "timestamp": "unknown"
  },
  {
    "title": "Slovenia",
    "link": "https://www.viatris.com/sl-sI/lm/slovenia",
    "timestamp": "unknown"
  },
  {
    "title": "Spain",
    "link": "https://www.viatris.es/",
    "timestamp": "unknown"
  },
  {
    "title": "Sweden",
    "link": "https://www.viatris.se/",
    "timestamp": "unknown"
  },
  {
    "title": "SwitzerlandGermanFrench",
    "link": "https://newsroom.viatris.com/press-releases",
    "timestamp": "unknown"
  },
  {
    "title": "German",
    "link": "https://www.viatris.com/de-ch/lm/switzerland",
    "timestamp": "unknown"
  },
  {
    "title": "French",
    "link": "https://www.viatris.com/fr-ch/lm/switzerland",
    "timestamp": "unknown"
  },
  {
    "title": "TaiwanThailandT\u00fcrkiyeUnited KingdomUnited States",
    "link": "https://www.viatris.tw/",
    "timestamp": "unknown"
  },
  {
    "title": "Taiwan",
    "link": "https://www.viatris.tw/",
    "timestamp": "unknown"
  },
  {
    "title": "Thailand",
    "link": "https://www.viatris.co.th/",
    "timestamp": "unknown"
  },
  {
    "title": "T\u00fcrkiye",
    "link": "https://www.viatris.com/tr-tr/lm/turkey",
    "timestamp": "unknown"
  },
  {
    "title": "United Kingdom",
    "link": "https://www.viatris.com/en-gb/lm/united-kingdom",
    "timestamp": "unknown"
  },
  {
    "title": "United States",
    "link": "https://www.viatris.com/en-us/lm/united-states",
    "timestamp": "unknown"
  },
  {
    "title": "Localized information forMalaysiaThe page you are about to visit contains information about\n\t\t\t\t\t\t\t\t\tViatris that is specific toMalaysia.\n\t\t\t\t\t\t\t\t\tReg",
    "link": "https://newsroom.viatris.com/press-releases",
    "timestamp": "unknown"
  },
  {
    "title": "Localized information forMalaysiaThe page you are about to visit contains information about\n\t\t\t\t\t\t\t\t\tViatris that is specific toMalaysia.\n\t\t\t\t\t\t\t\t\tReg",
    "link": "https://newsroom.viatris.com/press-releases",
    "timestamp": "unknown"
  },
  {
    "title": "Localized information forMalaysiaThe page you are about to visit contains information about\n\t\t\t\t\t\t\t\t\tViatris that is specific toMalaysia.\n\t\t\t\t\t\t\t\t\tReg",
    "link": "https://newsroom.viatris.com/press-releases",
    "timestamp": "unknown"
  },
  {
    "title": "Localized information forMalaysiaThe page you are about to visit contains information about\n\t\t\t\t\t\t\t\t\tViatris that is specific toMalaysia.\n\t\t\t\t\t\t\t\t\tReg",
    "link": "https://newsroom.viatris.com/press-releases",
    "timestamp": "unknown"
  },
  {
    "title": "Localized information forMalaysiaThe page you are about to visit contains information about\n\t\t\t\t\t\t\t\t\tViatris that is specific toMalaysia.\n\t\t\t\t\t\t\t\t\tReg",
    "link": "https://newsroom.viatris.com/press-releases",
    "timestamp": "unknown"
  },
  {
    "title": "Localized information forMalaysiaThe page you are about to visit contains information about\n\t\t\t\t\t\t\t\t\tViatris that is specific toMalaysia.\n\t\t\t\t\t\t\t\t\tReg",
    "link": "https://newsroom.viatris.com/press-releases",
    "timestamp": "unknown"
  },
  {
    "title": "Localized information forMalaysiaThe page you are about to visit contains information about\n\t\t\t\t\t\t\t\t\tViatris that is specific toMalaysia.\n\t\t\t\t\t\t\t\t\tReg",
    "link": "https://newsroom.viatris.com/press-releases",
    "timestamp": "unknown"
  },
  {
    "title": "Cancel",
    "link": "https://newsroom.viatris.com/press-releases",
    "timestamp": "unknown"
  },
  {
    "title": "Continue to country page",
    "link": "https://newsroom.viatris.com/press-releases",
    "timestamp": "unknown"
  },
  {
    "title": "Localized information forMalaysiaThe page you are about to visit contains information about\n\t\t\t\t\t\t\t\t\tViatris that is specific toMalaysia.\n\t\t\t\t\t\t\t\t\tReg",
    "link": "https://newsroom.viatris.com/press-releases",
    "timestamp": "unknown"
  },
  {
    "title": "Localized information forMalaysiaThe page you are about to visit contains information about\n\t\t\t\t\t\t\t\t\tViatris that is specific toMalaysia.\n\t\t\t\t\t\t\t\t\tReg",
    "link": "https://newsroom.viatris.com/press-releases",
    "timestamp": "unknown"
  },
  {
    "title": "Localized information forMalaysiaThe page you are about to visit contains information about\n\t\t\t\t\t\t\t\t\tViatris that is specific toMalaysia.\n\t\t\t\t\t\t\t\t\tReg",
    "link": "https://newsroom.viatris.com/press-releases",
    "timestamp": "unknown"
  },
  {
    "title": "Localized information forMalaysiaThe page you are about to visit contains information about\n\t\t\t\t\t\t\t\t\tViatris that is specific toMalaysia.\n\t\t\t\t\t\t\t\t\tReg",
    "link": "https://newsroom.viatris.com/press-releases",
    "timestamp": "unknown"
  },
  {
    "title": "Localized information forMalaysiaThe page you are about to visit contains information about\n\t\t\t\t\t\t\t\t\tViatris that is specific toMalaysia.\n\t\t\t\t\t\t\t\t\tReg",
    "link": "https://newsroom.viatris.com/press-releases",
    "timestamp": "unknown"
  },
  {
    "title": "Localized information forMalaysiaThe page you are about to visit contains information about\n\t\t\t\t\t\t\t\t\tViatris that is specific toMalaysia.\n\t\t\t\t\t\t\t\t\tReg",
    "link": "https://newsroom.viatris.com/press-releases",
    "timestamp": "unknown"
  },
  {
    "title": "Localized information forMalaysiaThe page you are about to visit contains information about\n\t\t\t\t\t\t\t\t\tViatris that is specific toMalaysia.\n\t\t\t\t\t\t\t\t\tReg",
    "link": "https://newsroom.viatris.com/press-releases",
    "timestamp": "unknown"
  },
  {
    "title": "Cancel",
    "link": "https://newsroom.viatris.com/press-releases",
    "timestamp": "unknown"
  },
  {
    "title": "Continue to country page",
    "link": "https://newsroom.viatris.com/en-my/lm/Malaysia",
    "timestamp": "unknown"
  },
  {
    "title": "Leaving this pageYou are now leaving this page for a Viatris affiliate site\n\t\t\t\t\t\t\t\t\tor third party site that is solely responsible for its content, i",
    "link": "https://newsroom.viatris.com/press-releases",
    "timestamp": "unknown"
  },
  {
    "title": "Leaving this pageYou are now leaving this page for a Viatris affiliate site\n\t\t\t\t\t\t\t\t\tor third party site that is solely responsible for its content, i",
    "link": "https://newsroom.viatris.com/press-releases",
    "timestamp": "unknown"
  },
  {
    "title": "Leaving this pageYou are now leaving this page for a Viatris affiliate site\n\t\t\t\t\t\t\t\t\tor third party site that is solely responsible for its content, i",
    "link": "https://newsroom.viatris.com/press-releases",
    "timestamp": "unknown"
  },
  {
    "title": "Leaving this pageYou are now leaving this page for a Viatris affiliate site\n\t\t\t\t\t\t\t\t\tor third party site that is solely responsible for its content, i",
    "link": "https://newsroom.viatris.com/press-releases",
    "timestamp": "unknown"
  },
  {
    "title": "Leaving this pageYou are now leaving this page for a Viatris affiliate site\n\t\t\t\t\t\t\t\t\tor third party site that is solely responsible for its content, i",
    "link": "https://newsroom.viatris.com/press-releases",
    "timestamp": "unknown"
  },
  {
    "title": "Leaving this pageYou are now leaving this page for a Viatris affiliate site\n\t\t\t\t\t\t\t\t\tor third party site that is solely responsible for its content, i",
    "link": "https://newsroom.viatris.com/press-releases",
    "timestamp": "unknown"
  },
  {
    "title": "Leaving this pageYou are now leaving this page for a Viatris affiliate site\n\t\t\t\t\t\t\t\t\tor third party site that is solely responsible for its content, i",
    "link": "https://newsroom.viatris.com/press-releases",
    "timestamp": "unknown"
  },
  {
    "title": "Cancel",
    "link": "https://newsroom.viatris.com/press-releases",
    "timestamp": "unknown"
  },
  {
    "title": "Continue",
    "link": "https://newsroom.viatris.com/press-releases",
    "timestamp": "unknown"
  },
  {
    "title": "Leaving the Viatris siteYou are now leaving the Viatris page for a Viatris affiliate site or third\n\t\t\t\t\t\t\t\t\tparty site that is solely responsible for ",
    "link": "https://newsroom.viatris.com/press-releases",
    "timestamp": "unknown"
  },
  {
    "title": "Leaving the Viatris siteYou are now leaving the Viatris page for a Viatris affiliate site or third\n\t\t\t\t\t\t\t\t\tparty site that is solely responsible for ",
    "link": "https://newsroom.viatris.com/press-releases",
    "timestamp": "unknown"
  },
  {
    "title": "Leaving the Viatris siteYou are now leaving the Viatris page for a Viatris affiliate site or third\n\t\t\t\t\t\t\t\t\tparty site that is solely responsible for ",
    "link": "https://newsroom.viatris.com/press-releases",
    "timestamp": "unknown"
  },
  {
    "title": "Leaving the Viatris siteYou are now leaving the Viatris page for a Viatris affiliate site or third\n\t\t\t\t\t\t\t\t\tparty site that is solely responsible for ",
    "link": "https://newsroom.viatris.com/press-releases",
    "timestamp": "unknown"
  },
  {
    "title": "Leaving the Viatris siteYou are now leaving the Viatris page for a Viatris affiliate site or third\n\t\t\t\t\t\t\t\t\tparty site that is solely responsible for ",
    "link": "https://newsroom.viatris.com/press-releases",
    "timestamp": "unknown"
  },
  {
    "title": "Leaving the Viatris siteYou are now leaving the Viatris page for a Viatris affiliate site or third\n\t\t\t\t\t\t\t\t\tparty site that is solely responsible for ",
    "link": "https://newsroom.viatris.com/press-releases",
    "timestamp": "unknown"
  },
  {
    "title": "Continue",
    "link": "https://newsroom.viatris.com/press-releases",
    "timestamp": "unknown"
  },
  {
    "title": "Cancel",
    "link": "https://newsroom.viatris.com/press-releases",
    "timestamp": "unknown"
  },
  {
    "title": "Press ReleasesThis section of Viatris.com contains information that may not be suitable for use in all countries due to varied regulatory requirements",
    "link": "https://newsroom.viatris.com/email-alerts?type=",
    "timestamp": "unknown"
  },
  {
    "title": "Press ReleasesThis section of Viatris.com contains information that may not be suitable for use in all countries due to varied regulatory requirements",
    "link": "https://newsroom.viatris.com/email-alerts?type=",
    "timestamp": "unknown"
  },
  {
    "title": "Press ReleasesThis section of Viatris.com contains information that may not be suitable for use in all countries due to varied regulatory requirements",
    "link": "https://newsroom.viatris.com/email-alerts?type=",
    "timestamp": "unknown"
  },
  {
    "title": "Press ReleasesThis section of Viatris.com contains information that may not be suitable for use in all countries due to varied regulatory requirements",
    "link": "https://newsroom.viatris.com/email-alerts?type=",
    "timestamp": "unknown"
  },
  {
    "title": "This section of Viatris.com contains information that may not be suitable for use in all countries due to varied regulatory requirements, data protect",
    "link": "https://newsroom.viatris.com/email-alerts?type=",
    "timestamp": "unknown"
  },
  {
    "title": "Month YearSuMoTuWeThFrSaCancelGoMonth YearSuMoTuWeThFrSaCancelGoSign Up for Email AlertsYearAll YearsCategoryAll CategoriesAdvocacyCompanyInvestorProd",
    "link": "https://newsroom.viatris.com/email-alerts?type=",
    "timestamp": "unknown"
  },
  {
    "title": "Sign Up for Email Alerts",
    "link": "https://newsroom.viatris.com/email-alerts?type=",
    "timestamp": "unknown"
  },
  {
    "title": "YearAll YearsCategoryAll CategoriesAdvocacyCompanyInvestorProductsUncategorizedKeywordsGoAdvanced SearchSearchSearch Headlines OnlyCategoryAll Categor",
    "link": "https://newsroom.viatris.com/press-releases",
    "timestamp": "unknown"
  },
  {
    "title": "Basic Search",
    "link": "https://newsroom.viatris.com/press-releases",
    "timestamp": "unknown"
  },
  {
    "title": "Basic Search",
    "link": "https://newsroom.viatris.com/press-releases",
    "timestamp": "unknown"
  },
  {
    "title": "Jul ,Viatris Provides Update on Phase  Study of MR- for Blepharitis",
    "link": "https://newsroom.viatris.com/-Viatris-Provides-Update-on-Phase--Study-of-MR--for-Blepharitis",
    "timestamp": "unknown"
  },
  {
    "title": "Viatris Provides Update on Phase  Study of MR- for Blepharitis",
    "link": "https://newsroom.viatris.com/-Viatris-Provides-Update-on-Phase--Study-of-MR--for-Blepharitis",
    "timestamp": "unknown"
  },
  {
    "title": "Viatris Provides Update on Phase  Study of MR- for Blepharitis",
    "link": "https://newsroom.viatris.com/-Viatris-Provides-Update-on-Phase--Study-of-MR--for-Blepharitis",
    "timestamp": "unknown"
  },
  {
    "title": "Jun ,Viatris Announces Positive Top-Line Results from Second Pivotal Phase  VEGA- Trial of MR- in Presbyopia",
    "link": "https://newsroom.viatris.com/-Viatris-Announces-Positive-Top-Line-Results-from-Second-Pivotal-Phase--VEGA--Trial-of-MR--in-Presbyopia",
    "timestamp": "unknown"
  },
  {
    "title": "Viatris Announces Positive Top-Line Results from Second Pivotal Phase  VEGA- Trial of MR- in Presbyopia",
    "link": "https://newsroom.viatris.com/-Viatris-Announces-Positive-Top-Line-Results-from-Second-Pivotal-Phase--VEGA--Trial-of-MR--in-Presbyopia",
    "timestamp": "unknown"
  },
  {
    "title": "Viatris Announces Positive Top-Line Results from Second Pivotal Phase  VEGA- Trial of MR- in Presbyopia",
    "link": "https://newsroom.viatris.com/-Viatris-Announces-Positive-Top-Line-Results-from-Second-Pivotal-Phase--VEGA--Trial-of-MR--in-Presbyopia",
    "timestamp": "unknown"
  },
  {
    "title": "Jun ,Viatris to Report Second Quarter  Financial Results on August ,",
    "link": "https://newsroom.viatris.com/-Viatris-to-Report-Second-Quarter--Financial-Results-on-August-,-",
    "timestamp": "unknown"
  },
  {
    "title": "Viatris to Report Second Quarter  Financial Results on August ,",
    "link": "https://newsroom.viatris.com/-Viatris-to-Report-Second-Quarter--Financial-Results-on-August-,-",
    "timestamp": "unknown"
  },
  {
    "title": "Viatris to Report Second Quarter  Financial Results on August ,",
    "link": "https://newsroom.viatris.com/-Viatris-to-Report-Second-Quarter--Financial-Results-on-August-,-",
    "timestamp": "unknown"
  },
  {
    "title": "Jun ,Viatris Announces Positive Top-Line Results from Phase  LYNX- Trial of MR- in Keratorefractive Patients With Visual Disturbances Under Mesopic, L",
    "link": "https://newsroom.viatris.com/-Viatris-Announces-Positive-Top-Line-Results-from-Phase--LYNX--Trial-of-MR--in-Keratorefractive-Patients-With-Visual-Disturbances-Under-Mesopic,-Low-Contrast-Conditions",
    "timestamp": "unknown"
  },
  {
    "title": "Viatris Announces Positive Top-Line Results from Phase  LYNX- Trial of MR- in Keratorefractive Patients With Visual Disturbances Under Mesopic, Low-Co",
    "link": "https://newsroom.viatris.com/-Viatris-Announces-Positive-Top-Line-Results-from-Phase--LYNX--Trial-of-MR--in-Keratorefractive-Patients-With-Visual-Disturbances-Under-Mesopic,-Low-Contrast-Conditions",
    "timestamp": "unknown"
  },
  {
    "title": "Viatris Announces Positive Top-Line Results from Phase  LYNX- Trial of MR- in Keratorefractive Patients With Visual Disturbances Under Mesopic, Low-Co",
    "link": "https://newsroom.viatris.com/-Viatris-Announces-Positive-Top-Line-Results-from-Phase--LYNX--Trial-of-MR--in-Keratorefractive-Patients-With-Visual-Disturbances-Under-Mesopic,-Low-Contrast-Conditions",
    "timestamp": "unknown"
  },
  {
    "title": "May ,Viatris to Participate in Upcoming Investor Conferences",
    "link": "https://newsroom.viatris.com/-Viatris-to-Participate-in-Upcoming-Investor-Conferences",
    "timestamp": "unknown"
  },
  {
    "title": "Viatris to Participate in Upcoming Investor Conferences",
    "link": "https://newsroom.viatris.com/-Viatris-to-Participate-in-Upcoming-Investor-Conferences",
    "timestamp": "unknown"
  },
  {
    "title": "Viatris to Participate in Upcoming Investor Conferences",
    "link": "https://newsroom.viatris.com/-Viatris-to-Participate-in-Upcoming-Investor-Conferences",
    "timestamp": "unknown"
  },
  {
    "title": "May ,Viatris Reports First Quarter  Results and Reaffirms  OutlookPhotos",
    "link": "https://newsroom.viatris.com/-Viatris-Reports-First-Quarter--Results-and-Reaffirms--Outlook",
    "timestamp": "unknown"
  },
  {
    "title": "Viatris Reports First Quarter  Results and Reaffirms  OutlookPhotos",
    "link": "https://newsroom.viatris.com/-Viatris-Reports-First-Quarter--Results-and-Reaffirms--Outlook",
    "timestamp": "unknown"
  },
  {
    "title": "Viatris Reports First Quarter  Results and Reaffirms  Outlook",
    "link": "https://newsroom.viatris.com/-Viatris-Reports-First-Quarter--Results-and-Reaffirms--Outlook",
    "timestamp": "unknown"
  },
  {
    "title": "Photos",
    "link": "https://newsroom.viatris.com/-Viatris-Reports-First-Quarter--Results-and-Reaffirms--Outlook#assets_2429_123872-",
    "timestamp": "unknown"
  },
  {
    "title": "May ,Viatris Announces Positive Results from Phase  Study of Investigational XULANE LO\u2122 Low Dose Patch for Birth Control in Women of Childbearing Pote",
    "link": "https://newsroom.viatris.com/-Viatris-Announces-Positive-Results-from-Phase--Study-of-Investigational-XULANE-LO-TM-Low-Dose-Patch-for-Birth-Control-in-Women-of-Childbearing-Potential",
    "timestamp": "unknown"
  },
  {
    "title": "Viatris Announces Positive Results from Phase  Study of Investigational XULANE LO\u2122 Low Dose Patch for Birth Control in Women of Childbearing Potential",
    "link": "https://newsroom.viatris.com/-Viatris-Announces-Positive-Results-from-Phase--Study-of-Investigational-XULANE-LO-TM-Low-Dose-Patch-for-Birth-Control-in-Women-of-Childbearing-Potential",
    "timestamp": "unknown"
  },
  {
    "title": "Viatris Announces Positive Results from Phase  Study of Investigational XULANE LO\u2122 Low Dose Patch for Birth Control in Women of Childbearing Potential",
    "link": "https://newsroom.viatris.com/-Viatris-Announces-Positive-Results-from-Phase--Study-of-Investigational-XULANE-LO-TM-Low-Dose-Patch-for-Birth-Control-in-Women-of-Childbearing-Potential",
    "timestamp": "unknown"
  },
  {
    "title": "May ,Viatris Announces Positive Top-Line Results from Two Pivotal Phase  Studies of Novel Fast-Acting Meloxicam (MR-107A-) for the Treatment of Modera",
    "link": "https://newsroom.viatris.com/-Viatris-Announces-Positive-Top-Line-Results-from-Two-Pivotal-Phase--Studies-of-Novel-Fast-Acting-Meloxicam-MR-107A--for-the-Treatment-of-Moderate-to-Severe-Acute-Pain",
    "timestamp": "unknown"
  },
  {
    "title": "Viatris Announces Positive Top-Line Results from Two Pivotal Phase  Studies of Novel Fast-Acting Meloxicam (MR-107A-) for the Treatment of Moderate-to",
    "link": "https://newsroom.viatris.com/-Viatris-Announces-Positive-Top-Line-Results-from-Two-Pivotal-Phase--Studies-of-Novel-Fast-Acting-Meloxicam-MR-107A--for-the-Treatment-of-Moderate-to-Severe-Acute-Pain",
    "timestamp": "unknown"
  },
  {
    "title": "Viatris Announces Positive Top-Line Results from Two Pivotal Phase  Studies of Novel Fast-Acting Meloxicam (MR-107A-) for the Treatment of Moderate-to",
    "link": "https://newsroom.viatris.com/-Viatris-Announces-Positive-Top-Line-Results-from-Two-Pivotal-Phase--Studies-of-Novel-Fast-Acting-Meloxicam-MR-107A--for-the-Treatment-of-Moderate-to-Severe-Acute-Pain",
    "timestamp": "unknown"
  },
  {
    "title": "May ,Viatris Announces Quarterly Dividend",
    "link": "https://newsroom.viatris.com/-Viatris-Announces-Quarterly-Dividend",
    "timestamp": "unknown"
  },
  {
    "title": "Viatris Announces Quarterly Dividend",
    "link": "https://newsroom.viatris.com/-Viatris-Announces-Quarterly-Dividend",
    "timestamp": "unknown"
  },
  {
    "title": "Viatris Announces Quarterly Dividend",
    "link": "https://newsroom.viatris.com/-Viatris-Announces-Quarterly-Dividend",
    "timestamp": "unknown"
  },
  {
    "title": "May ,Viatris Announces Appointments of Frank D'Amelio and Michael Severino, M.D., to the Company's Board of DirectorsPhotos",
    "link": "https://newsroom.viatris.com/-Viatris-Announces-Appointments-of-Frank-DAmelio-and-Michael-Severino,-M-D-,-to-the-Companys-Board-of-Directors",
    "timestamp": "unknown"
  },
  {
    "title": "Viatris Announces Appointments of Frank D'Amelio and Michael Severino, M.D., to the Company's Board of DirectorsPhotos",
    "link": "https://newsroom.viatris.com/-Viatris-Announces-Appointments-of-Frank-DAmelio-and-Michael-Severino,-M-D-,-to-the-Companys-Board-of-Directors",
    "timestamp": "unknown"
  },
  {
    "title": "Viatris Announces Appointments of Frank D'Amelio and Michael Severino, M.D., to the Company's Board of Directors",
    "link": "https://newsroom.viatris.com/-Viatris-Announces-Appointments-of-Frank-DAmelio-and-Michael-Severino,-M-D-,-to-the-Companys-Board-of-Directors",
    "timestamp": "unknown"
  },
  {
    "title": "Photos",
    "link": "https://newsroom.viatris.com/-Viatris-Announces-Appointments-of-Frank-DAmelio-and-Michael-Severino,-M-D-,-to-the-Companys-Board-of-Directors#assets_2429_123867-",
    "timestamp": "unknown"
  },
  {
    "title": "Showper page\u00ab\u2026\u00bb",
    "link": "https://newsroom.viatris.com/press-releases?l=",
    "timestamp": "unknown"
  },
  {
    "title": "Showper page",
    "link": "https://newsroom.viatris.com/press-releases?l=",
    "timestamp": "unknown"
  },
  {
    "title": "\u00bb",
    "link": "https://newsroom.viatris.com/press-releases?o=",
    "timestamp": "unknown"
  },
  {
    "title": "Viatris Privacy Notice",
    "link": "https://www.viatris.com/en/viatris-privacy-notice",
    "timestamp": "unknown"
  },
  {
    "title": "Viatris Privacy Notice",
    "link": "https://www.viatris.com/en/viatris-privacy-notice",
    "timestamp": "unknown"
  },
  {
    "title": "Viatris Compliance Line",
    "link": "https://viatris.integrityline.com/",
    "timestamp": "unknown"
  },
  {
    "title": "Viatris Compliance Line",
    "link": "https://viatris.integrityline.com/",
    "timestamp": "unknown"
  },
  {
    "title": "Contact Us",
    "link": "https://www.viatris.com/en/newsroom/contact-us",
    "timestamp": "unknown"
  },
  {
    "title": "Contact Us",
    "link": "https://www.viatris.com/en/newsroom/contact-us",
    "timestamp": "unknown"
  },
  {
    "title": "Terms of Use",
    "link": "https://www.viatris.com/en/terms-of-use",
    "timestamp": "unknown"
  },
  {
    "title": "Terms of Use",
    "link": "https://www.viatris.com/en/terms-of-use",
    "timestamp": "unknown"
  },
  {
    "title": "California\n                                                Supplemental Disclosure",
    "link": "https://www.viatris.com/en/supplemental-disclosure-for-california-residents",
    "timestamp": "unknown"
  },
  {
    "title": "California\n                                                Supplemental Disclosure",
    "link": "https://www.viatris.com/en/supplemental-disclosure-for-california-residents",
    "timestamp": "unknown"
  },
  {
    "title": "Viatris\u2019 Policy Statement Regarding Slavery and Human Trafficking",
    "link": "https://www.viatris.com/-/media/project/common/viatris/pdf/viatris-policy-statement-regarding-slavery-and-human-trafficking.pdf",
    "timestamp": "unknown"
  },
  {
    "title": "Viatris\u2019 Policy Statement Regarding Slavery and Human Trafficking",
    "link": "https://www.viatris.com/-/media/project/common/viatris/pdf/viatris-policy-statement-regarding-slavery-and-human-trafficking.pdf",
    "timestamp": "unknown"
  },
  {
    "title": "Viatris Privacy NoticeViatris Compliance LineContact Us",
    "link": "https://www.viatris.com/en/viatris-privacy-notice",
    "timestamp": "unknown"
  },
  {
    "title": "Viatris Privacy Notice",
    "link": "https://www.viatris.com/en/viatris-privacy-notice",
    "timestamp": "unknown"
  },
  {
    "title": "Viatris Privacy Notice",
    "link": "https://www.viatris.com/en/viatris-privacy-notice",
    "timestamp": "unknown"
  },
  {
    "title": "Viatris Compliance Line",
    "link": "https://viatris.integrityline.com/",
    "timestamp": "unknown"
  },
  {
    "title": "Viatris Compliance Line",
    "link": "https://viatris.integrityline.com/",
    "timestamp": "unknown"
  },
  {
    "title": "Contact Us",
    "link": "https://www.viatris.com/en/newsroom/contact-us",
    "timestamp": "unknown"
  },
  {
    "title": "Contact Us",
    "link": "https://www.viatris.com/en/newsroom/contact-us",
    "timestamp": "unknown"
  },
  {
    "title": "Terms of Use",
    "link": "https://www.viatris.com/en/terms-of-use",
    "timestamp": "unknown"
  },
  {
    "title": "Terms of Use",
    "link": "https://www.viatris.com/en/terms-of-use",
    "timestamp": "unknown"
  },
  {
    "title": "California\n                                                Supplemental DisclosureViatris\u2019 Policy Statement Regarding Slavery and Human TraffickingSit",
    "link": "https://www.viatris.com/en/supplemental-disclosure-for-california-residents",
    "timestamp": "unknown"
  },
  {
    "title": "California\n                                                Supplemental Disclosure",
    "link": "https://www.viatris.com/en/supplemental-disclosure-for-california-residents",
    "timestamp": "unknown"
  },
  {
    "title": "California\n                                                Supplemental Disclosure",
    "link": "https://www.viatris.com/en/supplemental-disclosure-for-california-residents",
    "timestamp": "unknown"
  },
  {
    "title": "Viatris\u2019 Policy Statement Regarding Slavery and Human Trafficking",
    "link": "https://www.viatris.com/-/media/project/common/viatris/pdf/viatris-policy-statement-regarding-slavery-and-human-trafficking.pdf",
    "timestamp": "unknown"
  },
  {
    "title": "Viatris\u2019 Policy Statement Regarding Slavery and Human Trafficking",
    "link": "https://www.viatris.com/-/media/project/common/viatris/pdf/viatris-policy-statement-regarding-slavery-and-human-trafficking.pdf",
    "timestamp": "unknown"
  },
  {
    "title": "Sitemap",
    "link": "https://www.viatris.com/en/sitemap",
    "timestamp": "unknown"
  },
  {
    "title": "Sitemap",
    "link": "https://www.viatris.com/en/sitemap",
    "timestamp": "unknown"
  }
]