[
  {
    "title": "InvestorsOverviewNews ReleasesEvents & PresentationsAnalyst CoverageCorporate GovernanceSEC FilingsContact IREmail AlertsContact",
    "link": "https://www.vorbio.com/",
    "timestamp": "unknown"
  },
  {
    "title": "InvestorsOverviewNews ReleasesEvents & PresentationsAnalyst CoverageCorporate GovernanceSEC FilingsContact IREmail AlertsContact",
    "link": "https://ir.vorbio.com/sec-filings/",
    "timestamp": "unknown"
  },
  {
    "title": "InvestorsOverviewNews ReleasesEvents & PresentationsAnalyst CoverageCorporate GovernanceSEC FilingsContact IREmail Alerts",
    "link": "https://ir.vorbio.com/sec-filings/",
    "timestamp": "unknown"
  },
  {
    "title": "Overview",
    "link": "https://ir.vorbio.com/",
    "timestamp": "unknown"
  },
  {
    "title": "News Releases",
    "link": "https://ir.vorbio.com/news-releases/",
    "timestamp": "unknown"
  },
  {
    "title": "Events & Presentations",
    "link": "https://ir.vorbio.com/events-presentations/",
    "timestamp": "unknown"
  },
  {
    "title": "Analyst Coverage",
    "link": "https://ir.vorbio.com/analyst-coverage/",
    "timestamp": "unknown"
  },
  {
    "title": "Corporate Governance",
    "link": "https://ir.vorbio.com/corporate-governance/",
    "timestamp": "unknown"
  },
  {
    "title": "SEC Filings",
    "link": "https://ir.vorbio.com/sec-filings/",
    "timestamp": "unknown"
  },
  {
    "title": "Contact IR",
    "link": "https://ir.vorbio.com/contact-ir/",
    "timestamp": "unknown"
  },
  {
    "title": "Email Alerts",
    "link": "https://ir.vorbio.com/email-alerts/",
    "timestamp": "unknown"
  },
  {
    "title": "Contact",
    "link": "https://www.vorbio.com/contact/",
    "timestamp": "unknown"
  },
  {
    "title": "SEC FilingsGroup,,Annual FilingsCurrent ReportsMergers & AcquisitionsOtherProxy FilingsQuarterly FilingsRegistration StatementsFiling year- Any -Items",
    "link": "https://ir.vorbio.com/sec-filings/?items_per_page=&order=field_nir_sec_date_filed&sort=asc",
    "timestamp": "unknown"
  },
  {
    "title": "Group,,Annual FilingsCurrent ReportsMergers & AcquisitionsOtherProxy FilingsQuarterly FilingsRegistration StatementsFiling year- Any -Items per pageFi",
    "link": "https://ir.vorbio.com/sec-filings/?items_per_page=&order=field_nir_sec_date_filed&sort=asc",
    "timestamp": "unknown"
  },
  {
    "title": "Group,,Annual FilingsCurrent ReportsMergers & AcquisitionsOtherProxy FilingsQuarterly FilingsRegistration StatementsFiling year- Any -Items per pageFi",
    "link": "https://ir.vorbio.com/sec-filings/?items_per_page=&order=field_nir_sec_date_filed&sort=asc",
    "timestamp": "unknown"
  },
  {
    "title": "Group,,Annual FilingsCurrent ReportsMergers & AcquisitionsOtherProxy FilingsQuarterly FilingsRegistration StatementsFiling year- Any -Items per pageFi",
    "link": "https://ir.vorbio.com/sec-filings/?items_per_page=&order=field_nir_sec_date_filed&sort=asc",
    "timestamp": "unknown"
  },
  {
    "title": "Group,,Annual FilingsCurrent ReportsMergers & AcquisitionsOtherProxy FilingsQuarterly FilingsRegistration StatementsFiling year- Any -Items per pageFi",
    "link": "https://ir.vorbio.com/sec-filings/?items_per_page=&order=field_nir_sec_date_filed&sort=asc",
    "timestamp": "unknown"
  },
  {
    "title": "Group,,Annual FilingsCurrent ReportsMergers & AcquisitionsOtherProxy FilingsQuarterly FilingsRegistration StatementsFiling year- Any -Items per pageFi",
    "link": "https://ir.vorbio.com/sec-filings/?items_per_page=&order=field_nir_sec_date_filed&sort=asc",
    "timestamp": "unknown"
  },
  {
    "title": "Group,,Annual FilingsCurrent ReportsMergers & AcquisitionsOtherProxy FilingsQuarterly FilingsRegistration StatementsFiling year- Any -Items per pageFi",
    "link": "https://ir.vorbio.com/sec-filings/?items_per_page=&order=field_nir_sec_date_filed&sort=asc",
    "timestamp": "unknown"
  },
  {
    "title": "Group,,Annual FilingsCurrent ReportsMergers & AcquisitionsOtherProxy FilingsQuarterly FilingsRegistration StatementsFiling year- Any -Items per pageFi",
    "link": "https://ir.vorbio.com/sec-filings/?items_per_page=&order=field_nir_sec_date_filed&sort=asc",
    "timestamp": "unknown"
  },
  {
    "title": "Group,,Annual FilingsCurrent ReportsMergers & AcquisitionsOtherProxy FilingsQuarterly FilingsRegistration StatementsFiling year- Any -Items per pageFi",
    "link": "https://ir.vorbio.com/sec-filings/?items_per_page=&order=field_nir_sec_date_filed&sort=asc",
    "timestamp": "unknown"
  },
  {
    "title": "Group,,Annual FilingsCurrent ReportsMergers & AcquisitionsOtherProxy FilingsQuarterly FilingsRegistration StatementsFiling year- Any -Items per pageFi",
    "link": "https://ir.vorbio.com/sec-filings/?items_per_page=&order=field_nir_sec_date_filed&sort=asc",
    "timestamp": "unknown"
  },
  {
    "title": "Group,,Annual FilingsCurrent ReportsMergers & AcquisitionsOtherProxy FilingsQuarterly FilingsRegistration StatementsFiling year- Any -Items per pageFi",
    "link": "https://ir.vorbio.com/sec-filings/?items_per_page=&order=field_nir_sec_date_filed&sort=asc",
    "timestamp": "unknown"
  },
  {
    "title": "Group,,Annual FilingsCurrent ReportsMergers & AcquisitionsOtherProxy FilingsQuarterly FilingsRegistration StatementsFiling year- Any -Items per pageFi",
    "link": "https://ir.vorbio.com/sec-filings/?items_per_page=&order=field_nir_sec_date_filed&sort=asc",
    "timestamp": "unknown"
  },
  {
    "title": "Group,,Annual FilingsCurrent ReportsMergers & AcquisitionsOtherProxy FilingsQuarterly FilingsRegistration StatementsFiling year- Any -Items per pageFi",
    "link": "https://ir.vorbio.com/sec-filings/?items_per_page=&order=field_nir_sec_date_filed&sort=asc",
    "timestamp": "unknown"
  },
  {
    "title": "Group,,Annual FilingsCurrent ReportsMergers & AcquisitionsOtherProxy FilingsQuarterly FilingsRegistration StatementsFiling year- Any -Items per pageFi",
    "link": "https://ir.vorbio.com/sec-filings/?items_per_page=&order=field_nir_sec_date_filed&sort=asc",
    "timestamp": "unknown"
  },
  {
    "title": "Group,,Annual FilingsCurrent ReportsMergers & AcquisitionsOtherProxy FilingsQuarterly FilingsRegistration StatementsFiling year- Any -Items per pageFi",
    "link": "https://ir.vorbio.com/sec-filings/?items_per_page=&order=field_nir_sec_date_filed&sort=asc",
    "timestamp": "unknown"
  },
  {
    "title": "Filing dateDescriptionFormFiling GroupViewJuly ,Initial filing by director officer or owner of more than ten percent,,--.pdf--.rtf--.xlsView HTMLJuly ",
    "link": "https://ir.vorbio.com/sec-filings/?items_per_page=&order=field_nir_sec_date_filed&sort=asc",
    "timestamp": "unknown"
  },
  {
    "title": "Filing dateDescriptionFormFiling GroupView",
    "link": "https://ir.vorbio.com/sec-filings/?items_per_page=&order=field_nir_sec_date_filed&sort=asc",
    "timestamp": "unknown"
  },
  {
    "title": "July ,Initial filing by director officer or owner of more than ten percent,,--.pdf--.rtf--.xlsView HTML",
    "link": "https://ir.vorbio.com/sec-filings/sec-filing//--",
    "timestamp": "unknown"
  },
  {
    "title": "--.pdf",
    "link": "https://ir.vorbio.com/static-files/aeb4e1e0--419d-87a3-56f0e6505e07",
    "timestamp": "unknown"
  },
  {
    "title": "--.rtf",
    "link": "https://ir.vorbio.com/static-files/eeed8e9c-66a7-451e-b827-2dc77a9d74f8",
    "timestamp": "unknown"
  },
  {
    "title": "--.xls",
    "link": "https://ir.vorbio.com/static-files/f5f879ea--40c7-a9b5-fdf2bf79d25e",
    "timestamp": "unknown"
  },
  {
    "title": "July ,Statement of changes in beneficial ownership of securities,,--.pdf--.rtf--.xlsView HTML",
    "link": "https://ir.vorbio.com/sec-filings/sec-filing//--",
    "timestamp": "unknown"
  },
  {
    "title": "--.pdf",
    "link": "https://ir.vorbio.com/static-files/6d826b87-6b12-46bf-87e6-0aded8363f3b",
    "timestamp": "unknown"
  },
  {
    "title": "--.rtf",
    "link": "https://ir.vorbio.com/static-files/441e3d0c-134d-4ff9-8ebf-c55c51349439",
    "timestamp": "unknown"
  },
  {
    "title": "--.xls",
    "link": "https://ir.vorbio.com/static-files/bb4ec555--469b-910f-1fe531a2c0de",
    "timestamp": "unknown"
  },
  {
    "title": "July ,A preliminary proxy statement providing notification matters to be brought to a votePRE 14AProxy Filings--.pdf--.rtf--.xlsView HTML",
    "link": "https://ir.vorbio.com/sec-filings/sec-filing/pre-14a/--",
    "timestamp": "unknown"
  },
  {
    "title": "--.pdf",
    "link": "https://ir.vorbio.com/static-files/a9463237-3e06-46b4-823a-5eca65bf8773",
    "timestamp": "unknown"
  },
  {
    "title": "--.rtf",
    "link": "https://ir.vorbio.com/static-files/1d843328-fa38--8d80-bd6d14a4c85a",
    "timestamp": "unknown"
  },
  {
    "title": "--.xls",
    "link": "https://ir.vorbio.com/static-files/6282f642-59d6-4a12--5d2f9e41d70d",
    "timestamp": "unknown"
  },
  {
    "title": "July ,Report of unscheduled material events or corporate event-KCurrent Reports--.pdf--.rtf--.xlsEX-.SCH - XBRL TAXONOMY EXTENSION SCHEMAView HTML",
    "link": "https://ir.vorbio.com/sec-filings/sec-filing/-k/--",
    "timestamp": "unknown"
  },
  {
    "title": "--.pdf",
    "link": "https://ir.vorbio.com/static-files/0e6b288a--4c4d-81e9-a8e4776bb601",
    "timestamp": "unknown"
  },
  {
    "title": "--.rtf",
    "link": "https://ir.vorbio.com/static-files/bca99dba-2afe-4ea1-8baa-f300caa7c066",
    "timestamp": "unknown"
  },
  {
    "title": "--.xls",
    "link": "https://ir.vorbio.com/static-files/8e8efc2d--455e-829d-8cf2e5584441",
    "timestamp": "unknown"
  },
  {
    "title": "July ,Initial filing by director officer or owner of more than ten percent,,--.pdf--.rtf--.xlsView HTML",
    "link": "https://ir.vorbio.com/sec-filings/sec-filing//--",
    "timestamp": "unknown"
  },
  {
    "title": "--.pdf",
    "link": "https://ir.vorbio.com/static-files/1bff2b1e-77da-48bc--b1dd570d3e55",
    "timestamp": "unknown"
  },
  {
    "title": "--.rtf",
    "link": "https://ir.vorbio.com/static-files/dc0bf293-11c3-4e76-bfd6-26fae7a08c85",
    "timestamp": "unknown"
  },
  {
    "title": "--.xls",
    "link": "https://ir.vorbio.com/static-files/24ecec3f-278c-4b6a-9f79-99a9acaeab70",
    "timestamp": "unknown"
  },
  {
    "title": "July ,Initial filing by director officer or owner of more than ten percent,,--.pdf--.rtf--.xlsView HTML",
    "link": "https://ir.vorbio.com/sec-filings/sec-filing//--",
    "timestamp": "unknown"
  },
  {
    "title": "--.pdf",
    "link": "https://ir.vorbio.com/static-files/23c24289---ab32-acfe7da1446e",
    "timestamp": "unknown"
  },
  {
    "title": "--.rtf",
    "link": "https://ir.vorbio.com/static-files/5aade0c4-c528-4f8c-be9a-bfc3abfdfe03",
    "timestamp": "unknown"
  },
  {
    "title": "--.xls",
    "link": "https://ir.vorbio.com/static-files/7a2e430c-bb96-4c06-af20-66d95df586ff",
    "timestamp": "unknown"
  },
  {
    "title": "July ,Statement of changes in beneficial ownership of securities,,--.pdf--.rtf--.xlsView HTML",
    "link": "https://ir.vorbio.com/sec-filings/sec-filing//--",
    "timestamp": "unknown"
  },
  {
    "title": "--.pdf",
    "link": "https://ir.vorbio.com/static-files/1aacb115-961f--842a-ff7aa08ab7d0",
    "timestamp": "unknown"
  },
  {
    "title": "--.rtf",
    "link": "https://ir.vorbio.com/static-files/e058461c-81d6--920c-fd9cfa228bdc",
    "timestamp": "unknown"
  },
  {
    "title": "--.xls",
    "link": "https://ir.vorbio.com/static-files/7845cdbe--46bb-95ec-de7760ca1499",
    "timestamp": "unknown"
  },
  {
    "title": "July ,Statement of changes in beneficial ownership of securities,,--.pdf--.rtf--.xlsView HTML",
    "link": "https://ir.vorbio.com/sec-filings/sec-filing//--",
    "timestamp": "unknown"
  },
  {
    "title": "--.pdf",
    "link": "https://ir.vorbio.com/static-files/03e1f602-ba71-4b70--9386f7c33da1",
    "timestamp": "unknown"
  },
  {
    "title": "--.rtf",
    "link": "https://ir.vorbio.com/static-files/0aa5fcfc-9c45-4cca-aa08-28102f661c7f",
    "timestamp": "unknown"
  },
  {
    "title": "--.xls",
    "link": "https://ir.vorbio.com/static-files/4800bb30-1a6e-4a5b--ca3581792398",
    "timestamp": "unknown"
  },
  {
    "title": "July ,Filed by \"insiders\" prior intended sale of restricted stock. Non-EDGAR filingOther--.pdf--.rtf--.xlsView HTML",
    "link": "https://ir.vorbio.com/sec-filings/sec-filing//--",
    "timestamp": "unknown"
  },
  {
    "title": "--.pdf",
    "link": "https://ir.vorbio.com/static-files/b789e385--4c89-b568-3f455e3c00cf",
    "timestamp": "unknown"
  },
  {
    "title": "--.rtf",
    "link": "https://ir.vorbio.com/static-files/d9169883-9c4a-45e6-b860-7e4d50a49748",
    "timestamp": "unknown"
  },
  {
    "title": "--.xls",
    "link": "https://ir.vorbio.com/static-files/7ca73c4c-e32e-4e49-9e06-d7ffd9266c84",
    "timestamp": "unknown"
  },
  {
    "title": "July ,Filed by \"insiders\" prior intended sale of restricted stock. Non-EDGAR filingOther--.pdf--.rtf--.xlsView HTML",
    "link": "https://ir.vorbio.com/sec-filings/sec-filing//--",
    "timestamp": "unknown"
  },
  {
    "title": "--.pdf",
    "link": "https://ir.vorbio.com/static-files/4de44482-605a--9a5c-c99763fa9c35",
    "timestamp": "unknown"
  },
  {
    "title": "--.rtf",
    "link": "https://ir.vorbio.com/static-files/9b8a47f9-d774--9c6d-651cba8efbdc",
    "timestamp": "unknown"
  },
  {
    "title": "--.xls",
    "link": "https://ir.vorbio.com/static-files/b93befe6-3d34--9fa0-90b22a54b549",
    "timestamp": "unknown"
  },
  {
    "title": "Current page",
    "link": "https://ir.vorbio.com/sec-filings/?&field_nir_sec_cik_target_id=&field_nir_sec_date_filed_value=&&&items_per_page_toggle=&page=",
    "timestamp": "unknown"
  },
  {
    "title": "Page",
    "link": "https://ir.vorbio.com/sec-filings/?&field_nir_sec_cik_target_id=&field_nir_sec_date_filed_value=&&&items_per_page_toggle=&page=",
    "timestamp": "unknown"
  },
  {
    "title": "Page",
    "link": "https://ir.vorbio.com/sec-filings/?&field_nir_sec_cik_target_id=&field_nir_sec_date_filed_value=&&&items_per_page_toggle=&page=",
    "timestamp": "unknown"
  },
  {
    "title": "Page",
    "link": "https://ir.vorbio.com/sec-filings/?&field_nir_sec_cik_target_id=&field_nir_sec_date_filed_value=&&&items_per_page_toggle=&page=",
    "timestamp": "unknown"
  },
  {
    "title": "Page",
    "link": "https://ir.vorbio.com/sec-filings/?&field_nir_sec_cik_target_id=&field_nir_sec_date_filed_value=&&&items_per_page_toggle=&page=",
    "timestamp": "unknown"
  },
  {
    "title": "Page",
    "link": "https://ir.vorbio.com/sec-filings/?&field_nir_sec_cik_target_id=&field_nir_sec_date_filed_value=&&&items_per_page_toggle=&page=",
    "timestamp": "unknown"
  },
  {
    "title": "Page",
    "link": "https://ir.vorbio.com/sec-filings/?&field_nir_sec_cik_target_id=&field_nir_sec_date_filed_value=&&&items_per_page_toggle=&page=",
    "timestamp": "unknown"
  },
  {
    "title": "Page",
    "link": "https://ir.vorbio.com/sec-filings/?&field_nir_sec_cik_target_id=&field_nir_sec_date_filed_value=&&&items_per_page_toggle=&page=",
    "timestamp": "unknown"
  },
  {
    "title": "Page",
    "link": "https://ir.vorbio.com/sec-filings/?&field_nir_sec_cik_target_id=&field_nir_sec_date_filed_value=&&&items_per_page_toggle=&page=",
    "timestamp": "unknown"
  },
  {
    "title": "Next pageNext \u203a",
    "link": "https://ir.vorbio.com/sec-filings/?&field_nir_sec_cik_target_id=&field_nir_sec_date_filed_value=&&&items_per_page_toggle=&page=",
    "timestamp": "unknown"
  },
  {
    "title": "Last pageLast \u00bb",
    "link": "https://ir.vorbio.com/sec-filings/?&field_nir_sec_cik_target_id=&field_nir_sec_date_filed_value=&&&items_per_page_toggle=&page=",
    "timestamp": "unknown"
  },
  {
    "title": "Data provided byKaleidoscope.",
    "link": "https://www.kscope.io",
    "timestamp": "unknown"
  },
  {
    "title": "Data provided byKaleidoscope.",
    "link": "https://www.kscope.io",
    "timestamp": "unknown"
  },
  {
    "title": "Shareholder ToolsPrint PageRSSEmail AlertsContact IRSearch",
    "link": "https://ir.vorbio.com/sec-filings/",
    "timestamp": "unknown"
  },
  {
    "title": "Shareholder ToolsPrint PageRSSEmail AlertsContact IRSearch",
    "link": "https://ir.vorbio.com/sec-filings/",
    "timestamp": "unknown"
  },
  {
    "title": "Shareholder ToolsPrint PageRSSEmail AlertsContact IRSearch",
    "link": "https://ir.vorbio.com/sec-filings/",
    "timestamp": "unknown"
  },
  {
    "title": "Shareholder ToolsPrint PageRSSEmail AlertsContact IRSearch",
    "link": "https://ir.vorbio.com/sec-filings/",
    "timestamp": "unknown"
  },
  {
    "title": "Print PageRSSEmail AlertsContact IRSearch",
    "link": "https://ir.vorbio.com/sec-filings/",
    "timestamp": "unknown"
  },
  {
    "title": "Print Page",
    "link": "https://ir.vorbio.com/sec-filings/",
    "timestamp": "unknown"
  },
  {
    "title": "RSS",
    "link": "https://ir.vorbio.com/rss",
    "timestamp": "unknown"
  },
  {
    "title": "Email Alerts",
    "link": "https://ir.vorbio.com/email-alerts",
    "timestamp": "unknown"
  },
  {
    "title": "Contact IR",
    "link": "https://ir.vorbio.com/contact-ir",
    "timestamp": "unknown"
  },
  {
    "title": "Search",
    "link": "https://ir.vorbio.com/search",
    "timestamp": "unknown"
  },
  {
    "title": "ContactInvestorsNews ReleasesEvents & PresentationsAnalyst CoverageCorporate GovernanceSEC FilingsContact IREmail Alerts\u00a9  Vor BioPrivacy PolicyTerms ",
    "link": "https://ir.vorbio.com/sec-filings/",
    "timestamp": "unknown"
  },
  {
    "title": "ContactInvestorsNews ReleasesEvents & PresentationsAnalyst CoverageCorporate GovernanceSEC FilingsContact IREmail Alerts\u00a9  Vor BioPrivacy PolicyTerms ",
    "link": "https://ir.vorbio.com/sec-filings/",
    "timestamp": "unknown"
  },
  {
    "title": "ContactInvestorsNews ReleasesEvents & PresentationsAnalyst CoverageCorporate GovernanceSEC FilingsContact IREmail Alerts\u00a9  Vor BioPrivacy PolicyTerms ",
    "link": "https://ir.vorbio.com/sec-filings/",
    "timestamp": "unknown"
  },
  {
    "title": "ContactInvestorsNews ReleasesEvents & PresentationsAnalyst CoverageCorporate GovernanceSEC FilingsContact IREmail Alerts\u00a9  Vor BioPrivacy PolicyTerms ",
    "link": "https://ir.vorbio.com/sec-filings/",
    "timestamp": "unknown"
  },
  {
    "title": "ContactInvestorsNews ReleasesEvents & PresentationsAnalyst CoverageCorporate GovernanceSEC FilingsContact IREmail Alerts",
    "link": "https://ir.vorbio.com/sec-filings/",
    "timestamp": "unknown"
  },
  {
    "title": "ContactInvestorsNews ReleasesEvents & PresentationsAnalyst CoverageCorporate GovernanceSEC FilingsContact IREmail Alerts",
    "link": "https://www.vorbio.com/contact/",
    "timestamp": "unknown"
  },
  {
    "title": "ContactInvestorsNews ReleasesEvents & PresentationsAnalyst CoverageCorporate GovernanceSEC FilingsContact IREmail Alerts",
    "link": "https://www.vorbio.com/contact/",
    "timestamp": "unknown"
  },
  {
    "title": "Contact",
    "link": "https://www.vorbio.com/contact/",
    "timestamp": "unknown"
  },
  {
    "title": "InvestorsNews ReleasesEvents & PresentationsAnalyst CoverageCorporate GovernanceSEC FilingsContact IREmail Alerts",
    "link": "https://ir.vorbio.com/",
    "timestamp": "unknown"
  },
  {
    "title": "News Releases",
    "link": "https://ir.vorbio.com/news-releases/",
    "timestamp": "unknown"
  },
  {
    "title": "Events & Presentations",
    "link": "https://ir.vorbio.com/events-presentations/",
    "timestamp": "unknown"
  },
  {
    "title": "Analyst Coverage",
    "link": "https://ir.vorbio.com/analyst-coverage/",
    "timestamp": "unknown"
  },
  {
    "title": "Corporate Governance",
    "link": "https://ir.vorbio.com/corporate-governance/",
    "timestamp": "unknown"
  },
  {
    "title": "SEC Filings",
    "link": "https://ir.vorbio.com/sec-filings/",
    "timestamp": "unknown"
  },
  {
    "title": "Contact IR",
    "link": "https://ir.vorbio.com/contact-ir/",
    "timestamp": "unknown"
  },
  {
    "title": "Email Alerts",
    "link": "https://ir.vorbio.com/email-alerts/",
    "timestamp": "unknown"
  },
  {
    "title": "\u00a9  Vor BioPrivacy PolicyTerms of Use",
    "link": "https://www.vorbio.com/privacy-policy/",
    "timestamp": "unknown"
  },
  {
    "title": "Privacy PolicyTerms of Use",
    "link": "https://www.vorbio.com/privacy-policy/",
    "timestamp": "unknown"
  },
  {
    "title": "Privacy PolicyTerms of Use",
    "link": "https://www.vorbio.com/privacy-policy/",
    "timestamp": "unknown"
  },
  {
    "title": "Privacy Policy",
    "link": "https://www.vorbio.com/privacy-policy/",
    "timestamp": "unknown"
  },
  {
    "title": "Terms of Use",
    "link": "https://www.vorbio.com/terms-of-use/",
    "timestamp": "unknown"
  }
]