[
  {
    "title": "OverviewNewsEvents & PresentationsStock InformationStock QuoteAnalyst CoverageFinancials & FilingsGovernanceDocuments & ChartersExecutive LeadershipBo",
    "link": "https://zenasbio.com/",
    "timestamp": "unknown"
  },
  {
    "title": "OverviewNewsEvents & PresentationsStock InformationStock QuoteAnalyst CoverageFinancials & FilingsGovernanceDocuments & ChartersExecutive LeadershipBo",
    "link": "https://zenasbio.com/",
    "timestamp": "unknown"
  },
  {
    "title": "OverviewNewsEvents & PresentationsStock InformationStock QuoteAnalyst CoverageFinancials & FilingsGovernanceDocuments & ChartersExecutive LeadershipBo",
    "link": "https://investors.zenasbio.com/investor-relations",
    "timestamp": "unknown"
  },
  {
    "title": "Overview",
    "link": "https://investors.zenasbio.com/investor-relations",
    "timestamp": "unknown"
  },
  {
    "title": "News",
    "link": "https://investors.zenasbio.com/news-releases",
    "timestamp": "unknown"
  },
  {
    "title": "Events & Presentations",
    "link": "https://investors.zenasbio.com/events-and-presentations",
    "timestamp": "unknown"
  },
  {
    "title": "Stock InformationStock QuoteAnalyst Coverage",
    "link": "https://investors.zenasbio.com/stock-information/stock-quote",
    "timestamp": "unknown"
  },
  {
    "title": "Stock Quote",
    "link": "https://investors.zenasbio.com/stock-information/stock-quote",
    "timestamp": "unknown"
  },
  {
    "title": "Analyst Coverage",
    "link": "https://investors.zenasbio.com/stock-information/analyst-coverage",
    "timestamp": "unknown"
  },
  {
    "title": "Financials & Filings",
    "link": "https://investors.zenasbio.com/financial-information/sec-filings",
    "timestamp": "unknown"
  },
  {
    "title": "GovernanceDocuments & ChartersExecutive LeadershipBoard of DirectorsCommittee Composition",
    "link": "https://investors.zenasbio.com/corporate-governance/documents-charters",
    "timestamp": "unknown"
  },
  {
    "title": "Documents & Charters",
    "link": "https://investors.zenasbio.com/corporate-governance/documents-charters",
    "timestamp": "unknown"
  },
  {
    "title": "Executive Leadership",
    "link": "https://zenasbio.com/who-we-are/#leadership",
    "timestamp": "unknown"
  },
  {
    "title": "Board of Directors",
    "link": "https://zenasbio.com/who-we-are/#board",
    "timestamp": "unknown"
  },
  {
    "title": "Committee Composition",
    "link": "https://investors.zenasbio.com/corporate-governance/committee-composition",
    "timestamp": "unknown"
  },
  {
    "title": "ResourcesInvestor FAQsInvestor Email AlertsContact IR",
    "link": "https://investors.zenasbio.com/ir-resources/investor-faqs",
    "timestamp": "unknown"
  },
  {
    "title": "Investor FAQs",
    "link": "https://investors.zenasbio.com/ir-resources/investor-faqs",
    "timestamp": "unknown"
  },
  {
    "title": "Investor Email Alerts",
    "link": "https://investors.zenasbio.com/ir-resources/email-alerts",
    "timestamp": "unknown"
  },
  {
    "title": "Contact IR",
    "link": "https://investors.zenasbio.com/ir-resources/contact-ir",
    "timestamp": "unknown"
  },
  {
    "title": "Events & PresentationsEvents & Presentations",
    "link": "https://investors.zenasbio.com/events-and-presentations",
    "timestamp": "unknown"
  },
  {
    "title": "Events & PresentationsEvents & Presentations",
    "link": "https://investors.zenasbio.com/events-and-presentations",
    "timestamp": "unknown"
  },
  {
    "title": "Events & Presentations",
    "link": "https://investors.zenasbio.com/events-and-presentations",
    "timestamp": "unknown"
  },
  {
    "title": "Events & Presentations",
    "link": "https://investors.zenasbio.com/events-and-presentations",
    "timestamp": "unknown"
  },
  {
    "title": "PresentationJune ,Corporate PresentationPast EventsJefferies Global Healthcare ConferenceJune ,EDTView WebcastGuggenheim SMID Cap Biotech ConferenceFe",
    "link": "https://investors.zenasbio.com/static-files/-32ea-4c9b-b193-b828f0ee5f70",
    "timestamp": "unknown"
  },
  {
    "title": "PresentationJune ,Corporate PresentationPast EventsJefferies Global Healthcare ConferenceJune ,EDTView WebcastGuggenheim SMID Cap Biotech ConferenceFe",
    "link": "https://investors.zenasbio.com/static-files/-32ea-4c9b-b193-b828f0ee5f70",
    "timestamp": "unknown"
  },
  {
    "title": "PresentationJune ,Corporate PresentationPast EventsJefferies Global Healthcare ConferenceJune ,EDTView WebcastGuggenheim SMID Cap Biotech ConferenceFe",
    "link": "https://investors.zenasbio.com/static-files/-32ea-4c9b-b193-b828f0ee5f70",
    "timestamp": "unknown"
  },
  {
    "title": "PresentationJune ,Corporate PresentationPast EventsJefferies Global Healthcare ConferenceJune ,EDTView WebcastGuggenheim SMID Cap Biotech ConferenceFe",
    "link": "https://investors.zenasbio.com/static-files/-32ea-4c9b-b193-b828f0ee5f70",
    "timestamp": "unknown"
  },
  {
    "title": "PresentationJune ,Corporate PresentationPast EventsJefferies Global Healthcare ConferenceJune ,EDTView WebcastGuggenheim SMID Cap Biotech ConferenceFe",
    "link": "https://investors.zenasbio.com/static-files/-32ea-4c9b-b193-b828f0ee5f70",
    "timestamp": "unknown"
  },
  {
    "title": "PresentationJune ,Corporate PresentationPast EventsJefferies Global Healthcare ConferenceJune ,EDTView WebcastGuggenheim SMID Cap Biotech ConferenceFe",
    "link": "https://investors.zenasbio.com/static-files/-32ea-4c9b-b193-b828f0ee5f70",
    "timestamp": "unknown"
  },
  {
    "title": "PresentationJune ,Corporate PresentationPast EventsJefferies Global Healthcare ConferenceJune ,EDTView WebcastGuggenheim SMID Cap Biotech ConferenceFe",
    "link": "https://investors.zenasbio.com/static-files/-32ea-4c9b-b193-b828f0ee5f70",
    "timestamp": "unknown"
  },
  {
    "title": "PresentationJune ,Corporate PresentationPast EventsJefferies Global Healthcare ConferenceJune ,EDTView WebcastGuggenheim SMID Cap Biotech ConferenceFe",
    "link": "https://investors.zenasbio.com/static-files/-32ea-4c9b-b193-b828f0ee5f70",
    "timestamp": "unknown"
  },
  {
    "title": "PresentationJune ,Corporate PresentationPast EventsJefferies Global Healthcare ConferenceJune ,EDTView WebcastGuggenheim SMID Cap Biotech ConferenceFe",
    "link": "https://investors.zenasbio.com/static-files/-32ea-4c9b-b193-b828f0ee5f70",
    "timestamp": "unknown"
  },
  {
    "title": "PresentationJune ,Corporate PresentationPast EventsJefferies Global Healthcare ConferenceJune ,EDTView WebcastGuggenheim SMID Cap Biotech ConferenceFe",
    "link": "https://investors.zenasbio.com/static-files/-32ea-4c9b-b193-b828f0ee5f70",
    "timestamp": "unknown"
  },
  {
    "title": "PresentationJune ,Corporate PresentationPast EventsJefferies Global Healthcare ConferenceJune ,EDTView WebcastGuggenheim SMID Cap Biotech ConferenceFe",
    "link": "https://investors.zenasbio.com/static-files/-32ea-4c9b-b193-b828f0ee5f70",
    "timestamp": "unknown"
  },
  {
    "title": "PresentationJune ,Corporate PresentationPast EventsJefferies Global Healthcare ConferenceJune ,EDTView WebcastGuggenheim SMID Cap Biotech ConferenceFe",
    "link": "https://investors.zenasbio.com/static-files/-32ea-4c9b-b193-b828f0ee5f70",
    "timestamp": "unknown"
  },
  {
    "title": "PresentationJune ,Corporate PresentationPast EventsJefferies Global Healthcare ConferenceJune ,EDTView WebcastGuggenheim SMID Cap Biotech ConferenceFe",
    "link": "https://investors.zenasbio.com/static-files/-32ea-4c9b-b193-b828f0ee5f70",
    "timestamp": "unknown"
  },
  {
    "title": "PresentationJune ,Corporate Presentation",
    "link": "https://investors.zenasbio.com/static-files/-32ea-4c9b-b193-b828f0ee5f70",
    "timestamp": "unknown"
  },
  {
    "title": "PresentationJune ,Corporate Presentation",
    "link": "https://investors.zenasbio.com/static-files/-32ea-4c9b-b193-b828f0ee5f70",
    "timestamp": "unknown"
  },
  {
    "title": "PresentationJune ,Corporate Presentation",
    "link": "https://investors.zenasbio.com/static-files/-32ea-4c9b-b193-b828f0ee5f70",
    "timestamp": "unknown"
  },
  {
    "title": "PresentationJune ,Corporate Presentation",
    "link": "https://investors.zenasbio.com/static-files/-32ea-4c9b-b193-b828f0ee5f70",
    "timestamp": "unknown"
  },
  {
    "title": "June ,Corporate Presentation",
    "link": "https://investors.zenasbio.com/static-files/-32ea-4c9b-b193-b828f0ee5f70",
    "timestamp": "unknown"
  },
  {
    "title": "June ,Corporate Presentation",
    "link": "https://investors.zenasbio.com/static-files/-32ea-4c9b-b193-b828f0ee5f70",
    "timestamp": "unknown"
  },
  {
    "title": "June ,Corporate Presentation",
    "link": "https://investors.zenasbio.com/static-files/-32ea-4c9b-b193-b828f0ee5f70",
    "timestamp": "unknown"
  },
  {
    "title": "June ,Corporate Presentation",
    "link": "https://investors.zenasbio.com/static-files/-32ea-4c9b-b193-b828f0ee5f70",
    "timestamp": "unknown"
  },
  {
    "title": "June ,Corporate Presentation",
    "link": "https://investors.zenasbio.com/static-files/-32ea-4c9b-b193-b828f0ee5f70",
    "timestamp": "unknown"
  },
  {
    "title": "June ,Corporate Presentation",
    "link": "https://investors.zenasbio.com/static-files/-32ea-4c9b-b193-b828f0ee5f70",
    "timestamp": "unknown"
  },
  {
    "title": "Corporate Presentation",
    "link": "https://investors.zenasbio.com/static-files/-32ea-4c9b-b193-b828f0ee5f70",
    "timestamp": "unknown"
  },
  {
    "title": "Corporate Presentation",
    "link": "https://investors.zenasbio.com/static-files/-32ea-4c9b-b193-b828f0ee5f70",
    "timestamp": "unknown"
  },
  {
    "title": "Corporate Presentation",
    "link": "https://investors.zenasbio.com/static-files/-32ea-4c9b-b193-b828f0ee5f70",
    "timestamp": "unknown"
  },
  {
    "title": "Corporate Presentation",
    "link": "https://investors.zenasbio.com/static-files/-32ea-4c9b-b193-b828f0ee5f70",
    "timestamp": "unknown"
  },
  {
    "title": "Corporate Presentation",
    "link": "https://investors.zenasbio.com/static-files/-32ea-4c9b-b193-b828f0ee5f70",
    "timestamp": "unknown"
  },
  {
    "title": "Corporate Presentation",
    "link": "https://investors.zenasbio.com/static-files/-32ea-4c9b-b193-b828f0ee5f70",
    "timestamp": "unknown"
  },
  {
    "title": "Corporate Presentation",
    "link": "https://investors.zenasbio.com/static-files/-32ea-4c9b-b193-b828f0ee5f70",
    "timestamp": "unknown"
  },
  {
    "title": "Corporate Presentation",
    "link": "https://investors.zenasbio.com/static-files/-32ea-4c9b-b193-b828f0ee5f70",
    "timestamp": "unknown"
  },
  {
    "title": "Past EventsJefferies Global Healthcare ConferenceJune ,EDTView WebcastGuggenheim SMID Cap Biotech ConferenceFebruary ,ESTView WebcastEvercore ISI Heal",
    "link": "https://investors.zenasbio.com/events/event-details/jefferies-global-healthcare-conference",
    "timestamp": "unknown"
  },
  {
    "title": "Past EventsJefferies Global Healthcare ConferenceJune ,EDTView WebcastGuggenheim SMID Cap Biotech ConferenceFebruary ,ESTView WebcastEvercore ISI Heal",
    "link": "https://investors.zenasbio.com/events/event-details/jefferies-global-healthcare-conference",
    "timestamp": "unknown"
  },
  {
    "title": "Past EventsJefferies Global Healthcare ConferenceJune ,EDTView WebcastGuggenheim SMID Cap Biotech ConferenceFebruary ,ESTView WebcastEvercore ISI Heal",
    "link": "https://investors.zenasbio.com/events/event-details/jefferies-global-healthcare-conference",
    "timestamp": "unknown"
  },
  {
    "title": "Past EventsJefferies Global Healthcare ConferenceJune ,EDTView WebcastGuggenheim SMID Cap Biotech ConferenceFebruary ,ESTView WebcastEvercore ISI Heal",
    "link": "https://investors.zenasbio.com/events/event-details/jefferies-global-healthcare-conference",
    "timestamp": "unknown"
  },
  {
    "title": "Jefferies Global Healthcare ConferenceJune ,EDTView WebcastGuggenheim SMID Cap Biotech ConferenceFebruary ,ESTView WebcastEvercore ISI HealthCONx Conf",
    "link": "https://investors.zenasbio.com/events/event-details/jefferies-global-healthcare-conference",
    "timestamp": "unknown"
  },
  {
    "title": "Jefferies Global Healthcare ConferenceJune ,EDTView WebcastGuggenheim SMID Cap Biotech ConferenceFebruary ,ESTView WebcastEvercore ISI HealthCONx Conf",
    "link": "https://investors.zenasbio.com/events/event-details/jefferies-global-healthcare-conference",
    "timestamp": "unknown"
  },
  {
    "title": "Jefferies Global Healthcare ConferenceJune ,EDTView Webcast",
    "link": "https://investors.zenasbio.com/events/event-details/jefferies-global-healthcare-conference",
    "timestamp": "unknown"
  },
  {
    "title": "Jefferies Global Healthcare ConferenceJune ,EDTView Webcast",
    "link": "https://investors.zenasbio.com/events/event-details/jefferies-global-healthcare-conference",
    "timestamp": "unknown"
  },
  {
    "title": "Jefferies Global Healthcare ConferenceJune ,EDT",
    "link": "https://investors.zenasbio.com/events/event-details/jefferies-global-healthcare-conference",
    "timestamp": "unknown"
  },
  {
    "title": "Jefferies Global Healthcare ConferenceJune ,EDT",
    "link": "https://investors.zenasbio.com/events/event-details/jefferies-global-healthcare-conference",
    "timestamp": "unknown"
  },
  {
    "title": "Jefferies Global Healthcare ConferenceJune ,EDT",
    "link": "https://investors.zenasbio.com/events/event-details/jefferies-global-healthcare-conference",
    "timestamp": "unknown"
  },
  {
    "title": "Jefferies Global Healthcare ConferenceJune ,EDT",
    "link": "https://investors.zenasbio.com/events/event-details/jefferies-global-healthcare-conference",
    "timestamp": "unknown"
  },
  {
    "title": "Jefferies Global Healthcare Conference",
    "link": "https://investors.zenasbio.com/events/event-details/jefferies-global-healthcare-conference",
    "timestamp": "unknown"
  },
  {
    "title": "Jefferies Global Healthcare Conference",
    "link": "https://investors.zenasbio.com/events/event-details/jefferies-global-healthcare-conference",
    "timestamp": "unknown"
  },
  {
    "title": "Jefferies Global Healthcare Conference",
    "link": "https://investors.zenasbio.com/events/event-details/jefferies-global-healthcare-conference",
    "timestamp": "unknown"
  },
  {
    "title": "View Webcast",
    "link": "https://wsw.com/webcast/jeff319/register.aspx?conf=jeff319&page=zbio&url=https%3A//wsw.com/webcast/jeff319/zbio/",
    "timestamp": "unknown"
  },
  {
    "title": "View Webcast",
    "link": "https://wsw.com/webcast/jeff319/register.aspx?conf=jeff319&page=zbio&url=https%3A//wsw.com/webcast/jeff319/zbio/",
    "timestamp": "unknown"
  },
  {
    "title": "View Webcast",
    "link": "https://wsw.com/webcast/jeff319/register.aspx?conf=jeff319&page=zbio&url=https%3A//wsw.com/webcast/jeff319/zbio/",
    "timestamp": "unknown"
  },
  {
    "title": "View Webcast",
    "link": "https://wsw.com/webcast/jeff319/register.aspx?conf=jeff319&page=zbio&url=https%3A//wsw.com/webcast/jeff319/zbio/",
    "timestamp": "unknown"
  },
  {
    "title": "Guggenheim SMID Cap Biotech ConferenceFebruary ,ESTView Webcast",
    "link": "https://investors.zenasbio.com/events/event-details/guggenheim-smid-cap-biotech-conference",
    "timestamp": "unknown"
  },
  {
    "title": "Guggenheim SMID Cap Biotech ConferenceFebruary ,ESTView Webcast",
    "link": "https://investors.zenasbio.com/events/event-details/guggenheim-smid-cap-biotech-conference",
    "timestamp": "unknown"
  },
  {
    "title": "Guggenheim SMID Cap Biotech ConferenceFebruary ,EST",
    "link": "https://investors.zenasbio.com/events/event-details/guggenheim-smid-cap-biotech-conference",
    "timestamp": "unknown"
  },
  {
    "title": "Guggenheim SMID Cap Biotech ConferenceFebruary ,EST",
    "link": "https://investors.zenasbio.com/events/event-details/guggenheim-smid-cap-biotech-conference",
    "timestamp": "unknown"
  },
  {
    "title": "Guggenheim SMID Cap Biotech ConferenceFebruary ,EST",
    "link": "https://investors.zenasbio.com/events/event-details/guggenheim-smid-cap-biotech-conference",
    "timestamp": "unknown"
  },
  {
    "title": "Guggenheim SMID Cap Biotech ConferenceFebruary ,EST",
    "link": "https://investors.zenasbio.com/events/event-details/guggenheim-smid-cap-biotech-conference",
    "timestamp": "unknown"
  },
  {
    "title": "Guggenheim SMID Cap Biotech Conference",
    "link": "https://investors.zenasbio.com/events/event-details/guggenheim-smid-cap-biotech-conference",
    "timestamp": "unknown"
  },
  {
    "title": "Guggenheim SMID Cap Biotech Conference",
    "link": "https://investors.zenasbio.com/events/event-details/guggenheim-smid-cap-biotech-conference",
    "timestamp": "unknown"
  },
  {
    "title": "Guggenheim SMID Cap Biotech Conference",
    "link": "https://investors.zenasbio.com/events/event-details/guggenheim-smid-cap-biotech-conference",
    "timestamp": "unknown"
  },
  {
    "title": "View Webcast",
    "link": "https://wsw.com/webcast/guggen2/zbio/",
    "timestamp": "unknown"
  },
  {
    "title": "View Webcast",
    "link": "https://wsw.com/webcast/guggen2/zbio/",
    "timestamp": "unknown"
  },
  {
    "title": "View Webcast",
    "link": "https://wsw.com/webcast/guggen2/zbio/",
    "timestamp": "unknown"
  },
  {
    "title": "View Webcast",
    "link": "https://wsw.com/webcast/guggen2/zbio/",
    "timestamp": "unknown"
  },
  {
    "title": "Evercore ISI HealthCONx ConferenceDecember ,ESTView Webcast",
    "link": "https://investors.zenasbio.com/events/event-details/evercore-isi-healthconx-conference",
    "timestamp": "unknown"
  },
  {
    "title": "Evercore ISI HealthCONx ConferenceDecember ,ESTView Webcast",
    "link": "https://investors.zenasbio.com/events/event-details/evercore-isi-healthconx-conference",
    "timestamp": "unknown"
  },
  {
    "title": "Evercore ISI HealthCONx ConferenceDecember ,EST",
    "link": "https://investors.zenasbio.com/events/event-details/evercore-isi-healthconx-conference",
    "timestamp": "unknown"
  },
  {
    "title": "Evercore ISI HealthCONx ConferenceDecember ,EST",
    "link": "https://investors.zenasbio.com/events/event-details/evercore-isi-healthconx-conference",
    "timestamp": "unknown"
  },
  {
    "title": "Evercore ISI HealthCONx ConferenceDecember ,EST",
    "link": "https://investors.zenasbio.com/events/event-details/evercore-isi-healthconx-conference",
    "timestamp": "unknown"
  },
  {
    "title": "Evercore ISI HealthCONx ConferenceDecember ,EST",
    "link": "https://investors.zenasbio.com/events/event-details/evercore-isi-healthconx-conference",
    "timestamp": "unknown"
  },
  {
    "title": "Evercore ISI HealthCONx Conference",
    "link": "https://investors.zenasbio.com/events/event-details/evercore-isi-healthconx-conference",
    "timestamp": "unknown"
  },
  {
    "title": "Evercore ISI HealthCONx Conference",
    "link": "https://investors.zenasbio.com/events/event-details/evercore-isi-healthconx-conference",
    "timestamp": "unknown"
  },
  {
    "title": "Evercore ISI HealthCONx Conference",
    "link": "https://investors.zenasbio.com/events/event-details/evercore-isi-healthconx-conference",
    "timestamp": "unknown"
  },
  {
    "title": "View Webcast",
    "link": "https://wsw.com/webcast/evercore44/register.aspx?conf=evercore44&page=zbio&url=https%3A//wsw.com/webcast/evercore44/zbio/",
    "timestamp": "unknown"
  },
  {
    "title": "View Webcast",
    "link": "https://wsw.com/webcast/evercore44/register.aspx?conf=evercore44&page=zbio&url=https%3A//wsw.com/webcast/evercore44/zbio/",
    "timestamp": "unknown"
  },
  {
    "title": "View Webcast",
    "link": "https://wsw.com/webcast/evercore44/register.aspx?conf=evercore44&page=zbio&url=https%3A//wsw.com/webcast/evercore44/zbio/",
    "timestamp": "unknown"
  },
  {
    "title": "View Webcast",
    "link": "https://wsw.com/webcast/evercore44/register.aspx?conf=evercore44&page=zbio&url=https%3A//wsw.com/webcast/evercore44/zbio/",
    "timestamp": "unknown"
  },
  {
    "title": "Citi\u2019s  Global Healthcare ConferenceDecember ,ESTView Webcast",
    "link": "https://investors.zenasbio.com/events/event-details/citis--global-healthcare-conference",
    "timestamp": "unknown"
  },
  {
    "title": "Citi\u2019s  Global Healthcare ConferenceDecember ,ESTView Webcast",
    "link": "https://investors.zenasbio.com/events/event-details/citis--global-healthcare-conference",
    "timestamp": "unknown"
  },
  {
    "title": "Citi\u2019s  Global Healthcare ConferenceDecember ,EST",
    "link": "https://investors.zenasbio.com/events/event-details/citis--global-healthcare-conference",
    "timestamp": "unknown"
  },
  {
    "title": "Citi\u2019s  Global Healthcare ConferenceDecember ,EST",
    "link": "https://investors.zenasbio.com/events/event-details/citis--global-healthcare-conference",
    "timestamp": "unknown"
  },
  {
    "title": "Citi\u2019s  Global Healthcare ConferenceDecember ,EST",
    "link": "https://investors.zenasbio.com/events/event-details/citis--global-healthcare-conference",
    "timestamp": "unknown"
  },
  {
    "title": "Citi\u2019s  Global Healthcare ConferenceDecember ,EST",
    "link": "https://investors.zenasbio.com/events/event-details/citis--global-healthcare-conference",
    "timestamp": "unknown"
  },
  {
    "title": "Citi\u2019s  Global Healthcare Conference",
    "link": "https://investors.zenasbio.com/events/event-details/citis--global-healthcare-conference",
    "timestamp": "unknown"
  },
  {
    "title": "Citi\u2019s  Global Healthcare Conference",
    "link": "https://investors.zenasbio.com/events/event-details/citis--global-healthcare-conference",
    "timestamp": "unknown"
  },
  {
    "title": "Citi\u2019s  Global Healthcare Conference",
    "link": "https://investors.zenasbio.com/events/event-details/citis--global-healthcare-conference",
    "timestamp": "unknown"
  },
  {
    "title": "View Webcast",
    "link": "https://kvgo.com/-global-healthcare-conference/zenas-biopharma-december",
    "timestamp": "unknown"
  },
  {
    "title": "View Webcast",
    "link": "https://kvgo.com/-global-healthcare-conference/zenas-biopharma-december",
    "timestamp": "unknown"
  },
  {
    "title": "View Webcast",
    "link": "https://kvgo.com/-global-healthcare-conference/zenas-biopharma-december",
    "timestamp": "unknown"
  },
  {
    "title": "View Webcast",
    "link": "https://kvgo.com/-global-healthcare-conference/zenas-biopharma-december",
    "timestamp": "unknown"
  },
  {
    "title": "Jefferies London Healthcare ConferenceNovember ,ESTView Webcast",
    "link": "https://investors.zenasbio.com/events/event-details/jefferies-london-healthcare-conference",
    "timestamp": "unknown"
  },
  {
    "title": "Jefferies London Healthcare ConferenceNovember ,ESTView Webcast",
    "link": "https://investors.zenasbio.com/events/event-details/jefferies-london-healthcare-conference",
    "timestamp": "unknown"
  },
  {
    "title": "Jefferies London Healthcare ConferenceNovember ,EST",
    "link": "https://investors.zenasbio.com/events/event-details/jefferies-london-healthcare-conference",
    "timestamp": "unknown"
  },
  {
    "title": "Jefferies London Healthcare ConferenceNovember ,EST",
    "link": "https://investors.zenasbio.com/events/event-details/jefferies-london-healthcare-conference",
    "timestamp": "unknown"
  },
  {
    "title": "Jefferies London Healthcare ConferenceNovember ,EST",
    "link": "https://investors.zenasbio.com/events/event-details/jefferies-london-healthcare-conference",
    "timestamp": "unknown"
  },
  {
    "title": "Jefferies London Healthcare ConferenceNovember ,EST",
    "link": "https://investors.zenasbio.com/events/event-details/jefferies-london-healthcare-conference",
    "timestamp": "unknown"
  },
  {
    "title": "Jefferies London Healthcare Conference",
    "link": "https://investors.zenasbio.com/events/event-details/jefferies-london-healthcare-conference",
    "timestamp": "unknown"
  },
  {
    "title": "Jefferies London Healthcare Conference",
    "link": "https://investors.zenasbio.com/events/event-details/jefferies-london-healthcare-conference",
    "timestamp": "unknown"
  },
  {
    "title": "Jefferies London Healthcare Conference",
    "link": "https://investors.zenasbio.com/events/event-details/jefferies-london-healthcare-conference",
    "timestamp": "unknown"
  },
  {
    "title": "View Webcast",
    "link": "https://wsw.com/webcast/jeff315/register.aspx?conf=jeff315&page=zbio&url=https%3A//wsw.com/webcast/jeff315/zbio/",
    "timestamp": "unknown"
  },
  {
    "title": "View Webcast",
    "link": "https://wsw.com/webcast/jeff315/register.aspx?conf=jeff315&page=zbio&url=https%3A//wsw.com/webcast/jeff315/zbio/",
    "timestamp": "unknown"
  },
  {
    "title": "View Webcast",
    "link": "https://wsw.com/webcast/jeff315/register.aspx?conf=jeff315&page=zbio&url=https%3A//wsw.com/webcast/jeff315/zbio/",
    "timestamp": "unknown"
  },
  {
    "title": "View Webcast",
    "link": "https://wsw.com/webcast/jeff315/register.aspx?conf=jeff315&page=zbio&url=https%3A//wsw.com/webcast/jeff315/zbio/",
    "timestamp": "unknown"
  },
  {
    "title": "Who We AreOur SciencePatients & CaregiversInvestors & MediaZenas Experience",
    "link": "https://zenasbio.com/who-we-are/",
    "timestamp": "unknown"
  },
  {
    "title": "Who We AreOur SciencePatients & CaregiversInvestors & MediaZenas Experience",
    "link": "https://zenasbio.com/who-we-are/",
    "timestamp": "unknown"
  },
  {
    "title": "Who We AreOur SciencePatients & CaregiversInvestors & MediaZenas Experience",
    "link": "https://zenasbio.com/who-we-are/",
    "timestamp": "unknown"
  },
  {
    "title": "Who We AreOur SciencePatients & CaregiversInvestors & MediaZenas Experience",
    "link": "https://zenasbio.com/who-we-are/",
    "timestamp": "unknown"
  },
  {
    "title": "Who We Are",
    "link": "https://zenasbio.com/who-we-are/",
    "timestamp": "unknown"
  },
  {
    "title": "Our Science",
    "link": "https://zenasbio.com/our-science/",
    "timestamp": "unknown"
  },
  {
    "title": "Patients & Caregivers",
    "link": "https://zenasbio.com/patients-caregivers/",
    "timestamp": "unknown"
  },
  {
    "title": "Investors & Media",
    "link": "https://investors.zenasbio.com/investor-relations",
    "timestamp": "unknown"
  },
  {
    "title": "Zenas Experience",
    "link": "https://zenasbio.com/zenas-experience/",
    "timestamp": "unknown"
  },
  {
    "title": "Terms of ServicePrivacy PolicyEU-US Data Privacy Framework PolicyContact Us\u00a9 Zenas BioPharma, Inc. . The Zenas BioPharma word mark and logos are trade",
    "link": "https://zenasbio.com/terms-of-service/",
    "timestamp": "unknown"
  },
  {
    "title": "Terms of ServicePrivacy PolicyEU-US Data Privacy Framework PolicyContact Us\u00a9 Zenas BioPharma, Inc. . The Zenas BioPharma word mark and logos are trade",
    "link": "https://zenasbio.com/terms-of-service/",
    "timestamp": "unknown"
  },
  {
    "title": "Terms of ServicePrivacy PolicyEU-US Data Privacy Framework PolicyContact Us",
    "link": "https://zenasbio.com/terms-of-service/",
    "timestamp": "unknown"
  },
  {
    "title": "Terms of ServicePrivacy PolicyEU-US Data Privacy Framework PolicyContact Us",
    "link": "https://zenasbio.com/terms-of-service/",
    "timestamp": "unknown"
  },
  {
    "title": "Terms of ServicePrivacy PolicyEU-US Data Privacy Framework PolicyContact Us",
    "link": "https://zenasbio.com/terms-of-service/",
    "timestamp": "unknown"
  },
  {
    "title": "Terms of Service",
    "link": "https://zenasbio.com/terms-of-service/",
    "timestamp": "unknown"
  },
  {
    "title": "Privacy Policy",
    "link": "https://zenasbio.com/privacy-policy/",
    "timestamp": "unknown"
  },
  {
    "title": "EU-US Data Privacy Framework Policy",
    "link": "https://zenasbio.com/eu-us-data-privacy-framework-policy/",
    "timestamp": "unknown"
  },
  {
    "title": "Contact Us",
    "link": "https://zenasbio.com/contact-us/",
    "timestamp": "unknown"
  }
]