[
  {
    "title": "OverviewNewsEvents & PresentationsStock InformationStock QuoteAnalyst CoverageFinancials & FilingsGovernanceDocuments & ChartersExecutive LeadershipBo",
    "link": "https://zenasbio.com/",
    "timestamp": "unknown"
  },
  {
    "title": "OverviewNewsEvents & PresentationsStock InformationStock QuoteAnalyst CoverageFinancials & FilingsGovernanceDocuments & ChartersExecutive LeadershipBo",
    "link": "https://zenasbio.com/",
    "timestamp": "unknown"
  },
  {
    "title": "OverviewNewsEvents & PresentationsStock InformationStock QuoteAnalyst CoverageFinancials & FilingsGovernanceDocuments & ChartersExecutive LeadershipBo",
    "link": "https://investors.zenasbio.com/investor-relations",
    "timestamp": "unknown"
  },
  {
    "title": "Overview",
    "link": "https://investors.zenasbio.com/investor-relations",
    "timestamp": "unknown"
  },
  {
    "title": "News",
    "link": "https://investors.zenasbio.com/news-releases",
    "timestamp": "unknown"
  },
  {
    "title": "Events & Presentations",
    "link": "https://investors.zenasbio.com/events-and-presentations",
    "timestamp": "unknown"
  },
  {
    "title": "Stock InformationStock QuoteAnalyst Coverage",
    "link": "https://investors.zenasbio.com/stock-information/stock-quote",
    "timestamp": "unknown"
  },
  {
    "title": "Stock Quote",
    "link": "https://investors.zenasbio.com/stock-information/stock-quote",
    "timestamp": "unknown"
  },
  {
    "title": "Analyst Coverage",
    "link": "https://investors.zenasbio.com/stock-information/analyst-coverage",
    "timestamp": "unknown"
  },
  {
    "title": "Financials & Filings",
    "link": "https://investors.zenasbio.com/financial-information/sec-filings",
    "timestamp": "unknown"
  },
  {
    "title": "GovernanceDocuments & ChartersExecutive LeadershipBoard of DirectorsCommittee Composition",
    "link": "https://investors.zenasbio.com/corporate-governance/documents-charters",
    "timestamp": "unknown"
  },
  {
    "title": "Documents & Charters",
    "link": "https://investors.zenasbio.com/corporate-governance/documents-charters",
    "timestamp": "unknown"
  },
  {
    "title": "Executive Leadership",
    "link": "https://zenasbio.com/who-we-are/#leadership",
    "timestamp": "unknown"
  },
  {
    "title": "Board of Directors",
    "link": "https://zenasbio.com/who-we-are/#board",
    "timestamp": "unknown"
  },
  {
    "title": "Committee Composition",
    "link": "https://investors.zenasbio.com/corporate-governance/committee-composition",
    "timestamp": "unknown"
  },
  {
    "title": "ResourcesInvestor FAQsInvestor Email AlertsContact IR",
    "link": "https://investors.zenasbio.com/ir-resources/investor-faqs",
    "timestamp": "unknown"
  },
  {
    "title": "Investor FAQs",
    "link": "https://investors.zenasbio.com/ir-resources/investor-faqs",
    "timestamp": "unknown"
  },
  {
    "title": "Investor Email Alerts",
    "link": "https://investors.zenasbio.com/ir-resources/email-alerts",
    "timestamp": "unknown"
  },
  {
    "title": "Contact IR",
    "link": "https://investors.zenasbio.com/ir-resources/contact-ir",
    "timestamp": "unknown"
  },
  {
    "title": "Financials & FilingsSEC Filings",
    "link": "https://investors.zenasbio.com/financial-information/sec-filings",
    "timestamp": "unknown"
  },
  {
    "title": "Financials & FilingsSEC Filings",
    "link": "https://investors.zenasbio.com/financial-information/sec-filings",
    "timestamp": "unknown"
  },
  {
    "title": "SEC Filings",
    "link": "https://investors.zenasbio.com/financial-information/sec-filings",
    "timestamp": "unknown"
  },
  {
    "title": "SEC Filings",
    "link": "https://investors.zenasbio.com/financial-information/sec-filings",
    "timestamp": "unknown"
  },
  {
    "title": "GroupAll,,Annual FilingsCurrent ReportsMergers & AcquisitionsOtherProxy FilingsQuarterly FilingsRegistration StatementsFiling yearAllFiling DateFormDe",
    "link": "https://investors.zenasbio.com/financial-information/sec-filings?items_per_page=&order=field_nir_sec_date_filed&sort=asc",
    "timestamp": "unknown"
  },
  {
    "title": "GroupAll,,Annual FilingsCurrent ReportsMergers & AcquisitionsOtherProxy FilingsQuarterly FilingsRegistration StatementsFiling yearAllFiling DateFormDe",
    "link": "https://investors.zenasbio.com/financial-information/sec-filings?items_per_page=&order=field_nir_sec_date_filed&sort=asc",
    "timestamp": "unknown"
  },
  {
    "title": "GroupAll,,Annual FilingsCurrent ReportsMergers & AcquisitionsOtherProxy FilingsQuarterly FilingsRegistration StatementsFiling yearAllFiling DateFormDe",
    "link": "https://investors.zenasbio.com/financial-information/sec-filings?items_per_page=&order=field_nir_sec_date_filed&sort=asc",
    "timestamp": "unknown"
  },
  {
    "title": "GroupAll,,Annual FilingsCurrent ReportsMergers & AcquisitionsOtherProxy FilingsQuarterly FilingsRegistration StatementsFiling yearAllFiling DateFormDe",
    "link": "https://investors.zenasbio.com/financial-information/sec-filings?items_per_page=&order=field_nir_sec_date_filed&sort=asc",
    "timestamp": "unknown"
  },
  {
    "title": "GroupAll,,Annual FilingsCurrent ReportsMergers & AcquisitionsOtherProxy FilingsQuarterly FilingsRegistration StatementsFiling yearAllFiling DateFormDe",
    "link": "https://investors.zenasbio.com/financial-information/sec-filings?items_per_page=&order=field_nir_sec_date_filed&sort=asc",
    "timestamp": "unknown"
  },
  {
    "title": "GroupAll,,Annual FilingsCurrent ReportsMergers & AcquisitionsOtherProxy FilingsQuarterly FilingsRegistration StatementsFiling yearAllFiling DateFormDe",
    "link": "https://investors.zenasbio.com/financial-information/sec-filings?items_per_page=&order=field_nir_sec_date_filed&sort=asc",
    "timestamp": "unknown"
  },
  {
    "title": "GroupAll,,Annual FilingsCurrent ReportsMergers & AcquisitionsOtherProxy FilingsQuarterly FilingsRegistration StatementsFiling yearAllFiling DateFormDe",
    "link": "https://investors.zenasbio.com/financial-information/sec-filings?items_per_page=&order=field_nir_sec_date_filed&sort=asc",
    "timestamp": "unknown"
  },
  {
    "title": "GroupAll,,Annual FilingsCurrent ReportsMergers & AcquisitionsOtherProxy FilingsQuarterly FilingsRegistration StatementsFiling yearAllFiling DateFormDe",
    "link": "https://investors.zenasbio.com/financial-information/sec-filings?items_per_page=&order=field_nir_sec_date_filed&sort=asc",
    "timestamp": "unknown"
  },
  {
    "title": "GroupAll,,Annual FilingsCurrent ReportsMergers & AcquisitionsOtherProxy FilingsQuarterly FilingsRegistration StatementsFiling yearAllFiling DateFormDe",
    "link": "https://investors.zenasbio.com/financial-information/sec-filings?items_per_page=&order=field_nir_sec_date_filed&sort=asc",
    "timestamp": "unknown"
  },
  {
    "title": "GroupAll,,Annual FilingsCurrent ReportsMergers & AcquisitionsOtherProxy FilingsQuarterly FilingsRegistration StatementsFiling yearAllFiling DateFormDe",
    "link": "https://investors.zenasbio.com/financial-information/sec-filings?items_per_page=&order=field_nir_sec_date_filed&sort=asc",
    "timestamp": "unknown"
  },
  {
    "title": "GroupAll,,Annual FilingsCurrent ReportsMergers & AcquisitionsOtherProxy FilingsQuarterly FilingsRegistration StatementsFiling yearAllFiling DateFormDe",
    "link": "https://investors.zenasbio.com/financial-information/sec-filings?items_per_page=&order=field_nir_sec_date_filed&sort=asc",
    "timestamp": "unknown"
  },
  {
    "title": "GroupAll,,Annual FilingsCurrent ReportsMergers & AcquisitionsOtherProxy FilingsQuarterly FilingsRegistration StatementsFiling yearAllFiling DateFormDe",
    "link": "https://investors.zenasbio.com/financial-information/sec-filings?items_per_page=&order=field_nir_sec_date_filed&sort=asc",
    "timestamp": "unknown"
  },
  {
    "title": "GroupAll,,Annual FilingsCurrent ReportsMergers & AcquisitionsOtherProxy FilingsQuarterly FilingsRegistration StatementsFiling yearAllFiling DateFormDe",
    "link": "https://investors.zenasbio.com/financial-information/sec-filings?items_per_page=&order=field_nir_sec_date_filed&sort=asc",
    "timestamp": "unknown"
  },
  {
    "title": "GroupAll,,Annual FilingsCurrent ReportsMergers & AcquisitionsOtherProxy FilingsQuarterly FilingsRegistration StatementsFiling yearAllFiling DateFormDe",
    "link": "https://investors.zenasbio.com/financial-information/sec-filings?items_per_page=&order=field_nir_sec_date_filed&sort=asc",
    "timestamp": "unknown"
  },
  {
    "title": "GroupAll,,Annual FilingsCurrent ReportsMergers & AcquisitionsOtherProxy FilingsQuarterly FilingsRegistration StatementsFiling yearAllFiling DateFormDe",
    "link": "https://investors.zenasbio.com/financial-information/sec-filings?items_per_page=&order=field_nir_sec_date_filed&sort=asc",
    "timestamp": "unknown"
  },
  {
    "title": "GroupAll,,Annual FilingsCurrent ReportsMergers & AcquisitionsOtherProxy FilingsQuarterly FilingsRegistration StatementsFiling yearAllFiling DateFormDe",
    "link": "https://investors.zenasbio.com/financial-information/sec-filings?items_per_page=&order=field_nir_sec_date_filed&sort=asc",
    "timestamp": "unknown"
  },
  {
    "title": "Filing DateFormDescriptionFiling GroupViewJun ,-KReport of unscheduled material events or corporate eventCurrent ReportsView HTML--.pdf--.rtf--.xlsEX-",
    "link": "https://investors.zenasbio.com/financial-information/sec-filings?items_per_page=&order=field_nir_sec_date_filed&sort=asc",
    "timestamp": "unknown"
  },
  {
    "title": "Filing DateFormDescriptionFiling GroupView",
    "link": "https://investors.zenasbio.com/financial-information/sec-filings?items_per_page=&order=field_nir_sec_date_filed&sort=asc",
    "timestamp": "unknown"
  },
  {
    "title": "Jun ,-KReport of unscheduled material events or corporate eventCurrent ReportsView HTML--.pdf--.rtf--.xlsEX-.SCH - XBRL TAXONOMY EXTENSION SCHEMA",
    "link": "https://investors.zenasbio.com/sec-filings/sec-filing/-k/--",
    "timestamp": "unknown"
  },
  {
    "title": "View HTML--.pdf--.rtf--.xlsEX-.SCH - XBRL TAXONOMY EXTENSION SCHEMA",
    "link": "https://investors.zenasbio.com/node//html",
    "timestamp": "unknown"
  },
  {
    "title": "--.pdf",
    "link": "https://investors.zenasbio.com/static-files/f6a74285--40a6-a854-ee3c01f724d2",
    "timestamp": "unknown"
  },
  {
    "title": "--.rtf",
    "link": "https://investors.zenasbio.com/static-files/e67758a5-a85f-4ec0-afa4-83ba9c362e1c",
    "timestamp": "unknown"
  },
  {
    "title": "--.xls",
    "link": "https://investors.zenasbio.com/static-files/9b2548fd-8a16-471a-92d8-283ae0291bfb",
    "timestamp": "unknown"
  },
  {
    "title": "Jun ,Statement of changes in beneficial ownership of securities,,View HTML--.pdf--.rtf--.xls",
    "link": "https://investors.zenasbio.com/sec-filings/sec-filing//--",
    "timestamp": "unknown"
  },
  {
    "title": "View HTML--.pdf--.rtf--.xls",
    "link": "https://investors.zenasbio.com/node//html",
    "timestamp": "unknown"
  },
  {
    "title": "--.pdf",
    "link": "https://investors.zenasbio.com/static-files/2b211382-9dca--87a3-3acc236d5a6f",
    "timestamp": "unknown"
  },
  {
    "title": "--.rtf",
    "link": "https://investors.zenasbio.com/static-files/600f1051-da98-4cb6--358960bc36ab",
    "timestamp": "unknown"
  },
  {
    "title": "--.xls",
    "link": "https://investors.zenasbio.com/static-files/d239d490-b8fd-428c-9ccc-303903713ac5",
    "timestamp": "unknown"
  },
  {
    "title": "Jun ,Statement of changes in beneficial ownership of securities,,View HTML--.pdf--.rtf--.xls",
    "link": "https://investors.zenasbio.com/sec-filings/sec-filing//--",
    "timestamp": "unknown"
  },
  {
    "title": "View HTML--.pdf--.rtf--.xls",
    "link": "https://investors.zenasbio.com/node//html",
    "timestamp": "unknown"
  },
  {
    "title": "--.pdf",
    "link": "https://investors.zenasbio.com/static-files/-9b89--b06e-a4ac3ed98fec",
    "timestamp": "unknown"
  },
  {
    "title": "--.rtf",
    "link": "https://investors.zenasbio.com/static-files/b6002ee1-2d9d-46ad-b5c0-d592b6e7d573",
    "timestamp": "unknown"
  },
  {
    "title": "--.xls",
    "link": "https://investors.zenasbio.com/static-files/dc0ce406--435c-80d0-34cc5b145a7c",
    "timestamp": "unknown"
  },
  {
    "title": "Jun ,Statement of changes in beneficial ownership of securities,,View HTML--.pdf--.rtf--.xls",
    "link": "https://investors.zenasbio.com/sec-filings/sec-filing//--",
    "timestamp": "unknown"
  },
  {
    "title": "View HTML--.pdf--.rtf--.xls",
    "link": "https://investors.zenasbio.com/node//html",
    "timestamp": "unknown"
  },
  {
    "title": "--.pdf",
    "link": "https://investors.zenasbio.com/static-files/8dccefa6-cd5f--b7ca-a4dd2fa5479b",
    "timestamp": "unknown"
  },
  {
    "title": "--.rtf",
    "link": "https://investors.zenasbio.com/static-files/1bfc0c4b-b638--93b6-db9dcf0a73f8",
    "timestamp": "unknown"
  },
  {
    "title": "--.xls",
    "link": "https://investors.zenasbio.com/static-files/be2b6942--4a03-ad06-f0a728346c0f",
    "timestamp": "unknown"
  },
  {
    "title": "Jun ,Statement of changes in beneficial ownership of securities,,View HTML--.pdf--.rtf--.xls",
    "link": "https://investors.zenasbio.com/sec-filings/sec-filing//--",
    "timestamp": "unknown"
  },
  {
    "title": "View HTML--.pdf--.rtf--.xls",
    "link": "https://investors.zenasbio.com/node//html",
    "timestamp": "unknown"
  },
  {
    "title": "--.pdf",
    "link": "https://investors.zenasbio.com/static-files/a548ab77-36b2-4a2a-b684-49c223af2e98",
    "timestamp": "unknown"
  },
  {
    "title": "--.rtf",
    "link": "https://investors.zenasbio.com/static-files/f165a903-f3be---edf7ac5c6e10",
    "timestamp": "unknown"
  },
  {
    "title": "--.xls",
    "link": "https://investors.zenasbio.com/static-files/19a2edd2-abf1-41d5-b9f7-7d35f3f30224",
    "timestamp": "unknown"
  },
  {
    "title": "Jun ,Statement of changes in beneficial ownership of securities,,View HTML--.pdf--.rtf--.xls",
    "link": "https://investors.zenasbio.com/sec-filings/sec-filing//--",
    "timestamp": "unknown"
  },
  {
    "title": "View HTML--.pdf--.rtf--.xls",
    "link": "https://investors.zenasbio.com/node//html",
    "timestamp": "unknown"
  },
  {
    "title": "--.pdf",
    "link": "https://investors.zenasbio.com/static-files/dbb0bfb9-fdf2-4c2d-a28d-7da6732ea5d7",
    "timestamp": "unknown"
  },
  {
    "title": "--.rtf",
    "link": "https://investors.zenasbio.com/static-files/d168b6b3-c462-4fd9-a2f6-493c4b1e5d82",
    "timestamp": "unknown"
  },
  {
    "title": "--.xls",
    "link": "https://investors.zenasbio.com/static-files/c8fc079b-1e61-4aef-a0ab-2ecf5ef9a1c4",
    "timestamp": "unknown"
  },
  {
    "title": "Jun ,Statement of changes in beneficial ownership of securities,,View HTML--.pdf--.rtf--.xls",
    "link": "https://investors.zenasbio.com/sec-filings/sec-filing//--",
    "timestamp": "unknown"
  },
  {
    "title": "View HTML--.pdf--.rtf--.xls",
    "link": "https://investors.zenasbio.com/node//html",
    "timestamp": "unknown"
  },
  {
    "title": "--.pdf",
    "link": "https://investors.zenasbio.com/static-files/fb5e9cef-5a90-42ab-bf1f-00330903b708",
    "timestamp": "unknown"
  },
  {
    "title": "--.rtf",
    "link": "https://investors.zenasbio.com/static-files/4af94b7b-b304-4cc9-82b6-eabfaff024c4",
    "timestamp": "unknown"
  },
  {
    "title": "--.xls",
    "link": "https://investors.zenasbio.com/static-files/754aeb94-9e76--a243-fc0c50135b97",
    "timestamp": "unknown"
  },
  {
    "title": "Jun ,Statement of changes in beneficial ownership of securities,,View HTML--.pdf--.rtf--.xls",
    "link": "https://investors.zenasbio.com/sec-filings/sec-filing//--",
    "timestamp": "unknown"
  },
  {
    "title": "View HTML--.pdf--.rtf--.xls",
    "link": "https://investors.zenasbio.com/node//html",
    "timestamp": "unknown"
  },
  {
    "title": "--.pdf",
    "link": "https://investors.zenasbio.com/static-files/-c39b-4adc-99ab-8597366962eb",
    "timestamp": "unknown"
  },
  {
    "title": "--.rtf",
    "link": "https://investors.zenasbio.com/static-files/06e5a833-c320-45e6-a60b-b79622e4d871",
    "timestamp": "unknown"
  },
  {
    "title": "--.xls",
    "link": "https://investors.zenasbio.com/static-files/0a69c0d3-e204-4a2c-92be-9497d16834bd",
    "timestamp": "unknown"
  },
  {
    "title": "Jun ,Statement of changes in beneficial ownership of securities,,View HTML--.pdf--.rtf--.xls",
    "link": "https://investors.zenasbio.com/sec-filings/sec-filing//--",
    "timestamp": "unknown"
  },
  {
    "title": "View HTML--.pdf--.rtf--.xls",
    "link": "https://investors.zenasbio.com/node//html",
    "timestamp": "unknown"
  },
  {
    "title": "--.pdf",
    "link": "https://investors.zenasbio.com/static-files/5b24a8e8--4dbf--0beb0fd04b28",
    "timestamp": "unknown"
  },
  {
    "title": "--.rtf",
    "link": "https://investors.zenasbio.com/static-files/02958ffd-dd9c-413b-a35b-118f06209796",
    "timestamp": "unknown"
  },
  {
    "title": "--.xls",
    "link": "https://investors.zenasbio.com/static-files/b9847657-2f61-4df9-ba72-fcde0f103d4f",
    "timestamp": "unknown"
  },
  {
    "title": "Jun ,Statement of changes in beneficial ownership of securities,,View HTML--.pdf--.rtf--.xls",
    "link": "https://investors.zenasbio.com/sec-filings/sec-filing//--",
    "timestamp": "unknown"
  },
  {
    "title": "View HTML--.pdf--.rtf--.xls",
    "link": "https://investors.zenasbio.com/node//html",
    "timestamp": "unknown"
  },
  {
    "title": "--.pdf",
    "link": "https://investors.zenasbio.com/static-files/05f92d95-03b4-455f--f1344ad5321e",
    "timestamp": "unknown"
  },
  {
    "title": "--.rtf",
    "link": "https://investors.zenasbio.com/static-files/aef55309-e1cb--95c5-2119f3488596",
    "timestamp": "unknown"
  },
  {
    "title": "--.xls",
    "link": "https://investors.zenasbio.com/static-files/010d4ef5-dc72-4a3a--8083af4085d7",
    "timestamp": "unknown"
  },
  {
    "title": "Current pagePagePage\u2026Next page\u203aLast page\u00bbDisplaying  -  of  results",
    "link": "https://investors.zenasbio.com/financial-information/sec-filings?&field_nir_sec_cik_target_id=&field_nir_sec_date_filed_value=&&&items_per_page_toggle=&page=",
    "timestamp": "unknown"
  },
  {
    "title": "Current pagePagePage\u2026Next page\u203aLast page\u00bb",
    "link": "https://investors.zenasbio.com/financial-information/sec-filings?&field_nir_sec_cik_target_id=&field_nir_sec_date_filed_value=&&&items_per_page_toggle=&page=",
    "timestamp": "unknown"
  },
  {
    "title": "Current page",
    "link": "https://investors.zenasbio.com/financial-information/sec-filings?&field_nir_sec_cik_target_id=&field_nir_sec_date_filed_value=&&&items_per_page_toggle=&page=",
    "timestamp": "unknown"
  },
  {
    "title": "Page",
    "link": "https://investors.zenasbio.com/financial-information/sec-filings?&field_nir_sec_cik_target_id=&field_nir_sec_date_filed_value=&&&items_per_page_toggle=&page=",
    "timestamp": "unknown"
  },
  {
    "title": "Page",
    "link": "https://investors.zenasbio.com/financial-information/sec-filings?&field_nir_sec_cik_target_id=&field_nir_sec_date_filed_value=&&&items_per_page_toggle=&page=",
    "timestamp": "unknown"
  },
  {
    "title": "Next page\u203a",
    "link": "https://investors.zenasbio.com/financial-information/sec-filings?&field_nir_sec_cik_target_id=&field_nir_sec_date_filed_value=&&&items_per_page_toggle=&page=",
    "timestamp": "unknown"
  },
  {
    "title": "Last page\u00bb",
    "link": "https://investors.zenasbio.com/financial-information/sec-filings?&field_nir_sec_cik_target_id=&field_nir_sec_date_filed_value=&&&items_per_page_toggle=&page=",
    "timestamp": "unknown"
  },
  {
    "title": "Data provided byKaleidoscope.",
    "link": "https://www.kscope.io",
    "timestamp": "unknown"
  },
  {
    "title": "Data provided byKaleidoscope.",
    "link": "https://www.kscope.io",
    "timestamp": "unknown"
  },
  {
    "title": "Who We AreOur SciencePatients & CaregiversInvestors & MediaZenas Experience",
    "link": "https://zenasbio.com/who-we-are/",
    "timestamp": "unknown"
  },
  {
    "title": "Who We AreOur SciencePatients & CaregiversInvestors & MediaZenas Experience",
    "link": "https://zenasbio.com/who-we-are/",
    "timestamp": "unknown"
  },
  {
    "title": "Who We AreOur SciencePatients & CaregiversInvestors & MediaZenas Experience",
    "link": "https://zenasbio.com/who-we-are/",
    "timestamp": "unknown"
  },
  {
    "title": "Who We AreOur SciencePatients & CaregiversInvestors & MediaZenas Experience",
    "link": "https://zenasbio.com/who-we-are/",
    "timestamp": "unknown"
  },
  {
    "title": "Who We Are",
    "link": "https://zenasbio.com/who-we-are/",
    "timestamp": "unknown"
  },
  {
    "title": "Our Science",
    "link": "https://zenasbio.com/our-science/",
    "timestamp": "unknown"
  },
  {
    "title": "Patients & Caregivers",
    "link": "https://zenasbio.com/patients-caregivers/",
    "timestamp": "unknown"
  },
  {
    "title": "Investors & Media",
    "link": "https://investors.zenasbio.com/investor-relations",
    "timestamp": "unknown"
  },
  {
    "title": "Zenas Experience",
    "link": "https://zenasbio.com/zenas-experience/",
    "timestamp": "unknown"
  },
  {
    "title": "Terms of ServicePrivacy PolicyEU-US Data Privacy Framework PolicyContact Us\u00a9 Zenas BioPharma, Inc. . The Zenas BioPharma word mark and logos are trade",
    "link": "https://zenasbio.com/terms-of-service/",
    "timestamp": "unknown"
  },
  {
    "title": "Terms of ServicePrivacy PolicyEU-US Data Privacy Framework PolicyContact Us\u00a9 Zenas BioPharma, Inc. . The Zenas BioPharma word mark and logos are trade",
    "link": "https://zenasbio.com/terms-of-service/",
    "timestamp": "unknown"
  },
  {
    "title": "Terms of ServicePrivacy PolicyEU-US Data Privacy Framework PolicyContact Us",
    "link": "https://zenasbio.com/terms-of-service/",
    "timestamp": "unknown"
  },
  {
    "title": "Terms of ServicePrivacy PolicyEU-US Data Privacy Framework PolicyContact Us",
    "link": "https://zenasbio.com/terms-of-service/",
    "timestamp": "unknown"
  },
  {
    "title": "Terms of ServicePrivacy PolicyEU-US Data Privacy Framework PolicyContact Us",
    "link": "https://zenasbio.com/terms-of-service/",
    "timestamp": "unknown"
  },
  {
    "title": "Terms of Service",
    "link": "https://zenasbio.com/terms-of-service/",
    "timestamp": "unknown"
  },
  {
    "title": "Privacy Policy",
    "link": "https://zenasbio.com/privacy-policy/",
    "timestamp": "unknown"
  },
  {
    "title": "EU-US Data Privacy Framework Policy",
    "link": "https://zenasbio.com/eu-us-data-privacy-framework-policy/",
    "timestamp": "unknown"
  },
  {
    "title": "Contact Us",
    "link": "https://zenasbio.com/contact-us/",
    "timestamp": "unknown"
  }
]